9668
0 -1 -1
1 15 165
2 16 166
3 17 167
4 20 165
5 18 168
6 21 166
7 19 169
8 23 167
9 21 170
10 23 169
11 25 168
12 26 169
13 23 174
14 29 171
15 31 172
16 40 164
17 40 162
18 38 160
19 33 174
20 34 173
21 43 165
22 31 178
23 34 175
24 44 166
25 42 160
26 37 176
27 46 167
28 34 182
29 39 178
30 49 168
31 41 179
32 55 163
33 21 128
34 42 180
35 52 170
36 56 166
37 56 161
38 55 160
39 43 181
40 55 169
41 57 160
42 56 159
43 55 171
44 30 132
45 19 121
46 45 182
47 58 159
48 56 156
49 31 131
50 22 122
51 46 183
52 55 174
53 61 168
54 62 167
55 64 165
56 59 158
57 21 120
58 38 192
59 28 126
60 59 172
61 39 193
62 48 184
63 56 176
64 61 171
65 62 170
66 63 169
67 62 158
68 35 131
69 32 127
70 58 176
71 63 171
72 69 165
73 69 163
74 38 132
75 41 194
76 49 186
77 50 185
78 36 129
79 61 175
80 51 186
81 30 121
82 66 172
83 66 156
84 65 155
85 64 154
86 43 196
87 37 126
88 53 187
89 71 169
90 72 168
91 44 197
92 75 166
93 74 161
94 70 172
95 71 171
96 73 169
97 74 168
98 77 165
99 76 162
100 69 155
101 55 188
102 62 181
103 66 177
104 68 175
105 74 159
106 36 121
107 77 167
108 80 164
109 78 162
110 70 154
111 54 191
112 56 189
113 38 121
114 47 199
115 65 182
116 67 180
117 58 190
118 78 170
119 55 194
120 66 183
121 74 175
122 75 174
123 82 167
124 77 156
125 65 185
126 81 169
127 84 162
128 42 120
129 79 172
130 67 185
131 69 183
132 27 103
133 26 102
134 79 174
135 82 171
136 87 166
137 36 111
138 23 98
139 88 162
140 49 123
141 68 187
142 77 178
143 79 176
144 38 111
145 37 110
146 87 169
147 71 186
148 83 174
149 56 127
150 51 122
151 36 107
152 35 106
153 34 105
154 30 101
155 73 185
156 39 109
157 72 187
158 50 119
159 26 95
160 21 90
161 89 171
162 38 106
163 36 104
164 34 102
165 25 93
166 78 183
167 54 121
168 52 119
169 88 174
170 42 108
171 24 90
172 23 88
173 73 191
174 75 189
175 34 98
176 26 90
177 97 168
178 98 167
179 31 94
180 23 86
181 67 199
182 79 187
183 96 170
184 59 121
185 91 176
186 22 83
187 24 84
188 70 200
189 88 182
190 37 95
191 90 181
192 31 88
193 30 87
194 87 185
195 93 179
196 98 174
197 72 201
198 41 96
199 38 93
200 92 182
201 95 179
202 73 202
203 89 187
204 98 178
205 60 112
206 50 101
207 41 92
208 87 191
209 95 183
210 43 93
211 97 182
212 103 176
213 77 203
214 94 186
215 108 172
216 44 92
217 98 183
218 104 177
219 55 102
220 94 188
221 95 187
222 46 92
223 79 204
224 97 186
225 58 103
226 64 108
227 80 205
228 98 187
229 86 128
230 85 127
231 50 92
232 81 206
233 93 194
234 95 192
235 105 182
236 61 102
237 99 189
238 63 103
239 82 207
240 101 188
241 124 165
242 94 133
243 66 105
244 94 196
245 99 137
246 104 187
247 105 186
248 125 166
249 98 135
250 80 117
251 68 105
252 54 91
253 84 208
254 94 198
255 100 192
256 101 191
257 121 171
258 128 164
259 105 188
260 127 166
261 93 128
262 83 118
263 71 106
264 98 196
265 60 94
266 86 209
267 104 191
268 127 168
269 87 120
270 102 194
271 129 167
272 131 165
273 54 86
274 105 192
275 93 124
276 88 119
277 88 210
278 100 198
279 101 197
280 127 157
281 108 138
282 66 96
283 63 92
284 100 200
285 101 199
286 130 170
287 90 118
288 106 195
289 126 175
290 130 157
291 102 129
292 70 97
293 91 211
294 105 197
295 132 158
296 116 142
297 98 124
298 116 187
299 135 160
300 110 135
301 107 132
302 60 85
303 92 212
304 106 198
305 130 174
306 133 171
307 118 142
308 123 146
309 117 189
310 134 172
311 135 157
312 119 141
313 105 127
314 112 195
315 120 187
316 129 178
317 95 213
318 109 199
319 117 191
320 140 160
321 137 157
322 112 132
323 69 89
324 136 173
325 115 134
326 114 133
327 124 186
328 122 140
329 109 127
330 107 125
331 97 214
332 114 197
333 98 115
334 71 88
335 67 84
336 106 206
337 138 174
338 76 92
339 146 167
340 74 89
341 99 215
342 113 201
343 116 198
344 119 195
345 115 200
346 140 175
347 133 146
348 104 117
349 82 95
350 126 138
351 101 216
352 115 202
353 116 201
354 118 199
355 119 198
356 131 186
357 133 144
358 101 112
359 96 107
360 75 86
361 142 176
362 148 158
363 129 139
364 84 94
365 118 201
366 132 141
367 103 217
368 124 196
369 137 183
370 139 147
371 128 136
372 126 134
373 110 118
374 106 114
375 135 186
376 150 157
377 132 139
378 131 138
379 130 137
380 85 92
381 127 195
382 151 171
383 105 218
384 145 178
385 158 165
386 130 194
387 132 192
388 141 145
389 117 121
390 116 120
391 116 209
392 153 172
393 134 137
394 88 91
395 126 200
396 158 168
397 102 104
398 144 183
399 154 173
400 142 143
401 119 120
402 109 219
403 128 200
404 129 199
405 143 185
406 111 111
407 110 110
408 84 84
409 146 183
410 156 174
411 124 122
412 113 111
413 87 85
414 111 220
415 122 209
416 164 167
417 138 135
418 121 118
419 135 131
420 134 130
421 95 91
422 129 204
423 165 168
424 122 117
425 93 88
426 154 180
427 117 111
428 145 190
429 148 187
430 150 185
431 165 170
432 166 169
433 169 166
434 119 112
435 115 221
436 136 200
437 158 150
438 154 146
439 152 144
440 141 133
441 139 131
442 138 130
443 137 129
444 95 87
445 144 193
446 166 171
447 167 170
448 151 142
449 120 111
450 133 205
451 150 188
452 152 186
453 161 177
454 155 145
455 131 121
456 168 171
457 154 143
458 152 141
459 127 116
460 125 114
461 118 222
462 158 182
463 97 85
464 171 170
465 162 149
466 160 147
467 155 142
468 120 222
469 122 220
470 140 202
471 154 188
472 169 155
473 131 117
474 164 179
475 170 173
476 171 172
477 172 171
478 145 130
479 130 115
480 156 188
481 172 156
482 144 128
483 127 111
484 120 104
485 124 221
486 132 213
487 154 191
488 158 187
489 164 147
490 129 112
491 123 223
492 157 189
493 166 180
494 179 161
495 143 204
496 103 84
497 142 206
498 123 103
499 125 224
500 164 185
501 168 181
502 165 144
503 164 143
504 138 117
505 106 85
506 138 212
507 160 190
508 174 176
509 163 188
510 165 186
511 184 161
512 107 84
513 140 212
514 162 190
515 170 182
516 186 162
517 154 199
518 166 187
519 188 165
520 168 143
521 176 178
522 190 164
523 134 221
524 164 191
525 160 196
526 168 188
527 173 183
528 179 177
529 180 176
530 192 164
531 175 147
532 125 97
533 182 175
534 169 140
535 156 127
536 127 98
537 140 218
538 160 198
539 161 197
540 162 196
541 192 166
542 191 161
543 190 160
544 114 84
545 136 223
546 195 164
547 193 162
548 157 203
549 160 200
550 170 190
551 184 176
552 140 108
553 135 103
554 148 213
555 177 184
556 193 168
557 196 165
558 158 204
559 171 191
560 167 133
561 117 83
562 139 224
563 155 208
564 157 206
565 160 203
566 163 201
567 166 198
568 182 146
569 167 131
570 118 82
571 149 216
572 173 192
573 160 206
574 168 198
575 198 168
576 194 156
577 167 200
578 142 102
579 121 81
580 171 198
581 176 193
582 185 144
583 169 128
584 154 216
585 165 205
586 153 111
587 147 224
588 168 203
589 169 202
590 171 200
591 172 199
592 189 146
593 188 145
594 181 138
595 170 127
596 123 80
597 162 210
598 179 193
599 167 206
600 197 152
601 196 151
602 193 148
603 191 146
604 179 134
605 171 126
606 145 100
607 150 224
608 157 217
609 166 208
610 170 204
611 172 202
612 147 101
613 125 79
614 149 226
615 168 207
616 181 194
617 210 165
618 173 203
619 175 201
620 190 142
621 159 111
622 150 227
623 179 198
624 182 195
625 188 139
626 183 134
627 173 124
628 178 200
629 211 167
630 212 166
631 191 141
632 190 140
633 152 227
634 196 145
635 174 123
636 134 83
637 195 143
638 179 127
639 179 202
640 185 196
641 212 169
642 193 140
643 133 80
644 154 228
645 165 217
646 210 172
647 196 142
648 195 141
649 178 205
650 181 126
651 135 80
652 166 218
653 177 207
654 196 188
655 216 160
656 188 132
657 178 122
658 184 201
659 189 196
660 213 172
661 217 168
662 215 158
663 192 135
664 126 69
665 157 229
666 158 228
667 182 204
668 192 194
669 212 174
670 203 145
671 181 123
672 156 98
673 139 81
674 168 219
675 194 193
676 214 173
677 192 133
678 183 205
679 190 198
680 199 189
681 210 178
682 211 177
683 194 134
684 187 127
685 160 100
686 128 68
687 218 157
688 144 83
689 143 82
690 182 208
691 201 189
692 192 130
693 191 129
694 188 126
695 147 85
696 146 84
697 129 67
698 171 220
699 185 206
700 200 191
701 215 176
702 220 171
703 136 73
704 150 86
705 142 78
706 140 76
707 185 208
708 189 204
709 195 198
710 199 194
711 202 191
712 211 182
713 213 180
714 216 177
715 219 174
716 166 101
717 132 67
718 215 179
719 227 161
720 226 160
721 225 159
722 224 158
723 223 157
724 174 108
725 153 87
726 140 74
727 131 65
728 180 215
729 212 183
730 217 178
731 221 174
732 172 105
733 174 222
734 205 191
735 216 180
736 220 176
737 156 88
738 134 66
739 165 232
740 198 199
741 158 89
742 133 64
743 175 223
744 217 181
745 161 91
746 160 90
747 143 73
748 184 215
749 207 192
750 230 159
751 163 92
752 170 230
753 176 224
754 181 109
755 161 89
756 144 72
757 169 232
758 222 179
759 166 93
760 157 84
761 146 73
762 177 225
763 220 182
764 220 146
765 160 86
766 171 232
767 188 215
768 196 207
769 204 199
770 217 186
771 218 185
772 223 180
773 228 153
774 163 87
775 159 83
776 156 80
777 172 233
778 179 226
779 209 196
780 218 187
781 226 149
782 225 148
783 224 147
784 223 146
785 222 145
786 165 88
787 213 193
788 220 186
789 154 76
790 152 74
791 173 94
792 169 90
793 166 87
794 201 207
795 217 191
796 221 187
797 175 95
798 164 84
799 156 76
800 182 227
801 223 186
802 209 128
803 177 96
804 166 85
805 189 221
806 190 220
807 191 219
808 209 201
809 218 192
810 222 188
811 161 79
812 216 195
813 246 165
814 149 66
815 145 62
816 184 228
817 195 217
818 196 216
819 197 215
820 208 204
821 220 192
822 243 159
823 241 157
824 235 151
825 233 149
826 232 148
827 231 147
828 181 97
829 174 90
830 168 84
831 217 196
832 223 190
833 219 134
834 170 85
835 160 75
836 187 101
837 186 100
838 185 99
839 184 98
840 162 76
841 183 232
842 200 215
843 201 214
844 202 213
845 205 210
846 206 209
847 207 208
848 230 143
849 222 135
850 194 107
851 193 106
852 192 105
853 224 192
854 212 124
855 211 123
856 207 119
857 206 118
858 202 114
859 201 113
860 200 112
861 199 111
862 198 110
863 197 109
864 196 108
865 191 103
866 175 87
867 148 60
868 177 88
869 164 75
870 152 63
871 184 234
872 222 132
873 182 92
874 179 89
875 225 194
876 234 143
877 233 142
878 218 127
879 216 125
880 215 124
881 214 123
882 164 73
883 184 236
884 236 184
885 255 163
886 177 85
887 169 77
888 167 75
889 166 74
890 212 209
891 213 208
892 225 196
893 171 78
894 185 237
895 249 155
896 248 154
897 180 86
898 226 197
899 206 218
900 214 210
901 237 187
902 240 184
903 186 90
904 185 89
905 186 239
906 212 213
907 220 205
908 188 91
909 209 217
910 215 211
911 227 199
912 238 188
913 226 128
914 224 126
915 212 114
916 211 113
917 210 112
918 203 105
919 202 104
920 201 103
921 200 102
922 197 99
923 196 98
924 195 97
925 178 80
926 175 77
927 187 240
928 226 201
929 191 92
930 188 89
931 185 86
932 211 217
933 221 207
934 222 206
935 228 200
936 204 104
937 202 102
938 200 100
939 199 99
940 196 96
941 195 95
942 194 94
943 188 241
944 192 91
945 191 90
946 183 82
947 258 156
948 232 130
949 204 102
950 189 242
951 210 221
952 223 208
953 192 89
954 191 88
955 190 243
956 212 221
957 238 195
958 233 128
959 199 235
960 205 229
961 214 220
962 222 212
963 224 210
964 229 205
965 259 153
966 190 245
967 191 244
968 204 231
969 214 222
970 240 196
971 191 246
972 192 245
973 223 214
974 225 212
975 231 121
976 196 243
977 264 153
978 221 110
979 183 72
980 232 208
981 266 154
982 197 244
983 206 235
984 230 211
985 219 106
986 233 209
987 267 153
988 194 249
989 225 219
990 195 250
991 281 164
992 229 217
993 231 215
994 270 152
995 200 247
996 211 236
997 219 228
998 226 221
999 269 178
1000 207 241
1001 218 230
1002 228 220
1003 201 248
1004 212 237
1005 220 229
1006 230 219
1007 232 217
1008 197 253
1009 229 221
1010 232 219
1011 254 197
1012 276 153
1013 214 238
1014 231 221
1015 235 217
1016 238 214
1017 248 204
1018 223 230
1019 233 220
1020 250 203
1021 273 180
1022 275 178
1023 239 215
1024 252 202
1025 231 224
1026 232 223
1027 274 181
1028 276 179
1029 279 152
1030 240 216
1031 251 205
1032 271 185
1033 281 153
1034 234 223
1035 277 180
1036 210 248
1037 217 241
1038 220 238
1039 221 237
1040 232 226
1041 241 217
1042 284 154
1043 231 228
1044 261 198
1045 278 181
1046 209 251
1047 233 227
1048 235 225
1049 289 157
1050 288 156
1051 287 155
1052 204 257
1053 262 199
1054 279 182
1055 291 170
1056 210 252
1057 232 230
1058 205 258
1059 234 229
1060 236 227
1061 280 183
1062 293 158
1063 211 253
1064 225 239
1065 243 221
1066 258 206
1067 216 249
1068 237 228
1069 281 184
1070 291 174
1071 207 259
1072 234 232
1073 242 224
1074 244 222
1075 254 212
1076 237 230
1077 240 227
1078 300 161
1079 299 160
1080 208 260
1081 205 264
1082 235 234
1083 239 230
1084 243 226
1085 215 256
1086 224 247
1087 237 234
1088 239 232
1089 240 231
1090 246 225
1091 255 216
1092 259 212
1093 212 260
1094 210 263
1095 238 235
1096 283 190
1097 306 167
1098 208 267
1099 239 236
1100 307 168
1101 228 248
1102 243 233
1103 265 211
1104 258 219
1105 249 229
1106 252 226
1107 309 169
1108 231 249
1109 242 238
1110 244 236
1111 266 214
1112 253 228
1113 268 213
1114 287 194
1115 311 170
1116 217 265
1117 246 236
1118 247 235
1119 249 233
1120 233 250
1121 254 229
1122 312 171
1123 248 236
1124 268 216
1125 276 208
1126 220 265
1127 245 240
1128 251 234
1129 255 230
1130 304 181
1131 236 250
1132 248 238
1133 290 196
1134 314 172
1135 247 240
1136 252 235
1137 256 231
1138 273 214
1139 297 190
1140 222 266
1141 294 194
1142 253 236
1143 257 232
1144 292 197
1145 298 191
1146 316 173
1147 223 267
1148 250 240
1149 254 237
1150 258 233
1151 273 218
1152 295 196
1153 224 268
1154 251 241
1155 294 198
1156 318 174
1157 255 238
1158 259 234
1159 297 196
1160 315 178
1161 225 269
1162 254 240
1163 221 274
1164 251 244
1165 320 175
1166 226 270
1167 254 242
1168 266 230
1169 296 200
1170 222 275
1171 252 245
1172 276 221
1173 301 196
1174 321 176
1175 255 243
1176 273 225
1177 228 271
1178 253 246
1179 259 240
1180 268 231
1181 275 224
1182 312 187
1183 322 177
1184 220 280
1185 223 277
1186 255 245
1187 298 202
1188 299 201
1189 238 263
1190 254 247
1191 260 241
1192 269 232
1193 309 192
1194 323 178
1195 221 281
1196 224 278
1197 256 246
1198 274 228
1199 230 273
1200 241 262
1201 304 199
1202 324 179
1203 222 282
1204 260 244
1205 262 242
1206 225 280
1207 305 200
1208 310 195
1209 318 187
1210 223 283
1211 232 274
1212 260 246
1213 264 242
1214 226 281
1215 304 203
1216 223 285
1217 224 284
1218 233 275
1219 245 263
1220 261 247
1221 265 243
1222 276 233
1223 278 231
1224 281 228
1225 307 202
1226 310 199
1227 316 193
1228 326 183
1229 224 286
1230 227 283
1231 264 246
1232 266 244
1233 304 206
1234 243 268
1235 257 254
1236 263 248
1237 306 205
1238 228 284
1239 242 270
1240 246 266
1241 247 265
1242 248 264
1243 260 252
1244 265 247
1245 267 245
1246 279 233
1247 305 207
1248 312 200
1249 322 190
1250 328 184
1251 225 288
1252 250 263
1253 258 255
1254 229 285
1255 252 262
1256 260 254
1257 261 253
1258 310 204
1259 329 185
1260 265 250
1261 267 248
1262 230 286
1263 330 186
1264 233 284
1265 241 276
1266 281 236
1267 311 206
1268 239 279
1269 262 256
1270 267 251
1271 269 249
1272 265 254
1273 312 207
1274 315 204
1275 239 281
1276 243 277
1277 259 261
1278 263 257
1279 267 253
1280 270 250
1281 271 249
1282 282 238
1283 235 286
1284 236 285
1285 250 271
1286 266 255
1287 276 245
1288 246 276
1289 260 262
1290 268 254
1291 303 219
1292 327 195
1293 241 282
1294 265 258
1295 270 253
1296 288 235
1297 237 287
1298 272 252
1299 278 246
1300 334 190
1301 239 286
1302 269 256
1303 271 254
1304 293 232
1305 316 209
1306 243 283
1307 249 277
1308 267 259
1309 283 243
1310 318 208
1311 319 207
1312 320 206
1313 336 190
1314 270 257
1315 274 253
1316 280 247
1317 292 235
1318 330 197
1319 267 261
1320 268 260
1321 284 244
1322 291 237
1323 294 234
1324 240 289
1325 275 254
1326 309 220
1327 323 206
1328 336 193
1329 338 191
1330 252 278
1331 268 262
1332 277 253
1333 292 238
1334 247 284
1335 270 261
1336 273 258
1337 276 255
1338 286 245
1339 310 221
1340 324 207
1341 337 194
1342 244 288
1343 275 257
1344 292 240
1345 332 200
1346 339 193
1347 270 263
1348 274 259
1349 279 254
1350 322 211
1351 245 289
1352 276 258
1353 278 256
1354 293 241
1355 294 240
1356 340 194
1357 250 285
1358 274 261
1359 275 260
1360 280 255
1361 296 239
1362 279 257
1363 324 212
1364 341 195
1365 281 256
1366 296 241
1367 342 196
1368 254 286
1369 280 260
1370 291 249
1371 343 197
1372 281 261
1373 282 260
1374 331 211
1375 332 210
1376 344 198
1377 293 250
1378 259 286
1379 283 262
1380 295 250
1381 346 201
1382 288 260
1383 297 251
1384 264 285
1385 310 239
1386 347 202
1387 290 260
1388 348 203
1389 280 272
1390 282 270
1391 288 264
1392 289 263
1393 309 243
1394 318 234
1395 317 236
1396 322 231
1397 349 204
1398 274 280
1399 283 271
1400 292 262
1401 304 250
1402 350 205
1403 305 251
1404 314 242
1405 323 233
1406 276 281
1407 294 263
1408 320 237
1409 351 206
1410 324 234
1411 292 267
1412 294 265
1413 329 230
1414 328 232
1415 295 266
1416 309 252
1417 321 240
1418 325 236
1419 280 282
1420 296 267
1421 297 266
1422 299 264
1423 321 242
1424 326 237
1425 295 269
1426 327 238
1427 296 270
1428 301 265
1429 310 256
1430 320 246
1431 334 232
1432 350 216
1433 295 273
1434 300 268
1435 328 240
1436 312 257
1437 336 233
1438 304 266
1439 302 269
1440 320 251
1441 329 242
1442 334 237
1443 335 236
1444 337 234
1445 300 272
1446 304 268
1447 298 275
1448 302 271
1449 330 243
1450 334 239
1451 335 238
1452 336 237
1453 338 235
1454 304 270
1455 305 269
1456 326 248
1457 327 247
1458 322 253
1459 337 238
1460 339 236
1461 308 268
1462 331 245
1463 300 277
1464 302 275
1465 303 274
1466 306 271
1467 307 270
1468 323 254
1469 328 249
1470 337 240
1471 338 239
1472 322 256
1473 325 253
1474 343 235
1475 307 272
1476 357 222
1477 366 211
1478 294 286
1479 310 270
1480 332 248
1481 359 221
1482 345 236
1483 369 212
1484 295 287
1485 308 274
1486 310 272
1487 311 271
1488 360 222
1489 368 210
1490 307 276
1491 333 250
1492 370 211
1493 312 272
1494 361 223
1495 315 270
1496 333 252
1497 342 243
1498 346 239
1499 302 284
1500 363 223
1501 343 244
1502 311 277
1503 334 254
1504 348 241
1505 334 257
1506 349 243
1507 335 258
1508 345 249
1509 346 248
1510 350 245
1511 361 234
1512 372 224
1513 313 284
1514 333 264
1515 355 242
1516 370 227
1517 380 207
1518 351 247
1519 356 243
1520 381 206
1521 352 248
1522 338 263
1523 388 211
1524 348 254
1525 353 249
1526 383 205
1527 332 272
1528 340 264
1529 354 250
1530 341 265
1531 355 251
1532 376 231
1533 335 273
1534 351 257
1535 356 252
1536 368 240
1537 343 266
1538 365 244
1539 377 232
1540 336 274
1541 357 253
1542 324 287
1543 366 245
1544 369 242
1545 392 205
1546 328 284
1547 358 254
1548 367 246
1549 374 240
1550 327 288
1551 360 255
1552 382 233
1553 355 261
1554 356 260
1555 347 270
1556 353 264
1557 354 263
1558 328 290
1559 329 289
1560 365 253
1561 366 252
1562 342 277
1563 348 271
1564 363 256
1565 371 248
1566 330 290
1567 343 278
1568 345 277
1569 365 257
1570 332 291
1571 400 201
1572 351 273
1573 366 258
1574 391 233
1575 347 278
1576 334 292
1577 392 234
1578 348 279
1579 368 259
1580 369 258
1581 399 228
1582 404 223
1583 409 218
1584 354 274
1585 382 246
1586 411 207
1587 338 291
1588 336 294
1589 355 275
1590 401 229
1591 413 217
1592 412 206
1593 371 260
1594 403 228
1595 338 294
1596 340 292
1597 351 281
1598 352 280
1599 416 217
1600 414 205
1601 354 280
1602 358 276
1603 373 261
1604 418 216
1605 421 213
1606 422 212
1607 420 210
1608 342 293
1609 353 282
1610 420 215
1611 408 228
1612 412 200
1613 411 199
1614 343 294
1615 375 262
1616 423 210
1617 356 282
1618 409 229
1619 418 204
1620 345 294
1621 362 277
1622 381 259
1623 424 208
1624 420 204
1625 378 263
1626 397 244
1627 359 283
1628 364 278
1629 382 260
1630 412 230
1631 430 212
1632 425 207
1633 422 204
1634 346 297
1635 348 295
1636 414 229
1637 424 219
1638 425 218
1639 429 214
1640 380 264
1641 389 255
1642 413 231
1643 426 206
1644 366 279
1645 412 233
1646 382 264
1647 414 232
1648 431 209
1649 351 296
1650 383 265
1651 418 230
1652 432 208
1653 376 273
1654 434 215
1655 353 297
1656 381 269
1657 432 218
1658 437 211
1659 426 200
1660 375 276
1661 385 266
1662 392 259
1663 436 215
1664 433 206
1665 382 270
1666 393 260
1667 412 241
1668 435 218
1669 440 211
1670 434 205
1671 356 298
1672 424 230
1673 428 198
1674 354 301
1675 394 261
1676 441 210
1677 435 204
1678 404 252
1679 376 281
1680 380 277
1681 400 257
1682 435 222
1683 444 213
1684 393 265
1685 396 262
1686 405 253
1687 436 202
1688 431 197
1689 357 302
1690 401 258
1691 392 268
1692 394 266
1693 397 263
1694 415 245
1695 440 220
1696 430 194
1697 407 254
1698 442 219
1699 447 214
1700 438 201
1701 433 196
1702 398 264
1703 404 258
1704 430 232
1705 379 284
1706 445 218
1707 444 205
1708 439 200
1709 409 255
1710 432 192
1711 394 271
1712 399 266
1713 435 230
1714 441 199
1715 367 300
1716 400 267
1717 411 256
1718 437 194
1719 434 191
1720 395 273
1721 421 247
1722 427 241
1723 437 231
1724 401 268
1725 443 226
1726 443 198
1727 396 274
1728 436 190
1729 402 269
1730 433 238
1731 444 197
1732 440 193
1733 396 276
1734 403 270
1735 448 225
1736 443 194
1737 397 277
1738 426 248
1739 437 237
1740 446 196
1741 440 190
1742 439 189
1743 404 271
1744 388 288
1745 455 221
1746 441 189
1747 398 279
1748 401 276
1749 405 272
1750 443 234
1751 411 267
1752 420 258
1753 458 220
1754 452 227
1755 412 268
1756 437 243
1757 454 226
1758 445 189
1759 418 263
1760 422 259
1761 457 200
1762 400 282
1763 425 257
1764 459 201
1765 447 189
1766 439 244
1767 458 225
1768 449 190
1769 450 234
1770 425 260
1771 448 237
1772 461 224
1773 470 215
1774 471 214
1775 472 213
1776 452 191
1777 451 190
1778 382 304
1779 447 239
1780 456 194
1781 462 225
1782 466 221
1783 471 216
1784 472 215
1785 474 211
1786 383 305
1787 408 280
1788 416 272
1789 449 239
1790 469 219
1791 459 195
1792 458 194
1793 443 246
1794 477 212
1795 384 306
1796 386 304
1797 419 272
1798 449 242
1799 445 247
1800 468 200
1801 467 199
1802 433 260
1803 419 275
1804 447 247
1805 460 234
1806 480 214
1807 469 198
1808 468 197
1809 390 306
1810 426 271
1811 463 234
1812 479 218
1813 481 216
1814 388 310
1815 416 282
1816 452 246
1817 478 220
1818 392 307
1819 438 261
1820 472 227
1821 475 224
1822 476 223
1823 472 197
1824 478 222
1825 480 220
1826 390 311
1827 439 262
1828 460 241
1829 475 226
1830 477 224
1831 394 308
1832 396 306
1833 481 221
1834 484 218
1835 485 217
1836 485 207
1837 473 230
1838 474 229
1839 392 312
1840 432 272
1841 470 234
1842 480 224
1843 490 214
1844 491 213
1845 487 207
1846 398 307
1847 452 253
1848 454 252
1849 469 237
1850 470 236
1851 493 211
1852 466 241
1853 472 235
1854 440 268
1855 457 251
1856 464 244
1857 465 243
1858 470 238
1859 471 237
1860 489 219
1861 392 317
1862 459 250
1863 460 249
1864 476 233
1865 488 222
1866 498 212
1867 488 202
1868 464 247
1869 475 236
1870 492 219
1871 494 217
1872 394 318
1873 450 262
1874 491 221
1875 496 216
1876 496 208
1877 482 194
1878 407 306
1879 476 237
1880 490 223
1881 401 313
1882 454 260
1883 489 225
1884 490 200
1885 427 288
1886 448 267
1887 449 266
1888 487 228
1889 488 227
1890 485 194
1891 483 192
1892 406 310
1893 429 287
1894 498 219
1895 491 198
1896 399 319
1897 404 314
1898 405 313
1899 486 232
1900 496 222
1901 497 221
1902 503 209
1903 495 201
1904 485 234
1905 408 312
1906 409 311
1907 461 259
1908 484 236
1909 498 202
1910 486 190
1911 484 188
1912 483 238
1913 486 188
1914 482 241
1915 479 245
1916 480 244
1917 494 230
1918 497 227
1919 486 186
1920 416 309
1921 499 226
1922 488 187
1923 418 308
1924 419 307
1925 420 306
1926 493 191
1927 422 305
1928 423 304
1929 424 303
1930 493 234
1931 494 233
1932 496 231
1933 500 227
1934 514 211
1935 481 247
1936 505 201
1937 487 183
1938 472 257
1939 473 256
1940 474 255
1941 475 254
1942 476 253
1943 477 252
1944 492 237
1945 514 215
1946 410 320
1947 428 302
1948 429 301
1949 470 260
1950 471 259
1951 485 245
1952 490 240
1953 420 311
1954 487 244
1955 488 243
1956 505 226
1957 506 199
1958 488 181
1959 462 270
1960 463 269
1961 464 268
1962 465 267
1963 466 266
1964 471 261
1965 472 260
1966 491 183
1967 431 302
1968 433 301
1969 434 300
1970 460 274
1971 484 250
1972 507 197
1973 442 293
1974 490 179
1975 439 297
1976 440 296
1977 444 292
1978 445 291
1979 508 196
1980 447 290
1981 448 289
1982 491 178
1983 489 176
1984 509 195
1985 442 297
1986 443 296
1987 450 289
1988 498 183
1989 433 307
1990 452 288
1991 507 191
1992 502 186
1993 492 176
1994 446 296
1995 481 261
1996 483 259
1997 484 258
1998 485 257
1999 510 192
2000 509 191
2001 508 190
2002 448 295
2003 449 294
2004 450 293
2005 487 256
2006 488 255
2007 496 247
2008 493 174
2009 428 316
2010 452 292
2011 456 288
2012 462 282
2013 490 254
2014 491 253
2015 498 246
2016 499 245
2017 454 291
2018 484 261
2019 489 256
2020 510 189
2021 492 171
2022 456 290
2023 457 289
2024 486 260
2025 492 254
2026 493 170
2027 490 258
2028 494 254
2029 496 253
2030 494 169
2031 471 279
2032 472 278
2033 529 203
2034 500 174
2035 474 277
2036 534 207
2037 512 185
2038 493 166
2039 478 275
2040 501 252
2041 502 251
2042 514 239
2043 501 172
2044 494 165
2045 482 272
2046 483 271
2047 530 200
2048 529 199
2049 513 183
2050 485 270
2051 490 265
2052 492 263
2053 496 259
2054 534 203
2055 523 192
2056 500 169
2057 495 164
2058 498 258
2059 499 257
2060 505 251
2061 506 250
2062 507 249
2063 508 248
2064 536 204
2065 522 190
2066 502 170
2067 501 256
2068 523 234
2069 544 213
2070 494 161
2071 492 266
2072 493 265
2073 494 264
2074 496 262
2075 525 233
2076 526 232
2077 513 179
2078 500 166
2079 509 250
2080 510 249
2081 515 244
2082 522 237
2083 536 223
2084 502 258
2085 518 242
2086 519 241
2087 529 232
2088 543 218
2089 538 201
2090 516 246
2091 538 224
2092 501 163
2093 496 158
2094 514 249
2095 515 248
2096 500 264
2097 502 262
2098 503 261
2099 522 242
2100 523 241
2101 526 238
2102 545 219
2103 522 182
2104 528 237
2105 538 227
2106 540 199
2107 530 189
2108 516 175
2109 504 262
2110 505 261
2111 509 257
2112 510 256
2113 511 255
2114 512 254
2115 513 253
2116 515 251
2117 533 233
2118 534 232
2119 543 223
2120 532 190
2121 523 181
2122 507 260
2123 524 243
2124 497 154
2125 520 248
2126 521 247
2127 539 195
2128 533 189
2129 523 246
2130 527 242
2131 528 241
2132 529 240
2133 530 239
2134 524 179
2135 525 245
2136 526 244
2137 498 152
2138 540 193
2139 544 228
2140 545 227
2141 526 178
2142 505 157
2143 543 230
2144 555 206
2145 541 192
2146 541 233
2147 538 188
2148 527 177
2149 517 167
2150 563 212
2151 505 154
2152 556 204
2153 507 155
2154 542 189
2155 530 177
2156 565 213
2157 564 210
2158 557 203
2159 529 175
2160 508 154
2161 564 215
2162 543 188
2163 531 176
2164 518 163
2165 506 151
2166 520 260
2167 542 238
2168 559 221
2169 560 220
2170 535 179
2171 530 174
2172 528 253
2173 529 252
2174 539 242
2175 563 218
2176 532 175
2177 528 171
2178 519 162
2179 531 251
2180 543 239
2181 550 232
2182 561 221
2183 542 184
2184 533 250
2185 541 242
2186 545 238
2187 537 178
2188 532 173
2189 540 244
2190 548 236
2191 549 235
2192 551 233
2193 557 197
2194 541 181
2195 534 174
2196 542 243
2197 563 222
2198 565 204
2199 560 199
2200 530 169
2201 541 245
2202 559 227
2203 560 226
2204 561 225
2205 562 224
2206 537 175
2207 533 171
2208 558 229
2209 525 162
2210 538 250
2211 542 246
2212 553 235
2213 556 192
2214 530 166
2215 540 249
2216 556 233
2217 566 201
2218 561 195
2219 553 238
2220 554 237
2221 538 171
2222 529 162
2223 520 153
2224 508 141
2225 530 262
2226 543 249
2227 544 248
2228 552 240
2229 568 200
2230 546 247
2231 551 242
2232 509 140
2233 507 138
2234 536 258
2235 549 245
2236 550 244
2237 560 190
2238 526 156
2239 548 247
2240 569 198
2241 529 158
2242 509 138
2243 552 244
2244 548 175
2245 560 186
2246 559 185
2247 528 154
2248 507 133
2249 558 241
2250 559 240
2251 560 239
2252 561 238
2253 563 188
2254 527 152
2255 551 249
2256 562 186
2257 526 150
2258 559 182
2259 568 190
2260 525 147
2261 563 240
2262 545 166
2263 544 165
2264 563 183
2265 560 180
2266 543 163
2267 537 157
2268 509 129
2269 561 244
2270 562 180
2271 542 160
2272 510 128
2273 548 259
2274 556 252
2275 538 154
2276 565 180
2277 562 177
2278 511 126
2279 557 253
2280 568 181
2281 566 179
2282 537 150
2283 512 125
2284 563 174
2285 537 147
2286 559 256
2287 573 182
2288 540 148
2289 559 259
2290 565 171
2291 541 147
2292 568 173
2293 552 157
2294 547 152
2295 538 143
2296 516 121
2297 545 149
2298 529 133
2299 513 117
2300 542 145
2301 517 120
2302 557 159
2303 549 151
2304 536 138
2305 530 132
2306 567 168
2307 543 144
2308 539 140
2309 538 139
2310 535 136
2311 518 119
2312 514 115
2313 537 137
2314 533 133
2315 554 153
2316 549 148
2317 544 143
2318 536 135
2319 535 134
2320 515 114
2321 570 167
2322 545 142
2323 538 135
2324 537 134
2325 536 133
2326 569 165
2327 548 144
2328 558 153
2329 555 150
2330 537 132
2331 547 141
2332 534 128
2333 559 152
2334 517 110
2335 556 148
2336 548 140
2337 539 131
2338 578 169
2339 535 126
2340 518 109
2341 572 162
2342 549 139
2343 580 169
2344 568 157
2345 540 129
2346 536 125
2347 559 147
2348 550 138
2349 582 169
2350 581 168
2351 541 128
2352 572 158
2353 560 146
2354 538 124
2355 581 166
2356 570 154
2357 552 136
2358 548 132
2359 539 123
2360 584 167
2361 581 164
2362 561 144
2363 541 124
2364 522 105
2365 583 165
2366 553 135
2367 549 131
2368 540 122
2369 585 166
2370 523 104
2371 556 136
2372 545 125
2373 543 123
2374 541 121
2375 572 151
2376 563 142
2377 554 133
2378 546 124
2379 544 122
2380 542 120
2381 524 102
2382 522 100
2383 573 150
2384 564 141
2385 563 140
2386 558 135
2387 555 131
2388 547 123
2389 546 122
2390 543 119
2391 545 120
2392 592 167
2393 548 121
2394 546 119
2395 556 128
2396 594 167
2397 549 120
2398 548 119
2399 547 118
2400 528 99
2401 596 166
2402 557 126
2403 548 117
2404 576 144
2405 554 122
2406 550 118
2407 549 116
2408 517 94
2409 576 142
2410 601 165
2411 527 91
2412 558 121
2413 552 115
2414 528 90
2415 559 120
2416 553 114
2417 588 148
2418 529 89
2419 574 133
2420 560 119
2421 528 87
2422 595 153
2423 554 112
2424 543 101
2425 609 166
2426 598 155
2427 531 88
2428 520 81
2429 608 164
2430 556 112
2431 544 100
2432 607 162
2433 561 116
2434 612 166
2435 545 99
2436 534 87
2437 613 167
2438 611 163
2439 608 160
2440 578 130
2441 546 98
2442 582 133
2443 610 160
2444 579 129
2445 547 97
2446 535 85
2447 534 84
2448 531 81
2449 552 101
2450 580 128
2451 536 84
2452 532 80
2453 601 148
2454 553 100
2455 618 168
2456 603 149
2457 581 127
2458 606 151
2459 605 150
2460 554 99
2461 552 97
2462 609 153
2463 608 152
2464 582 126
2465 534 78
2466 620 169
2467 611 154
2468 565 108
2469 550 93
2470 615 157
2471 614 156
2472 583 125
2473 540 82
2474 535 77
2475 618 159
2476 617 158
2477 551 92
2478 539 80
2479 585 125
2480 567 107
2481 541 81
2482 536 76
2483 623 170
2484 625 168
2485 621 160
2486 540 79
2487 539 78
2488 623 161
2489 586 124
2490 585 123
2491 542 80
2492 537 75
2493 594 131
2494 625 171
2495 627 169
2496 596 132
2497 587 123
2498 586 122
2499 570 106
2500 543 79
2501 542 78
2502 538 74
2503 629 164
2504 588 122
2505 589 121
2506 573 105
2507 564 96
2508 544 76
2509 595 126
2510 630 173
2511 606 135
2512 590 119
2513 633 172
2514 592 119
2515 591 118
2516 546 73
2517 632 174
2518 582 108
2519 619 144
2520 618 143
2521 602 127
2522 592 117
2523 580 105
2524 547 72
2525 635 173
2526 627 151
2527 626 150
2528 625 149
2529 624 148
2530 623 147
2531 605 129
2532 604 128
2533 594 118
2534 630 153
2535 629 152
2536 617 140
2537 616 139
2538 615 138
2539 614 137
2540 610 133
2541 609 132
2542 607 130
2543 582 105
2544 633 155
2545 632 154
2546 613 135
2547 612 134
2548 595 117
2549 642 163
2550 641 162
2551 635 156
2552 638 174
2553 645 165
2554 644 164
2555 638 158
2556 640 159
2557 625 144
2558 552 71
2559 628 146
2560 597 115
2561 641 174
2562 561 78
2563 598 114
2564 555 70
2565 643 175
2566 634 148
2567 633 147
2568 614 128
2569 601 115
2570 589 102
2571 598 110
2572 552 64
2573 638 149
2574 557 68
2575 644 178
2576 649 173
2577 655 165
2578 618 128
2579 604 114
2580 657 166
2581 558 67
2582 554 63
2583 648 176
2584 620 128
2585 592 100
2586 586 94
2587 646 179
2588 655 162
2589 619 126
2590 615 122
2591 606 113
2592 588 95
2593 649 177
2594 635 141
2595 618 124
2596 617 123
2597 614 120
2598 647 180
2599 654 159
2600 609 114
2601 562 67
2602 658 170
2603 628 132
2604 648 181
2605 653 156
2606 581 82
2607 565 66
2608 653 179
2609 612 112
2610 657 176
2611 658 175
2612 622 121
2613 654 180
2614 624 122
2615 617 115
2616 568 66
2617 658 177
2618 660 175
2619 570 67
2620 655 181
2621 566 62
2622 661 176
2623 652 147
2624 627 122
2625 605 100
2626 659 179
2627 631 125
2628 623 117
2629 619 113
2630 657 182
2631 658 181
2632 621 114
2633 660 180
2634 662 178
2635 616 108
2636 659 182
2637 625 116
2638 618 109
2639 571 62
2640 661 181
2641 663 179
2642 577 67
2643 574 64
2644 660 183
2645 669 158
2646 624 113
2647 623 112
2648 642 130
2649 626 114
2650 660 185
2651 661 184
2652 679 166
2653 677 164
2654 653 140
2655 644 131
2656 641 128
2657 640 127
2658 639 126
2659 664 182
2660 676 162
2661 652 138
2662 650 136
2663 638 124
2664 592 78
2665 591 77
2666 590 76
2667 660 187
2668 680 167
2669 669 154
2670 636 121
2671 635 120
2672 634 119
2673 628 113
2674 674 158
2675 672 156
2676 668 152
2677 666 150
2678 663 186
2679 664 185
2680 665 184
2681 681 168
2682 681 164
2683 665 148
2684 652 135
2685 633 116
2686 674 176
2687 678 160
2688 664 146
2689 650 132
2690 649 131
2691 666 185
2692 682 169
2693 669 150
2694 668 149
2695 663 144
2696 617 98
2697 616 97
2698 615 96
2699 679 159
2700 650 130
2701 649 129
2702 667 186
2703 668 185
2704 684 163
2705 665 144
2706 664 143
2707 663 142
2708 652 131
2709 618 97
2710 617 96
2711 678 176
2712 684 170
2713 661 139
2714 660 138
2715 659 137
2716 648 126
2717 617 94
2718 685 171
2719 683 159
2720 682 158
2721 681 157
2722 680 156
2723 679 155
2724 619 95
2725 616 92
2726 615 91
2727 688 169
2728 691 166
2729 687 162
2730 678 153
2731 677 152
2732 676 151
2733 628 103
2734 627 102
2735 686 172
2736 690 164
2737 683 157
2738 673 147
2739 615 89
2740 614 88
2741 597 71
2742 666 193
2743 679 180
2744 689 170
2745 631 104
2746 629 102
2747 628 101
2748 627 100
2749 626 99
2750 613 86
2751 687 173
2752 674 146
2753 673 145
2754 671 143
2755 670 142
2756 669 141
2757 638 110
2758 637 109
2759 634 106
2760 633 105
2761 604 76
2762 602 74
2763 601 73
2764 690 171
2765 666 137
2766 665 136
2767 664 135
2768 667 195
2769 680 182
2770 686 156
2771 582 52
2772 689 174
2773 680 149
2774 637 106
2775 614 83
2776 613 82
2777 612 81
2778 603 72
2779 684 180
2780 694 170
2781 672 140
2782 585 53
2783 584 52
2784 668 197
2785 690 175
2786 683 150
2787 611 78
2788 610 77
2789 609 76
2790 608 75
2791 606 73
2792 684 182
2793 692 174
2794 694 172
2795 682 148
2796 678 144
2797 676 142
2798 674 140
2799 673 139
2800 668 199
2801 691 176
2802 694 159
2803 682 186
2804 695 173
2805 698 162
2806 692 156
2807 691 155
2808 690 154
2809 689 153
2810 688 152
2811 677 141
2812 674 138
2813 634 98
2814 606 70
2815 605 69
2816 604 68
2817 686 183
2818 692 177
2819 703 166
2820 702 165
2821 701 164
2822 700 163
2823 673 136
2824 670 133
2825 691 179
2826 696 174
2827 699 161
2828 698 160
2829 697 159
2830 696 158
2831 695 157
2832 690 152
2833 689 151
2834 684 146
2835 676 138
2836 640 102
2837 639 101
2838 636 98
2839 612 74
2840 611 73
2841 687 184
2842 693 178
2843 704 167
2844 694 155
2845 693 154
2846 681 142
2847 680 141
2848 667 128
2849 586 47
2850 695 177
2851 700 160
2852 699 159
2853 698 158
2854 674 134
2855 666 126
2856 699 174
2857 687 146
2858 686 145
2859 683 142
2860 682 141
2861 705 169
2862 692 150
2863 691 149
2864 690 148
2865 689 147
2866 685 143
2867 680 138
2868 672 130
2869 671 129
2870 670 128
2871 669 127
2872 668 126
2873 666 124
2874 688 187
2875 697 178
2876 701 174
2877 707 164
2878 706 163
2879 705 162
2880 688 145
2881 687 144
2882 662 119
2883 665 211
2884 695 181
2885 706 170
2886 710 166
2887 709 165
2888 685 141
2889 684 140
2890 697 180
2891 698 179
2892 702 175
2893 704 159
2894 703 158
2895 690 145
2896 677 132
2897 676 131
2898 664 119
2899 663 118
2900 696 182
2901 701 177
2902 707 171
2903 702 156
2904 701 155
2905 700 154
2906 683 137
2907 668 122
2908 666 120
2909 648 102
2910 698 181
2911 699 180
2912 703 176
2913 689 142
2914 688 141
2915 666 214
2916 697 183
2917 702 178
2918 682 134
2919 661 113
2920 699 182
2921 681 132
2922 680 131
2923 679 130
2924 677 128
2925 676 127
2926 675 126
2927 674 125
2928 673 124
2929 672 123
2930 671 122
2931 670 121
2932 669 120
2933 675 207
2934 686 196
2935 688 194
2936 703 179
2937 699 184
2938 700 183
2939 667 217
2940 702 182
2941 704 180
2942 678 207
2943 684 201
2944 701 184
2945 711 174
2946 668 219
2947 679 208
2948 686 201
2949 702 185
2950 713 175
2951 685 129
2952 669 220
2953 680 209
2954 693 196
2955 676 214
2956 692 198
2957 703 187
2958 694 197
2959 705 186
2960 697 195
2961 704 188
2962 716 176
2963 670 223
2964 679 214
2965 701 192
2966 681 213
2967 698 196
2968 717 177
2969 682 120
2970 671 224
2971 680 215
2972 693 202
2973 697 198
2974 682 214
2975 700 196
2976 706 190
2977 708 188
2978 718 178
2979 698 199
2980 699 198
2981 672 226
2982 694 204
2983 701 197
2984 704 194
2985 709 189
2986 683 216
2987 700 199
2988 708 191
2989 673 227
2990 702 198
2991 682 219
2992 684 217
2993 711 190
2994 674 228
2995 699 203
2996 700 202
2997 722 180
2998 683 220
2999 684 219
3000 702 201
3001 707 196
3002 713 191
3003 675 230
3004 684 221
3005 703 202
3006 707 198
3007 708 197
3008 724 181
3009 676 231
3010 685 222
3011 709 198
3012 715 192
3013 725 182
3014 697 212
3015 703 206
3016 696 214
3017 709 201
3018 711 199
3019 727 183
3020 685 226
3021 687 224
3022 717 194
3023 718 193
3024 678 234
3025 704 208
3026 728 184
3027 688 225
3028 710 203
3029 718 195
3030 719 194
3031 720 193
3032 707 207
3033 680 235
3034 705 210
3035 709 206
3036 730 185
3037 721 195
3038 722 194
3039 711 206
3040 713 204
3041 732 185
3042 699 219
3043 708 210
3044 722 196
3045 706 213
3046 742 177
3047 683 237
3048 700 220
3049 710 210
3050 714 206
3051 717 203
3052 722 198
3053 732 188
3054 734 186
3055 724 197
3056 747 174
3057 684 238
3058 715 207
3059 723 199
3060 734 188
3061 735 187
3062 711 212
3063 714 209
3064 727 196
3065 679 245
3066 726 198
3067 686 239
3068 705 220
3069 713 212
3070 715 210
3071 717 208
3072 725 200
3073 737 188
3074 750 175
3075 680 246
3076 712 214
3077 730 196
3078 736 190
3079 714 213
3080 716 211
3081 721 206
3082 727 200
3083 738 189
3084 688 240
3085 710 219
3086 713 216
3087 715 214
3088 717 212
3089 728 201
3090 738 191
3091 753 176
3092 682 248
3093 684 246
3094 731 199
3095 740 190
3096 690 241
3097 704 227
3098 708 223
3099 714 217
3100 716 215
3101 720 211
3102 729 202
3103 685 247
3104 723 209
3105 740 192
3106 755 177
3107 705 228
3108 707 226
3109 708 225
3110 721 212
3111 731 202
3112 732 201
3113 733 200
3114 692 242
3115 717 217
3116 719 215
3117 724 210
3118 732 203
3119 684 253
3120 700 237
3121 718 219
3122 695 243
3123 734 204
3124 744 194
3125 701 238
3126 714 225
3127 686 254
3128 710 230
3129 734 206
3130 697 244
3131 746 195
3132 687 255
3133 702 240
3134 703 239
3135 735 207
3136 756 186
3137 747 196
3138 689 255
3139 699 245
3140 720 224
3141 724 220
3142 736 208
3143 739 205
3144 757 187
3145 693 252
3146 705 240
3147 744 201
3148 689 257
3149 701 245
3150 737 209
3151 740 206
3152 749 197
3153 693 254
3154 694 253
3155 755 192
3156 714 234
3157 738 210
3158 740 208
3159 750 198
3160 761 187
3161 692 257
3162 708 241
3163 695 255
3164 704 246
3165 726 224
3166 741 209
3167 751 199
3168 764 186
3169 702 249
3170 722 229
3171 740 211
3172 719 233
3173 752 200
3174 759 193
3175 710 243
3176 725 228
3177 746 207
3178 766 187
3179 695 259
3180 707 247
3181 763 191
3182 705 250
3183 724 231
3184 726 229
3185 747 208
3186 768 187
3187 711 245
3188 712 244
3189 736 220
3190 721 236
3191 728 229
3192 735 222
3193 754 203
3194 755 202
3195 698 260
3196 737 221
3197 742 216
3198 713 246
3199 727 232
3200 736 223
3201 748 211
3202 756 203
3203 765 194
3204 701 260
3205 703 258
3206 748 213
3207 765 196
3208 705 257
3209 709 253
3210 718 244
3211 732 230
3212 738 224
3213 750 212
3214 715 248
3215 737 226
3216 748 215
3217 779 184
3218 705 259
3219 731 233
3220 732 232
3221 740 224
3222 738 227
3223 776 189
3224 719 247
3225 740 226
3226 750 216
3227 739 228
3228 714 254
3229 751 217
3230 766 202
3231 738 231
3232 740 229
3233 769 200
3234 722 248
3235 750 220
3236 767 203
3237 772 198
3238 712 259
3239 724 247
3240 760 211
3241 781 190
3242 742 230
3243 768 204
3244 720 253
3245 782 191
3246 719 255
3247 725 249
3248 761 213
3249 769 205
3250 779 195
3251 786 188
3252 722 253
3253 735 240
3254 744 231
3255 753 222
3256 768 207
3257 772 204
3258 717 260
3259 737 240
3260 762 215
3261 769 208
3262 775 202
3263 789 188
3264 724 254
3265 746 232
3266 754 224
3267 718 261
3268 719 260
3269 723 256
3270 763 216
3271 778 201
3272 790 189
3273 786 194
3274 748 233
3275 791 190
3276 720 262
3277 727 255
3278 755 227
3279 775 207
3280 793 189
3281 749 234
3282 723 261
3283 756 228
3284 778 206
3285 788 196
3286 735 250
3287 728 258
3288 755 231
3289 726 262
3290 737 251
3291 757 231
3292 772 216
3293 732 257
3294 749 240
3295 756 234
3296 758 232
3297 772 218
3298 794 196
3299 733 258
3300 751 240
3301 770 221
3302 800 191
3303 801 190
3304 740 252
3305 757 235
3306 787 205
3307 771 222
3308 773 220
3309 802 191
3310 731 263
3311 759 235
3312 770 224
3313 742 253
3314 749 246
3315 774 221
3316 804 191
3317 733 263
3318 760 236
3319 773 223
3320 778 218
3321 775 222
3322 805 192
3323 735 263
3324 774 224
3325 779 219
3326 776 223
3327 807 192
3328 736 264
3329 741 259
3330 746 254
3331 762 238
3332 774 226
3333 780 220
3334 781 219
3335 761 240
3336 777 224
3337 773 229
3338 781 221
3339 782 220
3340 740 263
3341 778 225
3342 784 219
3343 799 204
3344 783 221
3345 745 260
3346 773 232
3347 753 253
3348 786 220
3349 800 206
3350 803 203
3351 810 198
3352 744 265
3353 749 260
3354 782 228
3355 788 222
3356 811 199
3357 759 252
3358 748 264
3359 783 229
3360 786 226
3361 802 210
3362 803 209
3363 804 208
3364 771 242
3365 806 207
3366 763 251
3367 787 227
3368 788 226
3369 750 265
3370 753 262
3371 779 236
3372 785 230
3373 761 255
3374 787 229
3375 752 265
3376 757 260
3377 785 232
3378 762 256
3379 789 230
3380 757 263
3381 760 260
3382 768 252
3383 777 243
3384 786 234
3385 788 233
3386 791 231
3387 800 222
3388 822 200
3389 772 251
3390 788 235
3391 789 234
3392 794 230
3393 800 224
3394 808 216
3395 812 212
3396 776 249
3397 793 232
3398 790 236
3399 779 248
3400 797 230
3401 809 218
3402 764 264
3403 769 259
3404 802 226
3405 821 207
3406 827 201
3407 771 258
3408 778 251
3409 786 243
3410 810 220
3411 795 236
3412 804 228
3413 830 202
3414 801 232
3415 806 227
3416 817 216
3417 805 229
3418 774 261
3419 811 224
3420 832 203
3421 777 259
3422 813 223
3423 779 258
3424 790 247
3425 802 235
3426 812 225
3427 835 202
3428 824 214
3429 834 204
3430 791 248
3431 804 235
3432 780 260
3433 807 233
3434 808 232
3435 809 231
3436 837 203
3437 805 236
3438 782 260
3439 836 206
3440 792 251
3441 839 204
3442 826 218
3443 828 217
3444 829 216
3445 838 207
3446 799 248
3447 801 246
3448 839 208
3449 816 232
3450 842 206
3451 800 250
3452 802 249
3453 808 243
3454 844 207
3455 793 259
3456 847 197
3457 804 249
3458 811 242
3459 812 241
3460 794 260
3461 810 244
3462 851 199
3463 850 198
3464 815 240
3465 807 249
3466 854 200
3467 853 199
3468 850 196
3469 799 258
3470 801 256
3471 813 244
3472 814 243
3473 815 242
3474 817 240
3475 808 250
3476 811 247
3477 812 246
3478 819 239
3479 852 196
3480 851 195
3481 821 238
3482 853 195
3483 805 256
3484 816 245
3485 817 244
3486 824 237
3487 811 251
3488 812 250
3489 814 248
3490 839 223
3491 840 222
3492 858 198
3493 857 197
3494 854 193
3495 805 259
3496 816 248
3497 818 246
3498 819 245
3499 822 242
3500 854 210
3501 859 197
3502 821 244
3503 856 209
3504 855 192
3505 858 208
3506 861 205
3507 820 247
3508 821 246
3509 863 204
3510 864 203
3511 866 201
3512 861 196
3513 808 260
3514 823 245
3515 824 244
3516 825 243
3517 831 237
3518 841 227
3519 842 226
3520 860 194
3521 827 242
3522 833 236
3523 834 235
3524 848 221
3525 849 220
3526 867 200
3527 858 191
3528 857 190
3529 829 241
3530 854 216
3531 869 201
3532 860 192
3533 831 240
3534 856 215
3535 859 212
3536 860 211
3537 863 194
3538 833 239
3539 862 192
3540 859 189
3541 846 227
3542 870 199
3543 840 234
3544 841 233
3545 848 226
3546 864 210
3547 863 191
3548 860 215
3549 861 214
3550 871 198
3551 862 189
3552 861 188
3553 850 226
3554 853 223
3555 868 208
3556 866 192
3557 825 252
3558 855 222
3559 864 213
3560 864 189
3561 827 251
3562 848 230
3563 867 191
3564 862 186
3565 868 211
3566 832 248
3567 870 210
3568 874 196
3569 870 192
3570 866 188
3571 872 209
3572 876 197
3573 838 244
3574 839 243
3575 866 216
3576 874 208
3577 876 207
3578 877 206
3579 876 195
3580 870 189
3581 868 187
3582 860 224
3583 861 223
3584 878 196
3585 863 222
3586 864 221
3587 881 204
3588 868 185
3589 860 226
3590 861 225
3591 862 224
3592 880 206
3593 879 195
3594 873 189
3595 882 205
3596 875 190
3597 869 184
3598 884 204
3599 873 187
3600 867 222
3601 887 202
3602 881 194
3603 875 188
3604 880 210
3605 864 227
3606 872 219
3607 873 218
3608 882 193
3609 876 187
3610 875 186
3611 874 185
3612 870 222
3613 855 238
3614 885 194
3615 880 214
3616 876 184
3617 878 185
3618 862 234
3619 892 204
3620 886 192
3621 877 182
3622 872 226
3623 893 206
3624 880 183
3625 872 228
3626 884 217
3627 888 213
3628 889 190
3629 880 222
3630 898 204
3631 897 197
3632 893 193
3633 876 227
3634 902 201
3635 899 198
3636 883 221
3637 885 220
3638 888 217
3639 903 202
3640 904 201
3641 902 199
3642 895 192
3643 898 208
3644 890 217
3645 898 210
3646 904 204
3647 906 202
3648 905 205
3649 888 180
3650 886 178
3651 885 226
3652 903 194
3653 902 193
3654 889 179
3655 894 219
3656 899 214
3657 906 207
3658 909 197
3659 895 183
3660 893 180
3661 891 178
3662 886 230
3663 890 226
3664 907 209
3665 900 217
3666 915 200
3667 893 178
3668 913 197
3669 902 186
3670 899 183
3671 908 211
3672 889 231
3673 898 222
3674 895 177
3675 894 176
3676 893 228
3677 918 204
3678 895 228
3679 909 214
3680 898 177
3681 900 224
3682 919 206
3683 894 232
3684 924 202
3685 923 199
3686 922 198
3687 901 226
3688 910 217
3689 920 207
3690 898 230
3691 896 233
3692 902 227
3693 921 209
3694 899 233
3695 911 221
3696 922 210
3697 930 203
3698 931 204
3699 901 235
3700 912 224
3701 923 213
3702 926 210
3703 928 209
3704 932 205
3705 903 236
3706 933 206
3707 914 226
3708 931 209
3709 912 229
3710 924 217
3711 934 207
3712 933 209
3713 925 218
3714 914 230
3715 935 209
3716 940 205
3717 928 218
3718 936 211
3719 914 234
3720 925 223
3721 926 222
3722 927 221
3723 932 216
3724 908 242
3725 915 235
3726 926 224
3727 929 221
3728 911 240
3729 938 213
3730 909 243
3731 916 236
3732 927 225
3733 911 242
3734 917 237
3735 930 224
3736 936 218
3737 937 217
3738 938 216
3739 945 209
3740 928 227
3741 934 221
3742 911 245
3743 939 217
3744 946 210
3745 925 232
3746 931 226
3747 910 248
3748 918 240
3749 929 229
3750 912 247
3751 926 233
3752 940 219
3753 911 249
3754 919 241
3755 940 222
3756 927 236
3757 942 221
3758 947 216
3759 913 251
3760 915 249
3761 940 224
3762 920 245
3763 928 238
3764 929 237
3765 932 234
3766 914 253
3767 943 224
3768 948 219
3769 920 248
3770 929 239
3771 930 238
3772 915 254
3773 941 228
3774 949 220
3775 931 239
3776 933 237
3777 934 236
3778 944 226
3779 915 256
3780 941 230
3781 950 221
3782 932 240
3783 934 239
3784 950 223
3785 922 252
3786 923 251
3787 937 237
3788 932 243
3789 935 240
3790 942 234
3791 952 224
3792 934 243
3793 937 240
3794 938 239
3795 923 255
3796 924 254
3797 936 242
3798 947 231
3799 953 225
3800 935 244
3801 938 242
3802 943 237
3803 937 244
3804 955 226
3805 925 257
3806 953 229
3807 939 244
3808 938 246
3809 944 240
3810 920 266
3811 944 242
3812 953 233
3813 956 230
3814 926 262
3815 930 258
3816 957 232
3817 921 269
3818 931 259
3819 945 245
3820 952 238
3821 943 248
3822 950 242
3823 932 261
3824 946 247
3825 957 236
3826 926 268
3827 941 253
3828 953 241
3829 933 262
3830 938 258
3831 954 243
3832 927 271
3833 934 264
3834 955 244
3835 928 273
3836 935 266
3837 929 275
3838 936 268
3839 942 262
3840 935 270
3841 944 261
3842 949 256
3843 950 255
3844 930 276
3845 956 250
3846 947 260
3847 931 277
3848 950 258
3849 936 273
3850 932 279
3851 937 274
3852 939 272
3853 938 275
3854 957 256
3855 952 263
3856 957 260
3857 953 267
3858 15.5 165
3859 16.5 165
3860 17 166.5
3861 17.5 167
3862 20.5 165
3863 19 168.5
3864 20 168.5
3865 23 166.5
3866 21 169.5
3867 15 152.5
3868 23 168.5
3869 25 167.5
3870 26 168.5
3871 31 162.5
3872 23.5 174
3873 28.5 170
3874 34 165.5
3875 30.5 172
3876 36 166.5
3877 31.5 172
3878 39.5 164
3879 33.5 173
3880 41.5 165
3881 33.5 174
3882 33 174.5
3883 40 160.5
3884 39 159.5
3885 31 177.5
3886 43.5 166
3887 42 159.5
3888 36 175.5
3889 45.5 166
3890 37.5 176
3891 47.5 166
3892 33.5 181
3893 43 171.5
3894 46.5 168
3895 47 167.5
3896 49 166.5
3897 39.5 178
3898 50 167.5
3899 53.5 163
3900 46 173.5
3901 41.5 179
3902 51.5 169
3903 55 162.5
3904 20.5 128
3905 53 168.5
3906 54 167.5
3907 55.5 166
3908 55 166.5
3909 17 123.5
3910 48 174.5
3911 55.5 161
3912 54.5 160
3913 22.5 128
3914 43 180.5
3915 52.5 171
3916 55.5 160
3917 54.5 159
3918 16.5 121
3919 44 181.5
3920 55 170.5
3921 57 159.5
3922 29 131.5
3923 57.5 159
3924 56 157.5
3925 54.5 156
3926 30 131.5
3927 19.5 121
3928 44 183.5
3929 55 172.5
3930 59.5 168
3931 31 131.5
3932 17 117.5
3933 45.5 183
3934 52 176.5
3935 61.5 167
3936 64 164.5
3937 20.5 120
3938 38 191.5
3939 55 174.5
3940 58.5 171
3941 60 169.5
3942 63.5 166
3943 58.5 157
3944 32 130.5
3945 27.5 126
3946 47 183.5
3947 53 177.5
3948 59 171.5
3949 61.5 169
3950 62.5 168
3951 57 154.5
3952 29.5 127
3953 58.5 173
3954 62.5 169
3955 61.5 158
3956 34 130.5
3957 39.5 193
3958 62 170.5
3959 48.5 185
3960 62.5 171
3961 68.5 165
3962 68 162.5
3963 36.5 131
3964 25.5 120
3965 49 185.5
3966 57.5 177
3967 66 168.5
3968 38 131.5
3969 41.5 194
3970 50 185.5
3971 56 179.5
3972 61 174.5
3973 36 128.5
3974 33 125.5
3975 61 175.5
3976 65 156.5
3977 42 195.5
3978 66 171.5
3979 65.5 156
3980 33.5 124
3981 52 186.5
3982 58 180.5
3983 69.5 169
3984 72 166.5
3985 65 154.5
3986 64 153.5
3987 44 195.5
3988 59 180.5
3989 65.5 174
3990 68.5 171
3991 37 125.5
3992 53.5 187
3993 72 168.5
3994 74.5 166
3995 73.5 161
3996 39 126.5
3997 33.5 121
3998 45 196.5
3999 70.5 171
4000 72.5 169
4001 76.5 165
4002 76.5 163
4003 75.5 162
4004 74 160.5
4005 69 155.5
4006 62 180.5
4007 67.5 175
4008 74 168.5
4009 75.5 167
4010 77 165.5
4011 78 164.5
4012 73.5 159
4013 55 188.5
4014 61.5 182
4015 66 177.5
4016 78.5 165
4017 36.5 121
4018 47 197.5
4019 54 190.5
4020 62 182.5
4021 63.5 181
4022 65 179.5
4023 79.5 163
4024 70 153.5
4025 48 198.5
4026 55 191.5
4027 57 189.5
4028 63 183.5
4029 67 179.5
4030 76.5 170
4031 42 123.5
4032 75 172.5
4033 58 190.5
4034 63.5 185
4035 65.5 183
4036 65 183.5
4037 73.5 175
4038 74.5 174
4039 81.5 167
4040 81 167.5
4041 76.5 156
4042 41 120.5
4043 78 171.5
4044 83.5 162
4045 56.5 194
4046 65 185.5
4047 67 183.5
4048 69 181.5
4049 80 157.5
4050 78 155.5
4051 19.5 97
4052 81.5 170
4053 81 170.5
4054 85.5 166
4055 87 164.5
4056 26 102.5
4057 69 183.5
4058 78.5 174
4059 44.5 120
4060 20.5 96
4061 67.5 186
4062 76.5 177
4063 36.5 111
4064 28 102.5
4065 23 97.5
4066 67 187.5
4067 71.5 183
4068 78.5 176
4069 87 167.5
4070 88.5 162
4071 49.5 123
4072 38 111.5
4073 26.5 100
4074 23.5 97
4075 68 187.5
4076 73 182.5
4077 76.5 179
4078 83 172.5
4079 37.5 110
4080 36 108.5
4081 70.5 186
4082 83 173.5
4083 55 126.5
4084 39 110.5
4085 71.5 186
4086 75 182.5
4087 56.5 127
4088 51.5 122
4089 36 106.5
4090 35.5 106
4091 34 104.5
4092 30.5 101
4093 71 187.5
4094 82.5 176
4095 51 120.5
4096 38 107.5
4097 20.5 90
4098 72.5 187
4099 73 186.5
4100 88.5 171
4101 50.5 119
4102 40.5 109
4103 37 105.5
4104 30.5 99
4105 24 92.5
4106 21.5 90
4107 21 89.5
4108 77.5 183
4109 36 103.5
4110 34 101.5
4111 27.5 95
4112 26 93.5
4113 21.5 89
4114 87.5 174
4115 39.5 106
4116 25 91.5
4117 54 119.5
4118 39.5 105
4119 24.5 90
4120 23 88.5
4121 22 87.5
4122 72.5 191
4123 75 188.5
4124 44.5 109
4125 23.5 88
4126 73 191.5
4127 75 189.5
4128 98 166.5
4129 26.5 90
4130 78.5 187
4131 90.5 175
4132 96 169.5
4133 97.5 168
4134 58.5 121
4135 34 96.5
4136 30 92.5
4137 23 85.5
4138 21.5 84
4139 75 191.5
4140 33.5 95
4141 68 199.5
4142 96.5 171
4143 31 91.5
4144 23.5 84
4145 22 82.5
4146 95 173.5
4147 88 181.5
4148 85.5 185
4149 86.5 184
4150 89 181.5
4151 95.5 175
4152 38.5 96
4153 30.5 88
4154 71 200.5
4155 91 180.5
4156 98 173.5
4157 86.5 186
4158 92 180.5
4159 93.5 179
4160 38 93.5
4161 72.5 201
4162 88.5 185
4163 95 178.5
4164 86.5 188
4165 42.5 96
4166 39 92.5
4167 93.5 182
4168 98 177.5
4169 36 88.5
4170 89 187.5
4171 95 181.5
4172 60 111.5
4173 86.5 191
4174 87.5 190
4175 93 184.5
4176 99.5 178
4177 50 100.5
4178 44 94.5
4179 41.5 92
4180 83.5 195
4181 103 175.5
4182 63 112.5
4183 43.5 93
4184 76.5 203
4185 93 186.5
4186 97.5 182
4187 108 171.5
4188 94.5 143
4189 94.5 186
4190 95.5 185
4191 95 185.5
4192 55 102.5
4193 77.5 204
4194 98.5 183
4195 104.5 177
4196 59.5 106
4197 55.5 102
4198 55 101.5
4199 45.5 92
4200 95 187.5
4201 98.5 184
4202 83.5 129
4203 94 189.5
4204 97.5 186
4205 98 185.5
4206 83 127.5
4207 57 101.5
4208 46.5 91
4209 79.5 205
4210 92 135.5
4211 90.5 134
4212 59 102.5
4213 84 126.5
4214 80.5 206
4215 98 188.5
4216 99.5 187
4217 105 181.5
4218 85.5 127
4219 51 92.5
4220 93 194.5
4221 123.5 164
4222 123 164.5
4223 63.5 104
4224 62.5 103
4225 61 101.5
4226 51 91.5
4227 81.5 207
4228 95 193.5
4229 99 189.5
4230 101.5 187
4231 97 136.5
4232 77.5 117
4233 65.5 105
4234 125 163.5
4235 72 110.5
4236 68 106.5
4237 83.5 207
4238 92.5 198
4239 94.5 196
4240 104 186.5
4241 105 185.5
4242 125 165.5
4243 98 135.5
4244 97.5 135
4245 83 120.5
4246 69 106.5
4247 66 103.5
4248 65 102.5
4249 121 170.5
4250 126.5 165
4251 81 117.5
4252 67.5 104
4253 54.5 91
4254 94 198.5
4255 101 191.5
4256 126.5 166
4257 128 164.5
4258 100 193.5
4259 101.5 192
4260 101 192.5
4261 105.5 188
4262 127 166.5
4263 93 127.5
4264 71 105.5
4265 86 208.5
4266 98 196.5
4267 103.5 137
4268 93.5 127
4269 60.5 94
4270 104.5 191
4271 129 166.5
4272 131 164.5
4273 87 119.5
4274 78 110.5
4275 54 86.5
4276 101.5 195
4277 104 192.5
4278 105 191.5
4279 129 167.5
4280 100 131.5
4281 93 124.5
4282 87.5 119
4283 87.5 210
4284 99.5 198
4285 126.5 157
4286 99.5 130
4287 88.5 119
4288 101 197.5
4289 129.5 169
4290 131.5 167
4291 95.5 125
4292 87.5 117
4293 66 95.5
4294 106 193.5
4295 105 133.5
4296 103.5 132
4297 63.5 92
4298 89.5 211
4299 100 200.5
4300 101 199.5
4301 129.5 157
4302 99 126.5
4303 126.5 175
4304 130.5 157
4305 107 133.5
4306 94 120.5
4307 70.5 97
4308 59 85.5
4309 91.5 211
4310 106 196.5
4311 115.5 187
4312 135 160.5
4313 116.5 142
4314 115.5 141
4315 110 135.5
4316 105 198.5
4317 106 197.5
4318 108 195.5
4319 130 173.5
4320 132.5 171
4321 133.5 158
4322 131.5 156
4323 109 195.5
4324 130 174.5
4325 133 171.5
4326 93.5 212
4327 106 199.5
4328 111 194.5
4329 117 188.5
4330 132 154.5
4331 118.5 141
4332 105 127.5
4333 62.5 85
4334 110 196.5
4335 132 174.5
4336 135.5 157
4337 123 144.5
4338 113 194.5
4339 116.5 191
4340 120.5 187
4341 137 170.5
4342 120.5 141
4343 111.5 132
4344 106 126.5
4345 105 125.5
4346 95 115.5
4347 109 199.5
4348 136 172.5
4349 140.5 160
4350 137.5 157
4351 115 134.5
4352 114 133.5
4353 113.5 133
4354 108.5 128
4355 103.5 123
4356 73 92.5
4357 96 213.5
4358 110.5 199
4359 113.5 196
4360 133 176.5
4361 138 171.5
4362 103.5 122
4363 70.5 89
4364 115 195.5
4365 124.5 186
4366 130.5 148
4367 100 117.5
4368 71.5 89
4369 137.5 174
4370 138 154.5
4371 137 153.5
4372 127.5 144
4373 109 125.5
4374 76 92.5
4375 68 84.5
4376 98 214.5
4377 106.5 206
4378 114 198.5
4379 140 172.5
4380 76 91.5
4381 112 201.5
4382 113.5 200
4383 115.5 198
4384 115 198.5
4385 146.5 167
4386 119.5 195
4387 121 193.5
4388 139.5 175
4389 118 131.5
4390 108 121.5
4391 104 117.5
4392 73 86.5
4393 100 215.5
4394 116.5 199
4395 119 196.5
4396 131 184.5
4397 142 173.5
4398 128 140.5
4399 82.5 95
4400 78 90.5
4401 143 173.5
4402 147 158.5
4403 144 155.5
4404 143 154.5
4405 133 144.5
4406 125.5 137
4407 100.5 112
4408 96 107.5
4409 109 208.5
4410 115.5 202
4411 118 199.5
4412 119 198.5
4413 120 197.5
4414 141.5 176
4415 133.5 144
4416 108.5 119
4417 107.5 118
4418 105 115.5
4419 102 216.5
4420 116 202.5
4421 117.5 201
4422 144 174.5
4423 148 157.5
4424 132.5 142
4425 131 140.5
4426 129 138.5
4427 127.5 137
4428 127 136.5
4429 125 134.5
4430 104 113.5
4431 111 208.5
4432 124 195.5
4433 131 188.5
4434 134 185.5
4435 135 184.5
4436 137 182.5
4437 130 138.5
4438 108.5 117
4439 84 92.5
4440 118 202.5
4441 119 201.5
4442 150 157.5
4443 129 136.5
4444 104.5 217
4445 134.5 187
4446 132 138.5
4447 131 137.5
4448 127.5 134
4449 85 91.5
4450 80.5 87
4451 123 199.5
4452 138 184.5
4453 145 177.5
4454 147 175.5
4455 151.5 171
4456 157.5 165
4457 80 85.5
4458 129 194.5
4459 139.5 184
4460 140.5 145
4461 116.5 121
4462 115.5 120
4463 114 210.5
4464 130.5 194
4465 133.5 137
4466 149 176.5
4467 153.5 172
4468 141 143.5
4469 136 138.5
4470 117.5 120
4471 101.5 104
4472 108.5 218
4473 108 218.5
4474 115 211.5
4475 117.5 209
4476 126.5 200
4477 129 197.5
4478 141.5 185
4479 142.5 184
4480 144 182.5
4481 158 168.5
4482 135.5 137
4483 127 128.5
4484 120 121.5
4485 110.5 112
4486 110 111.5
4487 103 104.5
4488 89.5 91
4489 128.5 199
4490 130 197.5
4491 143 184.5
4492 150 177.5
4493 133.5 134
4494 110 110.5
4495 89 89.5
4496 88 88.5
4497 84 84.5
4498 146 182.5
4499 155 173.5
4500 111.5 111
4501 103 102.5
4502 110 219.5
4503 126 203.5
4504 127.5 202
4505 131 198.5
4506 152 150.5
4507 151 149.5
4508 132 130.5
4509 145.5 185
4510 152 178.5
4511 156.5 174
4512 164 166.5
4513 165 162.5
4514 151.5 149
4515 150.5 148
4516 138 135.5
4517 121 118.5
4518 88 85.5
4519 138.5 193
4520 161 157.5
4521 135 131.5
4522 130.5 127
4523 119 115.5
4524 128.5 204
4525 153.5 179
4526 164.5 168
4527 135 130.5
4528 122 117.5
4529 107.5 103
4530 95.5 91
4531 95 90.5
4532 121 212.5
4533 124 209.5
4534 129.5 204
4535 135 198.5
4536 138.5 195
4537 154 179.5
4538 154 148.5
4539 116.5 111
4540 114 220.5
4541 144.5 190
4542 147.5 187
4543 150 184.5
4544 164.5 170
4545 168.5 166
4546 151.5 145
4547 150.5 144
4548 149 142.5
4549 141 134.5
4550 140 133.5
4551 119 112.5
4552 94 87.5
4553 123 212.5
4554 143.5 192
4555 149 186.5
4556 165.5 170
4557 166.5 169
4558 152.5 145
4559 139.5 132
4560 138.5 131
4561 137.5 130
4562 136.5 129
4563 133 203.5
4564 150.5 186
4565 150 186.5
4566 152 184.5
4567 165.5 171
4568 168 168.5
4569 156 147.5
4570 152 143.5
4571 124 115.5
4572 120 111.5
4573 95 86.5
4574 143 194.5
4575 166.5 171
4576 154.5 145
4577 130.5 121
4578 122.5 113
4579 120 110.5
4580 117.5 221
4581 149.5 189
4582 151.5 187
4583 157 181.5
4584 161 177.5
4585 168 170.5
4586 152 141.5
4587 135 124.5
4588 126.5 116
4589 121.5 111
4590 133 206.5
4591 172.5 167
4592 158.5 147
4593 115.5 104
4594 135 205.5
4595 140 200.5
4596 148 192.5
4597 171 169.5
4598 162 149.5
4599 154.5 142
4600 154 141.5
4601 137 124.5
4602 98 85.5
4603 119.5 222
4604 121.5 220
4605 170.5 171
4606 162 148.5
4607 144.5 131
4608 130.5 117
4609 122 220.5
4610 154.5 188
4611 169.5 173
4612 171 171.5
4613 172 170.5
4614 169.5 155
4615 161.5 147
4616 142.5 128
4617 130 115.5
4618 120 105.5
4619 123 220.5
4620 129 214.5
4621 171 172.5
4622 168.5 153
4623 126.5 111
4624 143 201.5
4625 156 188.5
4626 158 186.5
4627 165 179.5
4628 172.5 156
4629 144.5 128
4630 129 112.5
4631 122.5 223
4632 130 215.5
4633 142.5 203
4634 153.5 192
4635 160.5 185
4636 171 174.5
4637 170 152.5
4638 124 222.5
4639 141 205.5
4640 157.5 189
4641 122.5 104
4642 167 180.5
4643 173 174.5
4644 175.5 172
4645 164 144.5
4646 137.5 118
4647 135.5 116
4648 103.5 84
4649 125 223.5
4650 142 206.5
4651 164 184.5
4652 164 143.5
4653 163.5 143
4654 137 212.5
4655 165 184.5
4656 181.5 160
4657 173 151.5
4658 106.5 85
4659 138.5 212
4660 159.5 191
4661 160.5 190
4662 162 188.5
4663 169 181.5
4664 174 176.5
4665 163.5 188
4666 185.5 162
4667 140 212.5
4668 154 198.5
4669 165.5 187
4670 167.5 143
4671 151.5 127
4672 149 124.5
4673 189 164.5
4674 176 150.5
4675 125 99.5
4676 109.5 84
4677 133 221.5
4678 158.5 196
4679 167 187.5
4680 172 182.5
4681 190.5 164
4682 190 163.5
4683 186.5 160
4684 164.5 191
4685 176 179.5
4686 178.5 177
4687 190 162.5
4688 174.5 147
4689 160.5 196
4690 179.5 177
4691 180.5 176
4692 192 163.5
4693 169 140.5
4694 153 124.5
4695 127 98.5
4696 126 97.5
4697 125 96.5
4698 139 218.5
4699 160 197.5
4700 161.5 196
4701 161 196.5
4702 168.5 189
4703 191.5 166
4704 190 160.5
4705 136 222.5
4706 140.5 218
4707 160 198.5
4708 184.5 174
4709 192 166.5
4710 155 124.5
4711 144 113.5
4712 127 96.5
4713 156.5 203
4714 158.5 201
4715 183.5 176
4716 194 162.5
4717 193 161.5
4718 165 133.5
4719 141 109.5
4720 134.5 103
4721 115.5 84
4722 157 203.5
4723 176.5 184
4724 195.5 165
4725 184 151.5
4726 146.5 114
4727 148.5 213
4728 153.5 208
4729 155.5 206
4730 158.5 203
4731 160 201.5
4732 165 196.5
4733 170.5 191
4734 193.5 168
4735 196 165.5
4736 190.5 157
4737 141.5 108
4738 138.5 105
4739 138.5 224
4740 161.5 201
4741 162.5 200
4742 166 196.5
4743 185 150.5
4744 167 132.5
4745 164 129.5
4746 131 96.5
4747 117.5 83
4748 154.5 209
4749 155 208.5
4750 172 191.5
4751 181.5 146
4752 149.5 216
4753 156.5 209
4754 159.5 206
4755 167 198.5
4756 194 156.5
4757 168 130.5
4758 165.5 201
4759 168.5 198
4760 198.5 168
4761 187 148.5
4762 120 81.5
4763 174.5 193
4764 175 192.5
4765 166.5 127
4766 164.5 204
4767 169.5 199
4768 171 197.5
4769 184.5 144
4770 182 141.5
4771 164 123.5
4772 142 101.5
4773 166.5 203
4774 167 202.5
4775 171 198.5
4776 186 144.5
4777 179.5 138
4778 169 127.5
4779 144 102.5
4780 140 98.5
4781 122 80.5
4782 166.5 204
4783 169 201.5
4784 171 199.5
4785 180 190.5
4786 167.5 125
4787 146.5 225
4788 155 216.5
4789 164.5 207
4790 168.5 203
4791 173 198.5
4792 177.5 194
4793 178.5 193
4794 181 190.5
4795 189.5 146
4796 188.5 145
4797 178 134.5
4798 170 126.5
4799 162 210.5
4800 163.5 209
4801 166 206.5
4802 169 203.5
4803 171 201.5
4804 179 193.5
4805 191 181.5
4806 197 152.5
4807 185 140.5
4808 175.5 131
4809 146 101.5
4810 145 100.5
4811 171 202.5
4812 196.5 151
4813 194.5 149
4814 193 147.5
4815 155.5 110
4816 146 100.5
4817 145 99.5
4818 125 79.5
4819 148.5 226
4820 150 224.5
4821 167.5 207
4822 168.5 206
4823 172 202.5
4824 210 163.5
4825 183 136.5
4826 181 134.5
4827 147.5 101
4828 149.5 226
4829 166 209.5
4830 175 200.5
4831 181.5 194
4832 184 191.5
4833 193 182.5
4834 190 142.5
4835 181.5 134
4836 172.5 125
4837 159.5 217
4838 171.5 205
4839 179 197.5
4840 210.5 166
4841 190 141.5
4842 187.5 139
4843 159.5 111
4844 150.5 227
4845 155 222.5
4846 178 199.5
4847 185 192.5
4848 198.5 149
4849 190.5 141
4850 189.5 140
4851 173 123.5
4852 171 207.5
4853 195 183.5
4854 211.5 167
4855 212.5 166
4856 195.5 145
4857 195 144.5
4858 133.5 83
4859 152.5 227
4860 179 200.5
4861 184 195.5
4862 186.5 193
4863 211 168.5
4864 179 127.5
4865 134.5 83
4866 174 206.5
4867 176.5 204
4868 197.5 145
4869 195 142.5
4870 191.5 139
4871 179 126.5
4872 173 120.5
4873 132.5 80
4874 158 223.5
4875 180.5 201
4876 210.5 171
4877 212.5 169
4878 195 141.5
4879 193.5 140
4880 192 138.5
4881 190.5 137
4882 133.5 80
4883 178.5 204
4884 194.5 188
4885 196.5 142
4886 180 125.5
4887 159 224.5
4888 165.5 218
4889 176 207.5
4890 177.5 206
4891 179 204.5
4892 183 200.5
4893 210 173.5
4894 211 172.5
4895 213 170.5
4896 216 160.5
4897 188.5 133
4898 187.5 132
4899 181.5 126
4900 176 120.5
4901 126 70.5
4902 179.5 205
4903 181.5 203
4904 190 194.5
4905 191 193.5
4906 199 185.5
4907 215 158.5
4908 195.5 139
4909 191.5 135
4910 177.5 121
4911 137 80.5
4912 156.5 229
4913 157.5 228
4914 176.5 209
4915 177 208.5
4916 178 207.5
4917 179.5 206
4918 183.5 202
4919 184.5 201
4920 188.5 197
4921 197.5 188
4922 213.5 172
4923 203.5 146
4924 192.5 135
4925 189.5 132
4926 180.5 123
4927 127 69.5
4928 162 224.5
4929 167.5 219
4930 182.5 204
4931 200.5 186
4932 212 174.5
4933 217.5 169
4934 186 127.5
4935 127 68.5
4936 182.5 205
4937 190 197.5
4938 193.5 194
4939 201 186.5
4940 210 177.5
4941 214.5 173
4942 193 133.5
4943 157 97.5
4944 141 81.5
4945 128 68.5
4946 163 225.5
4947 185 203.5
4948 195.5 193
4949 218 157.5
4950 216 155.5
4951 215 154.5
4952 203.5 143
4953 194.5 134
4954 187.5 127
4955 160.5 100
4956 134.5 74
4957 170 219.5
4958 180.5 209
4959 184.5 205
4960 201 188.5
4961 202 187.5
4962 211 178.5
4963 212.5 177
4964 193.5 132
4965 192 130.5
4966 145.5 84
4967 143.5 82
4968 137.5 76
4969 129.5 68
4970 200 190.5
4971 210.5 180
4972 215.5 175
4973 192.5 130
4974 191 128.5
4975 188 125.5
4976 146.5 84
4977 141 78.5
4978 136 73.5
4979 129.5 67
4980 171.5 220
4981 182 209.5
4982 195 196.5
4983 203 188.5
4984 215 176.5
4985 149 85.5
4986 131 67.5
4987 185 207.5
4988 199 193.5
4989 202 190.5
4990 213.5 179
4991 220.5 172
4992 151 86.5
4993 141.5 77
4994 178.5 215
4995 189.5 204
4996 194.5 199
4997 196 197.5
4998 211.5 182
4999 216.5 177
5000 219.5 174
5001 174.5 109
5002 166.5 101
5003 142.5 77
5004 141 75.5
5005 133 67.5
5006 167 227.5
5007 186 208.5
5008 189 205.5
5009 214.5 180
5010 215.5 179
5011 220 174.5
5012 227.5 161
5013 226.5 160
5014 225.5 159
5015 224.5 158
5016 223 156.5
5017 154 87.5
5018 144.5 78
5019 140 73.5
5020 134 67.5
5021 133 66.5
5022 131.5 65
5023 196.5 199
5024 212.5 183
5025 215 180.5
5026 217.5 178
5027 174.5 107
5028 172.5 105
5029 156.5 89
5030 142 74.5
5031 133 65.5
5032 165 231.5
5033 199 197.5
5034 216.5 180
5035 221.5 175
5036 171 102.5
5037 158.5 90
5038 148 79.5
5039 147 78.5
5040 135 66.5
5041 175 222.5
5042 181 216.5
5043 192.5 205
5044 197.5 200
5045 206.5 191
5046 220.5 177
5047 221.5 176
5048 160.5 91
5049 183.5 215
5050 200 198.5
5051 207 191.5
5052 217.5 181
5053 162.5 92
5054 150 79.5
5055 143 72.5
5056 167.5 232
5057 169 230.5
5058 170 229.5
5059 176 223.5
5060 230 158.5
5061 164.5 93
5062 160.5 89
5063 202 198.5
5064 218 182.5
5065 181.5 109
5066 159 86.5
5067 157.5 85
5068 155.5 83
5069 153.5 81
5070 145.5 73
5071 171 230.5
5072 177 224.5
5073 186.5 215
5074 215 186.5
5075 167.5 94
5076 157 83.5
5077 170.5 232
5078 204 198.5
5079 217.5 185
5080 222.5 180
5081 220 145.5
5082 162 87.5
5083 147.5 73
5084 171 232.5
5085 178 225.5
5086 188 215.5
5087 195.5 208
5088 197 206.5
5089 203.5 200
5090 209 194.5
5091 217.5 186
5092 220.5 183
5093 228 152.5
5094 221.5 146
5095 163 87.5
5096 161 85.5
5097 160 84.5
5098 156 80.5
5099 155 79.5
5100 205.5 199
5101 218 186.5
5102 223 181.5
5103 229.5 153
5104 225.5 149
5105 209.5 196
5106 227.5 150
5107 225 147.5
5108 224 146.5
5109 220.5 143
5110 165.5 88
5111 164.5 87
5112 163 85.5
5113 161.5 84
5114 156.5 79
5115 153.5 76
5116 180.5 226
5117 213.5 193
5118 219 187.5
5119 220 186.5
5120 223.5 145
5121 222.5 144
5122 169 90.5
5123 165.5 87
5124 158.5 80
5125 156.5 78
5126 174 94.5
5127 160 80.5
5128 155.5 76
5129 201.5 207
5130 201 207.5
5131 206 202.5
5132 210 198.5
5133 217.5 191
5134 221 187.5
5135 176.5 96
5136 165.5 85
5137 165 84.5
5138 189.5 220
5139 223 186.5
5140 209.5 128
5141 158.5 77
5142 183.5 227
5143 191 219.5
5144 218.5 192
5145 246 164.5
5146 179 96.5
5147 167.5 85
5148 149 66.5
5149 145 62.5
5150 188 223.5
5151 189 222.5
5152 195 216.5
5153 196.5 215
5154 209 202.5
5155 216.5 195
5156 222.5 189
5157 242.5 159
5158 240.5 157
5159 234.5 151
5160 232.5 149
5161 216.5 133
5162 173.5 90
5163 170.5 87
5164 167.5 84
5165 145.5 62
5166 145 61.5
5167 194.5 218
5168 195.5 217
5169 197.5 215
5170 197 215.5
5171 219.5 193
5172 232 147.5
5173 182 97.5
5174 169 84.5
5175 162 77.5
5176 159.5 75
5177 211 202.5
5178 217.5 196
5179 221 192.5
5180 223 190.5
5181 219 133.5
5182 185 99.5
5183 184.5 99
5184 171 85.5
5185 163 77.5
5186 148 62.5
5187 200 214.5
5188 202 212.5
5189 205 209.5
5190 208 206.5
5191 209 205.5
5192 219.5 195
5193 230.5 144
5194 229.5 143
5195 187 100.5
5196 175 88.5
5197 174 87.5
5198 161.5 75
5199 184 231.5
5200 197.5 218
5201 202 213.5
5202 207 208.5
5203 222 134.5
5204 211 123.5
5205 207 119.5
5206 206 118.5
5207 202.5 115
5208 201 113.5
5209 200 112.5
5210 199 111.5
5211 198.5 111
5212 197.5 110
5213 196.5 109
5214 195 107.5
5215 194 106.5
5216 192.5 105
5217 191.5 104
5218 188.5 101
5219 178 90.5
5220 167.5 80
5221 151 63.5
5222 184 232.5
5223 208.5 208
5224 212.5 124
5225 175 86.5
5226 164 75.5
5227 163.5 75
5228 224.5 193
5229 234.5 183
5230 221.5 132
5231 182 92.5
5232 177 87.5
5233 170 80.5
5234 165 75.5
5235 234 143.5
5236 233 142.5
5237 216 125.5
5238 215 124.5
5239 214 123.5
5240 179 88.5
5241 163.5 73
5242 184 235.5
5243 182 90.5
5244 164.5 73
5245 210.5 210
5246 212 208.5
5247 225 195.5
5248 236.5 184
5249 256 163.5
5250 255 162.5
5251 180 87.5
5252 172 79.5
5253 168.5 76
5254 166.5 74
5255 200 221.5
5256 213.5 208
5257 213 208.5
5258 225 196.5
5259 248.5 155
5260 247.5 154
5261 182 88.5
5262 179 85.5
5263 170.5 77
5264 185.5 237
5265 186 236.5
5266 209.5 213
5267 210 212.5
5268 212.5 210
5269 231.5 191
5270 235.5 187
5271 250 155.5
5272 248.5 154
5273 199 104.5
5274 198 103.5
5275 197 102.5
5276 173 78.5
5277 172 77.5
5278 206.5 217
5279 206 217.5
5280 214.5 209
5281 220 203.5
5282 237 186.5
5283 192 96.5
5284 184.5 89
5285 212 212.5
5286 226.5 198
5287 240.5 184
5288 205 108.5
5289 188 91.5
5290 186 89.5
5291 186.5 239
5292 210 215.5
5293 215 210.5
5294 220.5 205
5295 233 192.5
5296 223.5 126
5297 212 114.5
5298 209.5 112
5299 202.5 105
5300 201.5 104
5301 200.5 103
5302 195.5 98
5303 188 90.5
5304 185 87.5
5305 178 80.5
5306 176 78.5
5307 215.5 211
5308 222 204.5
5309 226 200.5
5310 236.5 190
5311 238.5 188
5312 225.5 127
5313 212 113.5
5314 211 112.5
5315 200 101.5
5316 197.5 99
5317 195 96.5
5318 191 92.5
5319 190 91.5
5320 187.5 89
5321 184 85.5
5322 187.5 240
5323 191 236.5
5324 210.5 217
5325 221 206.5
5326 228 199.5
5327 213.5 114
5328 203.5 104
5329 194 94.5
5330 190 90.5
5331 189 89.5
5332 187.5 88
5333 222.5 206
5334 202 101.5
5335 199.5 99
5336 196 95.5
5337 192 91.5
5338 191 90.5
5339 182.5 82
5340 188 241.5
5341 208.5 221
5342 209.5 220
5343 257.5 156
5344 232 130.5
5345 203.5 102
5346 197.5 96
5347 211 219.5
5348 221.5 209
5349 228.5 202
5350 192 89.5
5351 190.5 88
5352 189 242.5
5353 210.5 221
5354 224.5 207
5355 259 155.5
5356 210 222.5
5357 212.5 220
5358 214 218.5
5359 222 210.5
5360 223.5 209
5361 238 194.5
5362 233 128.5
5363 190 243.5
5364 199 234.5
5365 204.5 229
5366 224.5 209
5367 259.5 154
5368 203.5 231
5369 213.5 221
5370 214 220.5
5371 222.5 212
5372 239 195.5
5373 190.5 245
5374 191 244.5
5375 204.5 231
5376 217 218.5
5377 224.5 211
5378 239 196.5
5379 214 222.5
5380 240.5 196
5381 191.5 246
5382 192 245.5
5383 223.5 214
5384 225.5 212
5385 230.5 121
5386 182 72.5
5387 195.5 243
5388 218.5 220
5389 241 197.5
5390 264.5 154
5391 220.5 110
5392 218.5 108
5393 183 72.5
5394 204.5 235
5395 231.5 208
5396 218.5 107
5397 196.5 244
5398 219.5 221
5399 230.5 210
5400 204.5 237
5401 206 235.5
5402 208 233.5
5403 231 210.5
5404 232.5 209
5405 266.5 153
5406 201.5 241
5407 202 240.5
5408 230.5 212
5409 230 212.5
5410 194.5 249
5411 225 218.5
5412 278.5 163
5413 220.5 224
5414 212 233.5
5415 281.5 164
5416 276 158.5
5417 270 152.5
5418 199.5 247
5419 218.5 228
5420 221.5 225
5421 226 220.5
5422 229.5 217
5423 269 177.5
5424 211.5 236
5425 217.5 230
5426 229.5 218
5427 196.5 252
5428 200.5 248
5429 216 232.5
5430 219.5 229
5431 219 229.5
5432 228.5 220
5433 232 216.5
5434 234 214.5
5435 208.5 241
5436 212 237.5
5437 229 220.5
5438 230 219.5
5439 254 195.5
5440 204 246.5
5441 232 218.5
5442 275 152.5
5443 198 253.5
5444 223.5 228
5445 229.5 222
5446 232.5 219
5447 235 216.5
5448 238 213.5
5449 254 197.5
5450 255.5 196
5451 214 238.5
5452 222.5 230
5453 231.5 221
5454 235 217.5
5455 272.5 180
5456 274.5 178
5457 222 231.5
5458 223.5 230
5459 238.5 215
5460 248.5 205
5461 248 205.5
5462 278.5 153
5463 222.5 232
5464 231 223.5
5465 232.5 222
5466 251 203.5
5467 252 202.5
5468 273.5 181
5469 275.5 179
5470 279 152.5
5471 232.5 223
5472 234 221.5
5473 239.5 216
5474 270.5 185
5475 207 249.5
5476 223.5 233
5477 224.5 232
5478 256.5 200
5479 276.5 180
5480 282 153.5
5481 209.5 248
5482 240.5 217
5483 211 247.5
5484 218 240.5
5485 221 237.5
5486 231.5 227
5487 232.5 226
5488 234 224.5
5489 261 197.5
5490 277.5 181
5491 285 154.5
5492 208.5 251
5493 220.5 239
5494 233 226.5
5495 289.5 158
5496 288.5 157
5497 287 155.5
5498 262 198.5
5499 279 181.5
5500 209.5 252
5501 209 252.5
5502 233.5 228
5503 240.5 221
5504 291 170.5
5505 205 257.5
5506 232.5 230
5507 236 226.5
5508 280 182.5
5509 211 252.5
5510 241.5 222
5511 243 220.5
5512 258 205.5
5513 213.5 251
5514 215.5 249
5515 235.5 229
5516 236.5 228
5517 243 221.5
5518 280.5 184
5519 206.5 259
5520 212 253.5
5521 217 248.5
5522 226 239.5
5523 234.5 231
5524 253.5 212
5525 280.5 185
5526 291 174.5
5527 237 229.5
5528 239.5 227
5529 241 225.5
5530 242.5 224
5531 242 224.5
5532 300 161.5
5533 299 160.5
5534 298.5 160
5535 208 259.5
5536 244.5 223
5537 258.5 209
5538 205 263.5
5539 235.5 233
5540 235 233.5
5541 238.5 230
5542 239 229.5
5543 239 230.5
5544 243.5 226
5545 257.5 212
5546 210.5 260
5547 214.5 256
5548 223.5 247
5549 239.5 231
5550 255 215.5
5551 259.5 211
5552 209 262.5
5553 239 232.5
5554 240.5 231
5555 246 225.5
5556 212 260.5
5557 225 247.5
5558 238.5 234
5559 238 234.5
5560 254.5 218
5561 257.5 215
5562 283 189.5
5563 238 235.5
5564 306.5 167
5565 208 266.5
5566 211.5 263
5567 239.5 236
5568 265.5 210
5569 228 248.5
5570 257.5 219
5571 231 246.5
5572 242 235.5
5573 244 233.5
5574 259 218.5
5575 265 212.5
5576 266.5 211
5577 308.5 169
5578 249 229.5
5579 251.5 227
5580 259.5 219
5581 266.5 212
5582 244 235.5
5583 266.5 213
5584 286 193.5
5585 309.5 170
5586 242.5 238
5587 252.5 228
5588 248.5 233
5589 233 249.5
5590 247 235.5
5591 249 233.5
5592 311.5 171
5593 246 237.5
5594 247.5 236
5595 250 233.5
5596 253.5 230
5597 267.5 216
5598 276 207.5
5599 219.5 265
5600 234.5 250
5601 245.5 239
5602 254.5 230
5603 303.5 181
5604 220.5 265
5605 237 248.5
5606 249 236.5
5607 251 234.5
5608 290 195.5
5609 313.5 172
5610 246.5 240
5611 251 235.5
5612 255.5 231
5613 260.5 226
5614 270.5 216
5615 273 213.5
5616 296.5 190
5617 228 259.5
5618 229 258.5
5619 247.5 240
5620 291.5 196
5621 249 239.5
5622 252.5 236
5623 252 236.5
5624 256.5 232
5625 261.5 227
5626 270.5 218
5627 294 194.5
5628 297.5 191
5629 315.5 173
5630 223 266.5
5631 256.5 233
5632 273 216.5
5633 233 257.5
5634 253.5 237
5635 257.5 233
5636 293.5 197
5637 309 181.5
5638 316.5 174
5639 223.5 268
5640 250.5 241
5641 257.5 234
5642 294.5 197
5643 254.5 238
5644 295.5 197
5645 221 272.5
5646 224.5 269
5647 251 242.5
5648 259 234.5
5649 264.5 229
5650 294.5 199
5651 315.5 178
5652 315 178.5
5653 319 174.5
5654 252.5 242
5655 254 240.5
5656 271 223.5
5657 272 222.5
5658 225.5 270
5659 251 244.5
5660 252.5 243
5661 265.5 230
5662 266.5 229
5663 274.5 221
5664 221.5 275
5665 254.5 242
5666 266 230.5
5667 267 229.5
5668 275.5 221
5669 276 220.5
5670 287.5 209
5671 300.5 196
5672 317 179.5
5673 320.5 176
5674 227 270.5
5675 252 245.5
5676 258 239.5
5677 267.5 230
5678 298 199.5
5679 258 240.5
5680 267 231.5
5681 268.5 230
5682 274 224.5
5683 318 180.5
5684 321.5 177
5685 220 279.5
5686 223 276.5
5687 253.5 246
5688 254.5 245
5689 255 244.5
5690 268.5 231
5691 273.5 226
5692 298 201.5
5693 312 187.5
5694 319 180.5
5695 255.5 245
5696 259.5 241
5697 268.5 232
5698 322.5 178
5699 220.5 281
5700 224 277.5
5701 238.5 263
5702 239 262.5
5703 255.5 246
5704 269 232.5
5705 309 192.5
5706 323 178.5
5707 221.5 281
5708 230 272.5
5709 261 241.5
5710 303.5 199
5711 320.5 182
5712 221.5 282
5713 224.5 279
5714 240 263.5
5715 241.5 262
5716 259.5 244
5717 270 233.5
5718 277 226.5
5719 303.5 200
5720 304.5 199
5721 310.5 193
5722 324 179.5
5723 262 242.5
5724 302.5 202
5725 309.5 195
5726 225 280.5
5727 231.5 274
5728 259.5 246
5729 260 245.5
5730 263.5 242
5731 305 200.5
5732 318.5 187
5733 223.5 283
5734 260.5 246
5735 261.5 245
5736 223 284.5
5737 224 283.5
5738 233 274.5
5739 264.5 243
5740 275 232.5
5741 277.5 230
5742 322.5 185
5743 226.5 282
5744 228 280.5
5745 245.5 263
5746 276 232.5
5747 280.5 228
5748 309.5 199
5749 224 285.5
5750 265.5 244
5751 265 244.5
5752 304.5 205
5753 307 202.5
5754 316.5 193
5755 326 183.5
5756 225 285.5
5757 227.5 283
5758 240.5 270
5759 257 253.5
5760 263 247.5
5761 279 231.5
5762 304.5 206
5763 305 205.5
5764 306 204.5
5765 311.5 199
5766 224 287.5
5767 242.5 269
5768 246.5 265
5769 259.5 252
5770 265 246.5
5771 266.5 245
5772 266 245.5
5773 306 205.5
5774 325 186.5
5775 229.5 283
5776 241.5 271
5777 244.5 268
5778 248 264.5
5779 257.5 255
5780 308.5 204
5781 312.5 200
5782 322.5 190
5783 328 184.5
5784 229 284.5
5785 230 283.5
5786 232 281.5
5787 249.5 264
5788 258.5 255
5789 261 252.5
5790 264 249.5
5791 251.5 263
5792 252.5 262
5793 260.5 254
5794 261.5 253
5795 266.5 248
5796 266 248.5
5797 279.5 235
5798 327 187.5
5799 228 287.5
5800 230 285.5
5801 260.5 255
5802 265 250.5
5803 267.5 248
5804 272 243.5
5805 281 234.5
5806 310 205.5
5807 329.5 186
5808 234 282.5
5809 240.5 276
5810 267 249.5
5811 280 236.5
5812 309.5 207
5813 238.5 279
5814 262.5 255
5815 265 252.5
5816 268 249.5
5817 280.5 237
5818 311.5 206
5819 314 203.5
5820 328.5 189
5821 235 283.5
5822 242 276.5
5823 258 260.5
5824 263 255.5
5825 269.5 249
5826 282 236.5
5827 232.5 287
5828 236 283.5
5829 239 280.5
5830 262.5 257
5831 267 252.5
5832 235 285.5
5833 236 284.5
5834 239.5 281
5835 250 270.5
5836 259 261.5
5837 265.5 255
5838 269.5 251
5839 271 249.5
5840 275.5 245
5841 282 238.5
5842 288.5 232
5843 313.5 207
5844 316 204.5
5845 330 190.5
5846 244.5 277
5847 264.5 257
5848 266.5 255
5849 267.5 254
5850 268.5 253
5851 271 250.5
5852 303 218.5
5853 331 190.5
5854 235.5 287
5855 246.5 276
5856 260.5 262
5857 265 257.5
5858 268.5 254
5859 288 234.5
5860 327.5 195
5861 237.5 286
5862 241.5 282
5863 268.5 255
5864 270.5 253
5865 277 246.5
5866 334 189.5
5867 237.5 287
5868 239 285.5
5869 266 258.5
5870 293 231.5
5871 255 270.5
5872 270 255.5
5873 282.5 243
5874 286.5 239
5875 317 208.5
5876 318.5 207
5877 335.5 190
5878 266 260.5
5879 270 256.5
5880 271 255.5
5881 272 254.5
5882 273.5 253
5883 292.5 234
5884 293.5 233
5885 320 206.5
5886 240 287.5
5887 250.5 277
5888 274 253.5
5889 280 247.5
5890 291 236.5
5891 322.5 205
5892 330 197.5
5893 335 192.5
5894 245 283.5
5895 267 261.5
5896 268.5 260
5897 268 260.5
5898 271.5 257
5899 272 256.5
5900 275.5 253
5901 284 244.5
5902 293.5 235
5903 308.5 220
5904 273 256.5
5905 275 254.5
5906 291.5 238
5907 293.5 236
5908 309 220.5
5909 323 206.5
5910 336 193.5
5911 269 261.5
5912 291 239.5
5913 322.5 208
5914 338.5 192
5915 244 287.5
5916 270.5 261
5917 275 256.5
5918 277 254.5
5919 286 245.5
5920 310.5 221
5921 312 219.5
5922 321 210.5
5923 323 208.5
5924 325.5 206
5925 337.5 194
5926 269.5 263
5927 273.5 259
5928 274 258.5
5929 277 255.5
5930 339 193.5
5931 245 288.5
5932 249 284.5
5933 251 282.5
5934 278.5 255
5935 279 254.5
5936 292.5 241
5937 296 237.5
5938 332 201.5
5939 338 195.5
5940 274 260.5
5941 275.5 259
5942 275 259.5
5943 276.5 258
5944 291 243.5
5945 294 240.5
5946 315 219.5
5947 323 211.5
5948 340 194.5
5949 253 282.5
5950 278.5 257
5951 292 243.5
5952 294.5 241
5953 296 239.5
5954 258.5 278
5955 280.5 256
5956 280 256.5
5957 341 195.5
5958 252 285.5
5959 293 244.5
5960 325.5 212
5961 279 259.5
5962 290.5 249
5963 342.5 197
5964 273 267.5
5965 281.5 259
5966 281 260.5
5967 291.5 250
5968 331.5 210
5969 332 209.5
5970 343.5 198
5971 282.5 260
5972 282 260.5
5973 300 243.5
5974 344.5 199
5975 258.5 286
5976 283.5 261
5977 293 251.5
5978 294.5 251
5979 284.5 262
5980 332.5 214
5981 296.5 251
5982 346 201.5
5983 263 285.5
5984 309.5 239
5985 273 276.5
5986 347 202.5
5987 266 284.5
5988 280 270.5
5989 289.5 261
5990 282.5 269
5991 290 261.5
5992 316.5 235
5993 316 235.5
5994 317.5 234
5995 283 269.5
5996 288.5 264
5997 290.5 262
5998 321.5 231
5999 348.5 204
6000 281.5 272
6001 282.5 271
6002 274 280.5
6003 284 270.5
6004 291.5 263
6005 304 250.5
6006 321.5 233
6007 322.5 232
6008 349.5 205
6009 293 262.5
6010 305 250.5
6011 313.5 242
6012 305 251.5
6013 319.5 237
6014 322.5 234
6015 323 233.5
6016 350.5 206
6017 268.5 290
6018 292 266.5
6019 294 264.5
6020 309 249.5
6021 328 230.5
6022 329 229.5
6023 289 270.5
6024 294.5 265
6025 294 265.5
6026 324.5 235
6027 352 207.5
6028 279 281.5
6029 321 239.5
6030 297.5 264
6031 325.5 236
6032 294 268.5
6033 296.5 266
6034 321 241.5
6035 296.5 267
6036 298 265.5
6037 299 264.5
6038 309.5 254
6039 326.5 237
6040 295 269.5
6041 284.5 281
6042 295 270.5
6043 319.5 246
6044 333.5 232
6045 296 270.5
6046 321 245.5
6047 327.5 239
6048 350.5 216
6049 298.5 269
6050 326.5 241
6051 334.5 233
6052 295.5 273
6053 300.5 268
6054 302.5 266
6055 311.5 257
6056 311 257.5
6057 336.5 232
6058 327.5 242
6059 329 240.5
6060 333.5 236
6061 336 233.5
6062 337 232.5
6063 320 250.5
6064 327.5 243
6065 333.5 237
6066 304 267.5
6067 329.5 242
6068 334.5 237
6069 335.5 236
6070 336 235.5
6071 300 272.5
6072 303 269.5
6073 304 268.5
6074 338.5 234
6075 338 234.5
6076 298.5 275
6077 302 271.5
6078 326 247.5
6079 328.5 245
6080 334 239.5
6081 335.5 238
6082 335 238.5
6083 337 236.5
6084 304.5 270
6085 305 269.5
6086 327 247.5
6087 330.5 244
6088 337 237.5
6089 304 271.5
6090 322 253.5
6091 323 252.5
6092 340 235.5
6093 300.5 276
6094 302.5 274
6095 306.5 270
6096 323 253.5
6097 327.5 249
6098 329.5 247
6099 336.5 240
6100 338 238.5
6101 304.5 273
6102 306 271.5
6103 308 269.5
6104 321.5 256
6105 324.5 253
6106 332 245.5
6107 343 234.5
6108 349.5 228
6109 304.5 274
6110 308.5 270
6111 322 256.5
6112 366 211.5
6113 294 285.5
6114 301 278.5
6115 302.5 277
6116 304.5 275
6117 307 272.5
6118 330.5 249
6119 344.5 235
6120 357.5 222
6121 310 270.5
6122 339 241.5
6123 359.5 221
6124 368.5 212
6125 294.5 287
6126 332.5 249
6127 339.5 242
6128 345 236.5
6129 368 210.5
6130 308.5 274
6131 310.5 272
6132 311.5 271
6133 331.5 251
6134 360.5 222
6135 369.5 211
6136 307 276.5
6137 312 272.5
6138 331.5 253
6139 333 251.5
6140 361.5 223
6141 302.5 283
6142 315 270.5
6143 342.5 243
6144 346.5 239
6145 349 236.5
6146 329 257.5
6147 334 252.5
6148 343.5 243
6149 330.5 257
6150 343 244.5
6151 311 277.5
6152 348 241.5
6153 334 256.5
6154 334.5 257
6155 345.5 246
6156 349.5 243
6157 335 258.5
6158 345.5 248
6159 345 248.5
6160 346.5 247
6161 360 233.5
6162 367.5 227
6163 371 223.5
6164 350.5 245
6165 371.5 224
6166 348 248.5
6167 380 207.5
6168 333 264.5
6169 348.5 249
6170 355 242.5
6171 380 206.5
6172 314.5 284
6173 351.5 247
6174 355.5 243
6175 381 206.5
6176 349.5 250
6177 382 206.5
6178 336 264.5
6179 352.5 248
6180 388 211.5
6181 348 253.5
6182 339 263.5
6183 353.5 249
6184 383.5 205
6185 365 238.5
6186 332 272.5
6187 341 264.5
6188 354.5 251
6189 355.5 251
6190 376 230.5
6191 334.5 273
6192 351.5 256
6193 351 256.5
6194 342.5 266
6195 368.5 240
6196 377 231.5
6197 336 273.5
6198 357 252.5
6199 366 243.5
6200 369 240.5
6201 327.5 283
6202 335.5 275
6203 366 244.5
6204 372 238.5
6205 392 205.5
6206 350.5 261
6207 358 253.5
6208 325.5 287
6209 328 284.5
6210 342 270.5
6211 367 245.5
6212 329.5 284
6213 343 270.5
6214 380.5 233
6215 395 205.5
6216 359.5 255
6217 374.5 240
6218 346 269.5
6219 328 288.5
6220 354.5 262
6221 356 260.5
6222 357 259.5
6223 328.5 289
6224 345 272.5
6225 347 270.5
6226 353.5 264
6227 353 264.5
6228 362 255.5
6229 369.5 248
6230 399 205.5
6231 396.5 203
6232 395.5 202
6233 341.5 277
6234 346 272.5
6235 365 253.5
6236 366 252.5
6237 371 247.5
6238 330 289.5
6239 348 271.5
6240 366.5 253
6241 380 239.5
6242 399 203.5
6243 342.5 278
6244 343.5 277
6245 347 273.5
6246 357 263.5
6247 364 256.5
6248 331.5 291
6249 348 274.5
6250 382 240.5
6251 345.5 278
6252 349 274.5
6253 360 263.5
6254 366 257.5
6255 368 255.5
6256 383 240.5
6257 390.5 233
6258 334 290.5
6259 391 233.5
6260 410 209.5
6261 333.5 292
6262 351.5 274
6263 367 258.5
6264 370 255.5
6265 384 241.5
6266 402.5 223
6267 334.5 292
6268 335 291.5
6269 348 278.5
6270 351 275.5
6271 408 218.5
6272 369 258.5
6273 399 228.5
6274 410.5 217
6275 364 264.5
6276 369.5 259
6277 382.5 246
6278 412 207.5
6279 411 206.5
6280 337 292.5
6281 338.5 291
6282 353 276.5
6283 354.5 275
6284 413 207.5
6285 336.5 294
6286 349 281.5
6287 401 229.5
6288 402.5 228
6289 412.5 206
6290 351.5 280
6291 351 280.5
6292 356 275.5
6293 374 257.5
6294 408.5 223
6295 414.5 217
6296 340.5 292
6297 388.5 244
6298 405.5 227
6299 339.5 294
6300 372.5 261
6301 416.5 217
6302 421 212.5
6303 414.5 205
6304 351.5 283
6305 353.5 281
6306 353 281.5
6307 378.5 256
6308 419 215.5
6309 420.5 214
6310 420.5 210
6311 340.5 295
6312 342 293.5
6313 359 276.5
6314 374.5 261
6315 407.5 228
6316 416 219.5
6317 413 201.5
6318 411.5 200
6319 358 278.5
6320 423 210.5
6321 421 208.5
6322 355.5 282
6323 369 268.5
6324 378.5 259
6325 378 259.5
6326 408.5 229
6327 420.5 217
6328 420 217.5
6329 423 214.5
6330 344.5 294
6331 380 258.5
6332 409.5 229
6333 423.5 209
6334 418.5 204
6335 377 262.5
6336 396 243.5
6337 422.5 207
6338 363 277.5
6339 381 259.5
6340 409.5 231
6341 424.5 208
6342 345 296.5
6343 347 294.5
6344 358.5 283
6345 421.5 204
6346 382.5 260
6347 411 231.5
6348 413 229.5
6349 423.5 219
6350 425 206.5
6351 422 203.5
6352 380 263.5
6353 410.5 233
6354 412.5 231
6355 412 231.5
6356 413.5 230
6357 425 218.5
6358 428.5 215
6359 430 213.5
6360 347.5 297
6361 366 278.5
6362 369 275.5
6363 371.5 273
6364 389.5 255
6365 415 229.5
6366 431 210.5
6367 349.5 296
6368 381.5 264
6369 413 232.5
6370 414 231.5
6371 415.5 231
6372 430.5 208
6373 382.5 265
6374 432 208.5
6375 426 202.5
6376 352 296.5
6377 380 268.5
6378 435.5 211
6379 377 272.5
6380 384.5 265
6381 431.5 218
6382 434 215.5
6383 432.5 207
6384 375.5 275
6385 381.5 269
6386 385.5 265
6387 405.5 245
6388 411 239.5
6389 420.5 230
6390 435.5 215
6391 437 213.5
6392 375 276.5
6393 382 269.5
6394 392.5 259
6395 438.5 211
6396 433.5 206
6397 432 204.5
6398 427.5 200
6399 355 297.5
6400 370 282.5
6401 386.5 266
6402 434.5 218
6403 438.5 214
6404 432.5 204
6405 412.5 241
6406 435 218.5
6407 440.5 211
6408 434 204.5
6409 353.5 301
6410 394 260.5
6411 403 251.5
6412 442 211.5
6413 355 300.5
6414 357 298.5
6415 374.5 281
6416 391.5 264
6417 437 218.5
6418 435 203.5
6419 380 276.5
6420 395.5 261
6421 400 256.5
6422 434 201.5
6423 392.5 265
6424 393 264.5
6425 400.5 257
6426 400 257.5
6427 404.5 253
6428 435.5 222
6429 431 197.5
6430 356.5 302
6431 377 281.5
6432 380 278.5
6433 393 265.5
6434 396 262.5
6435 445 213.5
6436 435 200.5
6437 430 195.5
6438 357.5 302
6439 400.5 259
6440 442.5 217
6441 437 201.5
6442 392 268.5
6443 394.5 266
6444 394 266.5
6445 397 263.5
6446 403.5 257
6447 403 257.5
6448 406.5 254
6449 415.5 245
6450 420 240.5
6451 428.5 232
6452 437 223.5
6453 441 219.5
6454 436 199.5
6455 433 196.5
6456 430.5 194
6457 443 205.5
6458 436.5 199
6459 440 222.5
6460 443.5 219
6461 447 215.5
6462 448 214.5
6463 444.5 206
6464 443.5 205
6465 438.5 200
6466 398.5 265
6467 408.5 255
6468 442 221.5
6469 437.5 198
6470 379 285.5
6471 385 279.5
6472 424 240.5
6473 440 199.5
6474 394 271.5
6475 435 230.5
6476 444 221.5
6477 447.5 218
6478 451 214.5
6479 451.5 210
6480 435 193.5
6481 433 191.5
6482 400 266.5
6483 411 255.5
6484 413 253.5
6485 435.5 231
6486 440 226.5
6487 454 212.5
6488 436.5 194
6489 426.5 241
6490 454 213.5
6491 441.5 198
6492 395 273.5
6493 400.5 268
6494 435 190.5
6495 384 285.5
6496 443.5 226
6497 440.5 195
6498 439 193.5
6499 396 274.5
6500 401.5 269
6501 423.5 247
6502 429.5 241
6503 433 237.5
6504 443 227.5
6505 443.5 197
6506 439 192.5
6507 399 272.5
6508 437.5 190
6509 396.5 276
6510 402.5 270
6511 431 241.5
6512 444 228.5
6513 441 192.5
6514 437 236.5
6515 446 196.5
6516 443 193.5
6517 403.5 271
6518 426 248.5
6519 444.5 194
6520 440 189.5
6521 398 277.5
6522 446 194.5
6523 440.5 189
6524 388 288.5
6525 401 275.5
6526 404.5 272
6527 418.5 258
6528 421 255.5
6529 442.5 234
6530 451 225.5
6531 454.5 222
6532 441.5 189
6533 410.5 267
6534 456.5 221
6535 420.5 258
6536 422 256.5
6537 436.5 242
6538 448 230.5
6539 452 197.5
6540 411 268.5
6541 412 267.5
6542 416.5 263
6543 436 243.5
6544 449 230.5
6545 453 226.5
6546 459 220.5
6547 401.5 279
6548 463 206.5
6549 456 199.5
6550 445.5 189
6551 400 281.5
6552 413 268.5
6553 425 256.5
6554 438 243.5
6555 439 242.5
6556 457.5 200
6557 425 257.5
6558 440.5 242
6559 449 233.5
6560 457.5 225
6561 459 200.5
6562 457 198.5
6563 448.5 190
6564 401.5 282
6565 424 259.5
6566 439 244.5
6567 441 242.5
6568 444.5 239
6569 459 224.5
6570 460.5 201
6571 449.5 190
6572 448 236.5
6573 471 213.5
6574 451.5 191
6575 381.5 304
6576 428 257.5
6577 461.5 224
6578 471 214.5
6579 472.5 213
6580 453 191.5
6581 393.5 293
6582 447.5 239
6583 455 231.5
6584 462 224.5
6585 469 217.5
6586 470.5 216
6587 473 213.5
6588 456.5 194
6589 382.5 305
6590 408 279.5
6591 414.5 273
6592 420.5 267
6593 441 246.5
6594 449 238.5
6595 457 230.5
6596 467 220.5
6597 471.5 216
6598 472.5 215
6599 474.5 211
6600 458.5 195
6601 407 281.5
6602 416.5 272
6603 419.5 269
6604 430 258.5
6605 446.5 242
6606 469.5 219
6607 463 198.5
6608 384 305.5
6609 385.5 304
6610 408 281.5
6611 442 247.5
6612 473 216.5
6613 410 280.5
6614 432 258.5
6615 449 241.5
6616 477 213.5
6617 477.5 211
6618 431.5 260
6619 444.5 247
6620 444 247.5
6621 463 228.5
6622 387 305.5
6623 434 258.5
6624 467.5 199
6625 465.5 197
6626 418 275.5
6627 419 274.5
6628 445 248.5
6629 446.5 247
6630 459 234.5
6631 460.5 233
6632 469 199.5
6633 468 198.5
6634 389 305.5
6635 449 245.5
6636 461 233.5
6637 480.5 214
6638 388.5 307
6639 424 271.5
6640 435 260.5
6641 436 259.5
6642 479 216.5
6643 471.5 200
6644 468.5 197
6645 388 308.5
6646 420 276.5
6647 421 275.5
6648 451 245.5
6649 469.5 197
6650 391 306.5
6651 416 281.5
6652 450 247.5
6653 463.5 234
6654 478.5 219
6655 481.5 216
6656 452 246.5
6657 475 223.5
6658 476.5 222
6659 479.5 219
6660 486 211.5
6661 389.5 310
6662 394 305.5
6663 438.5 261
6664 472.5 227
6665 478 221.5
6666 473.5 198
6667 392.5 308
6668 426 274.5
6669 460 240.5
6670 475 225.5
6671 477.5 223
6672 480.5 220
6673 390.5 311
6674 429.5 272
6675 442 259.5
6676 443 258.5
6677 456 245.5
6678 460.5 241
6679 477.5 224
6680 484 217.5
6681 396.5 306
6682 459 243.5
6683 474 228.5
6684 479.5 223
6685 481.5 221
6686 485.5 217
6687 420 283.5
6688 473.5 230
6689 479.5 224
6690 485.5 206
6691 397.5 307
6692 431 273.5
6693 470.5 234
6694 490.5 214
6695 487 206.5
6696 395 310.5
6697 432 273.5
6698 438 267.5
6699 453 252.5
6700 469 236.5
6701 470 235.5
6702 492.5 213
6703 440 266.5
6704 468.5 238
6705 471.5 235
6706 456.5 251
6707 464.5 243
6708 466 241.5
6709 471 236.5
6710 489 218.5
6711 494 210.5
6712 392 316.5
6713 440 268.5
6714 458 250.5
6715 459 249.5
6716 469.5 239
6717 488 220.5
6718 489.5 219
6719 464 245.5
6720 475.5 234
6721 476.5 233
6722 495.5 214
6723 463.5 247
6724 474.5 236
6725 492.5 218
6726 493.5 217
6727 498 211.5
6728 394 317.5
6729 444 267.5
6730 449.5 262
6731 475.5 236
6732 488 223.5
6733 495.5 216
6734 489 201.5
6735 488.5 201
6736 400 312.5
6737 406.5 306
6738 407.5 305
6739 476 236.5
6740 490.5 222
6741 492 220.5
6742 496 207.5
6743 482.5 194
6744 447 266.5
6745 449 264.5
6746 450 263.5
6747 453.5 260
6748 489 224.5
6749 496.5 217
6750 497.5 216
6751 499 214.5
6752 483.5 194
6753 408.5 306
6754 427.5 287
6755 454.5 260
6756 477.5 237
6757 478.5 236
6758 488.5 226
6759 490 199.5
6760 396.5 319
6761 402.5 313
6762 405.5 310
6763 427 288.5
6764 448.5 267
6765 448 267.5
6766 453 262.5
6767 487.5 228
6768 485.5 194
6769 484.5 193
6770 406 310.5
6771 429.5 287
6772 430 286.5
6773 477.5 239
6774 486.5 230
6775 493.5 223
6776 494.5 222
6777 502.5 210
6778 484 191.5
6779 483.5 191
6780 404 313.5
6781 493.5 224
6782 497.5 220
6783 495.5 202
6784 491.5 198
6785 484.5 191
6786 399.5 319
6787 485.5 233
6788 496.5 222
6789 408.5 311
6790 484 235.5
6791 502.5 207
6792 408 312.5
6793 461.5 259
6794 483.5 237
6795 411 310.5
6796 487.5 190
6797 487 189.5
6798 485.5 188
6799 402.5 320
6800 483 239.5
6801 486.5 188
6802 480.5 243
6803 490.5 233
6804 494 229.5
6805 496.5 227
6806 416 308.5
6807 479.5 245
6808 488.5 236
6809 489.5 235
6810 498.5 226
6811 503.5 203
6812 502.5 202
6813 487.5 187
6814 418 307.5
6815 494 231.5
6816 493 191.5
6817 488.5 187
6818 486.5 185
6819 419.5 307
6820 421 305.5
6821 479 247.5
6822 488.5 238
6823 493.5 233
6824 495.5 231
6825 499.5 227
6826 493 190.5
6827 423 304.5
6828 424 303.5
6829 481 246.5
6830 487.5 240
6831 492.5 235
6832 515 212.5
6833 514 210.5
6834 503.5 200
6835 488.5 185
6836 426 302.5
6837 474 254.5
6838 475 253.5
6839 476.5 252
6840 410 319.5
6841 420 309.5
6842 428.5 301
6843 470 259.5
6844 471 258.5
6845 472.5 257
6846 473.5 256
6847 484.5 245
6848 490 239.5
6849 504.5 199
6850 488.5 183
6851 487.5 182
6852 486.5 244
6853 487 243.5
6854 488 242.5
6855 504.5 226
6856 505.5 199
6857 430 301.5
6858 465.5 266
6859 467 264.5
6860 471 260.5
6861 472 259.5
6862 463 269.5
6863 464 268.5
6864 465 267.5
6865 512.5 220
6866 491.5 183
6867 432 301.5
6868 462 271.5
6869 483.5 250
6870 507 197.5
6871 498.5 189
6872 497 187.5
6873 489.5 180
6874 434 300.5
6875 460 274.5
6876 507.5 197
6877 498.5 188
6878 489.5 179
6879 435.5 300
6880 440 295.5
6881 443 292.5
6882 479.5 256
6883 483 252.5
6884 484.5 251
6885 484 251.5
6886 489 177.5
6887 439.5 297
6888 445 291.5
6889 446 290.5
6890 447.5 289
6891 473.5 263
6892 475.5 261
6893 477.5 259
6894 478.5 258
6895 479.5 257
6896 515 221.5
6897 491 178.5
6898 440.5 297
6899 442 295.5
6900 443 294.5
6901 448.5 289
6902 473.5 264
6903 508.5 195
6904 490.5 177
6905 489 175.5
6906 445 293.5
6907 450 288.5
6908 507.5 193
6909 506.5 192
6910 501.5 187
6911 497.5 183
6912 491.5 177
6913 432.5 307
6914 442.5 297
6915 443.5 296
6916 512 227.5
6917 492.5 177
6918 449 291.5
6919 450 290.5
6920 507.5 191
6921 446 295.5
6922 453.5 288
6923 510 192.5
6924 509 191.5
6925 507.5 190
6926 502 184.5
6927 493.5 176
6928 492.5 175
6929 448 294.5
6930 449.5 293
6931 481.5 261
6932 481 261.5
6933 483.5 259
6934 485.5 257
6935 485 257.5
6936 508.5 190
6937 428 315.5
6938 451 292.5
6939 487.5 256
6940 488.5 255
6941 496 247.5
6942 497.5 246
6943 453 291.5
6944 456 288.5
6945 462.5 282
6946 483.5 261
6947 485 259.5
6948 490.5 254
6949 499 245.5
6950 510 189.5
6951 493.5 173
6952 454.5 291
6953 457 288.5
6954 484 261.5
6955 490 255.5
6956 491.5 254
6957 457 289.5
6958 462.5 284
6959 486 260.5
6960 492.5 254
6961 526 203.5
6962 524.5 202
6963 523.5 201
6964 492.5 170
6965 494.5 171
6966 490.5 258
6967 491 257.5
6968 495 253.5
6969 522.5 198
6970 493.5 169
6971 464 285.5
6972 471 278.5
6973 496.5 253
6974 522 196.5
6975 511 185.5
6976 508.5 183
6977 495.5 170
6978 472.5 278
6979 534 207.5
6980 494 167.5
6981 530.5 203
6982 500.5 173
6983 495.5 168
6984 477.5 275
6985 478 274.5
6986 513 184.5
6987 512.5 184
6988 511.5 183
6989 494 165.5
6990 469 284.5
6991 478.5 275
6992 482.5 271
6993 499 254.5
6994 502 251.5
6995 489.5 265
6996 503.5 251
6997 514 240.5
6998 515.5 239
6999 534 203.5
7000 530.5 200
7001 529.5 199
7002 501.5 171
7003 500.5 170
7004 495.5 165
7005 495 164.5
7006 485 270.5
7007 492 263.5
7008 496 259.5
7009 497 258.5
7010 502 253.5
7011 505 250.5
7012 536 204.5
7013 522.5 191
7014 510.5 179
7015 494 162.5
7016 491.5 265
7017 498 258.5
7018 499 257.5
7019 500.5 256
7020 506.5 250
7021 508 248.5
7022 525 192.5
7023 522 189.5
7024 513 180.5
7025 502 169.5
7026 500 167.5
7027 495.5 163
7028 494 263.5
7029 495.5 262
7030 508.5 249
7031 523 234.5
7032 544 213.5
7033 492 266.5
7034 493 265.5
7035 509 249.5
7036 525 233.5
7037 526 232.5
7038 500.5 166
7039 495.5 161
7040 502 257.5
7041 503 256.5
7042 506 253.5
7043 510.5 249
7044 517.5 242
7045 536.5 223
7046 495.5 160
7047 502 258.5
7048 513 247.5
7049 519 241.5
7050 522 238.5
7051 537.5 201
7052 525 188.5
7053 500.5 261
7054 503.5 258
7055 514.5 247
7056 515.5 246
7057 520.5 241
7058 529 232.5
7059 543 218.5
7060 496 158.5
7061 513 249.5
7062 514.5 248
7063 538 224.5
7064 520.5 182
7065 501 162.5
7066 499.5 264
7067 500.5 263
7068 502 261.5
7069 515 248.5
7070 522 241.5
7071 515.5 176
7072 512.5 173
7073 497.5 158
7074 503.5 261
7075 526 238.5
7076 537.5 227
7077 544.5 220
7078 545.5 219
7079 540 199.5
7080 530 189.5
7081 522 181.5
7082 496.5 156
7083 504.5 261
7084 505.5 260
7085 509 256.5
7086 510.5 255
7087 511 254.5
7088 512 253.5
7089 528 237.5
7090 542 223.5
7091 532 190.5
7092 507.5 259
7093 515 251.5
7094 524 242.5
7095 527.5 239
7096 529.5 237
7097 533.5 233
7098 533 233.5
7099 539 196.5
7100 497.5 155
7101 519.5 248
7102 520.5 247
7103 522 245.5
7104 525.5 242
7105 526.5 241
7106 527.5 240
7107 533 189.5
7108 523.5 180
7109 497.5 154
7110 522 246.5
7111 524.5 245
7112 526 243.5
7113 527.5 242
7114 529 240.5
7115 530 239.5
7116 539.5 194
7117 525.5 245
7118 525 178.5
7119 521.5 175
7120 543.5 228
7121 544.5 227
7122 540 192.5
7123 533.5 186
7124 499.5 152
7125 542.5 230
7126 538 189.5
7127 522.5 174
7128 517 168.5
7129 540.5 233
7130 555 205.5
7131 531 181.5
7132 526.5 177
7133 505 155.5
7134 562.5 212
7135 542.5 192
7136 539 188.5
7137 563.5 212
7138 522.5 171
7139 506.5 155
7140 562.5 210
7141 556 203.5
7142 542 189.5
7143 529.5 177
7144 527.5 175
7145 507.5 155
7146 505 152.5
7147 565 211.5
7148 530 176.5
7149 519 165.5
7150 516.5 163
7151 519 259.5
7152 564.5 214
7153 564.5 210
7154 542.5 188
7155 535.5 181
7156 517.5 163
7157 507 152.5
7158 528.5 251
7159 538 241.5
7160 539 240.5
7161 542 237.5
7162 558.5 221
7163 560 219.5
7164 534.5 179
7165 529.5 174
7166 516.5 161
7167 506.5 151
7168 528 252.5
7169 560.5 220
7170 564 216.5
7171 532 175.5
7172 531 174.5
7173 528 171.5
7174 519 162.5
7175 509 152.5
7176 530 251.5
7177 542.5 239
7178 550 231.5
7179 560.5 221
7180 532 174.5
7181 530.5 173
7182 532 250.5
7183 539 243.5
7184 541 241.5
7185 544.5 238
7186 561.5 221
7187 563 219.5
7188 564.5 206
7189 563.5 205
7190 559.5 201
7191 542.5 184
7192 536.5 178
7193 540.5 243
7194 541 242.5
7195 547.5 236
7196 549 234.5
7197 550.5 233
7198 560.5 223
7199 557 197.5
7200 543.5 184
7201 537.5 178
7202 533.5 174
7203 552 232.5
7204 541.5 181
7205 530 169.5
7206 535.5 250
7207 540.5 245
7208 550.5 235
7209 561 224.5
7210 562.5 223
7211 564.5 203
7212 536 174.5
7213 533 171.5
7214 525 163.5
7215 523.5 162
7216 518.5 157
7217 544 242.5
7218 549.5 237
7219 559.5 227
7220 560.5 226
7221 560 197.5
7222 528.5 166
7223 541.5 246
7224 552.5 235
7225 558.5 229
7226 558 194.5
7227 556 192.5
7228 525.5 162
7229 518.5 155
7230 539 249.5
7231 542 246.5
7232 553.5 235
7233 565.5 201
7234 546 181.5
7235 524.5 160
7236 523.5 159
7237 556.5 233
7238 536.5 171
7239 532 166.5
7240 530.5 165
7241 529 261.5
7242 541.5 249
7243 554 236.5
7244 567.5 201
7245 566.5 200
7246 533 166.5
7247 529 162.5
7248 520 153.5
7249 552 239.5
7250 553.5 238
7251 560 192.5
7252 539 171.5
7253 519.5 152
7254 544 248.5
7255 545.5 247
7256 552 240.5
7257 557.5 189
7258 556.5 188
7259 537 168.5
7260 526.5 158
7261 508.5 140
7262 507.5 139
7263 536 257.5
7264 548.5 245
7265 549.5 244
7266 551 242.5
7267 557.5 236
7268 542.5 173
7269 529 159.5
7270 508 138.5
7271 547.5 247
7272 569 198.5
7273 527.5 157
7274 526.5 156
7275 523.5 153
7276 509 138.5
7277 551.5 244
7278 569 197.5
7279 559 187.5
7280 555.5 184
7281 543.5 172
7282 529.5 158
7283 529.5 157
7284 548 249.5
7285 556.5 241
7286 557.5 240
7287 558.5 239
7288 561 236.5
7289 549 175.5
7290 528 154.5
7291 527.5 154
7292 507 133.5
7293 549.5 249
7294 550 248.5
7295 551 247.5
7296 556.5 242
7297 559.5 239
7298 562.5 188
7299 560 185.5
7300 544 169.5
7301 527.5 153
7302 567.5 192
7303 562.5 187
7304 557.5 182
7305 526 150.5
7306 523.5 148
7307 522.5 147
7308 562 185.5
7309 561.5 185
7310 560.5 184
7311 561.5 240
7312 562.5 239
7313 567.5 190
7314 560 182.5
7315 557.5 180
7316 525.5 148
7317 523.5 146
7318 560.5 182
7319 560 181.5
7320 544.5 166
7321 543.5 165
7322 548 168.5
7323 526.5 147
7324 546.5 258
7325 560.5 244
7326 563.5 183
7327 561.5 181
7328 560.5 180
7329 542.5 162
7330 537 156.5
7331 529 148.5
7332 526 145.5
7333 511 130.5
7334 509 128.5
7335 562 180.5
7336 560.5 179
7337 540 158.5
7338 527 145.5
7339 512 130.5
7340 561.5 179
7341 547.5 165
7342 555.5 252
7343 546.5 163
7344 537 153.5
7345 511 126.5
7346 557 252.5
7347 559 250.5
7348 545 159.5
7349 514 128.5
7350 567.5 181
7351 565.5 179
7352 562 175.5
7353 512 125.5
7354 553.5 165
7355 558.5 255
7356 565 175.5
7357 563 173.5
7358 538.5 149
7359 537 147.5
7360 572.5 182
7361 530.5 140
7362 557.5 258
7363 543.5 152
7364 558.5 258
7365 558 258.5
7366 538.5 146
7367 558.5 259
7368 540.5 147
7369 548.5 154
7370 541 146.5
7371 537.5 143
7372 527.5 133
7373 516 121.5
7374 568 172.5
7375 545 149.5
7376 552 155.5
7377 549.5 153
7378 545.5 149
7379 539.5 143
7380 517 120.5
7381 513.5 117
7382 549 151.5
7383 542.5 145
7384 539.5 142
7385 536 138.5
7386 534 136.5
7387 531.5 134
7388 529.5 132
7389 528.5 131
7390 567 168.5
7391 557.5 159
7392 539 140.5
7393 538 139.5
7394 535 136.5
7395 532 133.5
7396 518 119.5
7397 550.5 151
7398 543.5 144
7399 540.5 141
7400 536.5 137
7401 536 136.5
7402 535 135.5
7403 533 133.5
7404 518.5 119
7405 514.5 115
7406 549 148.5
7407 545.5 145
7408 533 132.5
7409 541 139.5
7410 535.5 134
7411 531.5 130
7412 515.5 114
7413 570 167.5
7414 569 166.5
7415 549.5 147
7416 546.5 144
7417 544.5 142
7418 541.5 139
7419 538 135.5
7420 537 134.5
7421 536.5 134
7422 555 151.5
7423 548.5 145
7424 538 134.5
7425 537 133.5
7426 536.5 133
7427 531.5 128
7428 546 141.5
7429 542.5 138
7430 535.5 131
7431 555 149.5
7432 548 142.5
7433 576.5 170
7434 558.5 152
7435 558 151.5
7436 549 142.5
7437 547 140.5
7438 538 131.5
7439 517.5 111
7440 548 139.5
7441 535 126.5
7442 518 109.5
7443 572 162.5
7444 557.5 148
7445 535.5 126
7446 518.5 109
7447 578 167.5
7448 549.5 139
7449 540 129.5
7450 580.5 169
7451 569 157.5
7452 540 128.5
7453 539 127.5
7454 581.5 169
7455 559 146.5
7456 537 124.5
7457 581 167.5
7458 579 165.5
7459 571.5 158
7460 552.5 139
7461 551 137.5
7462 541 127.5
7463 581.5 167
7464 570 155.5
7465 560 145.5
7466 538.5 124
7467 581 165.5
7468 579 163.5
7469 553.5 138
7470 552.5 136
7471 548.5 132
7472 539.5 123
7473 584.5 167
7474 582 164.5
7475 561 143.5
7476 541 123.5
7477 522 104.5
7478 584 165.5
7479 549.5 131
7480 556 136.5
7481 555.5 136
7482 553.5 134
7483 541 121.5
7484 523 103.5
7485 572 151.5
7486 556 135.5
7487 545 124.5
7488 543 122.5
7489 541 120.5
7490 542.5 121
7491 588.5 166
7492 573 150.5
7493 564 141.5
7494 562.5 140
7495 558 135.5
7496 557 134.5
7497 550 127.5
7498 546 123.5
7499 544.5 122
7500 522.5 100
7501 564.5 141
7502 563 139.5
7503 554.5 131
7504 551.5 128
7505 543.5 120
7506 546 121.5
7507 543.5 119
7508 588 162.5
7509 547 121.5
7510 545 119.5
7511 556 129.5
7512 547 120.5
7513 548.5 121
7514 546.5 119
7515 593.5 167
7516 590 161.5
7517 537 108.5
7518 528 99.5
7519 574.5 145
7520 556.5 127
7521 549 119.5
7522 548 118.5
7523 547.5 118
7524 596 166.5
7525 552.5 122
7526 555 123.5
7527 548.5 117
7528 595.5 163
7529 576 143.5
7530 575 142.5
7531 554.5 122
7532 550 117.5
7533 549.5 117
7534 542 109.5
7535 517.5 94
7536 557 123.5
7537 549.5 116
7538 599.5 165
7539 599 163.5
7540 584 148.5
7541 602.5 166
7542 601 164.5
7543 575 138.5
7544 527.5 91
7545 589 151.5
7546 552 114.5
7547 559 120.5
7548 556 117.5
7549 528.5 90
7550 593 153.5
7551 592 152.5
7552 576.5 137
7553 553 113.5
7554 594 153.5
7555 559.5 119
7556 529.5 89
7557 596.5 155
7558 594.5 153
7559 574 132.5
7560 528.5 87
7561 595.5 153
7562 590.5 148
7563 543 100.5
7564 531 88.5
7565 520 81.5
7566 608.5 165
7567 607 163.5
7568 603 159.5
7569 555.5 112
7570 610.5 166
7571 561 116.5
7572 556.5 112
7573 544 99.5
7574 543.5 99
7575 533 88.5
7576 531.5 87
7577 612 166.5
7578 608 161.5
7579 611 163.5
7580 610.5 163
7581 610 162.5
7582 545.5 98
7583 534 86.5
7584 578.5 130
7585 611 161.5
7586 609.5 160
7587 605 155.5
7588 582 132.5
7589 563 113.5
7590 546.5 97
7591 531 81.5
7592 607 156.5
7593 579.5 129
7594 534.5 84
7595 615.5 168
7596 552.5 101
7597 548.5 97
7598 547 95.5
7599 535.5 84
7600 532 80.5
7601 601 148.5
7602 580 127.5
7603 532.5 80
7604 613 159.5
7605 553.5 100
7606 618.5 168
7607 615 160.5
7608 605.5 151
7609 603.5 149
7610 590 135.5
7611 581 126.5
7612 554.5 99
7613 533.5 78
7614 611 154.5
7615 609.5 153
7616 608.5 152
7617 607.5 151
7618 582.5 126
7619 553 96.5
7620 538.5 82
7621 592 134.5
7622 555 97.5
7623 550 92.5
7624 537.5 80
7625 535 77.5
7626 621 169.5
7627 614.5 156
7628 577 118.5
7629 566 107.5
7630 550.5 92
7631 540 81.5
7632 618 158.5
7633 617 157.5
7634 584.5 125
7635 539 79.5
7636 625 164.5
7637 620 159.5
7638 585 124.5
7639 541 80.5
7640 540 79.5
7641 539 78.5
7642 536.5 76
7643 623 170.5
7644 625.5 168
7645 622.5 161
7646 585 123.5
7647 540.5 79
7648 540 78.5
7649 537 75.5
7650 625.5 169
7651 586.5 124
7652 569 106.5
7653 628 164.5
7654 595.5 132
7655 594 130.5
7656 543 79.5
7657 627.5 169
7658 628.5 164
7659 587.5 123
7660 586.5 122
7661 542 77.5
7662 538.5 74
7663 626.5 171
7664 544 78.5
7665 543 77.5
7666 588.5 122
7667 572 105.5
7668 557.5 91
7669 593.5 126
7670 564 96.5
7671 608 139.5
7672 581.5 113
7673 624.5 155
7674 595.5 126
7675 594.5 125
7676 564 94.5
7677 632 161.5
7678 620 149.5
7679 590 119.5
7680 631.5 172
7681 606 134.5
7682 605.5 133
7683 595 122.5
7684 591.5 119
7685 591 118.5
7686 545.5 73
7687 632.5 173
7688 632 173.5
7689 633.5 172
7690 596 122.5
7691 592.5 119
7692 592 118.5
7693 592 117.5
7694 581 106.5
7695 579.5 105
7696 549 74.5
7697 546.5 72
7698 624.5 149
7699 623 147.5
7700 620 144.5
7701 618.5 143
7702 617.5 142
7703 603 127.5
7704 597 121.5
7705 580.5 105
7706 628.5 152
7707 627 150.5
7708 626 149.5
7709 616.5 140
7710 615 138.5
7711 606 129.5
7712 605 128.5
7713 548.5 72
7714 631.5 154
7715 630 152.5
7716 614.5 137
7717 613 135.5
7718 612 134.5
7719 611 133.5
7720 609.5 132
7721 608 130.5
7722 599 121.5
7723 594.5 117
7724 637 173.5
7725 634 155.5
7726 633 154.5
7727 645 165.5
7728 644 164.5
7729 642.5 163
7730 641.5 162
7731 640.5 161
7732 637.5 158
7733 624.5 145
7734 600 120.5
7735 639.5 159
7736 628 147.5
7737 625 144.5
7738 559.5 79
7739 639.5 174
7740 629 147.5
7741 596.5 115
7742 625 142.5
7743 597.5 115
7744 575 92.5
7745 560.5 78
7746 553 70.5
7747 598.5 115
7748 631 146.5
7749 599 114.5
7750 562.5 78
7751 642.5 175
7752 633.5 148
7753 632.5 147
7754 613.5 128
7755 588 102.5
7756 601.5 115
7757 555.5 69
7758 635.5 148
7759 552 64.5
7760 598.5 110
7761 644 177.5
7762 646 175.5
7763 638.5 149
7764 618 128.5
7765 598 108.5
7766 593 103.5
7767 557.5 68
7768 649.5 173
7769 656.5 166
7770 600 109.5
7771 619.5 128
7772 618.5 127
7773 615 123.5
7774 614 122.5
7775 605 113.5
7776 592 100.5
7777 586 94.5
7778 554.5 63
7779 646 178.5
7780 655 162.5
7781 635 142.5
7782 614 121.5
7783 613 120.5
7784 594 101.5
7785 588 95.5
7786 649 176.5
7787 654 160.5
7788 627.5 134
7789 624.5 131
7790 619 125.5
7791 617.5 124
7792 616 122.5
7793 613.5 120
7794 647 179.5
7795 657.5 169
7796 635.5 141
7797 615 120.5
7798 614.5 120
7799 608 113.5
7800 598 103.5
7801 561.5 67
7802 650 177.5
7803 648 180.5
7804 654 157.5
7805 628.5 132
7806 609.5 113
7807 563.5 66
7808 658 172.5
7809 604.5 106
7810 603 104.5
7811 650.5 181
7812 581.5 82
7813 657 175.5
7814 581.5 81
7815 654 179.5
7816 657 176.5
7817 658.5 175
7818 623 121.5
7819 622 120.5
7820 567.5 66
7821 655.5 179
7822 658 176.5
7823 652 149.5
7824 617 114.5
7825 569 66.5
7826 565 62.5
7827 655 180.5
7828 658.5 177
7829 659.5 176
7830 660.5 175
7831 624.5 121
7832 659.5 177
7833 668.5 168
7834 626 121.5
7835 617.5 113
7836 656 181.5
7837 668.5 169
7838 630.5 125
7839 622 116.5
7840 619.5 114
7841 605 99.5
7842 657 181.5
7843 658.5 180
7844 659.5 179
7845 660.5 178
7846 661.5 177
7847 628.5 122
7848 628 121.5
7849 627 120.5
7850 569.5 63
7851 657 182.5
7852 664.5 157
7853 630 122.5
7854 659.5 181
7855 659 181.5
7856 661.5 153
7857 651.5 143
7858 632.5 124
7859 625 116.5
7860 623 114.5
7861 621 112.5
7862 617 108.5
7863 574 65.5
7864 571 62.5
7865 661 180.5
7866 662.5 179
7867 660.5 151
7868 625.5 116
7869 617 107.5
7870 616.5 107
7871 660 182.5
7872 662.5 180
7873 660 149.5
7874 659.5 149
7875 623 112.5
7876 619.5 109
7877 577 66.5
7878 659 184.5
7879 661.5 182
7880 662 181.5
7881 663 180.5
7882 669.5 158
7883 625 113.5
7884 661 183.5
7885 677 164.5
7886 652 139.5
7887 644.5 132
7888 642.5 130
7889 641 128.5
7890 640 127.5
7891 639.5 127
7892 621 108.5
7893 660.5 185
7894 679 166.5
7895 676.5 163
7896 675.5 162
7897 639 125.5
7898 637.5 124
7899 627 113.5
7900 623 109.5
7901 661 185.5
7902 665.5 181
7903 635.5 121
7904 633 118.5
7905 592 77.5
7906 590.5 76
7907 660 187.5
7908 680.5 165
7909 679 163.5
7910 673.5 158
7911 668.5 153
7912 651.5 136
7913 635 119.5
7914 626 110.5
7915 664.5 184
7916 665 183.5
7917 680.5 168
7918 672 155.5
7919 668 151.5
7920 665.5 149
7921 652 135.5
7922 650 133.5
7923 634 117.5
7924 629.5 113
7925 592 75.5
7926 663 186.5
7927 664.5 185
7928 674 175.5
7929 683 166.5
7930 669 151.5
7931 665 147.5
7932 653.5 136
7933 642.5 125
7934 640.5 123
7935 635 117.5
7936 665.5 185
7937 681.5 169
7938 682 163.5
7939 678.5 160
7940 663 144.5
7941 650 131.5
7942 649.5 131
7943 640 121.5
7944 633 114.5
7945 669 149.5
7946 668 148.5
7947 664 144.5
7948 663 143.5
7949 653 133.5
7950 649 129.5
7951 617.5 98
7952 615.5 96
7953 666 186.5
7954 667 185.5
7955 683 169.5
7956 685 167.5
7957 679 158.5
7958 665 144.5
7959 651.5 131
7960 617.5 97
7961 617 96.5
7962 667 186.5
7963 668 185.5
7964 684 162.5
7965 672.5 151
7966 665 143.5
7967 664 142.5
7968 663 141.5
7969 652.5 131
7970 652 130.5
7971 648 126.5
7972 618.5 97
7973 678.5 176
7974 671 148.5
7975 670 147.5
7976 665 142.5
7977 661 138.5
7978 660 137.5
7979 659.5 137
7980 651.5 129
7981 649.5 127
7982 649 126.5
7983 648 125.5
7984 618 95.5
7985 685 170.5
7986 687 168.5
7987 682.5 159
7988 681.5 158
7989 680.5 157
7990 619 95.5
7991 618 94.5
7992 616 92.5
7993 615 91.5
7994 685.5 171
7995 687 169.5
7996 686.5 162
7997 680 155.5
7998 678.5 154
7999 677.5 153
8000 620 95.5
8001 619 94.5
8002 690.5 165
8003 689 163.5
8004 683 157.5
8005 677 151.5
8006 675.5 150
8007 628 102.5
8008 627.5 102
8009 618.5 93
8010 617.5 92
8011 616.5 91
8012 615 89.5
8013 614.5 89
8014 679 179.5
8015 673 146.5
8016 628.5 102
8017 613 86.5
8018 597 70.5
8019 666.5 193
8020 687 172.5
8021 689 170.5
8022 673.5 146
8023 672.5 145
8024 637.5 110
8025 636.5 109
8026 633.5 106
8027 632.5 105
8028 631 103.5
8029 628 100.5
8030 627 99.5
8031 671 142.5
8032 670 141.5
8033 669 140.5
8034 665.5 137
8035 604.5 76
8036 602.5 74
8037 601.5 73
8038 600.5 72
8039 679.5 182
8040 688 173.5
8041 690 171.5
8042 695.5 166
8043 685.5 156
8044 665 135.5
8045 582 52.5
8046 667 195.5
8047 680.5 182
8048 689.5 159
8049 688.5 158
8050 684 153.5
8051 680 149.5
8052 670.5 140
8053 664 133.5
8054 636.5 106
8055 614 83.5
8056 613.5 83
8057 612 81.5
8058 603 72.5
8059 584 53.5
8060 582.5 52
8061 684 179.5
8062 689 174.5
8063 694 169.5
8064 688 156.5
8065 585 53.5
8066 690.5 174
8067 694 170.5
8068 697 167.5
8069 682.5 150
8070 681.5 149
8071 676.5 144
8072 673.5 141
8073 612 79.5
8074 610.5 78
8075 606 73.5
8076 585 52.5
8077 684 181.5
8078 672.5 139
8079 653.5 120
8080 610 76.5
8081 609 75.5
8082 668 198.5
8083 690.5 176
8084 693.5 173
8085 686.5 152
8086 676 141.5
8087 653 118.5
8088 604 69.5
8089 602.5 68
8090 681.5 186
8091 685 182.5
8092 686.5 181
8093 686 181.5
8094 694.5 173
8095 694 173.5
8096 698.5 169
8097 694 158.5
8098 692.5 157
8099 691.5 156
8100 690.5 155
8101 689 153.5
8102 688.5 153
8103 677 141.5
8104 674 138.5
8105 637.5 102
8106 634 98.5
8107 606 70.5
8108 604.5 69
8109 682.5 186
8110 691.5 177
8111 701.5 165
8112 700 163.5
8113 699 162.5
8114 687 150.5
8115 685.5 149
8116 673 136.5
8117 671 134.5
8118 670 133.5
8119 691 178.5
8120 695.5 174
8121 695 174.5
8122 698.5 171
8123 703 165.5
8124 698.5 161
8125 698 160.5
8126 691 153.5
8127 689 151.5
8128 688 150.5
8129 683.5 146
8130 675.5 138
8131 670 132.5
8132 665.5 128
8133 639 101.5
8134 612 74.5
8135 610.5 73
8136 686.5 184
8137 692.5 178
8138 703.5 167
8139 698.5 160
8140 698 159.5
8141 697.5 159
8142 697 158.5
8143 695.5 157
8144 694 155.5
8145 690 151.5
8146 689 150.5
8147 684.5 146
8148 680.5 142
8149 679.5 141
8150 673.5 135
8151 667 128.5
8152 640.5 102
8153 636.5 98
8154 586 47.5
8155 694.5 177
8156 699.5 160
8157 698 158.5
8158 693.5 154
8159 681.5 142
8160 680.5 141
8161 676 136.5
8162 667 127.5
8163 665.5 126
8164 696.5 176
8165 704.5 168
8166 693 152.5
8167 672 131.5
8168 669 128.5
8169 695.5 178
8170 699 174.5
8171 705.5 168
8172 706.5 165
8173 706 164.5
8174 705 163.5
8175 703.5 162
8176 691 149.5
8177 687 145.5
8178 686.5 145
8179 685.5 144
8180 683 141.5
8181 679.5 138
8182 671.5 130
8183 670.5 129
8184 688 186.5
8185 700.5 174
8186 701 173.5
8187 705 169.5
8188 705.5 163
8189 690.5 148
8190 689.5 147
8191 688.5 146
8192 686.5 144
8193 685 142.5
8194 684.5 142
8195 684 141.5
8196 682.5 140
8197 682 139.5
8198 681 138.5
8199 670 127.5
8200 669 126.5
8201 668 125.5
8202 665.5 123
8203 661.5 119
8204 666 209.5
8205 695 180.5
8206 701.5 174
8207 709.5 166
8208 708.5 165
8209 666 122.5
8210 664.5 121
8211 698 178.5
8212 699.5 177
8213 701.5 175
8214 706.5 170
8215 703.5 159
8216 703 158.5
8217 690 145.5
8218 688.5 144
8219 685 140.5
8220 683.5 139
8221 677 132.5
8222 675.5 131
8223 668.5 124
8224 663.5 119
8225 648 103.5
8226 647 102.5
8227 666 211.5
8228 695.5 182
8229 696.5 181
8230 697.5 180
8231 702 156.5
8232 701 155.5
8233 699.5 154
8234 689.5 144
8235 688.5 143
8236 677.5 132
8237 676.5 131
8238 667.5 122
8239 664.5 119
8240 663.5 118
8241 673.5 205
8242 697.5 181
8243 699 179.5
8244 702.5 176
8245 707.5 171
8246 688.5 142
8247 687 140.5
8248 683 136.5
8249 676.5 130
8250 659.5 113
8251 688 191.5
8252 696.5 183
8253 700.5 179
8254 701.5 178
8255 681 133.5
8256 670.5 123
8257 698.5 182
8258 702 178.5
8259 680 131.5
8260 679 130.5
8261 678.5 130
8262 673 124.5
8263 672 123.5
8264 671 122.5
8265 669.5 121
8266 669 120.5
8267 667 214.5
8268 670.5 211
8269 697.5 184
8270 698 183.5
8271 701.5 180
8272 677 127.5
8273 676 126.5
8274 674.5 125
8275 675.5 207
8276 699.5 183
8277 699 183.5
8278 670.5 213
8279 686 197.5
8280 699.5 184
8281 700.5 183
8282 702.5 181
8283 703.5 180
8284 667.5 217
8285 677.5 207
8286 688 196.5
8287 702 182.5
8288 706 178.5
8289 713 160.5
8290 671.5 214
8291 684 201.5
8292 701.5 184
8293 704 181.5
8294 711.5 174
8295 673 119.5
8296 668.5 219
8297 679 208.5
8298 705 182.5
8299 685 129.5
8300 679.5 209
8301 686 202.5
8302 693 195.5
8303 713.5 175
8304 691.5 198
8305 703 186.5
8306 676.5 214
8307 703.5 187
8308 705 185.5
8309 670 221.5
8310 692.5 199
8311 694.5 197
8312 697 194.5
8313 705.5 186
8314 673.5 219
8315 698 194.5
8316 701 191.5
8317 681.5 121
8318 670.5 223
8319 679.5 214
8320 692.5 201
8321 700.5 193
8322 705.5 188
8323 716.5 177
8324 681 213.5
8325 693.5 201
8326 697 197.5
8327 699.5 195
8328 671.5 224
8329 674.5 221
8330 680.5 215
8331 697.5 198
8332 699.5 196
8333 706 189.5
8334 717.5 178
8335 682 214.5
8336 693.5 203
8337 697.5 199
8338 699 197.5
8339 700.5 196
8340 675.5 222
8341 695 202.5
8342 703.5 194
8343 709 188.5
8344 672.5 226
8345 675.5 223
8346 682 216.5
8347 698.5 200
8348 700.5 198
8349 700 198.5
8350 701.5 197
8351 708 190.5
8352 683 216.5
8353 710.5 189
8354 673 227.5
8355 682.5 219
8356 684 217.5
8357 699 202.5
8358 700 201.5
8359 701 200.5
8360 706.5 195
8361 721.5 180
8362 677.5 225
8363 683.5 219
8364 700 202.5
8365 702 200.5
8366 706.5 196
8367 712 190.5
8368 675 228.5
8369 683.5 220
8370 678.5 226
8371 702.5 202
8372 706.5 198
8373 707.5 197
8374 723.5 181
8375 678.5 227
8376 713.5 192
8377 714 191.5
8378 724.5 181
8379 724 181.5
8380 676 230.5
8381 684.5 222
8382 703 203.5
8383 708.5 198
8384 685.5 222
8385 695.5 212
8386 707.5 201
8387 726 182.5
8388 678 231.5
8389 681 228.5
8390 696 213.5
8391 698 211.5
8392 710.5 199
8393 716 193.5
8394 703.5 207
8395 708.5 202
8396 712 198.5
8397 717.5 193
8398 727.5 183
8399 685.5 226
8400 721 190.5
8401 687.5 225
8402 710 202.5
8403 718.5 194
8404 718 194.5
8405 719.5 193
8406 688 225.5
8407 729 184.5
8408 680 234.5
8409 705 209.5
8410 706.5 208
8411 708.5 206
8412 719 195.5
8413 721.5 193
8414 710.5 205
8415 721.5 194
8416 730.5 185
8417 698.5 218
8418 712.5 204
8419 721 195.5
8420 730 186.5
8421 696.5 221
8422 706 211.5
8423 707.5 210
8424 723 194.5
8425 732 185.5
8426 709.5 209
8427 713.5 205
8428 682.5 237
8429 699.5 220
8430 700 219.5
8431 713.5 206
8432 717 202.5
8433 722 197.5
8434 727 192.5
8435 742 177.5
8436 683 237.5
8437 697.5 223
8438 701 219.5
8439 724 196.5
8440 732.5 188
8441 746.5 174
8442 704 217.5
8443 715 206.5
8444 723 198.5
8445 728 193.5
8446 734 187.5
8447 679 243.5
8448 684 238.5
8449 688 234.5
8450 711 211.5
8451 713.5 209
8452 725.5 197
8453 726.5 196
8454 734 188.5
8455 748 174.5
8456 699 224.5
8457 702.5 221
8458 715 208.5
8459 724 199.5
8460 736 187.5
8461 748.5 175
8462 680 244.5
8463 705.5 219
8464 711.5 213
8465 712.5 212
8466 714.5 210
8467 716.5 208
8468 729.5 195
8469 686.5 239
8470 726 199.5
8471 727 198.5
8472 737 188.5
8473 750 175.5
8474 713.5 213
8475 715.5 211
8476 721 205.5
8477 726.5 200
8478 729.5 197
8479 737.5 189
8480 681 246.5
8481 682 245.5
8482 712.5 215
8483 718 209.5
8484 727.5 200
8485 737 190.5
8486 691.5 237
8487 701 227.5
8488 709.5 219
8489 714.5 214
8490 716.5 212
8491 752.5 176
8492 683 246.5
8493 684 245.5
8494 689 240.5
8495 707.5 222
8496 707 222.5
8497 716.5 213
8498 718.5 211
8499 719.5 210
8500 730.5 199
8501 684 246.5
8502 685 245.5
8503 713.5 217
8504 715.5 215
8505 729 201.5
8506 739 191.5
8507 740.5 190
8508 753.5 177
8509 703 228.5
8510 704.5 227
8511 707 224.5
8512 719.5 212
8513 722.5 209
8514 686 246.5
8515 691 241.5
8516 705 227.5
8517 707 225.5
8518 720.5 212
8519 730.5 202
8520 731.5 201
8521 732.5 200
8522 734 198.5
8523 704 229.5
8524 717 216.5
8525 718.5 215
8526 724 209.5
8527 741 192.5
8528 724 210.5
8529 732 202.5
8530 687 248.5
8531 693 242.5
8532 717.5 218
8533 738.5 197
8534 684 252.5
8535 716.5 220
8536 732.5 204
8537 700 237.5
8538 736.5 201
8539 685 253.5
8540 707 231.5
8541 709.5 229
8542 714 224.5
8543 717.5 221
8544 690 249.5
8545 696 243.5
8546 698 241.5
8547 713.5 226
8548 718 221.5
8549 728.5 211
8550 733.5 206
8551 745.5 194
8552 687 253.5
8553 702.5 238
8554 702 238.5
8555 687 254.5
8556 691 250.5
8557 719 222.5
8558 729.5 212
8559 734.5 207
8560 746 195.5
8561 754.5 187
8562 688.5 254
8563 690.5 252
8564 698.5 244
8565 702.5 240
8566 709.5 233
8567 710 232.5
8568 739.5 203
8569 756 186.5
8570 690 253.5
8571 704 239.5
8572 719.5 224
8573 723.5 220
8574 736 207.5
8575 738.5 205
8576 739.5 204
8577 756 187.5
8578 693 251.5
8579 699.5 245
8580 717 227.5
8581 747.5 197
8582 689 256.5
8583 694 251.5
8584 726.5 219
8585 737 208.5
8586 739.5 206
8587 744.5 201
8588 693.5 253
8589 693 253.5
8590 745.5 201
8591 749.5 197
8592 754.5 192
8593 758 188.5
8594 690 257.5
8595 695 252.5
8596 702.5 245
8597 706.5 241
8598 713 234.5
8599 717 230.5
8600 737.5 210
8601 740 207.5
8602 760.5 187
8603 718 230.5
8604 726.5 222
8605 693 256.5
8606 695.5 254
8607 695 254.5
8608 701 248.5
8609 726 223.5
8610 739 210.5
8611 740 209.5
8612 741 208.5
8613 751 198.5
8614 763.5 186
8615 692.5 258
8616 705 245.5
8617 708.5 242
8618 719 231.5
8619 726 224.5
8620 741.5 209
8621 747.5 203
8622 757 193.5
8623 764.5 186
8624 703 248.5
8625 718.5 233
8626 727 224.5
8627 741.5 210
8628 752 199.5
8629 724.5 228
8630 758 194.5
8631 761.5 191
8632 764 188.5
8633 707 246.5
8634 728.5 225
8635 742.5 211
8636 746.5 207
8637 766.5 187
8638 695.5 259
8639 711.5 243
8640 724 230.5
8641 725.5 229
8642 698 257.5
8643 706 249.5
8644 710.5 245
8645 711.5 244
8646 720 235.5
8647 721 234.5
8648 711.5 245
8649 727.5 229
8650 735 221.5
8651 750 206.5
8652 754 202.5
8653 755 201.5
8654 700 257.5
8655 721 236.5
8656 726 231.5
8657 735 222.5
8658 736.5 221
8659 742 215.5
8660 747 210.5
8661 764.5 193
8662 768 189.5
8663 698.5 260
8664 712.5 246
8665 755.5 203
8666 715.5 244
8667 736.5 223
8668 742.5 217
8669 748 211.5
8670 765.5 194
8671 730.5 230
8672 703.5 258
8673 714.5 247
8674 743.5 218
8675 748 213.5
8676 764.5 197
8677 765.5 196
8678 705.5 257
8679 709.5 253
8680 715 247.5
8681 718 244.5
8682 729.5 233
8683 732 230.5
8684 738 224.5
8685 750 212.5
8686 703.5 260
8687 705 258.5
8688 737 226.5
8689 739.5 224
8690 744.5 219
8691 774.5 189
8692 779 184.5
8693 705 259.5
8694 731.5 233
8695 749 215.5
8696 753.5 211
8697 713 252.5
8698 734.5 231
8699 738 227.5
8700 739 226.5
8701 766 199.5
8702 720 246.5
8703 735 231.5
8704 750 216.5
8705 754.5 212
8706 766.5 200
8707 719.5 248
8708 738 229.5
8709 765.5 202
8710 715 253.5
8711 736 232.5
8712 739.5 229
8713 750.5 218
8714 751 217.5
8715 755.5 213
8716 766.5 202
8717 768 200.5
8718 731 238.5
8719 739 230.5
8720 750.5 219
8721 779.5 190
8722 722.5 248
8723 732 238.5
8724 750 220.5
8725 755.5 215
8726 760 210.5
8727 767.5 203
8728 770.5 200
8729 773 197.5
8730 779 191.5
8731 712 259.5
8732 717 254.5
8733 722.5 249
8734 741.5 230
8735 718 254.5
8736 719.5 253
8737 725.5 247
8738 733 239.5
8739 768 204.5
8740 781.5 191
8741 715 258.5
8742 742.5 231
8743 743 230.5
8744 760.5 213
8745 773 200.5
8746 720 254.5
8747 721.5 253
8748 725.5 249
8749 767.5 207
8750 768.5 206
8751 769 205.5
8752 772 202.5
8753 780 194.5
8754 783.5 191
8755 786 188.5
8756 722.5 253
8757 723 252.5
8758 734.5 241
8759 735.5 240
8760 771 204.5
8761 735 241.5
8762 737 239.5
8763 745 231.5
8764 753 223.5
8765 762 214.5
8766 769.5 207
8767 769 207.5
8768 776 200.5
8769 717.5 260
8770 722 255.5
8771 789.5 188
8772 719 259.5
8773 725 253.5
8774 737 241.5
8775 762.5 216
8776 718.5 261
8777 724 255.5
8778 747.5 232
8779 754 225.5
8780 778 201.5
8781 790.5 189
8782 790 189.5
8783 719.5 261
8784 726 254.5
8785 790 190.5
8786 791.5 189
8787 720.5 261
8788 728 253.5
8789 746.5 235
8790 748 233.5
8791 778 203.5
8792 781 200.5
8793 786 195.5
8794 792 189.5
8795 721 261.5
8796 755 227.5
8797 776 206.5
8798 791.5 191
8799 723 260.5
8800 749 234.5
8801 793 190.5
8802 794 189.5
8803 723 261.5
8804 759.5 225
8805 778.5 206
8806 790 194.5
8807 724 261.5
8808 728.5 257
8809 756.5 229
8810 783 202.5
8811 755.5 231
8812 790.5 196
8813 729.5 258
8814 731 256.5
8815 736.5 251
8816 748 240.5
8817 751 237.5
8818 772 216.5
8819 727 262.5
8820 732.5 257
8821 749.5 240
8822 757.5 232
8823 769 220.5
8824 734 256.5
8825 739 251.5
8826 749 241.5
8827 756.5 234
8828 772 218.5
8829 794.5 196
8830 799 191.5
8831 751 240.5
8832 752.5 239
8833 800.5 191
8834 801 190.5
8835 757.5 235
8836 770.5 222
8837 772.5 220
8838 777 215.5
8839 736.5 257
8840 741 252.5
8841 759 234.5
8842 770 223.5
8843 802.5 191
8844 773.5 221
8845 777.5 217
8846 732.5 263
8847 749 246.5
8848 759.5 236
8849 772.5 223
8850 775 221.5
8851 777.5 219
8852 804.5 192
8853 805 191.5
8854 734.5 263
8855 744.5 253
8856 774 223.5
8857 775.5 222
8858 779 218.5
8859 805 192.5
8860 735.5 263
8861 761.5 237
8862 779.5 219
8863 806.5 192
8864 736.5 263
8865 741 258.5
8866 774 225.5
8867 776 223.5
8868 779 220.5
8869 780.5 219
8870 807 192.5
8871 761 239.5
8872 762 238.5
8873 776.5 224
8874 741 260.5
8875 780.5 221
8876 781.5 220
8877 799 202.5
8878 800 201.5
8879 769 233.5
8880 773.5 229
8881 777.5 225
8882 783.5 219
8883 743.5 260
8884 745.5 258
8885 769.5 234
8886 782.5 221
8887 797.5 206
8888 799 204.5
8889 801 202.5
8890 802 201.5
8891 745 259.5
8892 774 230.5
8893 801 203.5
8894 752.5 253
8895 785.5 220
8896 753 253.5
8897 754 252.5
8898 743.5 265
8899 744 264.5
8900 780.5 228
8901 787 221.5
8902 751 258.5
8903 793.5 216
8904 807 202.5
8905 810.5 199
8906 784.5 226
8907 788 222.5
8908 796 214.5
8909 802.5 208
8910 746.5 265
8911 748 263.5
8912 759.5 252
8913 769 242.5
8914 782.5 229
8915 802 209.5
8916 803 208.5
8917 752 260.5
8918 776.5 236
8919 806 206.5
8920 759 254.5
8921 786.5 227
8922 806 207.5
8923 750 264.5
8924 784.5 230
8925 788 226.5
8926 750.5 265
8927 756 259.5
8928 760 255.5
8929 773 242.5
8930 761.5 255
8931 781 235.5
8932 785 231.5
8933 787 229.5
8934 754.5 263
8935 763 254.5
8936 766 251.5
8937 788.5 230
8938 818.5 200
8939 759.5 260
8940 761 258.5
8941 768 251.5
8942 786 233.5
8943 787 232.5
8944 792 227.5
8945 777 243.5
8946 782 238.5
8947 760 261.5
8948 762 259.5
8949 788.5 233
8950 802.5 219
8951 773 249.5
8952 788 234.5
8953 791 231.5
8954 792.5 230
8955 800 222.5
8956 785 238.5
8957 791.5 232
8958 808 215.5
8959 811.5 212
8960 822.5 201
8961 789 235.5
8962 794.5 230
8963 799 225.5
8964 766 259.5
8965 767 258.5
8966 786 239.5
8967 794 231.5
8968 804.5 221
8969 778.5 248
8970 788 238.5
8971 801 225.5
8972 808.5 218
8973 764 263.5
8974 769.5 258
8975 770 257.5
8976 802 226.5
8977 803 225.5
8978 821.5 207
8979 779 250.5
8980 786 243.5
8981 804.5 225
8982 805.5 224
8983 806.5 223
8984 810 219.5
8985 791 239.5
8986 795 235.5
8987 828.5 202
8988 795 236.5
8989 807.5 224
8990 772.5 260
8991 772 260.5
8992 773.5 259
8993 801 231.5
8994 803.5 229
8995 804 228.5
8996 807.5 225
8997 817 215.5
8998 794 239.5
8999 800 233.5
9000 806 227.5
9001 830.5 203
9002 804.5 230
9003 809.5 225
9004 811 223.5
9005 778 257.5
9006 788.5 247
9007 802.5 233
9008 812.5 223
9009 833.5 202
9010 778 258.5
9011 801.5 235
9012 811.5 225
9013 811 225.5
9014 790 247.5
9015 802.5 235
9016 824 213.5
9017 833.5 204
9018 778 260.5
9019 779 259.5
9020 787.5 251
9021 803 235.5
9022 804.5 234
9023 813 225.5
9024 835.5 203
9025 835 203.5
9026 781.5 258
9027 791.5 248
9028 805 234.5
9029 807 232.5
9030 808 231.5
9031 804 236.5
9032 805 235.5
9033 780.5 261
9034 783 258.5
9035 807 234.5
9036 809 232.5
9037 836 205.5
9038 838 203.5
9039 805 237.5
9040 826 216.5
9041 795.5 248
9042 837 206.5
9043 838 205.5
9044 784.5 260
9045 788 256.5
9046 822.5 222
9047 827.5 217
9048 828.5 216
9049 831 213.5
9050 829.5 216
9051 838 207.5
9052 800 246.5
9053 826.5 220
9054 797.5 250
9055 799.5 248
9056 841 206.5
9057 816 232.5
9058 842 207.5
9059 793 257.5
9060 801.5 249
9061 807.5 243
9062 843.5 207
9063 847 198.5
9064 846 197.5
9065 805.5 246
9066 808.5 243
9067 795 257.5
9068 803.5 249
9069 808.5 244
9070 811 241.5
9071 842 210.5
9072 793.5 260
9073 809 244.5
9074 810 243.5
9075 813.5 240
9076 845 208.5
9077 805.5 249
9078 809 245.5
9079 811.5 243
9080 853.5 201
9081 853 200.5
9082 852 199.5
9083 851.5 199
9084 851 198.5
9085 850 197.5
9086 848.5 196
9087 803.5 252
9088 811 244.5
9089 813 242.5
9090 815.5 240
9091 801 255.5
9092 807.5 249
9093 813.5 243
9094 815 241.5
9095 817.5 239
9096 853.5 199
9097 851 196.5
9098 810.5 247
9099 811.5 246
9100 813 244.5
9101 850.5 195
9102 800 258.5
9103 820 238.5
9104 853.5 197
9105 852 195.5
9106 804 255.5
9107 811.5 248
9108 814.5 245
9109 856.5 199
9110 852.5 195
9111 804 256.5
9112 813.5 247
9113 819 241.5
9114 823 237.5
9115 858 199.5
9116 811.5 250
9117 811 250.5
9118 813 248.5
9119 816.5 245
9120 817 244.5
9121 821 240.5
9122 857 197.5
9123 852.5 193
9124 815.5 247
9125 825.5 237
9126 839 223.5
9127 817 246.5
9128 818 245.5
9129 821 242.5
9130 840.5 223
9131 841.5 222
9132 859 197.5
9133 855 193.5
9134 820.5 244
9135 824.5 240
9136 854.5 210
9137 856 208.5
9138 855 192.5
9139 815 250.5
9140 818.5 247
9141 818 247.5
9142 820 245.5
9143 823.5 242
9144 861 197.5
9145 860 196.5
9146 820 246.5
9147 858.5 208
9148 861.5 205
9149 863 203.5
9150 808 259.5
9151 811 256.5
9152 821.5 246
9153 827 240.5
9154 831 236.5
9155 841 226.5
9156 844 223.5
9157 865.5 202
9158 866.5 201
9159 862 196.5
9160 859.5 194
9161 857.5 192
9162 857 191.5
9163 823.5 245
9164 825 243.5
9165 826 242.5
9166 842 226.5
9167 848.5 220
9168 849 219.5
9169 858 210.5
9170 857 190.5
9171 828.5 241
9172 830 239.5
9173 831 238.5
9174 834 235.5
9175 846 223.5
9176 863 195.5
9177 860 192.5
9178 830.5 240
9179 847 223.5
9180 854.5 216
9181 858.5 212
9182 861 209.5
9183 869 200.5
9184 868 199.5
9185 859.5 191
9186 831.5 240
9187 833 238.5
9188 849 222.5
9189 860 211.5
9190 862 192.5
9191 859.5 190
9192 836.5 236
9193 863 192.5
9194 860 189.5
9195 846 227.5
9196 853 220.5
9197 854 219.5
9198 859 214.5
9199 863.5 210
9200 870.5 199
9201 862 190.5
9202 841 233.5
9203 847.5 227
9204 848.5 226
9205 855 219.5
9206 860.5 214
9207 864.5 192
9208 861.5 189
9209 861 188.5
9210 857 218.5
9211 866.5 193
9212 825 251.5
9213 853 223.5
9214 854.5 222
9215 863.5 213
9216 868 208.5
9217 864 189.5
9218 827 250.5
9219 850 227.5
9220 866.5 191
9221 863.5 188
9222 862 186.5
9223 848 230.5
9224 862 216.5
9225 875 203.5
9226 873.5 197
9227 869 192.5
9228 868 191.5
9229 831.5 248
9230 832.5 247
9231 867.5 212
9232 869.5 210
9233 874.5 197
9234 866 188.5
9235 833 247.5
9236 837 243.5
9237 871.5 209
9238 877 203.5
9239 870.5 192
9240 868.5 190
9241 839 242.5
9242 873 208.5
9243 874.5 207
9244 876.5 197
9245 875 195.5
9246 838.5 244
9247 865.5 217
9248 867 215.5
9249 868 187.5
9250 859.5 224
9251 860.5 223
9252 862 221.5
9253 876 207.5
9254 877 206.5
9255 876.5 195
9256 872 190.5
9257 870.5 189
9258 868 186.5
9259 863.5 221
9260 880.5 204
9261 878.5 196
9262 868 185.5
9263 859.5 226
9264 860.5 225
9265 862 223.5
9266 879.5 206
9267 868 184.5
9268 860 226.5
9269 861.5 225
9270 881.5 205
9271 873.5 189
9272 872 187.5
9273 869 184.5
9274 862 225.5
9275 883.5 204
9276 869.5 184
9277 866.5 222
9278 886 202.5
9279 880.5 194
9280 876.5 190
9281 875 188.5
9282 874 187.5
9283 867 222.5
9284 870.5 219
9285 878.5 211
9286 879.5 210
9287 881 208.5
9288 863 227.5
9289 872.5 218
9290 882 193.5
9291 873.5 185
9292 853.5 238
9293 854 237.5
9294 869.5 222
9295 883 208.5
9296 889 199.5
9297 876.5 187
9298 875 185.5
9299 874.5 185
9300 880 212.5
9301 884 193.5
9302 891 199.5
9303 876 184.5
9304 868.5 226
9305 880.5 214
9306 885 192.5
9307 878.5 186
9308 862 233.5
9309 892 203.5
9310 887.5 194
9311 876.5 183
9312 869 227.5
9313 889 207.5
9314 877.5 183
9315 894.5 203
9316 887.5 192
9317 878.5 183
9318 864.5 234
9319 870 228.5
9320 893.5 205
9321 893 205.5
9322 871.5 228
9323 877.5 222
9324 893 206.5
9325 880.5 183
9326 893 207.5
9327 889 190.5
9328 878 223.5
9329 884.5 217
9330 888 213.5
9331 898 203.5
9332 875.5 227
9333 881 221.5
9334 898 204.5
9335 901 200.5
9336 898 197.5
9337 897 196.5
9338 893.5 193
9339 883.5 220
9340 902.5 202
9341 903.5 201
9342 902 199.5
9343 901 198.5
9344 885.5 220
9345 901 197.5
9346 889.5 217
9347 898 208.5
9348 903.5 203
9349 905 201.5
9350 892.5 215
9351 904.5 203
9352 898.5 193
9353 898.5 210
9354 887 180.5
9355 896.5 213
9356 905.5 204
9357 905 204.5
9358 885.5 178
9359 884.5 226
9360 905.5 206
9361 905 206.5
9362 903 193.5
9363 890.5 181
9364 888.5 179
9365 883 229.5
9366 893.5 219
9367 898 214.5
9368 890 223.5
9369 900 213.5
9370 908.5 197
9371 895 183.5
9372 892.5 181
9373 892 180.5
9374 889.5 178
9375 900 214.5
9376 906 208.5
9377 891 178.5
9378 889.5 226
9379 899.5 216
9380 900 215.5
9381 910 196.5
9382 886 230.5
9383 902 187.5
9384 893 178.5
9385 890.5 227
9386 891 226.5
9387 907.5 210
9388 915 199.5
9389 899 183.5
9390 890.5 228
9391 913 196.5
9392 894.5 178
9393 891 229.5
9394 898.5 222
9395 908 212.5
9396 894.5 176
9397 893.5 228
9398 918 203.5
9399 896.5 177
9400 895.5 227
9401 900 222.5
9402 914.5 208
9403 898 177.5
9404 892.5 232
9405 895 229.5
9406 909 215.5
9407 919 205.5
9408 900.5 225
9409 901.5 224
9410 919.5 206
9411 923.5 202
9412 921.5 198
9413 896 230.5
9414 924.5 202
9415 923 198.5
9416 895 232.5
9417 898 229.5
9418 901.5 226
9419 898 230.5
9420 902.5 226
9421 910 218.5
9422 920.5 208
9423 925.5 203
9424 899 231.5
9425 924.5 206
9426 926 204.5
9427 898.5 233
9428 922 209.5
9429 911 221.5
9430 918.5 214
9431 929.5 203
9432 924.5 209
9433 930.5 203
9434 919.5 215
9435 923 211.5
9436 901 234.5
9437 924.5 211
9438 926.5 209
9439 919.5 217
9440 930.5 206
9441 932 204.5
9442 927.5 210
9443 932.5 205
9444 902.5 236
9445 912 226.5
9446 913.5 225
9447 920.5 218
9448 925.5 213
9449 905 234.5
9450 924 215.5
9451 930.5 209
9452 931 208.5
9453 933 206.5
9454 914 226.5
9455 912.5 229
9456 924.5 217
9457 921.5 221
9458 933.5 209
9459 934.5 208
9460 921.5 222
9461 926.5 217
9462 931.5 212
9463 914 230.5
9464 935.5 209
9465 939.5 205
9466 927.5 218
9467 908.5 238
9468 909.5 237
9469 925 222.5
9470 926.5 221
9471 932.5 215
9472 914.5 234
9473 926.5 222
9474 926 222.5
9475 931.5 217
9476 908 241.5
9477 926 223.5
9478 908.5 242
9479 910.5 240
9480 923.5 227
9481 929 221.5
9482 937.5 213
9483 909.5 242
9484 916 235.5
9485 927 224.5
9486 938 213.5
9487 911 241.5
9488 912.5 240
9489 916 236.5
9490 928.5 224
9491 909.5 244
9492 910.5 243
9493 911 242.5
9494 925 228.5
9495 928 225.5
9496 933 220.5
9497 937 216.5
9498 932.5 222
9499 936.5 218
9500 917 238.5
9501 926 229.5
9502 931 224.5
9503 934.5 221
9504 938.5 217
9505 939 216.5
9506 945.5 210
9507 925 231.5
9508 928.5 228
9509 933.5 223
9510 912.5 245
9511 925.5 232
9512 926.5 231
9513 931 226.5
9514 933.5 224
9515 936 221.5
9516 939.5 218
9517 939 218.5
9518 946 211.5
9519 910.5 248
9520 911 247.5
9521 935 223.5
9522 912 247.5
9523 918.5 241
9524 925.5 235
9525 927 233.5
9526 930.5 230
9527 939 221.5
9528 941 220.5
9529 912 250.5
9530 919.5 243
9531 940.5 222
9532 946.5 216
9533 915 248.5
9534 940 223.5
9535 947.5 216
9536 914.5 250
9537 928 236.5
9538 940 224.5
9539 913.5 252
9540 928.5 237
9541 942.5 223
9542 946.5 219
9543 920 246.5
9544 928.5 239
9545 929.5 238
9546 930.5 237
9547 947.5 220
9548 948.5 219
9549 914.5 254
9550 915.5 253
9551 927.5 242
9552 933.5 236
9553 933 236.5
9554 941 228.5
9555 943.5 226
9556 949.5 220
9557 915 255.5
9558 931.5 239
9559 948.5 223
9560 932.5 240
9561 933.5 239
9562 942 230.5
9563 950 222.5
9564 922 251.5
9565 923 250.5
9566 935 238.5
9567 936.5 237
9568 949.5 224
9569 923 251.5
9570 935 239.5
9571 951 223.5
9572 932.5 243
9573 934 242.5
9574 936.5 240
9575 937.5 239
9576 947 229.5
9577 952 224.5
9578 923.5 254
9579 923 254.5
9580 936 241.5
9581 943 234.5
9582 935 243.5
9583 937.5 241
9584 946.5 232
9585 936.5 243
9586 953.5 226
9587 925 255.5
9588 937.5 243
9589 953 227.5
9590 923.5 258
9591 938.5 243
9592 923 259.5
9593 940.5 242
9594 943.5 239
9595 953 229.5
9596 925 259.5
9597 938.5 246
9598 944 241.5
9599 956 229.5
9600 920.5 266
9601 929.5 257
9602 940.5 246
9603 944 242.5
9604 953 233.5
9605 939 248.5
9606 953.5 234
9607 956 231.5
9608 930.5 258
9609 930 258.5
9610 955.5 233
9611 926 263.5
9612 951.5 238
9613 956.5 233
9614 921.5 269
9615 931 259.5
9616 943 247.5
9617 949.5 241
9618 945.5 246
9619 953 238.5
9620 955.5 236
9621 949.5 243
9622 932 261.5
9623 952.5 241
9624 926 268.5
9625 931.5 263
9626 943 251.5
9627 953.5 241
9628 937 258.5
9629 931.5 265
9630 933 263.5
9631 956.5 241
9632 941 257.5
9633 944.5 254
9634 954.5 244
9635 928 271.5
9636 934 265.5
9637 955 245.5
9638 928.5 274
9639 935.5 268
9640 940.5 263
9641 942 261.5
9642 943.5 260
9643 949 254.5
9644 943 261.5
9645 945 259.5
9646 949.5 255
9647 930 275.5
9648 934.5 271
9649 935.5 270
9650 955.5 250
9651 946.5 260
9652 950 256.5
9653 931 276.5
9654 947.5 260
9655 935.5 273
9656 931.5 278
9657 936.5 273
9658 938.5 272
9659 932.5 279
9660 937 274.5
9661 938 275.5
9662 952 262.5
9663 957 258.5
9664 957 260.5
9665 947 271.5
9666 953 266.5
9667 953.5 268
4708
0 3858 1 1.72562e+08 16 165 15 165
1 3867 1 1.72562e+08 15 152 15 153 15 154 15 155 15 156 15 157 15 158 15 159 15 160 15 161 15 162 15 163 15 164 15 165
2 3859 2 1.72562e+08 17 165 16 165 16 166
3 3858 2 1.72562e+08 15 165 16 165 16 166
4 3862 4 1.72562e+08 21 165 20 165
5 3859 4 1.72562e+08 16 165 17 165 18 165 19 165 20 165
6 3865 6 1.72562e+08 23 167 23 166 22 166 21 166
7 3862 6 1.72562e+08 20 165 21 165 21 166
8 3869 8 1.72562e+08 25 168 25 167 24 167 23 167
9 3865 8 1.72562e+08 23 166 23 167
10 3870 11 1.72562e+08 26 169 26 168 25 168
11 3869 11 1.72562e+08 25 167 25 168
12 3873 12 1.72562e+08 29 170 28 170 27 170 27 169 26 169
13 3870 12 1.72562e+08 26 168 26 169
14 3875 14 1.72562e+08 31 172 30 172 30 171 29 171
15 3873 14 1.72562e+08 28 170 29 170 29 171
16 3877 15 1.72562e+08 32 172 31 172
17 3875 15 1.72562e+08 30 172 31 172
18 3878 16 2581.25 39 164 40 164
19 3880 16 2581.25 42 165 41 165 40 165 40 164
20 3883 17 2581.25 40 160 40 161 40 162
21 3878 17 2581.25 40 164 39 164 39 163 39 162 40 162
22 3883 18 2581.25 40 161 40 160 39 160 38 160
23 3884 18 2581.25 39 159 39 160 38 160
24 3877 19 1.72562e+08 31 172 32 172 32 173 33 173 33 174
25 3882 19 1.72562e+08 33 175 33 174
26 3880 21 2581.25 41 165 42 165 43 165
27 3886 21 2581.25 44 166 43 166 43 165
28 3888 23 1.72562e+08 36 176 36 175 35 175 34 175
29 3882 23 1.72562e+08 33 174 33 175 34 175
30 3889 24 2581.25 46 166 45 166 44 166
31 3886 24 2581.25 43 166 44 166
32 3890 26 1.72562e+08 38 176 37 176
33 3888 26 1.72562e+08 36 175 36 176 37 176
34 3889 27 2581.25 45 166 46 166 46 167
35 3894 27 2581.25 47 168 46 168 46 167
36 3897 29 1.72562e+08 40 178 39 178
37 3890 29 1.72562e+08 37 176 38 176 38 177 39 177 39 178
38 3896 30 2581.25 49 166 49 167 49 168
39 3894 30 2581.25 46 168 47 168 48 168 49 168
40 3901 31 1.72562e+08 42 179 41 179
41 3897 31 1.72562e+08 39 178 40 178 40 179 41 179
42 3914 34 1.72562e+08 43 181 43 180 42 180
43 3901 34 1.72562e+08 41 179 42 179 42 180
44 3919 39 1.72562e+08 44 182 44 181 43 181
45 3914 39 1.72562e+08 43 180 43 181
46 3906 40 34293.8 54 167 54 168 55 168 55 169
47 3920 40 34293.8 55 171 55 170 55 169
48 3920 43 34293.8 55 170 55 171
49 3929 43 34293.8 55 173 55 172 55 171
50 3927 45 3.38553e+06 20 121 19 121
51 3918 45 3.38553e+06 16 121 17 121 18 121 19 121
52 3919 46 1.72562e+08 44 181 44 182 45 182
53 3928 46 1.72562e+08 44 184 44 183 44 182 45 182
54 3937 50 3.38553e+06 21 120 20 120 20 121 20 122 21 122 22 122
55 3927 50 3.38553e+06 19 121 20 121 20 122 21 122 22 122
56 3946 51 1.72562e+08 47 184 47 183 46 183
57 3928 51 1.72562e+08 44 183 44 184 45 184 46 184 46 183
58 3929 52 34293.8 55 172 55 173 55 174
59 3939 52 34293.8 55 175 55 174
60 3964 57 3.38553e+06 26 120 25 120 24 120 23 120 22 120 21 120
61 3937 57 3.38553e+06 20 120 21 120
62 3946 62 1.72562e+08 47 183 47 184 48 184
63 3959 62 1.72562e+08 49 185 48 185 48 184
64 3939 63 34293.8 55 174 55 175 56 175 56 176
65 3971 63 34293.8 56 180 56 179 56 178 56 177 56 176
66 3966 63 4493.75 58 177 57 177 56 177 56 176
67 3966 70 4493.75 57 177 58 177 58 176
68 4006 70 4493.75 62 181 62 180 62 179 62 178 61 178 61 177 60 177 59 177 58 177 58 176
69 3884 74 2581.25 39 160 39 159 39 158 39 157 39 156 39 155 39 154 39 153 39 152 39 151 39 150 39 149 39 148 39 147 39 146 39 145 39 144 39 143 39 142 39 141 39 140 39 139 39 138 39 137 39 136 39 135 39 134 39 133 39 132 38 132
70 3968 74 2581.25 38 131 38 132
71 3959 77 1.72562e+08 48 185 49 185 50 185
72 3970 77 1.72562e+08 50 186 50 185
73 3968 78 2581.25 38 132 38 131 37 131 37 130 37 129 36 129
74 3973 78 2581.25 36 128 36 129
75 3981 80 1.72562e+08 52 187 52 186 51 186
76 3970 80 1.72562e+08 50 185 50 186 51 186
77 3997 81 3.38553e+06 34 121 33 121 32 121 31 121 30 121
78 3964 81 3.38553e+06 25 120 26 120 27 120 27 121 28 121 29 121 30 121
79 3992 88 1.72562e+08 54 187 53 187
80 3981 88 1.72562e+08 52 186 52 187 53 187
81 3992 101 1.72562e+08 53 187 54 187 54 188 55 188
82 4013 101 1.72562e+08 55 189 55 188
83 4006 102 4493.75 62 180 62 181
84 4028 102 4493.75 63 184 63 183 63 182 62 182 62 181
85 4017 106 3.38553e+06 37 121 36 121
86 3997 106 3.38553e+06 33 121 34 121 35 121 36 121
87 3973 106 2581.25 36 129 36 128 36 127 36 126 36 125 36 124 36 123 36 122 36 121
88 4027 112 1.72562e+08 57 190 57 189 56 189
89 3971 112 34293.8 56 179 56 180 56 181 56 182 56 183 56 184 56 185 56 186 56 187 56 188 56 189
90 4013 112 1.72562e+08 55 188 55 189 56 189
91 4031 113 3.38553e+06 42 124 42 123 42 122 41 122 40 122 39 122 39 121 38 121
92 4042 113 9024.99 41 120 41 121 40 121 39 121 38 121
93 4072 113 973916 38 111 38 112 38 113 38 114 38 115 38 116 38 117 38 118 38 119 38 120 38 121
94 4017 113 3.38553e+06 36 121 37 121 38 121
95 4027 117 1.72562e+08 57 189 57 190 58 190
96 4033 117 1.72562e+08 58 191 58 190
97 4059 128 9024.99 45 120 44 120 43 120 42 120
98 4042 128 9024.99 41 121 41 120 42 120
99 4071 140 3.38553e+06 50 123 49 123
100 4031 140 3.38553e+06 42 123 42 124 43 124 44 124 45 124 46 124 46 123 47 123 48 123 49 123
101 3896 140 2581.25 49 167 49 166 49 165 49 164 50 164 50 163 50 162 50 161 50 160 50 159 50 158 50 157 49 157 49 156 48 156 47 156 46 156 46 155 46 154 46 153 46 152 46 151 46 150 46 149 46 148 46 147 46 146 46 145 46 144 46 143 46 142 46 141 46 140 46 139 46 138 46 137 46 136 46 135 46 134 46 133 46 132 46 131 46 130 46 129 46 128 46 127 46 126 46 125 46 124 46 123 47 123 48 123 49 123
102 3906 140 34293.8 54 168 54 167 54 166 53 166 52 166 52 165 52 164 51 164 51 163 50 163 50 162 50 161 50 160 50 159 50 158 50 157 49 157 49 156 48 156 47 156 46 156 46 155 46 154 46 153 46 152 46 151 46 150 46 149 46 148 46 147 46 146 46 145 46 144 46 143 46 142 46 141 46 140 46 139 46 138 46 137 46 136 46 135 46 134 46 133 46 132 46 131 46 130 46 129 46 128 46 127 46 126 46 125 46 124 46 123 47 123 48 123 49 123
103 4084 144 973916 39 110 39 111 38 111
104 4072 144 973916 38 112 38 111
105 4088 150 3.38553e+06 52 122 51 122
106 4071 150 3.38553e+06 49 123 50 123 50 122 51 122
107 4102 156 973916 41 109 40 109 39 109
108 4084 156 973916 39 111 39 110 39 109
109 4101 158 9024.99 51 119 50 119
110 4059 158 9024.99 44 120 45 120 46 120 47 120 47 119 48 119 49 119 50 119
111 4106 160 inf 22 90 21 90
112 4097 160 inf 20 90 21 90
113 4134 167 3.38553e+06 59 121 58 121 57 121 56 121 55 121 54 121
114 4232 167 11443.7 78 117 77 117 76 117 75 117 74 117 74 118 74 119 73 119 72 119 72 120 71 120 70 120 69 120 68 120 67 120 66 120 65 120 64 120 63 120 62 120 61 120 60 120 59 120 58 120 57 120 56 120 55 120 55 121 54 121
115 4182 167 161338 63 112 63 113 64 113 64 114 64 115 64 116 64 117 64 118 63 118 62 118 62 119 61 119 60 119 60 120 59 120 58 120 57 120 56 120 55 120 55 121 54 121
116 4117 167 9024.99 54 119 54 120 54 121
117 4088 167 3.38553e+06 51 122 52 122 53 122 54 122 54 121
118 4117 168 9024.99 54 120 54 119 53 119 52 119
119 4101 168 9024.99 50 119 51 119 52 119
120 4124 170 973916 45 109 44 109 44 108 43 108 42 108
121 4102 170 973916 40 109 41 109 42 109 42 108
122 4119 171 inf 25 90 24 90
123 4106 171 inf 21 90 22 90 23 90 24 90
124 4129 176 inf 27 90 26 90
125 4119 176 inf 24 90 25 90 26 90
126 4143 179 inf 31 91 31 92 31 93 31 94
127 4140 179 inf 34 95 33 95 32 95 31 95 31 94
128 4141 181 1.72562e+08 68 200 68 199 67 199
129 4028 181 4493.75 63 183 63 184 63 185 63 186 63 187 63 188 63 189 63 190 63 191 63 192 63 193 63 194 63 195 63 196 63 197 64 197 64 198 65 198 66 198 66 199 67 199
130 4033 181 1.72562e+08 58 190 58 191 59 191 60 191 60 192 61 192 61 193 61 194 62 194 62 195 62 196 63 196 63 197 64 197 64 198 65 198 66 198 66 199 67 199
131 4210 184 3.38553e+06 92 135 92 136 91 136 91 137 90 137 89 137 88 137 88 136 87 136 86 136 85 136 84 136 83 136 82 136 82 135 81 135 80 135 79 135 79 134 78 134 77 134 77 133 77 132 77 131 77 130 76 130 75 130 75 129 74 129 74 128 74 127 74 126 73 126 72 126 72 125 71 125 71 124 70 124 69 124 69 123 68 123 67 123 66 123 66 122 65 122 64 122 64 121 63 121 62 121 61 121 60 121 59 121
132 4213 184 595381 84 127 84 126 83 126 82 126 81 126 81 125 80 125 80 124 79 124 78 124 78 123 77 123 76 123 75 123 74 123 73 123 73 124 72 124 71 124 70 124 69 124 69 123 68 123 67 123 66 123 66 122 65 122 64 122 64 121 63 121 62 121 61 121 60 121 59 121
133 4134 184 3.38553e+06 58 121 59 121
134 4154 188 1.72562e+08 71 201 71 200 70 200
135 4141 188 1.72562e+08 68 199 68 200 69 200 70 200
136 4152 190 inf 39 96 38 96 38 95 37 95
137 4140 190 inf 33 95 34 95 35 95 36 95 37 95
138 4153 192 inf 30 88 31 88
139 4143 192 inf 31 92 31 91 31 90 31 89 31 88
140 4129 193 inf 26 90 27 90 28 90 28 89 29 89 29 88 29 87 30 87
141 4153 193 inf 31 88 30 88 30 87
142 4161 197 1.72562e+08 73 201 72 201
143 4154 197 1.72562e+08 71 200 71 201 72 201
144 4165 198 inf 43 96 42 96 41 96
145 4152 198 inf 38 96 39 96 40 96 41 96
146 4184 202 1.72562e+08 77 203 76 203 75 203 75 202 74 202 73 202
147 4161 202 1.72562e+08 72 201 73 201 73 202
148 4182 205 161338 63 113 63 112 62 112 61 112 60 112
149 4172 205 161338 60 111 60 112
150 4177 206 973916 50 100 50 101
151 4124 206 973916 44 109 45 109 46 109 47 109 48 109 48 108 48 107 49 107 49 106 50 106 50 105 50 104 50 103 50 102 50 101
152 4184 213 1.72562e+08 76 203 77 203
153 4193 213 1.72562e+08 78 204 77 204 77 203
154 4187 215 9543.74 108 171 108 172
155 4261 215 9543.74 105 188 106 188 107 188 107 187 107 186 107 185 107 184 107 183 107 182 107 181 107 180 107 179 107 178 107 177 107 176 107 175 107 174 107 173 107 172 108 172
156 4193 223 1.72562e+08 77 204 78 204 79 204
157 4209 223 1.72562e+08 80 205 79 205 79 204
158 4223 226 161338 63 104 64 104 64 105 64 106 64 107 64 108
159 4172 226 161338 60 112 60 111 60 110 60 109 60 108 60 107 61 107 62 107 63 107 64 107 64 108
160 4209 227 1.72562e+08 79 205 80 205
161 4214 227 1.72562e+08 81 206 80 206 80 205
162 4291 229 595381 96 125 95 125 94 125 93 125 92 125 91 125 90 125 89 125 89 126 88 126 88 127 87 127 86 127 86 128
163 4281 229 11443.7 93 124 93 125 92 125 91 125 90 125 89 125 89 126 88 126 88 127 87 127 86 127 86 128
164 4218 229 595381 85 127 86 127 86 128
165 4218 230 595381 86 127 85 127
166 4213 230 595381 84 126 84 127 85 127
167 4214 232 1.72562e+08 80 206 81 206
168 4227 232 1.72562e+08 82 207 81 207 81 206
169 4225 236 161338 61 101 61 102
170 4224 236 161338 63 103 62 103 61 103 61 102
171 4224 238 161338 62 103 63 103
172 4223 238 161338 64 104 63 104 63 103
173 4237 239 1.72562e+08 84 207 83 207 82 207
174 4227 239 1.72562e+08 81 207 82 207
175 4250 241 2.43214e+06 127 165 126 165 125 165 124 165
176 4234 241 2.43214e+06 125 163 125 164 125 165 124 165
177 4286 242 5562.5 100 130 99 130 98 130 97 130 97 131 96 131 95 131 95 132 94 132 94 133
178 4210 242 3.38553e+06 92 136 92 135 92 134 93 134 94 134 94 133
179 4231 242 3.38553e+06 97 137 97 136 96 136 96 135 96 134 95 134 94 134 94 133
180 4267 245 3.38553e+06 104 137 103 137 102 137 101 137 100 137 99 137
181 4231 245 3.38553e+06 97 136 97 137 98 137 99 137
182 4251 250 11443.7 81 118 81 117 80 117
183 4232 250 11443.7 77 117 78 117 79 117 80 117
184 4265 253 1.72562e+08 86 209 86 208 85 208 84 208
185 4237 253 1.72562e+08 83 207 84 207 84 208
186 4261 259 9543.74 106 188 105 188
187 4270 259 9543.74 104 191 105 191 105 190 105 189 105 188
188 4271 260 2687.5 129 167 129 166 128 166 127 166
189 4250 260 2.43214e+06 126 165 127 165 127 166
190 4262 260 2.43214e+06 127 167 127 166
191 4282 262 11443.7 88 119 87 119 86 119 85 119 85 118 84 118 83 118
192 4251 262 11443.7 81 117 81 118 82 118 83 118
193 4269 265 inf 61 94 60 94
194 4165 265 inf 42 96 43 96 44 96 45 96 46 96 47 96 48 96 49 96 50 96 51 96 52 96 53 96 54 96 55 96 55 95 56 95 57 95 58 95 59 95 59 94 60 94
195 4177 265 973916 50 101 50 100 50 99 50 98 51 98 51 97 52 97 53 97 54 97 54 96 55 96 55 95 56 95 57 95 58 95 59 95 59 94 60 94
196 4283 266 1.72562e+08 88 210 87 210 87 209 86 209
197 4265 266 1.72562e+08 86 208 86 209
198 4270 267 9543.74 105 191 104 191
199 4277 267 9543.74 104 193 104 192 104 191
200 4289 268 2.43214e+06 130 169 129 169 128 169 128 168 127 168
201 4279 268 2687.5 129 167 129 168 128 168 127 168
202 4262 268 2.43214e+06 127 166 127 167 127 168
203 4277 270 9543.74 104 192 104 193 104 194 103 194 102 194
204 4276 270 9543.74 101 195 102 195 102 194
205 4271 271 2687.5 129 166 129 167
206 4279 271 2687.5 129 168 129 167
207 4306 275 11443.7 94 120 94 121 94 122 94 123 94 124 93 124
208 4281 275 11443.7 93 125 93 124
209 4287 276 11443.7 89 119 88 119
210 4282 276 11443.7 87 119 88 119
211 4298 277 1.72562e+08 90 211 89 211 89 210 88 210
212 4283 277 1.72562e+08 87 210 88 210
213 4288 278 9543.74 101 197 101 198 100 198
214 4284 278 9543.74 99 198 100 198
215 4276 279 9543.74 102 195 101 195 101 196 101 197
216 4288 279 9543.74 101 198 101 197
217 4301 280 51143.7 130 157 129 157 128 157 127 157
218 4285 280 51143.7 126 157 127 157
219 4267 281 3.38553e+06 103 137 104 137 105 137 106 137 107 137 107 138 108 138
220 4187 281 9543.74 108 172 108 171 108 170 108 169 108 168 108 167 108 166 108 165 108 164 108 163 108 162 108 161 108 160 108 159 108 158 108 157 108 156 108 155 108 154 108 153 108 152 108 151 108 150 108 149 108 148 108 147 108 146 108 145 108 144 108 143 108 142 108 141 108 140 108 139 108 138
221 4328 281 8643.75 111 195 111 194 111 193 111 192 111 191 111 190 111 189 111 188 111 187 111 186 111 185 111 184 111 183 111 182 111 181 111 180 111 179 111 178 111 177 111 176 111 175 111 174 111 173 111 172 111 171 111 170 111 169 111 168 111 167 111 166 111 165 111 164 111 163 111 162 111 161 111 160 111 159 111 158 111 157 111 156 111 155 111 154 111 153 111 152 111 151 111 150 111 149 111 148 111 147 111 146 111 145 111 144 111 143 111 142 111 141 111 140 110 140 109 140 109 139 108 139 108 138
222 4314 281 3.38553e+06 116 141 115 141 114 141 113 141 112 141 112 140 111 140 110 140 109 140 109 139 108 139 108 138
223 4297 283 inf 64 92 63 92
224 4269 283 inf 60 94 61 94 61 93 62 93 63 93 63 92
225 4225 283 161338 61 102 61 101 61 100 61 99 61 98 61 97 61 96 61 95 61 94 61 93 62 93 63 93 63 92
226 4320 286 9981.25 133 171 132 171 132 170 131 170 130 170
227 4289 286 2.43214e+06 129 169 130 169 130 170
228 4319 286 2.43214e+06 130 174 130 173 130 172 130 171 130 170
229 4346 287 4831.26 95 115 95 116 95 117 94 117 93 117 92 117 91 117 91 118 90 118
230 4287 287 11443.7 88 119 89 119 90 119 90 118
231 4306 287 11443.7 94 121 94 120 93 120 92 120 92 119 91 119 90 119 90 118
232 4304 290 51143.7 131 157 130 157
233 4301 290 51143.7 129 157 130 157
234 4302 291 5562.5 99 126 99 127 99 128 99 129 100 129 101 129 102 129
235 4286 291 5562.5 99 130 100 130 101 130 102 130 102 129
236 4309 293 1.72562e+08 92 211 91 211
237 4298 293 1.72562e+08 89 211 90 211 91 211
238 4321 295 51143.7 134 158 133 158 132 158
239 4304 295 51143.7 130 157 131 157 131 158 132 158
240 4313 296 3.38553e+06 117 142 116 142
241 4314 296 3.38553e+06 115 141 116 141 116 142
242 4302 297 5562.5 99 127 99 126 99 125 99 124 98 124
243 4416 297 595381 109 119 108 119 107 119 106 119 105 119 104 119 103 119 102 119 102 120 101 120 101 121 100 121 100 122 100 123 99 123 99 124 98 124
244 4291 297 595381 95 125 96 125 97 125 98 125 98 124
245 4326 303 1.72562e+08 94 212 93 212 92 212
246 4309 303 1.72562e+08 91 211 92 211 92 212
247 4319 305 2.43214e+06 130 173 130 174
248 4324 305 2.43214e+06 130 175 130 174
249 4320 306 9981.25 132 171 133 171
250 4325 306 9981.25 133 172 133 171
251 4331 307 3.38553e+06 119 141 118 141 118 142
252 4313 307 3.38553e+06 116 142 117 142 118 142
253 4234 308 2.43214e+06 125 164 125 163 125 162 125 161 125 160 125 159 125 158 125 157 125 156 125 155 125 154 125 153 125 152 125 151 125 150 125 149 125 148 125 147 125 146 124 146 123 146
254 4285 308 51143.7 127 157 126 157 126 156 126 155 126 154 126 153 126 152 126 151 126 150 126 149 126 148 126 147 126 146 125 146 124 146 123 146
255 4337 308 2.43214e+06 123 144 123 145 123 146
256 4348 310 9981.25 136 173 136 172 135 172 134 172
257 4325 310 9981.25 133 171 133 172 134 172
258 4336 311 51143.7 136 157 135 157
259 4321 311 51143.7 133 158 134 158 134 157 135 157
260 4337 312 2.43214e+06 123 145 123 144 122 144 121 144 120 144 120 143 120 142 120 141 119 141
261 4372 312 12637.5 128 144 127 144 126 144 125 144 124 144 123 144 122 144 121 144 120 144 120 143 120 142 120 141 119 141
262 4342 312 3.38553e+06 121 141 120 141 119 141
263 4331 312 3.38553e+06 118 141 119 141
264 4359 314 8643.75 114 196 113 196 113 195 112 195
265 4328 314 8643.75 111 194 111 195 112 195
266 4324 316 2.43214e+06 130 174 130 175 130 176 129 176 129 177 129 178
267 4434 316 2.43214e+06 134 186 134 185 134 184 134 183 134 182 134 181 134 180 133 180 132 180 132 179 131 179 130 179 129 179 129 178
268 4357 317 1.72562e+08 96 214 96 213 95 213
269 4326 317 1.72562e+08 93 212 94 212 94 213 95 213
270 4349 320 51143.7 141 160 140 160
271 4350 320 51143.7 137 157 138 157 138 158 138 159 139 159 139 160 140 160
272 4350 321 51143.7 138 157 137 157
273 4336 321 51143.7 135 157 136 157 137 157
274 4363 323 inf 71 89 70 89 69 89
275 4297 323 inf 63 92 64 92 65 92 65 91 66 91 66 90 67 90 67 89 68 89 69 89
276 4369 324 9981.25 138 174 137 174 137 173 136 173
277 4348 324 9981.25 136 172 136 173
278 4406 328 3.38553e+06 126 137 125 137 124 137 124 138 124 139 123 139 122 139 122 140
279 4342 328 3.38553e+06 120 141 121 141 121 140 122 140
280 4376 331 1.72562e+08 98 215 98 214 97 214
281 4357 331 1.72562e+08 96 213 96 214 97 214
282 4383 332 8643.75 116 198 115 198 115 197 114 197
283 4359 332 8643.75 113 196 114 196 114 197
284 4407 333 4831.26 101 112 100 112 99 112 99 113 98 113 98 114 98 115
285 4346 333 4831.26 95 116 95 115 96 115 97 115 98 115
286 4363 334 inf 70 89 71 89 71 88
287 4368 334 inf 72 89 71 89 71 88
288 4388 337 9981.25 140 175 139 175 139 174 138 174
289 4369 337 9981.25 137 174 138 174
290 4385 339 998213 147 167 146 167
291 4402 339 998213 147 158 147 159 146 159 145 159 144 159 143 159 142 159 142 160 142 161 142 162 142 163 143 163 143 164 144 164 144 165 145 165 145 166 146 166 146 167
292 4349 339 51143.7 140 160 141 160 141 161 141 162 142 162 142 163 143 163 143 164 144 164 144 165 145 165 145 166 146 166 146 167
293 4400 340 inf 78 91 78 90 77 90 76 90 76 89 75 89 74 89
294 4368 340 inf 71 89 72 89 73 89 74 89
295 4393 341 1.72562e+08 100 216 100 215 99 215
296 4284 341 9543.74 100 198 99 198 99 199 99 200 99 201 99 202 99 203 99 204 99 205 99 206 99 207 99 208 99 209 99 210 99 211 99 212 99 213 99 214 99 215
297 4376 341 1.72562e+08 98 214 98 215 99 215
298 4383 343 8643.75 115 198 116 198
299 4394 343 8643.75 117 199 116 199 116 198
300 4414 346 9981.25 142 176 141 176 141 175 140 175
301 4388 346 9981.25 139 175 140 175
302 4428 350 3.38553e+06 127 136 127 137 126 137 126 138
303 4406 350 3.38553e+06 125 137 126 137 126 138
304 4419 351 1.72562e+08 102 217 102 216 101 216
305 4393 351 1.72562e+08 100 215 100 216 101 216
306 4394 353 8643.75 116 199 117 199 117 200 117 201 116 201
307 4420 353 8643.75 116 203 116 202 116 201
308 4433 356 2.43214e+06 131 189 131 188 131 187 131 186
309 4445 356 2.43214e+06 135 187 134 187 133 187 132 187 131 187 131 186
310 4415 357 3.38553e+06 134 144 133 144
311 4424 357 3.38553e+06 132 142 133 142 133 143 133 144
312 4372 357 12637.5 127 144 128 144 129 144 130 144 131 144 132 144 133 144
313 4430 358 4831.26 104 114 104 113 104 112 103 112 102 112 101 112
314 4407 358 4831.26 100 112 101 112
315 4453 361 9981.25 145 178 145 177 144 177 143 177 143 176 142 176
316 4422 361 2575 144 174 144 175 144 176 143 176 142 176
317 4414 361 9981.25 141 176 142 176
318 4423 362 998213 148 157 148 158
319 4402 362 998213 147 159 147 158 148 158
320 4425 363 3.38553e+06 131 141 131 140 130 140 130 139 129 139
321 4437 363 3.38553e+06 130 138 130 139 129 139
322 4425 366 3.38553e+06 131 140 131 141 132 141
323 4424 366 3.38553e+06 133 142 132 142 132 141
324 4444 367 1.72562e+08 105 217 104 217 103 217
325 4419 367 1.72562e+08 102 216 102 217 103 217
326 4460 370 3.38553e+06 141 145 140 145 139 145 139 146 139 147
327 4415 370 3.38553e+06 133 144 134 144 135 144 136 144 137 144 137 145 138 145 138 146 139 146 139 147
328 4443 371 3.38553e+06 129 137 129 136 128 136
329 4428 371 3.38553e+06 127 137 127 136 128 136
330 4462 373 595381 116 120 115 120 114 120 113 120 113 119 112 119 111 119 111 118 110 118
331 4416 373 595381 108 119 109 119 109 118 110 118
332 4551 374 2731.25 119 112 119 113 118 113 118 114 117 114 116 114 115 114 114 114 113 114 112 114 111 114 110 114 109 114 108 114 107 114 106 114
333 4486 374 4831.26 110 111 110 112 110 113 110 114 109 114 108 114 107 114 106 114
334 4430 374 4831.26 104 113 104 114 105 114 106 114
335 4554 375 7343.75 144 192 143 192 143 191 142 191 142 190 142 189 142 188 142 187 142 186 141 186 140 186 139 186 138 186 137 186 136 186 135 186
336 4541 375 9925 145 190 144 190 143 190 142 190 142 189 142 188 142 187 142 186 141 186 140 186 139 186 138 186 137 186 136 186 135 186
337 4434 375 2.43214e+06 134 185 134 186 135 186
338 4445 375 2.43214e+06 134 187 135 187 135 186
339 4465 379 3500 134 137 133 137 132 137 131 137 130 137
340 4443 379 3.38553e+06 129 136 129 137 130 137
341 4437 379 3.38553e+06 130 139 130 138 130 137
342 4449 380 inf 85 91 85 92
343 4400 380 inf 78 90 78 91 78 92 79 92 80 92 81 92 82 92 83 92 84 92 85 92
344 4477 381 21906.3 129 198 129 197 129 196 129 195 128 195 127 195
345 4458 381 21906.3 129 194 129 195 128 195 127 195
346 4455 382 998213 152 171 151 171
347 4385 382 998213 146 167 147 167 147 168 148 168 148 169 149 169 149 170 150 170 150 171 151 171
348 4422 382 2575 144 175 144 174 144 173 144 172 144 171 144 170 145 170 146 170 147 170 148 170 149 170 150 170 150 171 151 171
349 4472 383 1.72562e+08 109 218 108 218 107 218 106 218 105 218
350 4444 383 1.72562e+08 104 217 105 217 105 218
351 4510 384 9981.25 152 178 152 179 151 179 150 179 149 179 148 179 147 179 146 179 146 178 145 178
352 4453 384 9981.25 145 177 145 178
353 4464 386 21906.3 131 194 130 194
354 4458 386 21906.3 129 195 129 194 130 194
355 4433 387 2.43214e+06 131 188 131 189 131 190 131 191 131 192 132 192
356 4464 387 21906.3 130 194 131 194 131 193 131 192 132 192
357 4535 387 2.43214e+06 135 199 135 198 135 197 134 197 133 197 132 197 132 196 132 195 132 194 132 193 132 192
358 4423 388 998213 148 158 148 157 148 156 148 155 148 154 148 153 148 152 148 151 148 150 147 150 146 150 145 150 145 149 144 149 144 148 144 147 144 146 144 145 143 145 142 145 141 145
359 4468 388 3.38553e+06 141 143 141 144 141 145
360 4460 388 3.38553e+06 140 145 141 145
361 4470 390 595381 118 120 117 120 116 120
362 4462 390 595381 115 120 116 120
363 4475 391 37331.3 118 209 117 209 116 209
364 4420 391 8643.75 116 202 116 203 116 204 116 205 116 206 116 207 116 208 116 209
365 4463 391 37331.3 114 211 114 210 114 209 115 209 116 209
366 4467 392 998213 154 172 153 172
367 4455 392 998213 151 171 152 171 152 172 153 172
368 4510 392 9981.25 152 179 152 178 152 177 152 176 152 175 152 174 152 173 152 172 153 172
369 4482 393 3500 136 137 135 137 134 137
370 4465 393 3500 133 137 134 137
371 4488 394 inf 90 91 89 91 88 91
372 4449 394 inf 85 92 85 91 86 91 87 91 88 91
373 4476 395 21906.3 127 200 126 200
374 4503 395 21906.3 126 204 126 203 126 202 126 201 126 200
375 4499 399 998213 155 174 155 173 154 173
376 4467 399 998213 153 172 154 172 154 173
377 4548 400 3.38553e+06 149 142 149 143 148 143 147 143 146 143 145 143 144 143 143 143 142 143
378 4516 400 4325 138 135 138 136 138 137 138 138 138 139 139 139 139 140 139 141 139 142 140 142 141 142 141 143 142 143
379 4482 400 3500 135 137 136 137 136 138 137 138 138 138 138 139 139 139 139 140 139 141 139 142 140 142 141 142 141 143 142 143
380 4468 400 3.38553e+06 141 144 141 143 142 143
381 4470 401 595381 117 120 118 120 119 120
382 4484 401 595381 120 122 120 121 119 121 119 120
383 4502 402 1.72562e+08 110 220 110 219 109 219
384 4472 402 1.72562e+08 108 218 109 218 109 219
385 4489 403 21906.3 129 199 128 199 128 200
386 4476 403 21906.3 126 200 127 200 128 200
387 4477 404 21906.3 129 197 129 198 129 199
388 4489 404 21906.3 128 199 129 199
389 4500 406 4831.26 112 111 111 111
390 4486 406 4831.26 110 112 110 111 111 111
391 4511 410 998213 157 174 156 174
392 4499 410 998213 155 173 155 174 156 174
393 4522 411 4325 131 127 130 127 130 126 129 126 128 126 127 126 127 125 127 124 127 123 126 123 125 123 125 122 124 122
394 4646 411 595381 138 118 137 118 137 119 136 119 135 119 134 119 133 119 132 119 131 119 130 119 129 119 128 119 127 119 126 119 125 119 125 120 125 121 124 121 124 122
395 4484 411 595381 120 121 120 122 121 122 122 122 123 122 124 122
396 4539 412 4831.26 117 111 116 111 115 111 114 111 113 111
397 4500 412 4831.26 111 111 112 111 113 111
398 4540 414 1.72562e+08 114 221 114 220 113 220 112 220 111 220
399 4463 414 37331.3 114 210 114 211 114 212 114 213 114 214 114 215 114 216 114 217 114 218 114 219 114 220 113 220 112 220 111 220
400 4502 414 1.72562e+08 110 219 110 220 111 220
401 4533 415 37331.3 124 210 124 209 123 209 122 209
402 4475 415 37331.3 117 209 118 209 119 209 120 209 121 209 122 209
403 4521 417 4325 135 131 135 132 135 133 135 134 136 134 137 134 137 135 138 135
404 4516 417 4325 138 136 138 135
405 4527 419 4325 135 130 135 131
406 4521 419 4325 135 132 135 131
407 4527 420 4325 135 131 135 130 134 130
408 4522 420 4325 130 127 131 127 132 127 133 127 133 128 134 128 134 129 134 130
409 4530 421 4662.52 96 91 95 91
410 4531 421 4662.52 95 90 95 91
411 4552 425 inf 94 87 94 88 93 88
412 4488 425 inf 89 91 90 91 91 91 92 91 93 91 93 90 93 89 93 88
413 4531 425 4662.52 95 91 95 90 94 90 93 90 93 89 93 88
414 4589 427 2731.25 121 111 122 111 122 110 122 109 121 109 120 109 119 109 119 110 118 110 117 110 117 111
415 4618 427 4831.26 120 105 120 106 120 107 120 108 120 109 119 109 119 110 118 110 117 110 117 111
416 4539 427 4831.26 116 111 117 111
417 4541 428 9925 144 190 145 190
418 4634 428 9925 154 192 153 192 152 192 151 192 150 192 149 192 148 192 148 191 147 191 146 191 145 191 145 190
419 4572 434 2731.25 120 111 120 112 119 112
420 4551 434 2731.25 119 113 119 112
421 4580 435 1.72562e+08 118 221 117 221 116 221 115 221
422 4540 435 1.72562e+08 114 220 114 221 115 221
423 4595 436 2.43214e+06 140 201 140 200 139 200 139 199 138 199 137 199 136 199 136 200
424 4574 436 7343.75 143 194 143 195 142 195 142 196 141 196 141 197 141 198 140 198 140 199 139 199 138 199 137 199 136 199 136 200
425 4535 436 2.43214e+06 135 198 135 199 136 199 136 200
426 4592 438 3.38553e+06 159 147 158 147 157 147 156 147 156 146 155 146 154 146
427 4558 438 3.38553e+06 152 145 153 145 154 145 154 146
428 4570 439 3.38553e+06 152 143 152 144
429 4558 439 3.38553e+06 153 145 152 145 152 144
430 4573 444 inf 95 86 95 87
431 4552 444 inf 94 88 94 87 95 87
432 4554 445 7343.75 143 192 144 192 144 193
433 4574 445 7343.75 143 195 143 194 143 193 144 193
434 4570 448 3.38553e+06 152 144 152 143 152 142 151 142
435 4586 448 743563 152 141 152 142 151 142
436 4548 448 3.38553e+06 149 143 149 142 150 142 151 142
437 4589 449 2731.25 122 111 121 111 120 111
438 4572 449 2731.25 120 112 120 111
439 4511 453 998213 156 174 157 174 157 175 158 175 158 176 159 176 160 176 160 177 161 177
440 4584 453 998213 161 178 161 177
441 4599 457 743563 155 142 154 142 154 143
442 4600 457 743563 154 141 154 142 154 143
443 4600 458 743563 154 142 154 141 153 141 152 141
444 4586 458 743563 152 142 152 141
445 4603 461 1.72562e+08 120 222 119 222 118 222
446 4604 461 5318.75 122 220 121 220 120 220 119 220 119 221 119 222 118 222
447 4580 461 1.72562e+08 117 221 118 221 118 222
448 4602 463 inf 98 86 98 85 97 85
449 4573 463 inf 95 87 95 86 95 85 96 85 97 85
450 4615 466 3.38553e+06 162 147 161 147 160 147
451 4592 466 3.38553e+06 158 147 159 147 160 147
452 4653 467 10131.2 164 143 163 143 163 142 162 142 162 141 161 141 160 141 159 141 158 141 157 141 156 141 155 141 155 142
453 4718 467 743563 165 133 165 134 165 135 165 136 165 137 165 138 165 139 164 139 163 139 162 139 162 140 162 141 161 141 160 141 159 141 158 141 157 141 156 141 155 141 155 142
454 4599 467 743563 154 142 155 142
455 4631 468 1.72562e+08 123 223 122 223 122 222 121 222 120 222
456 4603 468 1.72562e+08 119 222 120 222
457 4619 469 5318.75 123 221 123 220 122 220
458 4604 469 5318.75 121 220 122 220
459 4595 470 2.43214e+06 140 200 140 201 140 202
460 4639 470 2.43214e+06 141 206 141 205 141 204 140 204 140 203 140 202
461 4627 474 998213 165 180 165 179 164 179
462 4584 474 998213 161 177 161 178 162 178 163 178 163 179 164 179
463 4641 484 4831.26 123 104 122 104 121 104 120 104
464 4618 484 4831.26 120 106 120 105 120 104
465 4677 485 1.72562e+08 133 221 133 222 132 222 131 222 130 222 129 222 129 221 128 221 127 221 126 221 125 221 124 221
466 4619 485 5318.75 123 220 123 221 124 221
467 4638 485 1.72562e+08 124 223 124 222 124 221
468 4654 486 37331.3 137 212 137 213 136 213 135 213 134 213 133 213 132 213
469 4503 486 21906.3 126 203 126 204 125 204 125 205 125 206 125 207 125 208 125 209 125 210 126 210 126 211 127 211 128 211 128 212 129 212 130 212 130 213 131 213 132 213
470 4533 486 37331.3 124 209 124 210 125 210 126 210 126 211 127 211 128 211 128 212 129 212 130 212 130 213 131 213 132 213
471 4660 487 9925 160 191 159 191 158 191 157 191 156 191 155 191 154 191
472 4634 487 9925 153 192 154 192 154 191
473 4657 489 3.38553e+06 173 152 173 151 173 150 173 149 173 148 172 148 171 148 170 148 170 147 169 147 168 147 167 147 166 147 165 147 164 147
474 4725 489 2568.75 184 152 184 151 184 150 183 150 182 150 182 149 182 148 181 148 180 148 180 147 179 147 179 146 178 146 177 146 176 146 175 146 174 146 173 146 172 146 171 146 170 146 169 146 168 146 168 145 167 145 166 145 165 145 165 146 164 146 164 147
475 4645 489 151181 164 144 164 145 164 146 164 147
476 4615 489 3.38553e+06 161 147 162 147 163 147 164 147
477 4638 491 1.72562e+08 124 222 124 223 123 223
478 4631 491 1.72562e+08 122 223 123 223
479 4642 493 998213 167 181 167 180 166 180
480 4627 493 998213 165 179 165 180 166 180
481 4655 493 47018.7 165 185 165 184 165 183 165 182 165 181 165 180 166 180
482 4656 494 3.38553e+06 182 160 181 160 180 160 179 160 179 161
483 4657 494 3.38553e+06 173 151 173 152 173 153 173 154 173 155 173 156 173 157 173 158 174 158 175 158 175 159 176 159 176 160 177 160 178 160 179 160 179 161
484 4639 497 2.43214e+06 141 205 141 206 142 206
485 4650 497 2.43214e+06 142 207 142 206
486 4772 498 3043.75 142 102 142 101 141 101 140 101 139 101 138 101 137 101 136 101 135 101 135 102 134 102 133 102 132 102 131 102 130 102 129 102 128 102 127 102 127 103 126 103 125 103 124 103 123 103
487 4746 498 2862.5 131 96 131 97 131 98 130 98 129 98 128 98 128 99 128 100 128 101 128 102 127 102 127 103 126 103 125 103 124 103 123 103
488 4695 498 4831.26 127 98 127 99 128 99 128 100 128 101 128 102 127 102 127 103 126 103 125 103 124 103 123 103
489 4641 498 4831.26 122 104 123 104 123 103
490 4663 501 998213 169 182 169 181 168 181
491 4642 501 998213 167 180 167 181 168 181
492 4769 502 27350 185 144 184 144 183 144 182 144 181 144 180 144 179 144 178 144 177 144 176 144 175 144 174 144 173 144 172 144 171 144 170 144 169 144 168 144 167 144 166 144 165 144
493 4670 502 151181 168 143 167 143 166 143 165 143 165 144
494 4652 502 10131.2 164 143 164 144 165 144
495 4645 502 151181 164 145 164 144 165 144
496 4653 503 10131.2 163 143 164 143
497 4652 503 10131.2 164 144 164 143
498 4726 504 595381 147 114 146 114 146 115 145 115 145 116 145 117 144 117 143 117 142 117 141 117 140 117 139 117 138 117
499 4646 504 595381 137 118 138 118 138 117
500 4658 505 inf 107 85 106 85
501 4602 505 inf 98 85 98 86 99 86 100 86 100 87 101 87 102 87 102 86 103 86 103 85 104 85 105 85 106 85
502 4530 505 4662.52 95 91 96 91 97 91 98 91 99 91 99 90 100 90 101 90 101 89 102 89 102 88 102 87 102 86 103 86 103 85 104 85 105 85 106 85
503 4659 506 37331.3 139 212 138 212
504 4654 506 37331.3 137 213 137 212 138 212
505 4661 507 9925 161 190 160 190
506 4660 507 9925 159 191 160 191 160 190
507 4665 509 9925 164 188 163 188
508 4662 509 9925 162 189 162 188 163 188
509 4655 510 47018.7 165 184 165 185 165 186
510 4665 510 9925 163 188 164 188 165 188 165 187 165 186
511 4669 510 47018.7 166 187 165 187 165 186
512 4683 511 3.38553e+06 187 160 186 160 186 161 185 161 184 161
513 4656 511 3.38553e+06 181 160 182 160 182 161 183 161 184 161
514 4676 512 inf 110 84 109 84 108 84 107 84
515 4658 512 inf 106 85 107 85 107 84
516 4659 513 37331.3 138 212 139 212 140 212
517 4667 513 37331.3 140 213 140 212
518 4662 514 9925 162 188 162 189 162 190
519 4661 514 9925 160 190 161 190 162 190
520 4680 515 998213 172 183 172 182 171 182 170 182
521 4663 515 998213 169 181 169 182 170 182
522 4679 518 47018.7 167 188 167 187 166 187
523 4669 518 47018.7 165 187 166 187
524 4693 520 151181 169 140 169 141 169 142 169 143 168 143
525 4670 520 151181 167 143 168 143
526 4686 521 211819 179 177 178 177 177 177 177 178 176 178
527 4685 521 211819 176 180 176 179 176 178
528 4705 523 1.72562e+08 136 223 136 222 135 222 135 221 134 221
529 4677 523 1.72562e+08 133 222 133 221 134 221
530 4679 526 47018.7 167 187 167 188 168 188
531 4702 526 47018.7 169 189 168 189 168 188
532 4723 527 998213 177 184 176 184 175 184 174 184 174 183 173 183
533 4685 527 211819 176 179 176 180 176 181 176 182 176 183 175 183 174 183 173 183
534 4680 527 998213 172 182 172 183 173 183
535 4690 528 211819 180 177 179 177
536 4686 528 211819 178 177 179 177
537 4691 529 211819 181 176 180 176
538 4690 529 211819 179 177 180 177 180 176
539 4696 532 4831.26 126 98 126 97 125 97
540 4697 532 4831.26 125 96 125 97
541 4708 533 211819 185 174 184 174 183 174 183 175 182 175
542 4691 533 211819 180 176 181 176 182 176 182 175
543 4777 534 10575 180 138 179 138 178 138 177 138 177 139 176 139 175 139 174 139 173 139 172 139 171 139 170 139 169 139 169 140
544 4797 534 151181 178 134 178 135 178 136 178 137 178 138 177 138 177 139 176 139 175 139 174 139 173 139 172 139 171 139 170 139 169 139 169 140
545 4693 534 151181 169 141 169 140
546 4696 536 4831.26 126 97 126 98 127 98
547 4695 536 4831.26 127 99 127 98
548 4706 537 1.72562e+08 141 218 140 218
549 4698 537 1.72562e+08 139 219 139 218 140 218
550 4717 542 3.38553e+06 193 162 193 161 192 161 191 161
551 4704 542 3.38553e+06 190 160 190 161 191 161
552 4725 543 2568.75 184 151 184 152 185 152 186 152 186 153 187 153 188 153 188 154 189 154 189 155 190 155 190 156 190 157 190 158 190 159 190 160
553 4683 543 3.38553e+06 186 160 187 160 188 160 189 160 190 160
554 4704 543 3.38553e+06 190 161 190 160
555 4721 544 inf 116 84 115 84 114 84
556 4676 544 inf 109 84 110 84 111 84 112 84 113 84 114 84
557 4739 545 4793.75 139 224 138 224 138 223 137 223 136 223
558 4698 545 1.72562e+08 139 218 139 219 139 220 138 220 138 221 138 222 138 223 137 223 136 223
559 4705 545 1.72562e+08 136 222 136 223
560 4716 546 3.38553e+06 194 162 194 163 195 163 195 164
561 4724 546 3.38553e+06 196 165 195 165 195 164
562 4716 547 3.38553e+06 194 163 194 162 193 162
563 4717 547 3.38553e+06 193 161 193 162
564 4702 550 47018.7 168 189 169 189 169 190 170 190
565 4733 550 47018.7 171 191 170 191 170 190
566 4727 554 2.43214e+06 149 213 148 213
567 4650 554 2.43214e+06 142 206 142 207 142 208 142 209 142 210 142 211 142 212 142 213 143 213 144 213 145 213 146 213 147 213 148 213
568 4667 554 37331.3 140 212 140 213 141 213 142 213 143 213 144 213 145 213 146 213 147 213 148 213
569 4723 555 998213 176 184 177 184
570 4884 555 998213 195 188 194 188 193 188 192 188 192 187 191 187 190 187 189 187 189 186 188 186 187 186 186 186 185 186 184 186 184 185 183 185 182 185 181 185 180 185 179 185 178 185 177 185 177 184
571 4724 557 3.38553e+06 195 165 196 165
572 4735 557 3.38553e+06 196 166 196 165
573 4750 559 47018.7 172 192 172 191 171 191
574 4733 559 47018.7 170 191 171 191
575 4744 560 743563 167 132 167 133
576 4718 560 743563 165 134 165 133 166 133 167 133
577 4747 561 inf 118 83 117 83
578 4721 561 inf 115 84 116 84 116 83 117 83
579 4787 562 4793.75 147 225 146 225 145 225 144 225 144 224 143 224 142 224 141 224 140 224 139 224
580 4739 562 4793.75 138 224 139 224
581 4757 569 743563 168 130 168 131 167 131
582 4744 569 743563 167 133 167 132 167 131
583 4762 570 inf 120 81 120 82 119 82 118 82
584 4747 570 inf 117 83 118 83 118 82
585 4752 571 1.72562e+08 150 216 149 216
586 4727 571 2.43214e+06 148 213 149 213 149 214 149 215 149 216
587 4706 571 1.72562e+08 140 218 141 218 142 218 143 218 144 218 144 217 144 216 145 216 146 216 147 216 148 216 149 216
588 4763 572 47018.7 175 193 174 193 174 192 173 192
589 4750 572 47018.7 172 191 172 192 173 192
590 4779 578 3043.75 144 103 144 102 143 102 142 102
591 4772 578 3043.75 142 101 142 102
592 4781 579 inf 122 80 122 81 121 81
593 4762 579 inf 120 82 120 81 121 81
594 4792 581 47018.7 178 194 177 194 177 193 176 193
595 4763 581 47018.7 174 193 175 193 176 193
596 4776 582 27350 186 145 186 144 185 144
597 4769 582 27350 184 144 185 144
598 4778 583 743563 169 127 169 128
599 4757 583 743563 168 131 168 130 168 129 168 128 169 128
600 4788 584 1.72562e+08 155 217 155 216 154 216
601 4752 584 1.72562e+08 149 216 150 216 151 216 152 216 153 216 154 216
602 4815 586 595381 156 110 155 110 155 111 154 111 153 111
603 4779 586 3043.75 144 102 144 103 144 104 144 105 144 106 144 107 144 108 144 109 145 109 146 109 147 109 148 109 149 109 149 110 150 110 150 111 151 111 152 111 153 111
604 4726 586 595381 146 114 147 114 148 114 149 114 149 113 149 112 149 111 150 111 151 111 152 111 153 111
605 4787 587 4793.75 146 225 147 225 147 224
606 4819 587 4793.75 149 226 148 226 148 225 147 225 147 224
607 4795 592 27350 190 146 189 146
608 4796 592 27350 188 145 189 145 189 146
609 4796 593 27350 189 145 188 145
610 4776 593 27350 186 144 186 145 187 145 188 145
611 4842 594 10575 188 139 187 139 187 138 186 138 185 138 184 138 183 138 182 138 181 138
612 4777 594 10575 179 138 180 138 181 138
613 4798 595 743563 170 126 170 127
614 4778 595 743563 169 128 169 127 170 127
615 4697 596 4831.26 125 97 125 96 125 95 125 94 125 93 125 92 125 91 125 90 125 89 125 88 125 87 125 86 125 85 125 84 125 83 125 82 125 81 125 80 124 80 123 80
616 4818 596 inf 125 79 125 80 124 80 123 80
617 4781 596 inf 122 81 122 80 123 80
618 4812 600 27350 196 151 197 151 197 152
619 4806 600 27350 197 153 197 152
620 4812 601 27350 197 151 196 151
621 4813 601 27350 194 149 195 149 195 150 196 150 196 151
622 4813 602 27350 195 149 194 149 194 148 193 148
623 4857 602 5181.25 195 144 195 145 195 146 195 147 195 148 194 148 193 148
624 4814 602 27350 193 147 193 148
625 4834 603 3087.5 190 142 190 143 190 144 190 145 190 146 191 146
626 4795 603 27350 189 146 190 146 191 146
627 4814 603 27350 193 148 193 147 192 147 191 147 191 146
628 4835 604 151181 182 134 181 134 180 134 179 134
629 4797 604 151181 178 135 178 134 179 134
630 4836 605 743563 173 125 172 125 172 126 171 126
631 4798 605 743563 170 127 170 126 171 126
632 4837 608 1.72562e+08 160 217 159 217 158 217 157 217
633 4788 608 1.72562e+08 155 216 155 217 156 217 157 217
634 4746 613 2862.5 131 97 131 96 131 95 131 94 131 93 131 92 131 91 131 90 131 89 131 88 131 87 131 86 131 85 131 84 131 83 131 82 131 81 131 80 130 80 130 79 129 79 128 79 127 79 126 79 125 79
635 4873 613 inf 133 80 132 80 131 80 130 80 130 79 129 79 128 79 127 79 126 79 125 79
636 4968 613 10987.5 138 76 137 76 136 76 135 76 134 76 133 76 132 76 132 77 132 78 132 79 131 79 130 79 129 79 128 79 127 79 126 79 125 79
637 4818 613 inf 125 80 125 79
638 4828 614 4793.75 150 226 149 226
639 4819 614 4793.75 148 226 149 226
640 4831 616 47018.7 182 194 181 194
641 4792 616 47018.7 177 194 178 194 179 194 180 194 181 194
642 4735 617 3.38553e+06 196 165 196 166 197 166 198 166 199 166 200 166 201 166 202 166 203 166 204 166 205 166 206 166 207 166 208 166 209 166 210 166 210 165
643 4840 617 3.38553e+06 211 166 210 166 210 165
644 4841 620 3087.5 190 141 190 142
645 4834 620 3087.5 190 143 190 142
646 4843 621 595381 160 111 159 111
647 4815 621 595381 155 110 156 110 157 110 157 111 158 111 159 111
648 4844 622 4793.75 151 227 150 227
649 4828 622 4793.75 149 226 150 226 150 227
650 4861 624 47018.7 184 196 184 195 183 195 182 195
651 4831 624 47018.7 181 194 182 194 182 195
652 4850 625 3087.5 190 140 189 140 189 139 188 139
653 4870 625 10575 192 139 191 139 190 139 189 139 188 139
654 4842 625 10575 187 139 188 139
655 4898 626 151181 188 132 187 132 186 132 185 132 184 132 183 132 183 133 183 134
656 4835 626 151181 181 134 182 134 183 134
657 4851 627 743563 173 123 173 124
658 4836 627 743563 172 125 173 125 173 124
659 4855 630 3.38553e+06 213 166 212 166
660 4840 630 3.38553e+06 210 166 211 166 212 166
661 4850 632 3087.5 189 140 190 140
662 4841 632 3087.5 190 142 190 141 190 140
663 4859 633 4793.75 153 227 152 227
664 4844 633 4793.75 150 227 151 227 152 227
665 4900 635 743563 176 120 176 121 175 121 175 122 174 122 174 123
666 4851 635 743563 173 124 173 123 174 123
667 4869 637 5181.25 195 142 195 143
668 4857 637 5181.25 195 145 195 144 195 143
669 4920 640 47018.7 189 197 188 197 187 197 186 197 186 196 185 196
670 4861 640 47018.7 184 195 184 196 185 196
671 4919 640 5818.75 184 201 185 201 185 200 185 199 185 198 185 197 185 196
672 4879 642 10575 194 140 193 140
673 4880 642 3425 192 138 192 139 193 139 193 140
674 4870 642 10575 191 139 192 139 193 139 193 140
675 4882 643 inf 134 80 133 80
676 4873 643 inf 132 80 133 80
677 4913 644 4793.75 158 228 157 228 156 228 155 228 154 228
678 4859 644 4793.75 152 227 153 227 153 228 154 228
679 4837 645 1.72562e+08 159 217 160 217 161 217 162 217 163 217 164 217 165 217
680 4946 645 4793.75 163 226 163 225 163 224 163 223 163 222 163 221 163 220 163 219 163 218 163 217 164 217 165 217
681 4888 645 1.72562e+08 166 218 165 218 165 217
682 4885 647 5181.25 197 142 196 142
683 4878 647 3012.5 195 141 195 142 196 142
684 4869 647 5181.25 195 143 195 142 196 142
685 4908 648 10575 196 139 195 139 195 140 195 141
686 4879 648 10575 193 140 194 140 195 140 195 141
687 4878 648 3012.5 195 142 195 141
688 4911 651 inf 137 81 137 80 136 80 135 80
689 4882 651 inf 133 80 134 80 135 80
690 4929 652 1.72562e+08 168 219 167 219 167 218 166 218
691 4888 652 1.72562e+08 165 218 166 218
692 4921 654 998213 198 188 197 188 196 188
693 4884 654 998213 194 188 195 188 196 188
694 4948 654 47018.7 195 193 196 193 196 192 196 191 196 190 196 189 196 188
695 4898 656 151181 187 132 188 132
696 4897 656 151181 189 133 188 133 188 132
697 4919 658 5818.75 185 201 184 201
698 4918 658 5818.75 183 202 184 202 184 201
699 4904 659 47018.7 190 194 190 195 190 196 189 196
700 4920 659 47018.7 188 197 189 197 189 196
701 4937 659 6843.75 190 198 190 197 189 197 189 196
702 4907 661 inf 215 158 215 159 215 160 215 161 215 162 215 163 215 164 215 165 216 165 216 166 216 167 216 168 217 168
703 4855 661 3.38553e+06 212 166 213 166 214 166 215 166 216 166 216 167 216 168 217 168
704 4933 661 inf 218 169 217 169 217 168
705 4950 662 inf 216 155 216 156 215 156 215 157 215 158
706 4806 662 27350 197 152 197 153 197 154 197 155 198 155 199 155 200 155 201 155 202 155 203 155 204 155 205 155 206 155 207 155 207 156 208 156 209 156 210 156 211 156 212 156 213 156 214 156 214 157 215 157 215 158
707 4907 662 inf 215 159 215 158
708 4924 663 3425 193 135 192 135
709 4880 663 3425 192 139 192 138 192 137 192 136 192 135
710 4946 666 4793.75 163 225 163 226 163 227 163 228 162 228 161 228 160 228 159 228 158 228
711 4913 666 4793.75 157 228 158 228
712 4938 668 47018.7 194 194 193 194 192 194
713 4904 668 47018.7 190 195 190 194 191 194 192 194
714 4944 673 inf 141 82 141 81 140 81 139 81
715 4911 673 inf 137 80 137 81 138 81 139 81
716 4957 674 1.72562e+08 170 220 170 219 169 219 168 219
717 4929 674 1.72562e+08 167 219 168 219
718 4948 675 47018.7 196 193 195 193 194 193
719 4938 675 47018.7 193 194 194 194 194 193
720 4965 677 151181 192 130 192 131 192 132 192 133
721 4897 677 151181 188 133 189 133 190 133 191 133 192 133
722 4918 678 5818.75 184 202 183 202 183 203 183 204 183 205
723 4936 678 5818.75 182 205 183 205
724 4996 679 6843.75 195 199 194 199 193 199 193 198 192 198 191 198 190 198
725 4937 679 6843.75 190 197 190 198
726 4906 680 998213 199 185 199 186 199 187 199 188 199 189
727 4921 680 998213 197 188 198 188 198 189 199 189
728 4953 683 3425 195 134 194 134
729 4924 683 3425 192 135 193 135 194 135 194 134
730 4966 688 inf 146 84 145 84 145 83 144 83
731 4967 688 inf 143 82 144 82 144 83
732 4967 689 inf 144 82 143 82
733 4944 689 inf 141 81 141 82 142 82 143 82
734 4936 690 5818.75 183 205 182 205 182 206 182 207 182 208
735 4958 690 5818.75 180 209 181 209 181 208 182 208
736 4973 692 151181 193 130 192 130
737 4965 692 151181 192 131 192 130
738 4985 695 inf 149 86 149 85 148 85 147 85
739 4976 695 inf 146 84 147 84 147 85
740 4976 696 inf 147 84 146 84
741 4966 696 inf 145 84 146 84
742 4980 698 1.72562e+08 172 220 171 220
743 4957 698 1.72562e+08 170 219 170 220 171 220
744 4933 702 inf 217 169 218 169 218 170 219 170 220 170 220 171
745 4991 702 inf 221 172 220 172 220 171
746 4992 704 inf 151 87 151 86 150 86
747 4985 704 inf 149 85 149 86 150 86
748 5004 706 10987.5 141 75 141 76 140 76
749 4968 706 10987.5 137 76 138 76 139 76 140 76
750 4996 709 6843.75 194 199 195 199 195 198
751 5088 709 6843.75 197 207 197 206 197 205 197 204 197 203 197 202 197 201 197 200 196 200 195 200 195 199 195 198
752 4998 712 211819 212 182 211 182
753 4708 712 211819 184 174 185 174 186 174 187 174 188 174 188 173 189 173 190 173 191 173 192 173 193 173 194 173 195 173 196 173 197 173 198 173 199 173 199 174 200 174 201 174 202 174 203 174 204 174 205 174 205 175 206 175 207 175 207 176 207 177 207 178 207 179 208 179 208 180 208 181 209 181 210 181 210 182 211 182
754 5017 725 inf 154 88 154 87 153 87
755 4992 725 inf 151 86 151 87 152 87 153 87
756 5042 728 5818.75 181 217 181 216 181 215 180 215
757 5049 728 3200 184 215 183 215 182 215 181 215 180 215
758 4958 728 5818.75 181 209 180 209 180 210 180 211 180 212 180 213 180 214 180 215
759 5024 729 998213 213 183 212 183
760 4998 729 211819 211 182 212 182 212 183
761 4906 729 998213 199 186 199 185 199 184 199 183 200 183 201 183 202 183 203 183 204 183 205 183 206 183 207 183 208 183 209 183 210 183 211 183 212 183
762 4991 731 inf 220 172 221 172 221 173 221 174
763 5011 731 inf 220 175 220 174 221 174
764 5041 733 1.72562e+08 175 223 175 222 174 222
765 4980 733 1.72562e+08 171 220 172 220 172 221 173 221 173 222 174 222
766 5011 736 inf 220 174 220 175 220 176
767 5046 736 inf 221 177 220 177 220 176
768 5017 737 inf 154 87 154 88 155 88 156 88
769 5029 737 inf 157 89 156 89 156 88
770 5066 741 3743.75 159 86 159 87 159 88 159 89 158 89
771 5029 741 inf 156 89 157 89 158 89
772 5037 741 inf 159 90 158 90 158 89
773 5059 743 1.72562e+08 176 224 176 223 175 223
774 5042 743 5818.75 181 216 181 217 181 218 181 219 181 220 181 221 181 222 181 223 180 223 179 223 178 223 177 223 176 223 175 223
775 5041 743 1.72562e+08 175 222 175 223
776 5053 745 inf 163 92 162 92 162 91 161 91
777 5048 745 inf 160 91 161 91
778 5037 746 inf 158 90 159 90 160 90
779 5048 746 inf 161 91 160 91 160 90
780 5055 747 10987.5 143 72 143 73
781 5004 747 10987.5 141 76 141 75 141 74 141 73 142 73 143 73
782 5073 748 3200 187 215 186 215 185 215 184 215
783 5049 748 3200 183 215 184 215
784 5061 751 inf 165 93 164 93 164 92 163 92
785 5053 751 inf 162 92 163 92
786 5072 753 1.72562e+08 177 225 177 224 176 224
787 5059 753 1.72562e+08 176 223 176 224
788 5055 756 10987.5 143 73 143 72 144 72
789 5070 756 10987.5 146 73 145 73 144 73 144 72
790 5046 758 inf 220 177 221 177 222 177 222 178 222 179
791 5080 758 inf 223 180 222 180 222 179
792 5075 759 inf 168 94 167 94 167 93 166 93
793 5061 759 inf 164 93 165 93 166 93
794 5083 761 10987.5 148 73 147 73 146 73
795 5070 761 10987.5 145 73 146 73
796 5085 762 1.72562e+08 178 226 178 225 177 225
797 5072 762 1.72562e+08 177 224 177 225
798 5096 765 3743.75 161 85 161 86 160 86
799 5066 765 3743.75 159 87 159 86 160 86
800 5073 767 3200 186 215 187 215 188 215
801 5086 767 3200 188 216 188 215
802 5088 768 6843.75 197 206 197 207 196 207
803 5087 768 6843.75 195 208 196 208 196 207
804 5091 770 998213 218 186 217 186
805 5024 770 998213 212 183 213 183 213 184 214 184 215 184 215 185 216 185 217 185 217 186
806 5080 772 inf 222 180 223 180
807 5102 772 inf 223 182 223 181 223 180
808 5111 774 40262.4 165 87 164 87 163 87
809 5112 774 40262.4 163 85 163 86 163 87
810 5096 775 3743.75 161 86 161 85 161 84 160 84 160 83 159 83
811 5113 775 40262.4 162 84 161 84 160 84 160 83 159 83
812 5127 775 40262.4 160 80 160 81 160 82 160 83 159 83
813 5116 778 1.72562e+08 181 226 180 226 179 226
814 5085 778 1.72562e+08 178 225 178 226 179 226
815 5104 781 71531.3 225 149 226 149
816 5106 781 71531.3 228 150 227 150 226 150 226 149
817 5107 782 inf 225 147 225 148
818 4950 782 inf 216 156 216 155 217 155 217 154 218 154 219 154 220 154 221 154 222 154 223 154 223 153 223 152 223 151 223 150 224 150 225 150 225 149 225 148
819 5104 782 71531.3 226 149 225 149 225 148
820 5107 783 inf 225 148 225 147 224 147
821 5108 783 inf 224 146 224 147
822 5108 784 inf 224 147 224 146 223 146
823 5120 784 inf 224 145 223 145 223 146
824 5110 786 40262.4 166 88 165 88
825 5111 786 40262.4 164 87 165 87 165 88
826 5091 788 998213 217 186 218 186 219 186 220 186
827 5119 788 998213 220 187 220 186
828 5115 789 40262.4 153 76 154 76
829 5125 789 40262.4 157 78 156 78 155 78 154 78 154 77 154 76
830 5176 790 40262.4 160 75 159 75 159 74 158 74 157 74 156 74 155 74 154 74 153 74 152 74
831 5083 790 10987.5 147 73 148 73 148 74 149 74 150 74 151 74 152 74
832 5115 790 40262.4 154 76 153 76 152 76 152 75 152 74
833 5126 791 inf 174 95 174 94 173 94
834 5162 791 40262.4 174 90 173 90 173 91 173 92 173 93 173 94
835 5122 791 40262.4 169 90 169 91 169 92 169 93 170 93 171 93 172 93 172 94 173 94
836 5075 791 inf 167 94 168 94 169 94 170 94 171 94 172 94 173 94
837 5110 792 40262.4 165 88 166 88 166 89 167 89 167 90 168 90 169 90
838 5122 792 40262.4 169 91 169 90
839 5119 796 998213 220 186 220 187 221 187
840 5134 796 998213 221 188 221 187
841 5135 797 inf 177 96 176 96 176 95 175 95
842 5126 797 inf 174 94 174 95 175 95
843 5113 798 40262.4 161 84 162 84 163 84 164 84
844 5112 798 40262.4 163 86 163 85 163 84 164 84
845 5142 800 1.72562e+08 184 227 183 227 182 227
846 5116 800 1.72562e+08 180 226 181 226 181 227 182 227
847 5102 801 inf 223 181 223 182 223 183 223 184 223 185 223 186
848 5139 801 inf 223 187 223 186
849 5146 803 inf 179 97 179 96 178 96 177 96
850 5135 803 inf 176 96 177 96
851 5138 805 1.87036e+06 190 220 189 220 189 221
852 5150 805 1.87036e+06 188 224 188 223 188 222 189 222 189 221
853 5143 806 1.87036e+06 191 219 191 220 190 220
854 5086 806 3200 188 215 188 216 188 217 188 218 188 219 189 219 190 219 190 220
855 5138 806 1.87036e+06 189 220 190 220
856 5167 807 1.87036e+06 195 218 194 218 193 218 192 218 191 218 191 219
857 5087 807 6843.75 196 208 195 208 194 208 193 208 192 208 192 209 191 209 190 209 190 210 190 211 190 212 190 213 190 214 190 215 190 216 190 217 190 218 191 218 191 219
858 5143 807 1.87036e+06 191 220 191 219
859 5139 810 inf 223 186 223 187 223 188 222 188
860 5134 810 998213 221 187 221 188 222 188
861 5156 810 inf 223 189 222 189 222 188
862 5125 811 40262.4 156 78 157 78 157 79 158 79 159 79 160 79 161 79
863 5127 811 40262.4 160 81 160 80 160 79 161 79
864 5249 813 10637.5 256 163 256 164 256 165 255 165 254 165 253 165 252 165 251 165 250 165 249 165 248 165 247 165 246 165
865 5145 813 8.47227e+07 246 164 246 165
866 5439 813 722325 254 196 254 195 254 194 254 193 254 192 254 191 254 190 255 190 256 190 256 189 256 188 256 187 256 186 256 185 256 184 256 183 256 182 256 181 256 180 256 179 256 178 256 177 256 176 255 176 255 175 254 175 254 174 253 174 252 174 252 173 251 173 251 172 250 172 250 171 249 171 249 170 248 170 248 169 247 169 247 168 247 167 247 166 246 166 246 165
867 5568 813 3943.75 265 210 266 210 267 210 267 209 267 208 267 207 267 206 267 205 267 204 267 203 267 202 267 201 267 200 267 199 267 198 267 197 267 196 267 195 267 194 267 193 267 192 267 191 267 190 267 189 267 188 267 187 267 186 267 185 266 185 265 185 265 184 264 184 263 184 263 183 263 182 263 181 263 180 263 179 262 179 261 179 260 179 259 179 258 179 258 178 258 177 258 176 257 176 256 176 255 176 255 175 254 175 254 174 253 174 252 174 252 173 251 173 251 172 250 172 250 171 249 171 249 170 248 170 248 169 247 169 247 168 247 167 247 166 246 166 246 165
868 5474 813 8.47227e+07 271 185 270 185 270 184 269 184 269 183 268 183 267 183 266 183 266 182 266 181 265 181 264 181 263 181 263 180 263 179 262 179 261 179 260 179 259 179 258 179 258 178 258 177 258 176 257 176 256 176 255 176 255 175 254 175 254 174 253 174 252 174 252 173 251 173 251 172 250 172 250 171 249 171 249 170 248 170 248 169 247 169 247 168 247 167 247 166 246 166 246 165
869 5364 816 6.42514e+06 199 235 199 234 198 234 198 233 197 233 197 232 196 232 196 231 195 231 194 231 193 231 192 231 192 230 191 230 190 230 189 230 188 230 188 229 187 229 186 229 186 228 185 228 184 228
870 5365 816 5156.25 205 229 204 229 203 229 202 229 202 230 201 230 200 230 199 230 198 230 197 230 197 231 196 231 195 231 194 231 193 231 192 231 192 230 191 230 190 230 189 230 188 230 188 229 187 229 186 229 186 228 185 228 184 228
871 5150 816 1.87036e+06 188 223 188 224 188 225 188 226 188 227 187 227 186 227 185 227 184 227 184 228
872 5142 816 1.72562e+08 183 227 184 227 184 228
873 5199 816 1.72562e+08 184 232 184 231 184 230 184 229 184 228
874 5167 817 1.87036e+06 194 218 195 218 195 217
875 5200 817 1.87036e+06 198 218 197 218 196 218 195 218 195 217
876 5157 822 8.47227e+07 242 159 243 159
877 5145 822 8.47227e+07 246 165 246 164 245 164 244 164 244 163 244 162 244 161 244 160 243 160 243 159
878 5250 822 10637.5 255 163 255 162 254 162 253 162 252 162 252 163 251 163 250 163 249 163 248 163 247 163 246 163 245 163 244 163 244 162 244 161 244 160 243 160 243 159
879 5158 823 8.47227e+07 240 157 241 157
880 5157 823 8.47227e+07 243 159 242 159 242 158 241 158 241 157
881 5343 823 6.81535e+06 258 156 257 156 256 156 255 156 254 156 253 156 252 156 251 156 250 156 250 157 250 158 249 158 248 158 247 158 246 158 245 158 244 158 243 158 242 158 241 158 241 157
882 5271 823 3562.5 250 155 250 156 250 157 250 158 249 158 248 158 247 158 246 158 245 158 244 158 243 158 242 158 241 158 241 157
883 5158 824 8.47227e+07 241 157 240 157 240 156 239 156 239 155 238 155 238 154 238 153 237 153 237 152 236 152 236 151 235 151
884 5260 824 3562.5 248 154 247 154 246 154 245 154 244 154 243 154 242 154 241 154 240 154 239 154 238 154 238 153 237 153 237 152 236 152 236 151 235 151
885 5159 824 8.47227e+07 234 151 235 151
886 5160 825 8.47227e+07 232 149 233 149
887 5159 825 8.47227e+07 235 151 234 151 234 150 233 150 233 149
888 5172 826 8.47227e+07 232 147 232 148
889 5160 826 8.47227e+07 233 149 232 149 232 148
890 5172 827 8.47227e+07 232 148 232 147 231 147
891 5193 827 8.47227e+07 230 144 231 144 231 145 231 146 231 147
892 5106 827 71531.3 227 150 228 150 229 150 230 150 230 149 231 149 231 148 231 147
893 5173 828 inf 182 98 182 97 181 97
894 5231 828 10150 182 92 182 93 182 94 182 95 182 96 182 97 181 97
895 5146 828 inf 179 96 179 97 180 97 181 97
896 5196 829 40262.4 175 88 175 89 175 90 174 90
897 5162 829 40262.4 173 90 174 90
898 5156 832 inf 222 189 223 189 223 190
899 5180 832 inf 223 191 223 190
900 5181 833 6137.49 219 133 219 134
901 4885 833 5181.25 196 142 197 142 198 142 199 142 200 142 201 142 202 142 203 142 204 142 205 142 206 142 207 142 208 142 209 142 210 142 211 142 212 142 213 142 214 142 215 142 216 142 217 142 218 142 218 141 218 140 218 139 218 138 218 137 218 136 218 135 218 134 219 134
902 5109 833 6137.49 221 143 220 143 219 143 219 142 218 142 218 141 218 140 218 139 218 138 218 137 218 136 218 135 218 134 219 134
903 5198 835 40262.4 162 75 161 75 160 75
904 5176 835 40262.4 159 75 160 75
905 5218 836 inf 189 101 188 101 187 101
906 5195 836 inf 187 100 187 101
907 5195 837 inf 187 101 187 100 186 100
908 5182 837 inf 185 99 185 100 186 100
909 5183 838 inf 184 99 185 99
910 5182 838 inf 185 100 185 99
911 5173 839 inf 182 97 182 98 183 98 184 98
912 5183 839 inf 185 99 184 99 184 98
913 5227 840 40262.4 164 75 163 75 163 76 162 76
914 5198 840 40262.4 161 75 162 75 162 76
915 5222 841 1.72562e+08 184 233 184 232 183 232
916 5199 841 1.72562e+08 184 231 184 232 183 232
917 5187 842 1.87036e+06 200 214 200 215
918 5200 842 1.87036e+06 197 218 198 218 198 217 198 216 199 216 199 215 200 215
919 5201 843 1.87036e+06 202 213 202 214 201 214
920 5187 843 1.87036e+06 200 215 200 214 201 214
921 5188 844 1.87036e+06 202 212 202 213
922 5201 844 1.87036e+06 202 214 202 213
923 5189 845 1.87036e+06 205 209 205 210
924 5188 845 1.87036e+06 202 213 202 212 203 212 203 211 204 211 204 210 205 210
925 5245 846 1.87036e+06 211 210 210 210 209 210 208 210 208 209 207 209 206 209
926 5189 846 1.87036e+06 205 210 205 209 206 209
927 5194 848 8.47227e+07 229 143 230 143
928 5193 848 8.47227e+07 231 144 230 144 230 143
929 5203 849 inf 222 134 222 135
930 5109 849 6137.49 220 143 221 143 222 143 223 143 224 143 224 142 224 141 224 140 225 140 225 139 225 138 225 137 225 136 224 136 223 136 222 136 222 135
931 5120 849 inf 223 145 224 145 224 144 224 143 224 142 224 141 224 140 225 140 225 139 225 138 225 137 225 136 224 136 223 136 222 136 222 135
932 5194 849 8.47227e+07 230 143 229 143 229 142 228 142 228 141 228 140 227 140 226 140 226 139 226 138 225 138 225 137 225 136 224 136 223 136 222 136 222 135
933 5214 850 inf 195 108 195 107 194 107
934 5215 850 inf 194 106 194 107
935 5215 851 inf 194 107 194 106 193 106
936 5216 851 inf 192 105 193 105 193 106
937 5216 852 inf 193 105 192 105
938 5217 852 inf 191 104 192 104 192 105
939 5180 853 inf 223 190 223 191 224 191 224 192
940 5228 853 inf 225 193 224 193 224 192
941 5224 854 inf 213 124 212 124
942 5204 854 inf 211 123 211 124 212 124
943 5205 855 inf 207 119 207 120 208 120 209 120 209 121 210 121 210 122 211 122 211 123
944 5204 855 inf 211 124 211 123
945 5206 856 inf 206 118 206 119 207 119
946 5205 856 inf 207 120 207 119
947 5288 857 3512.5 205 108 205 109 205 110 205 111 205 112 205 113 205 114 205 115 204 115 204 116 204 117 205 117 205 118 206 118
948 5207 857 inf 202 115 203 115 203 116 204 116 204 117 205 117 205 118 206 118
949 4900 857 743563 176 121 176 120 176 119 176 118 176 117 176 116 177 116 178 116 179 116 180 116 181 116 182 116 183 116 184 116 185 116 186 116 187 116 188 116 189 116 190 116 191 116 192 116 193 116 194 116 195 116 196 116 197 116 198 116 199 116 200 116 201 116 202 116 203 116 204 116 204 117 205 117 205 118 206 118
950 5206 857 inf 206 119 206 118
951 5208 858 inf 201 113 201 114 202 114
952 5207 858 inf 203 115 202 115 202 114
953 5209 859 inf 200 112 200 113 201 113
954 5208 859 inf 201 114 201 113
955 5210 860 inf 199 111 199 112 200 112
956 5209 860 inf 200 113 200 112
957 5211 861 inf 198 111 199 111
958 5210 861 inf 199 112 199 111
959 5212 862 inf 197 110 198 110
960 4843 862 595381 159 111 160 111 161 111 162 111 163 111 164 111 165 111 166 111 167 111 168 111 169 111 170 111 171 111 172 111 173 111 174 111 175 111 176 111 177 111 178 111 179 111 180 111 181 111 182 111 183 111 184 111 185 111 186 111 187 111 188 111 189 111 190 111 191 111 192 111 193 111 194 111 195 111 196 111 197 111 198 111 198 110
961 5211 862 inf 199 111 198 111 198 110
962 5213 863 inf 196 109 197 109
963 5212 863 inf 198 110 197 110 197 109
964 5214 864 inf 195 107 195 108 196 108
965 5213 864 inf 197 109 196 109 196 108
966 5283 865 4262.48 192 96 192 97 191 97 191 98 190 98 190 99 190 100 190 101 190 102 191 102 191 103
967 5218 865 inf 188 101 189 101 190 101 190 102 191 102 191 103
968 5217 865 inf 192 104 191 104 191 103
969 5225 866 40262.4 175 86 175 87
970 5196 866 40262.4 175 89 175 88 175 87
971 5240 868 10150 179 89 179 88 178 88 177 88
972 5232 868 10150 177 87 177 88
973 5234 869 40262.4 165 76 165 75 164 75
974 5227 869 40262.4 163 75 164 75
975 5265 871 1.72562e+08 186 237 186 236 186 235 185 235 185 234 184 234
976 5222 871 1.72562e+08 184 232 184 233 184 234
977 5230 872 inf 221 132 222 132
978 5203 872 inf 222 135 222 134 222 133 222 132
979 5243 873 10150 182 90 182 91 182 92
980 5231 873 10150 182 93 182 92
981 5243 874 10150 182 91 182 90 182 89 181 89 180 89 179 89
982 5240 874 10150 179 88 179 89
983 5228 875 inf 224 193 225 193 225 194
984 5247 875 inf 225 196 225 195 225 194
985 5237 878 inf 216 125 216 126 217 126 217 127 218 127
986 4953 878 3425 194 134 195 134 196 134 197 134 198 134 199 134 200 134 201 134 202 134 203 134 204 134 205 134 206 134 207 134 207 133 208 133 208 132 208 131 209 131 209 130 210 130 210 129 211 129 212 129 213 129 214 129 215 129 216 129 216 128 217 128 218 128 218 127
987 4908 878 10575 195 139 196 139 197 139 198 139 199 139 200 139 201 139 202 139 203 139 204 139 205 139 206 139 207 139 208 139 209 139 210 139 211 139 212 139 213 139 213 138 213 137 213 136 213 135 213 134 214 134 215 134 215 133 215 132 215 131 215 130 215 129 216 129 216 128 217 128 218 128 218 127
988 5181 878 6137.49 219 134 219 133 219 132 219 131 219 130 218 130 218 129 218 128 218 127
989 5230 878 inf 222 132 221 132 221 131 220 131 220 130 219 130 218 130 218 129 218 128 218 127
990 5238 879 inf 215 124 215 125 216 125
991 4973 879 151181 192 130 193 130 194 130 195 130 196 130 197 130 197 129 197 128 197 127 197 126 197 125 198 125 199 125 200 125 201 125 202 125 203 125 204 125 205 125 206 125 207 125 208 125 209 125 210 125 211 125 212 125 213 125 214 125 215 125 216 125
992 5237 879 inf 216 126 216 125
993 5224 880 inf 212 124 213 124 214 124 215 124
994 5238 880 inf 215 125 215 124
995 5249 885 10637.5 256 164 256 163 255 163
996 5250 885 10637.5 255 162 255 163
997 5262 886 4262.48 179 86 179 85 178 85 177 85
998 5305 886 40262.4 178 80 178 81 178 82 178 83 178 84 178 85 177 85
999 5225 886 40262.4 175 87 175 86 176 86 176 85 177 85
1000 5232 886 10150 177 88 177 87 177 86 177 85
1001 5263 887 40262.4 171 77 170 77 169 77
1002 5253 887 40262.4 168 76 169 76 169 77
1003 5253 888 40262.4 169 76 168 76 168 75 167 75
1004 5234 888 40262.4 165 75 165 76 166 76 167 76 167 75
1005 5246 890 1.87036e+06 212 208 212 209
1006 5245 890 1.87036e+06 210 210 211 210 212 210 212 209
1007 5285 890 4325 212 213 212 212 212 211 212 210 212 209
1008 5256 891 1.87036e+06 214 208 213 208
1009 5246 891 1.87036e+06 212 209 212 208 213 208
1010 5247 892 inf 225 195 225 196
1011 5258 892 inf 225 197 225 196
1012 5277 893 40262.4 172 77 172 78 171 78
1013 5263 893 40262.4 170 77 171 77 171 78
1014 5271 895 3562.5 250 156 250 155 249 155
1015 5272 895 3562.5 248 154 249 154 249 155
1016 5272 896 3562.5 249 154 248 154
1017 5260 896 3562.5 247 154 248 154
1018 5321 897 4262.48 184 86 184 85 183 85 182 85 181 85 180 85 180 86
1019 5262 897 4262.48 179 85 179 86 180 86
1020 5258 898 inf 225 196 225 197 226 197
1021 5286 898 inf 227 198 226 198 226 197
1022 5293 900 1.87036e+06 215 211 215 210 214 210
1023 5256 900 1.87036e+06 213 208 214 208 214 209 214 210
1024 5291 905 1.72562e+08 187 239 186 239
1025 5265 905 1.72562e+08 186 236 186 237 186 238 186 239
1026 5285 906 4325 212 212 212 213
1027 5358 906 4325 214 219 214 218 214 217 213 217 213 216 213 215 212 215 212 214 212 213
1028 5319 908 4262.48 190 92 190 91 189 91 188 91
1029 5331 908 4262.48 189 89 189 90 189 91 188 91
1030 5307 910 1.87036e+06 216 211 215 211
1031 5293 910 1.87036e+06 215 210 215 211
1032 5326 911 inf 228 200 228 199 227 199
1033 5286 911 inf 226 198 227 198 227 199
1034 5299 918 3512.5 202 105 203 105
1035 5288 918 3512.5 205 109 205 108 205 107 204 107 204 106 203 106 203 105
1036 5300 919 3512.5 201 104 202 104
1037 5299 919 3512.5 203 105 202 105 202 104
1038 5301 920 3512.5 200 103 201 103
1039 5300 920 3512.5 202 104 201 104 201 103
1040 5315 921 3512.5 200 101 200 102
1041 5301 921 3512.5 201 103 200 103 200 102
1042 5306 925 40262.4 176 78 176 79 176 80 177 80 178 80
1043 5305 925 40262.4 178 81 178 80
1044 5277 926 40262.4 172 78 172 77 173 77 174 77 175 77
1045 5306 926 40262.4 176 79 176 78 175 78 175 77
1046 5322 927 1.72562e+08 188 240 187 240
1047 5291 927 1.72562e+08 186 239 187 239 187 240
1048 5319 929 4262.48 190 91 190 92 191 92
1049 5318 929 4262.48 191 93 191 92
1050 5331 930 4262.48 189 90 189 89 188 89
1051 5332 930 4262.48 187 88 188 88 188 89
1052 5332 931 4262.48 188 88 187 88 187 87 186 87 186 86 185 86
1053 5321 931 4262.48 184 85 184 86 185 86
1054 5326 935 inf 228 199 228 200
1055 5349 935 inf 229 202 228 202 228 201 228 200
1056 5335 938 3512.5 199 99 200 99 200 100
1057 5315 938 3512.5 200 102 200 101 200 100
1058 5335 939 3512.5 200 99 199 99
1059 5346 939 3512.5 197 96 198 96 198 97 198 98 199 98 199 99
1060 5346 940 3512.5 198 96 197 96 196 96
1061 5336 940 3512.5 196 95 196 96
1062 5336 941 3512.5 196 96 196 95 195 95
1063 5329 941 4262.48 194 94 194 95 195 95
1064 5283 941 4262.48 192 97 192 96 193 96 194 96 194 95 195 95
1065 5318 942 4262.48 191 92 191 93 192 93 193 93 193 94 194 94
1066 5329 942 4262.48 194 95 194 94
1067 5322 943 1.72562e+08 187 240 188 240 188 241
1068 5340 943 1.72562e+08 188 242 188 241
1069 5355 947 6.81535e+06 259 155 259 156 258 156
1070 5343 947 6.81535e+06 257 156 258 156
1071 5340 950 1.72562e+08 188 241 188 242 189 242
1072 5352 950 1.72562e+08 189 243 189 242
1073 5352 955 1.72562e+08 189 242 189 243 190 243
1074 5363 955 1.72562e+08 190 244 190 243
1075 5406 959 6.42514e+06 202 241 201 241 201 240 201 239 201 238 200 238 200 237 200 236 200 235 199 235
1076 5364 959 6.42514e+06 199 234 199 235
1077 5379 960 4325 214 222 214 223 213 223 213 224 213 225 212 225 212 226 211 226 211 227 210 227 210 228 209 228 209 229 208 229 207 229 206 229 205 229
1078 5365 960 5156.25 204 229 205 229
1079 5402 960 5156.25 208 234 208 233 208 232 208 231 208 230 207 230 206 230 205 230 205 229
1080 5358 961 4325 214 218 214 219 214 220
1081 5370 961 4325 214 221 214 220
1082 5371 962 1.87036e+06 223 212 222 212
1083 5307 962 1.87036e+06 215 211 216 211 217 211 218 211 219 211 220 211 221 211 222 211 222 212
1084 5349 964 inf 228 202 229 202 229 203 229 204 229 205
1085 5403 964 inf 231 211 231 210 231 209 231 208 231 207 230 207 230 206 229 206 229 205
1086 5395 964 722325 232 208 231 208 231 207 230 207 230 206 229 206 229 205
1087 5363 967 1.72562e+08 190 243 190 244 191 244
1088 5374 967 1.72562e+08 191 245 191 244
1089 5370 969 4325 214 220 214 221 214 222
1090 5379 969 4325 214 223 214 222
1091 5374 972 1.72562e+08 191 244 191 245 192 245
1092 5382 972 1.72562e+08 192 246 192 245
1093 5384 974 1.87036e+06 226 212 225 212
1094 5371 974 1.87036e+06 222 212 223 212 224 212 225 212
1095 5355 977 6.81535e+06 259 156 259 155 260 155 260 154 261 154 261 153 262 153 263 153 264 153
1096 5390 977 6.81535e+06 265 154 264 154 264 153
1097 5395 980 722325 231 208 232 208
1098 5404 980 722325 233 209 232 209 232 208
1099 5405 981 6.81535e+06 267 153 266 153 266 154
1100 5390 981 6.81535e+06 264 154 265 154 266 154
1101 5403 984 inf 231 210 231 211 230 211
1102 5384 984 1.87036e+06 225 212 226 212 227 212 228 212 229 212 230 212 230 211
1103 5409 984 inf 230 213 230 212 230 211
1104 5404 986 722325 232 209 233 209
1105 5448 986 722325 238 214 238 213 237 213 236 213 235 213 234 213 234 212 234 211 234 210 233 210 233 209
1106 5405 987 6.81535e+06 266 153 267 153
1107 5417 987 6.81535e+06 270 152 270 153 269 153 268 153 267 153
1108 5410 988 1.72562e+08 195 249 194 249
1109 5382 988 1.72562e+08 192 245 192 246 192 247 193 247 193 248 194 248 194 249
1110 5427 990 1.72562e+08 197 252 196 252 196 251 196 250 195 250
1111 5410 990 1.72562e+08 194 249 195 249 195 250
1112 5409 993 inf 230 212 230 213 231 213 231 214 231 215
1113 5433 993 inf 232 217 232 216 231 216 231 215
1114 5442 994 6.81535e+06 275 153 275 152 274 152 273 152 272 152 271 152 270 152
1115 5417 994 6.81535e+06 270 153 270 152
1116 5424 996 5156.25 212 236 211 236
1117 5402 996 5156.25 208 233 208 234 208 235 208 236 209 236 210 236 211 236
1118 5435 1000 6.42514e+06 209 241 208 241 207 241
1119 5406 1000 6.42514e+06 201 241 202 241 203 241 204 241 205 241 206 241 207 241
1120 5424 1004 5156.25 211 236 212 236 212 237
1121 5436 1004 5156.25 212 238 212 237
1122 5433 1007 inf 232 216 232 217
1123 5441 1007 inf 232 219 232 218 232 217
1124 5443 1008 1.72562e+08 198 254 198 253 197 253
1125 5427 1008 1.72562e+08 196 252 197 252 197 253
1126 5446 1010 inf 233 219 232 219
1127 5441 1010 inf 232 218 232 219
1128 5439 1011 722325 254 195 254 196 254 197
1129 5449 1011 722325 254 198 254 197
1130 5462 1012 6.81535e+06 279 153 278 153 277 153 276 153
1131 5442 1012 6.81535e+06 275 152 275 153 276 153
1132 5436 1013 5156.25 212 237 212 238 213 238 214 238
1133 5451 1013 5156.25 214 239 214 238
1134 5448 1016 722325 238 213 238 214
1135 5459 1016 722325 239 215 238 215 238 214
1136 5461 1017 722325 248 206 248 205 248 204
1137 5460 1017 722325 249 205 248 205 248 204
1138 5446 1019 inf 232 219 233 219 233 220
1139 5472 1019 inf 234 222 234 221 233 221 233 220
1140 5466 1020 722325 251 204 251 203 250 203
1141 5467 1020 722325 252 202 252 203 251 203 250 203
1142 5459 1023 722325 238 215 239 215
1143 5473 1023 722325 240 216 239 216 239 215
1144 5449 1024 722325 254 197 254 198 253 198 253 199 253 200 253 201 252 201 252 202
1145 5467 1024 722325 252 203 252 202
1146 5473 1030 722325 239 216 240 216
1147 5482 1030 722325 241 217 240 217 240 216
1148 5466 1031 722325 251 203 251 204 251 205
1149 5460 1031 722325 248 205 249 205 250 205 251 205
1150 5615 1032 384144 273 214 273 213 273 212 273 211 272 211 272 210 272 209 272 208 272 207 272 206 272 205 272 204 272 203 272 202 272 201 272 200 272 199 272 198 272 197 272 196 272 195 272 194 272 193 272 192 272 191 272 190 272 189 272 188 272 187 272 186 272 185 271 185
1151 5562 1032 8.47227e+07 283 190 283 189 283 188 282 188 281 188 280 188 280 187 279 187 279 186 279 185 278 185 277 185 276 185 275 185 274 185 273 185 272 185 271 185
1152 5474 1032 8.47227e+07 270 185 271 185
1153 5480 1033 6.81535e+06 282 154 282 153 281 153
1154 5462 1033 6.81535e+06 278 153 279 153 280 153 281 153
1155 5472 1034 inf 234 221 234 222 234 223
1156 5488 1034 inf 234 225 234 224 234 223
1157 5484 1037 6.42514e+06 218 240 218 241 217 241
1158 5451 1037 5156.25 214 238 214 239 214 240 215 240 216 240 217 240 217 241
1159 5435 1037 6.42514e+06 208 241 209 241 210 241 211 241 212 241 213 241 214 241 215 241 216 241 217 241
1160 5484 1038 6.42514e+06 218 241 218 240 219 240 219 239 220 239 220 238
1161 5493 1038 6.42514e+06 221 239 220 239 220 238
1162 5461 1041 722325 248 205 248 206 248 207 248 208 248 209 247 209 247 210 246 210 246 211 246 212 246 213 246 214 246 215 246 216 246 217 245 217 244 217 243 217 242 217 241 217
1163 5482 1041 722325 240 217 241 217
1164 5511 1041 13568.8 243 221 243 220 242 220 242 219 242 218 241 218 241 217
1165 5491 1042 6.81535e+06 285 155 285 154 284 154
1166 5480 1042 6.81535e+06 282 153 282 154 283 154 284 154
1167 5488 1048 inf 234 224 234 225 235 225
1168 5507 1048 inf 236 227 236 226 235 226 235 225
1169 5496 1049 6.81535e+06 288 157 289 157
1170 5495 1049 6.81535e+06 290 158 289 158 289 157
1171 5497 1050 6.81535e+06 287 155 287 156 288 156
1172 5496 1050 6.81535e+06 289 157 288 157 288 156
1173 5491 1051 6.81535e+06 285 154 285 155 286 155 287 155
1174 5497 1051 6.81535e+06 287 156 287 155
1175 5505 1052 1.72562e+08 205 258 205 257 204 257
1176 5443 1052 1.72562e+08 198 253 198 254 199 254 199 255 200 255 201 255 202 255 202 256 203 256 203 257 204 257
1177 5519 1058 1.72562e+08 207 259 206 259 206 258 205 258
1178 5505 1058 1.72562e+08 205 257 205 258
1179 5507 1060 inf 236 226 236 227
1180 5516 1060 inf 237 228 236 228 236 227
1181 5534 1062 6.81535e+06 299 160 298 160 297 160 296 160 296 159 295 159 294 159 294 158 293 158
1182 5495 1062 6.81535e+06 289 158 290 158 291 158 292 158 293 158
1183 5522 1064 6.42514e+06 226 240 226 239 225 239
1184 5493 1064 6.42514e+06 220 239 221 239 222 239 223 239 224 239 225 239
1185 5548 1064 8381.25 224 247 223 247 223 246 223 245 223 244 223 243 223 242 223 241 223 240 223 239 224 239 225 239
1186 5511 1065 13568.8 243 220 243 221
1187 5517 1065 13568.8 243 222 243 221
1188 5516 1068 inf 236 228 237 228
1189 5527 1068 2793.76 237 230 237 229 237 228
1190 5542 1068 inf 239 230 239 229 238 229 237 229 237 228
1191 5535 1071 1.72562e+08 208 260 208 259 207 259
1192 5519 1071 1.72562e+08 206 259 207 259
1193 5523 1072 2793.76 235 231 234 231 234 232
1194 5539 1072 2793.76 236 233 235 233 234 233 234 232
1195 5517 1074 13568.8 243 221 243 222 244 222
1196 5536 1074 13568.8 245 223 244 223 244 222
1197 5527 1076 2793.76 237 229 237 230
1198 5523 1076 2793.76 234 231 235 231 235 230 236 230 237 230
1199 5533 1078 6.81535e+06 299 160 299 161 300 161
1200 5532 1078 6.81535e+06 300 162 300 161
1201 5534 1079 6.81535e+06 298 160 299 160
1202 5533 1079 6.81535e+06 299 161 299 160
1203 5552 1080 1.72562e+08 209 263 209 262 209 261 209 260 208 260
1204 5535 1080 1.72562e+08 208 259 208 260
1205 5542 1083 inf 239 229 239 230
1206 5543 1083 inf 239 231 239 230
1207 5557 1086 8381.25 225 248 225 247 224 247
1208 5548 1086 8381.25 223 247 224 247
1209 5558 1087 2793.76 239 234 238 234 237 234
1210 5539 1087 2793.76 235 233 236 233 237 233 237 234
1211 5543 1088 inf 239 230 239 231 239 232
1212 5553 1088 inf 239 233 239 232
1213 5536 1090 13568.8 244 223 245 223 245 224 246 224 246 225
1214 5555 1090 13568.8 246 226 246 225
1215 5566 1094 1.72562e+08 212 263 211 263 210 263
1216 5552 1094 1.72562e+08 209 262 209 263 210 263
1217 5584 1096 8.47227e+07 286 194 286 193 286 192 286 191 286 190 285 190 284 190 283 190
1218 5562 1096 8.47227e+07 283 189 283 190
1219 5532 1097 6.81535e+06 300 161 300 162 301 162 301 163 301 164 302 164 302 165 303 165 304 165 304 166 305 166 306 166 306 167
1220 5564 1097 6.81535e+06 307 167 306 167
1221 5564 1100 6.81535e+06 306 167 307 167 307 168
1222 5577 1100 6.81535e+06 309 169 308 169 308 168 307 168
1223 5557 1101 8381.25 225 247 225 248 226 248 227 248 228 248
1224 5569 1101 8381.25 228 249 228 248
1225 5573 1102 inf 244 234 244 233 243 233
1226 5553 1102 inf 239 232 239 233 240 233 241 233 242 233 243 233
1227 5558 1102 2793.76 238 234 239 234 239 233 240 233 241 233 242 233 243 233
1228 5568 1103 3943.75 266 210 265 210 265 211
1229 5575 1103 3943.75 265 213 265 212 265 211
1230 5555 1105 13568.8 246 225 246 226 246 227 247 227 247 228 248 228 248 229 249 229
1231 5578 1105 13568.8 249 230 249 229
1232 5577 1107 6.81535e+06 308 169 309 169
1233 5585 1107 6.81535e+06 310 170 309 170 309 169
1234 5589 1108 8381.25 233 250 233 249 232 249 231 249
1235 5569 1108 8381.25 228 248 228 249 229 249 230 249 231 249
1236 5586 1109 6.42514e+06 243 238 242 238
1237 5522 1109 6.42514e+06 226 239 226 240 227 240 228 240 229 240 230 240 231 240 232 240 232 241 233 241 234 241 235 241 236 241 236 240 237 240 238 240 239 240 240 240 241 240 241 239 241 238 242 238
1238 5575 1111 3943.75 265 212 265 213 266 213 266 214
1239 5667 1111 3943.75 267 230 267 229 267 228 267 227 267 226 267 225 267 224 266 224 266 223 266 222 266 221 266 220 266 219 266 218 266 217 266 216 266 215 266 214
1240 5670 1114 5043.75 288 209 287 209 287 208 287 207 287 206 287 205 287 204 287 203 288 203 288 202 288 201 288 200 288 199 288 198 288 197 288 196 288 195 288 194 287 194
1241 5608 1114 8.47227e+07 290 196 290 195 289 195 288 195 288 194 287 194
1242 5584 1114 8.47227e+07 286 193 286 194 287 194
1243 5585 1115 6.81535e+06 309 170 310 170 311 170
1244 5592 1115 6.81535e+06 312 171 311 171 311 170
1245 5599 1116 1.72562e+08 220 265 219 265 218 265 217 265
1246 5566 1116 1.72562e+08 211 263 212 263 213 263 214 263 215 263 216 263 216 264 217 264 217 265
1247 5573 1117 inf 244 233 244 234 245 234 246 234 246 235 246 236
1248 5593 1117 inf 246 238 246 237 246 236
1249 5578 1119 13568.8 249 229 249 230 249 231 249 232 249 233
1250 5588 1119 13568.8 248 233 249 233
1251 5600 1120 8381.25 235 250 234 250 233 250
1252 5589 1120 8381.25 233 249 233 250
1253 5592 1122 6.81535e+06 311 171 312 171
1254 5609 1122 6.81535e+06 314 172 313 172 313 171 312 171
1255 5606 1123 13568.8 249 237 249 236 248 236
1256 5588 1123 13568.8 249 233 248 233 248 234 248 235 248 236
1257 5604 1126 1.72562e+08 221 265 220 265
1258 5599 1126 1.72562e+08 219 265 220 265
1259 5601 1127 6.42514e+06 246 239 245 239 245 240
1260 5586 1127 6.42514e+06 242 238 243 238 243 239 244 239 245 239 245 240
1261 5605 1127 8381.25 237 249 237 248 237 247 237 246 237 245 237 244 237 243 238 243 239 243 240 243 240 242 241 242 242 242 243 242 244 242 244 241 244 240 245 240
1262 5605 1131 8381.25 237 248 237 249 237 250 236 250
1263 5600 1131 8381.25 234 250 235 250 236 250
1264 5606 1132 13568.8 249 236 249 237 249 238 248 238
1265 5593 1132 inf 246 237 246 238 247 238 248 238
1266 5601 1132 6.42514e+06 245 239 246 239 246 238 247 238 248 238
1267 5621 1132 inf 249 240 249 239 248 239 248 238
1268 5620 1133 8.47227e+07 292 196 291 196 290 196
1269 5608 1133 8.47227e+07 290 195 290 196
1270 5670 1133 5043.75 287 209 288 209 289 209 289 208 289 207 289 206 289 205 289 204 290 204 290 203 290 202 290 201 290 200 290 199 290 198 290 197 290 196
1271 5609 1134 6.81535e+06 313 172 314 172
1272 5629 1134 6.81535e+06 316 173 315 173 315 172 314 172
1273 5615 1138 384144 273 213 273 214
1274 5632 1138 384144 273 217 273 216 273 215 273 214
1275 5630 1140 1.72562e+08 223 267 223 266 222 266
1276 5604 1140 1.72562e+08 220 265 221 265 221 266 222 266
1277 5636 1144 8.47227e+07 294 197 293 197 292 197
1278 5620 1144 8.47227e+07 291 196 292 196 292 197
1279 5870 1144 9187.5 293 232 293 231 293 230 293 229 293 228 293 227 293 226 293 225 293 224 293 223 293 222 293 221 293 220 293 219 293 218 293 217 293 216 293 215 293 214 293 213 292 213 292 212 292 211 292 210 292 209 292 208 292 207 292 206 292 205 292 204 292 203 292 202 292 201 292 200 292 199 292 198 292 197
1280 5629 1146 6.81535e+06 315 173 316 173
1281 5638 1146 6.81535e+06 317 174 316 174 316 173
1282 5630 1147 1.72562e+08 223 266 223 267
1283 5639 1147 1.72562e+08 224 268 223 268 223 267
1284 5621 1148 inf 249 239 249 240 250 240
1285 5640 1148 inf 251 241 250 241 250 240
1286 5632 1151 384144 273 216 273 217 273 218
1287 5657 1151 384144 272 223 272 222 271 222 271 221 271 220 271 219 272 219 272 218 273 218
1288 5639 1153 1.72562e+08 223 268 224 268
1289 5645 1153 4750 221 273 221 272 222 272 222 271 222 270 223 270 224 270 224 269 224 268
1290 5646 1153 1.72562e+08 225 269 224 269 224 268
1291 5640 1154 inf 250 241 251 241
1292 5647 1154 inf 251 243 251 242 251 241
1293 5636 1155 8.47227e+07 293 197 294 197 294 198
1294 5650 1155 8.47227e+07 295 199 294 199 294 198
1295 5638 1156 6.81535e+06 316 174 317 174 318 174
1296 5653 1156 6.81535e+06 319 175 319 174 318 174
1297 5646 1161 1.72562e+08 224 269 225 269
1298 5658 1161 1.72562e+08 226 270 225 270 225 269
1299 5676 1162 5762.49 258 240 258 239 257 239 256 239 255 239 254 239 254 240
1300 5655 1162 5762.49 254 241 254 240
1301 5645 1163 4750 221 272 221 273 221 274
1302 5664 1163 4750 222 275 221 275 221 274
1303 5647 1164 inf 251 242 251 243 251 244
1304 5659 1164 inf 251 245 251 244
1305 5653 1165 6.81535e+06 319 174 319 175 320 175
1306 5673 1165 6.81535e+06 321 176 320 176 320 175
1307 5674 1166 1.72562e+08 227 271 227 270 226 270
1308 5658 1166 1.72562e+08 225 270 226 270
1309 5665 1167 5762.49 255 242 254 242
1310 5655 1167 5762.49 254 240 254 241 254 242
1311 5677 1168 3943.75 268 230 267 230 266 230
1312 5667 1168 3943.75 267 229 267 230 266 230
1313 5678 1169 8.47227e+07 298 200 298 199 297 199 296 199 296 200
1314 5650 1169 8.47227e+07 294 199 295 199 295 200 296 200
1315 5664 1170 4750 221 275 222 275
1316 5686 1170 4750 223 277 223 276 222 276 222 275
1317 5659 1171 inf 251 244 251 245 252 245
1318 5675 1171 inf 252 246 252 245
1319 5673 1174 6.81535e+06 320 176 321 176
1320 5684 1174 6.81535e+06 322 177 321 177 321 176
1321 5716 1175 inf 260 244 259 244 258 244 257 244 256 244 256 243 255 243
1322 5665 1175 5762.49 254 242 255 242 255 243
1323 5689 1175 inf 255 245 255 244 255 243
1324 5657 1176 384144 272 222 272 223 272 224 272 225 273 225
1325 5691 1176 384144 274 226 273 226 273 225
1326 5708 1177 1.72562e+08 230 273 230 272 229 272 229 271 228 271
1327 5674 1177 1.72562e+08 227 270 227 271 228 271
1328 5687 1178 inf 254 246 253 246
1329 5675 1178 inf 252 245 252 246 253 246
1330 5676 1179 5762.49 258 239 258 240 259 240
1331 5696 1179 5762.49 260 241 259 241 259 240
1332 5677 1180 3943.75 267 230 268 230 268 231
1333 5680 1180 3943.75 267 232 267 231 268 231
1334 5684 1183 6.81535e+06 321 177 322 177
1335 5698 1183 6.81535e+06 323 178 322 178 322 177
1336 5700 1185 4750 224 278 224 277 223 277
1337 5686 1185 4750 223 276 223 277
1338 5695 1186 2606.26 256 245 255 245
1339 5689 1186 inf 255 244 255 245
1340 5688 1186 inf 254 245 255 245
1341 5724 1188 8.47227e+07 303 202 302 202 301 202 300 202 300 201 299 201
1342 5678 1188 8.47227e+07 298 199 298 200 299 200 299 201
1343 5759 1190 3568.75 257 254 257 253 257 252 257 251 256 251 256 250 256 249 256 248 255 248 255 247 254 247
1344 5769 1190 17293.8 260 252 259 252 259 251 258 251 257 251 256 251 256 250 256 249 256 248 255 248 255 247 254 247
1345 5688 1190 inf 255 245 254 245 254 246 254 247
1346 5687 1190 inf 253 246 254 246 254 247
1347 5709 1191 5762.49 261 242 261 241 260 241
1348 5696 1191 5762.49 259 241 260 241
1349 5698 1194 6.81535e+06 322 178 323 178
1350 5706 1194 6.81535e+06 323 179 323 178
1351 5700 1196 4750 224 277 224 278
1352 5713 1196 4750 225 279 224 279 224 278
1353 5728 1197 2606.26 260 246 259 246 258 246 257 246 256 246
1354 5695 1197 2606.26 255 245 256 245 256 246
1355 5740 1198 384144 275 233 275 232 275 231 275 230 275 229 275 228 274 228
1356 5691 1198 384144 273 226 274 226 274 227 274 228
1357 5727 1199 1.72562e+08 232 274 231 274 231 273 230 273
1358 5708 1199 1.72562e+08 230 272 230 273
1359 5706 1202 6.81535e+06 323 178 323 179 324 179
1360 5722 1202 6.81535e+06 324 180 324 179
1361 5716 1204 inf 259 244 260 244
1362 5729 1204 inf 260 246 260 245 260 244
1363 5730 1205 3943.75 264 242 263 242 262 242
1364 5709 1205 5762.49 261 241 261 242 262 242
1365 5723 1205 5762.49 262 243 262 242
1366 5713 1206 4750 224 279 225 279 225 280
1367 5726 1206 4750 225 281 225 280
1368 5738 1211 1.72562e+08 233 275 233 274 232 274
1369 5727 1211 1.72562e+08 231 274 232 274
1370 5734 1212 inf 261 246 260 246
1371 5729 1212 inf 260 245 260 246
1372 5728 1212 2606.26 259 246 260 246
1373 5680 1213 3943.75 267 231 267 232 267 233 267 234 267 235 267 236 267 237 267 238 267 239 266 239 265 239 265 240 265 241 265 242 264 242
1374 5730 1213 3943.75 263 242 264 242
1375 5726 1214 4750 225 280 225 281 226 281
1376 5743 1214 4750 227 282 226 282 226 281
1377 5763 1215 8.47227e+07 305 206 305 205 305 204 305 203 304 203
1378 5780 1215 10025 309 204 308 204 307 204 306 204 305 204 305 203 304 203
1379 5724 1215 8.47227e+07 302 202 303 202 304 202 304 203
1380 5808 1218 4750 234 283 234 282 234 281 234 280 235 280 236 280 236 279 236 278 236 277 235 277 235 276 234 276 234 275 233 275
1381 5813 1218 1.72562e+08 239 279 238 279 238 278 237 278 237 277 236 277 235 277 235 276 234 276 234 275 233 275
1382 5809 1218 304475 241 276 240 276 239 276 238 276 238 277 237 277 236 277 235 277 235 276 234 276 234 275 233 275
1383 5758 1218 1.38736e+06 241 270 240 270 240 271 239 271 239 272 238 272 238 273 237 273 237 274 236 274 236 275 235 275 234 275 233 275
1384 5738 1218 1.72562e+08 233 274 233 275
1385 5735 1220 inf 262 245 261 245 261 246 261 247
1386 5734 1220 inf 260 246 261 246 261 247
1387 5765 1226 10025 312 199 311 199 310 199
1388 5748 1226 10025 309 199 310 199
1389 5722 1228 6.81535e+06 324 179 324 180 324 181 325 181 325 182 326 182 326 183
1390 5755 1228 6.81535e+06 326 184 326 183
1391 5757 1230 4750 228 283 227 283
1392 5743 1230 4750 226 282 227 282 227 283
1393 5770 1231 inf 265 247 265 246 264 246
1394 5723 1231 5762.49 262 242 262 243 262 244 262 245 263 245 263 246 264 246
1395 5735 1231 inf 261 245 262 245 263 245 263 246 264 246
1396 5760 1231 4162.5 263 248 263 247 263 246 264 246
1397 5777 1234 1.38736e+06 245 268 244 268 243 268
1398 5767 1234 1.38736e+06 242 269 243 269 243 268
1399 5759 1235 3568.75 257 253 257 254
1400 5779 1235 3568.75 258 255 257 255 257 254
1401 5760 1236 4162.5 263 247 263 248
1402 5790 1236 4162.5 264 250 264 249 263 249 263 248
1403 5775 1238 4750 230 283 229 283 229 284 228 284
1404 5757 1238 4750 227 283 228 283 228 284
1405 5767 1239 1.38736e+06 243 269 242 269 242 270
1406 5758 1239 1.38736e+06 240 270 241 270 242 270
1407 5768 1240 1.38736e+06 247 265 246 265 246 266
1408 5777 1240 1.38736e+06 244 268 245 268 245 267 245 266 246 266
1409 5778 1241 1.38736e+06 248 264 248 265 247 265
1410 5768 1241 1.38736e+06 246 265 247 265
1411 5787 1242 1.38736e+06 250 264 249 264 248 264
1412 5778 1242 1.38736e+06 248 265 248 264
1413 5789 1243 17293.8 261 253 261 252 260 252
1414 5769 1243 17293.8 259 252 260 252
1415 5796 1244 inf 266 249 266 248 266 247 265 247
1416 5770 1244 inf 265 246 265 247
1417 5903 1247 1.57126e+07 309 220 308 220 308 219 307 219 307 218 307 217 307 216 307 215 307 214 307 213 307 212 307 211 307 210 307 209 307 208 306 208 306 207 305 207
1418 5812 1247 8.47227e+07 310 207 309 207 308 207 308 208 307 208 306 208 306 207 305 207
1419 5763 1247 8.47227e+07 305 205 305 206 305 207
1420 5781 1248 10025 313 200 312 200
1421 5765 1248 10025 311 199 312 199 312 200
1422 5755 1250 6.81535e+06 326 183 326 184 327 184 328 184
1423 5783 1250 6.81535e+06 328 185 328 184
1424 5791 1252 1.38736e+06 252 263 251 263 250 263
1425 5787 1252 1.38736e+06 249 264 250 264 250 263
1426 5788 1253 3568.75 259 255 258 255
1427 5779 1253 3568.75 257 255 258 255
1428 5792 1255 1.38736e+06 253 262 252 262
1429 5791 1255 1.38736e+06 251 263 252 263 252 262
1430 5788 1256 3568.75 258 255 259 255 260 255 260 254
1431 5801 1256 3568.75 261 255 260 255 260 254
1432 5794 1257 17293.8 262 253 261 253
1433 5789 1257 17293.8 261 252 261 253
1434 5781 1258 10025 312 200 313 200 313 201 313 202 313 203 312 203 311 203 310 203 310 204
1435 5748 1258 10025 310 199 309 199 309 200 309 201 309 202 309 203 309 204 310 204
1436 5780 1258 10025 308 204 309 204 310 204
1437 5783 1259 6.81535e+06 328 184 328 185 329 185
1438 5807 1259 6.81535e+06 330 186 329 186 329 185
1439 5790 1260 4162.5 264 249 264 250 265 250
1440 5802 1260 4162.5 265 251 265 250
1441 5807 1263 6.81535e+06 329 186 330 186
1442 5866 1263 6.81535e+06 334 190 334 189 333 189 333 188 332 188 332 187 331 187 331 186 330 186
1443 5808 1264 4750 234 282 234 283 234 284 233 284
1444 5775 1264 4750 229 283 230 283 231 283 232 283 232 284 233 284
1445 5822 1265 304475 242 277 242 276 241 276
1446 5809 1265 304475 240 276 241 276
1447 5813 1268 1.72562e+08 238 279 239 279
1448 5829 1268 1.72562e+08 239 281 239 280 239 279
1449 5801 1269 3568.75 260 255 261 255 261 256 262 256
1450 5856 1269 1.38736e+06 260 262 261 262 262 262 262 261 262 260 262 259 262 258 262 257 262 256
1451 5830 1269 1.38736e+06 263 257 262 257 262 256
1452 5796 1270 inf 266 248 266 249 266 250 266 251 267 251
1453 5802 1270 4162.5 265 250 265 251 266 251 267 251
1454 5831 1270 inf 267 253 267 252 267 251
1455 5794 1272 17293.8 261 253 262 253 262 254 263 254 264 254 265 254
1456 5847 1272 1.38736e+06 264 257 265 257 265 256 265 255 265 254
1457 5837 1272 1.38736e+06 266 255 265 255 265 254
1458 5843 1273 8.47227e+07 314 207 313 207 312 207
1459 5812 1273 8.47227e+07 309 207 310 207 311 207 312 207
1460 5834 1275 1.72562e+08 240 281 239 281
1461 5829 1275 1.72562e+08 239 280 239 281
1462 5846 1276 304475 245 277 244 277 243 277
1463 5822 1276 304475 242 276 242 277 243 277
1464 5792 1277 1.38736e+06 252 262 253 262 254 262 255 262 256 262 256 261 257 261 258 261 259 261
1465 5836 1277 1.38736e+06 259 262 259 261
1466 5847 1278 1.38736e+06 265 257 264 257 263 257
1467 5830 1278 1.38736e+06 262 257 263 257
1468 5850 1279 3337.5 269 253 268 253 267 253
1469 5831 1279 inf 267 252 267 253
1470 5849 1279 inf 268 254 267 254 267 253
1471 5848 1286 1.38736e+06 267 255 266 255
1472 5837 1286 1.38736e+06 265 255 266 255
1473 5740 1287 384144 275 232 275 233 275 234 275 235 276 235 276 236 276 237 276 238 276 239 276 240 276 241 276 242 276 243 276 244 276 245
1474 5840 1287 384144 275 245 276 245
1475 5856 1289 1.38736e+06 261 262 260 262
1476 5836 1289 1.38736e+06 259 261 259 262 260 262
1477 5849 1290 inf 267 254 268 254
1478 5848 1290 1.38736e+06 266 255 267 255 268 255 268 254
1479 5863 1290 inf 269 255 268 255 268 254
1480 5862 1293 1.72562e+08 242 282 241 282
1481 5834 1293 1.72562e+08 239 281 240 281 240 282 241 282
1482 5864 1295 3337.5 271 253 270 253
1483 5850 1295 3337.5 268 253 269 253 270 253
1484 5866 1300 6.81535e+06 334 189 334 190
1485 5893 1300 6.81535e+06 335 193 335 192 335 191 334 191 334 190
1486 5879 1302 inf 270 257 270 256 269 256
1487 5863 1302 inf 268 255 269 255 269 256
1488 5881 1303 3337.5 272 255 272 254 271 254
1489 5864 1303 3337.5 270 253 271 253 271 254
1490 5870 1304 9187.5 293 231 293 232
1491 5884 1304 9187.5 294 233 293 233 293 232
1492 5922 1305 8.47227e+07 321 211 321 210 320 210 319 210 318 210 317 210 317 209 316 209
1493 5843 1305 8.47227e+07 313 207 314 207 314 208 315 208 315 209 316 209
1494 5894 1306 1.72562e+08 245 284 245 283 244 283 243 283
1495 5862 1306 1.72562e+08 241 282 242 282 242 283 243 283
1496 5887 1307 304475 251 277 250 277 249 277
1497 5846 1307 304475 244 277 245 277 246 277 247 277 248 277 249 277
1498 5898 1314 inf 272 257 271 257 270 257
1499 5879 1314 inf 270 256 270 257
1500 5883 1317 9187.5 293 234 292 234 292 235
1501 5890 1317 9187.5 291 237 291 236 292 236 292 235
1502 5890 1322 9187.5 291 236 291 237
1503 5912 1322 9187.5 291 240 291 239 291 238 291 237
1504 5884 1323 9187.5 293 233 294 233 294 234
1505 5883 1323 9187.5 292 234 293 234 294 234
1506 5840 1325 384144 276 245 275 245 275 246 275 247 275 248 275 249 275 250 275 251 275 252 275 253 275 254
1507 5905 1325 384144 275 255 275 254
1508 5903 1326 1.57126e+07 308 220 309 220
1509 5908 1326 1.57126e+07 309 221 309 220
1510 5893 1328 6.81535e+06 335 192 335 193 336 193
1511 5910 1328 6.81535e+06 336 194 336 193
1512 5954 1330 304475 259 278 258 278 257 278 256 278 255 278 254 278 253 278 252 278
1513 5887 1330 304475 250 277 251 277 251 278 252 278
1514 5932 1334 1.72562e+08 249 285 249 284 248 284 247 284
1515 5894 1334 1.72562e+08 245 283 245 284 246 284 247 284
1516 5898 1336 inf 271 257 272 257 272 258 273 258
1517 5927 1336 inf 274 259 273 259 273 258
1518 5929 1337 384144 277 256 277 255 276 255
1519 5905 1337 384144 275 254 275 255 276 255
1520 5881 1337 3337.5 272 254 272 255 273 255 274 255 275 255 276 255
1521 5920 1339 1.57126e+07 311 221 310 221
1522 5908 1339 1.57126e+07 309 220 309 221 310 221
1523 5925 1341 6.81535e+06 338 194 337 194
1524 5910 1341 6.81535e+06 336 193 336 194 337 194
1525 5912 1344 9187.5 291 239 291 240 292 240
1526 5936 1344 9187.5 293 241 292 241 292 240
1527 5941 1348 inf 276 259 275 259 274 259
1528 5927 1348 inf 273 259 274 259
1529 5947 1350 8.47227e+07 323 212 323 211 322 211
1530 5922 1350 8.47227e+07 321 210 321 211 322 211
1531 5943 1352 inf 277 258 276 258
1532 5941 1352 inf 275 259 276 259 276 258
1533 5929 1353 384144 277 255 277 256 278 256
1534 5943 1353 inf 276 258 277 258 278 258 278 257 278 256
1535 5950 1353 inf 279 257 278 257 278 256
1536 5936 1354 9187.5 292 241 293 241
1537 5959 1354 9187.5 293 245 293 244 293 243 293 242 293 241
1538 5925 1356 6.81535e+06 337 194 338 194 339 194 340 194
1539 5948 1356 6.81535e+06 340 195 340 194
1540 5958 1357 1.72562e+08 252 286 252 285 251 285 250 285
1541 5932 1357 1.72562e+08 249 284 249 285 250 285
1542 5965 1362 inf 282 259 281 259 281 258 280 258 280 257 279 257
1543 5950 1362 inf 278 257 279 257
1544 5960 1363 8.47227e+07 326 212 325 212 324 212
1545 5947 1363 8.47227e+07 323 211 323 212 324 212
1546 5948 1364 6.81535e+06 340 194 340 195 341 195
1547 5957 1364 6.81535e+06 341 196 341 195
1548 5957 1367 6.81535e+06 341 195 341 196 342 196
1549 5963 1367 6.81535e+06 343 197 342 197 342 196
1550 5975 1368 1.72562e+08 259 286 258 286 257 286 256 286 255 286 254 286
1551 5958 1368 1.72562e+08 252 285 252 286 253 286 254 286
1552 5959 1370 9187.5 293 244 293 245 293 246 293 247 293 248 292 248 291 248 291 249
1553 5962 1370 9187.5 290 249 291 249
1554 5963 1371 6.81535e+06 342 197 343 197
1555 5970 1371 6.81535e+06 344 198 343 198 343 197
1556 5971 1373 inf 283 260 282 260
1557 5965 1373 inf 281 259 282 259 282 260
1558 5968 1374 8.47227e+07 332 210 331 210 331 211
1559 5960 1374 8.47227e+07 325 212 326 212 327 212 328 212 329 212 330 212 330 211 331 211
1560 5969 1375 8.47227e+07 332 209 332 210
1561 5968 1375 8.47227e+07 331 210 332 210
1562 5970 1376 6.81535e+06 343 198 344 198
1563 5974 1376 6.81535e+06 345 199 344 199 344 198
1564 5983 1378 1.72562e+08 263 285 263 286 262 286 261 286 260 286 259 286
1565 5975 1378 1.72562e+08 258 286 259 286
1566 5974 1381 6.81535e+06 344 199 345 199 345 200 346 200 346 201
1567 5982 1381 6.81535e+06 346 202 346 201
1568 5971 1382 inf 282 260 283 260 284 260 285 260 286 260 287 260 288 260
1569 5989 1382 inf 290 261 289 261 288 261 288 260
1570 5987 1384 1.72562e+08 266 284 266 285 265 285 264 285
1571 5983 1384 1.72562e+08 263 286 263 285 264 285
1572 5993 1385 4493.75 316 236 316 235 315 235 314 235 313 235 312 235 311 235 310 235 310 236 310 237 310 238 310 239
1573 5998 1385 744600 322 231 321 231 320 231 319 231 318 231 317 231 316 231 315 231 314 231 313 231 312 231 311 231 310 231 310 232 310 233 310 234 310 235 310 236 310 237 310 238 310 239
1574 5920 1385 1.57126e+07 310 221 311 221 311 222 311 223 311 224 311 225 311 226 311 227 311 228 311 229 310 229 310 230 310 231 310 232 310 233 310 234 310 235 310 236 310 237 310 238 310 239
1575 5984 1385 1.57126e+07 309 239 310 239
1576 5982 1386 6.81535e+06 346 201 346 202 347 202
1577 5986 1386 6.81535e+06 347 203 347 202
1578 5962 1387 9187.5 291 249 290 249 290 250 290 251 290 252 290 253 290 254 290 255 290 256 290 257 290 258 290 259 290 260
1579 5989 1387 inf 289 261 290 261 290 260
1580 5991 1387 inf 290 262 290 261 290 260
1581 5986 1388 6.81535e+06 347 202 347 203 348 203
1582 5999 1388 6.81535e+06 349 204 348 204 348 203
1583 6004 1392 inf 292 263 291 263 290 263 289 263
1584 5991 1392 inf 290 261 290 262 290 263 289 263
1585 5984 1393 1.57126e+07 310 239 309 239 309 240 309 241 309 242 309 243
1586 6020 1393 1.57126e+07 309 250 309 249 308 249 308 248 308 247 308 246 308 245 308 244 309 244 309 243
1587 5993 1395 4493.75 316 235 316 236 317 236
1588 6013 1395 4493.75 320 237 319 237 318 237 317 237 317 236
1589 5998 1396 744600 321 231 322 231
1590 6007 1396 744600 323 232 322 232 322 231
1591 5999 1397 6.81535e+06 348 204 349 204
1592 6008 1397 6.81535e+06 350 205 349 205 349 204
1593 5954 1398 304475 258 278 259 278 259 279 260 279 261 279 262 279 263 279 264 279 265 279 266 279 267 279 268 279 269 279 270 279 271 279 271 280 272 280 273 280 274 280
1594 6002 1398 304475 274 281 274 280
1595 6009 1400 inf 293 263 293 262 292 262
1596 6004 1400 inf 291 263 292 263 292 262
1597 6008 1402 6.81535e+06 349 205 350 205
1598 6016 1402 6.81535e+06 351 206 350 206 350 205
1599 6007 1405 744600 322 232 323 232 323 233
1600 6015 1405 744600 323 234 323 233
1601 6028 1406 1.72562e+08 279 282 279 281 278 281 277 281 276 281
1602 6002 1406 304475 274 280 274 281 275 281 276 281
1603 5987 1406 1.72562e+08 266 285 266 284 267 284 268 284 269 284 270 284 271 284 272 284 273 284 273 283 273 282 273 281 274 281 275 281 276 281
1604 6030 1407 inf 298 264 297 264 296 264 296 263 295 263 294 263
1605 6009 1407 inf 293 262 293 263 294 263
1606 6019 1407 3906.25 294 265 294 264 294 263
1607 6013 1408 4493.75 319 237 320 237
1608 6029 1408 4493.75 321 240 321 239 320 239 320 238 320 237
1609 6016 1409 6.81535e+06 350 206 351 206
1610 6027 1409 6.81535e+06 352 208 352 207 351 207 351 206
1611 6015 1410 744600 323 233 323 234 324 234
1612 6026 1410 744600 325 235 324 235 324 234
1613 6019 1412 3906.25 294 264 294 265
1614 6025 1412 3906.25 294 266 294 265
1615 6025 1415 3906.25 294 265 294 266 295 266
1616 6032 1415 3906.25 294 269 294 268 294 267 294 266 295 266
1617 6020 1416 1.57126e+07 309 249 309 250 309 251 309 252
1618 6038 1416 1.57126e+07 310 254 309 254 309 253 309 252
1619 6029 1417 4493.75 321 239 321 240
1620 6034 1417 4493.75 321 242 321 241 321 240
1621 6031 1418 744600 326 236 325 236
1622 6026 1418 744600 324 235 325 235 325 236
1623 6041 1419 1.72562e+08 285 281 284 281 284 282 283 282 282 282 281 282 280 282
1624 6028 1419 1.72562e+08 279 281 279 282 280 282
1625 6030 1422 inf 297 264 298 264 299 264
1626 6037 1422 inf 299 265 299 264
1627 6078 1423 4493.75 326 248 326 247 326 246 325 246 325 245 324 245 324 244 324 243 323 243 323 242 322 242 321 242
1628 6034 1423 4493.75 321 241 321 242
1629 6039 1424 744600 327 237 326 237
1630 6031 1424 744600 325 236 326 236 326 237
1631 6032 1425 3906.25 294 268 294 269 295 269
1632 6040 1425 3906.25 295 270 295 269
1633 6039 1426 744600 326 237 327 237 327 238
1634 6047 1426 744600 328 239 327 239 327 238
1635 6040 1427 3906.25 295 269 295 270 296 270
1636 6045 1427 3906.25 296 271 296 270
1637 6037 1428 inf 299 264 299 265 300 265 301 265
1638 6054 1428 inf 303 266 302 266 301 266 301 265
1639 6056 1429 1.57126e+07 311 258 311 257 311 256 310 256
1640 6038 1429 1.57126e+07 309 254 310 254 310 255 310 256
1641 6048 1432 8.47227e+07 351 216 350 216
1642 5969 1432 8.47227e+07 332 210 332 209 333 209 334 209 335 209 336 209 337 209 338 209 339 209 340 209 341 209 342 209 342 210 343 210 343 211 344 211 344 212 345 212 346 212 346 213 347 213 347 214 347 215 348 215 349 215 349 216 350 216
1643 6059 1435 744600 329 241 329 240 328 240
1644 6047 1435 744600 327 239 328 239 328 240
1645 6054 1438 inf 302 266 303 266 304 266
1646 6066 1438 inf 304 268 304 267 304 266
1647 6067 1441 744600 330 242 329 242
1648 6059 1441 744600 329 240 329 241 329 242
1649 6045 1445 3906.25 296 270 296 271 297 271 298 271 298 272 299 272 300 272
1650 6071 1445 3906.25 300 273 300 272
1651 6066 1446 inf 304 267 304 268
1652 6073 1446 inf 304 269 304 268
1653 6076 1447 1.72562e+08 299 275 298 275
1654 6041 1447 1.72562e+08 284 281 285 281 286 281 287 281 288 281 288 280 289 280 290 280 290 279 290 278 290 277 290 276 291 276 292 276 292 275 293 275 294 275 295 275 296 275 296 274 297 274 298 274 298 275
1655 6067 1449 744600 329 242 330 242 330 243
1656 6087 1449 744600 331 244 330 244 330 243
1657 6084 1454 1.57126e+07 305 270 304 270
1658 6073 1454 inf 304 268 304 269 304 270
1659 6089 1454 inf 304 272 304 271 304 270
1660 6078 1456 4493.75 326 247 326 248
1661 6097 1456 4493.75 328 249 327 249 326 249 326 248
1662 6056 1461 1.57126e+07 311 257 311 258 311 259 311 260 311 261 311 262 311 263 311 264 311 265 311 266 311 267 311 268 310 268 309 268 308 268
1663 6103 1461 1.57126e+07 308 270 308 269 308 268
1664 6106 1462 744600 332 246 332 245 331 245
1665 6087 1462 744600 330 244 331 244 331 245
1666 6093 1463 1.72562e+08 301 276 300 276 300 277
1667 6076 1463 1.72562e+08 298 275 299 275 299 276 300 276 300 277
1668 6094 1464 1.72562e+08 303 274 302 274 302 275
1669 6071 1464 3906.25 300 272 300 273 300 274 301 274 302 274 302 275
1670 6093 1464 1.72562e+08 300 276 301 276 302 276 302 275
1671 6116 1465 inf 305 275 304 275 304 274 303 274
1672 6089 1465 inf 304 271 304 272 304 273 304 274 303 274
1673 6094 1465 1.72562e+08 302 274 303 274
1674 6095 1466 1.57126e+07 307 270 306 270 306 271
1675 6084 1466 1.57126e+07 304 270 305 270 306 270 306 271
1676 6110 1467 7418.75 309 270 308 270 307 270
1677 6103 1467 1.57126e+07 308 269 308 270 307 270
1678 6095 1467 1.57126e+07 306 270 307 270
1679 6097 1469 4493.75 327 249 328 249
1680 6138 1469 4493.75 332 253 331 253 330 253 330 252 330 251 329 251 329 250 328 250 328 249
1681 6119 1474 549494 345 235 344 235 343 235
1682 6107 1474 549494 343 234 343 235
1683 6120 1476 5475 358 222 357 222
1684 6108 1476 5475 349 228 350 228 351 228 352 228 352 227 352 226 352 225 352 224 352 223 352 222 353 222 354 222 355 222 356 222 357 222
1685 6110 1479 7418.75 308 270 309 270 310 270
1686 6121 1479 7418.75 310 271 310 270
1687 6150 1480 3606.25 343 244 343 245 342 245 342 246 342 247 342 248 341 248 340 248 339 248 338 248 337 248 336 248 335 248 334 248 333 248 332 248
1688 6106 1480 744600 332 245 332 246 332 247 332 248
1689 6126 1480 744600 333 249 332 249 332 248
1690 6123 1481 8.47227e+07 360 221 359 221
1691 6027 1481 6.81535e+06 352 207 352 208 352 209 352 210 352 211 352 212 352 213 352 214 352 215 352 216 352 217 352 218 353 218 354 218 354 219 355 219 355 220 356 220 356 221 357 221 358 221 359 221
1692 6048 1481 8.47227e+07 350 216 351 216 351 217 352 217 352 218 353 218 354 218 354 219 355 219 355 220 356 220 356 221 357 221 358 221 359 221
1693 6107 1481 549494 343 235 343 234 343 233 343 232 343 231 343 230 343 229 343 228 343 227 343 226 344 226 344 225 345 225 345 224 346 224 346 223 347 223 347 222 348 222 348 221 349 221 350 221 351 221 352 221 353 221 354 221 355 221 356 221 357 221 358 221 359 221
1694 6108 1481 5475 350 228 349 228 349 227 349 226 349 225 349 224 349 223 349 222 349 221 350 221 351 221 352 221 353 221 354 221 355 221 356 221 357 221 358 221 359 221
1695 6120 1481 5475 357 222 358 222 358 221 359 221
1696 6119 1482 549494 344 235 345 235 345 236
1697 6128 1482 549494 345 237 345 236
1698 6132 1487 7418.75 312 271 311 271
1699 6121 1487 7418.75 310 270 310 271 311 271
1700 6134 1488 8.47227e+07 361 222 360 222
1701 6123 1488 8.47227e+07 359 221 360 221 360 222
1702 6116 1490 inf 304 275 305 275 305 276 306 276 307 276
1703 6136 1490 inf 307 277 307 276
1704 6126 1491 744600 332 249 333 249 333 250
1705 6139 1491 744600 333 252 333 251 333 250
1706 6132 1493 7418.75 311 271 312 271 312 272
1707 6137 1493 7418.75 312 273 312 272
1708 6140 1494 8.47227e+07 362 223 361 223
1709 6134 1494 8.47227e+07 360 222 361 222 361 223
1710 6147 1496 744600 334 253 334 252 333 252
1711 6139 1496 744600 333 251 333 252
1712 6138 1496 4493.75 331 253 332 253 333 253 333 252
1713 6144 1498 549494 347 239 346 239
1714 6128 1498 549494 345 236 345 237 345 238 346 238 346 239
1715 6162 1500 8.47227e+07 368 227 367 227 367 226 367 225 367 224 366 224 365 224 364 224 364 223 363 223
1716 6140 1500 8.47227e+07 361 223 362 223 363 223
1717 6148 1501 3606.25 344 243 343 243 343 244
1718 6150 1501 3606.25 343 245 343 244
1719 6147 1503 744600 334 252 334 253 334 254
1720 6153 1503 744600 334 257 334 256 334 255 334 254
1721 6144 1504 549494 346 239 347 239 347 240 348 240 348 241
1722 6152 1504 549494 348 242 348 241
1723 6154 1505 744600 335 257 334 257
1724 6153 1505 744600 334 256 334 257
1725 6156 1506 549494 350 243 349 243
1726 6152 1506 549494 348 241 348 242 349 242 349 243
1727 6148 1506 3606.25 343 243 344 243 345 243 346 243 347 243 348 243 349 243
1728 6154 1507 744600 334 257 335 257 335 258
1729 6157 1507 744600 335 259 335 258
1730 6164 1510 549494 351 245 350 245
1731 6156 1510 549494 349 243 350 243 350 244 350 245
1732 6190 1516 8.47227e+07 376 231 376 230 375 230 374 230 374 229 374 228 373 228 372 228 371 228 371 227 370 227
1733 6162 1516 8.47227e+07 367 227 368 227 369 227 370 227
1734 6173 1518 549494 352 247 351 247
1735 6164 1518 549494 350 245 351 245 351 246 351 247
1736 6179 1521 549494 353 248 352 248
1737 6173 1521 549494 351 247 352 247 352 248
1738 6182 1522 744600 339 264 339 263 338 263
1739 6157 1522 744600 335 258 335 259 335 260 336 260 336 261 337 261 337 262 338 262 338 263
1740 6178 1522 22681.2 336 265 336 264 337 264 337 263 338 263
1741 6183 1525 549494 354 249 353 249
1742 6179 1525 549494 352 248 353 248 353 249
1743 6178 1527 22681.2 336 264 336 265 335 265 334 265 333 265 333 266 333 267 333 268 333 269 333 270 333 271 333 272 332 272
1744 6186 1527 22681.2 332 273 332 272
1745 6187 1528 744600 341 265 341 264 340 264
1746 6182 1528 744600 339 263 339 264 340 264
1747 6183 1529 549494 353 249 354 249 354 250
1748 6188 1529 549494 355 251 354 251 354 250
1749 6194 1530 744600 343 266 342 266 342 265 341 265
1750 6187 1530 744600 341 264 341 265
1751 6189 1531 549494 356 251 355 251
1752 6188 1531 549494 354 251 355 251
1753 6196 1532 8.47227e+07 377 232 377 231 376 231
1754 6190 1532 8.47227e+07 376 230 376 231
1755 6197 1533 744600 336 274 336 273 335 273
1756 6191 1533 744600 334 273 335 273
1757 6198 1535 549494 357 253 357 252 356 252
1758 6189 1535 549494 355 251 356 251 356 252
1759 6195 1536 7018.75 369 240 368 240
1760 6199 1536 7018.75 366 244 366 243 366 242 367 242 367 241 368 241 368 240
1761 6218 1537 744600 346 270 346 269 346 268 346 267 345 267 344 267 344 266 343 266
1762 6227 1537 131375 353 264 353 265 353 266 353 267 353 268 353 269 352 269 351 269 350 269 349 269 348 269 348 268 347 268 347 267 346 267 345 267 344 267 344 266 343 266
1763 6194 1537 744600 342 266 343 266
1764 6203 1538 7018.75 366 245 366 244 365 244
1765 6199 1538 7018.75 366 243 366 244 365 244
1766 6241 1539 8.47227e+07 380 240 380 239 380 238 380 237 380 236 380 235 380 234 380 233 380 232 379 232 378 232 377 232
1767 6214 1539 1.5707e+07 381 233 380 233 380 232 379 232 378 232 377 232
1768 6196 1539 8.47227e+07 377 231 377 232
1769 6233 1540 744600 342 277 341 277 341 276 340 276 339 276 339 275 338 275 337 275 337 274 336 274
1770 6197 1540 744600 336 273 336 274
1771 6207 1541 549494 358 254 358 253 357 253
1772 6198 1541 549494 357 252 357 253
1773 6208 1542 inf 326 287 325 287 324 287
1774 6137 1542 7418.75 312 272 312 273 312 274 312 275 312 276 312 277 312 278 313 278 313 279 313 280 314 280 315 280 316 280 316 281 317 281 317 282 318 282 319 282 319 283 320 283 320 284 321 284 321 285 321 286 322 286 323 286 323 287 324 287
1775 6136 1542 inf 307 276 307 277 307 278 308 278 309 278 310 278 310 279 310 280 310 281 311 281 312 281 313 281 314 281 315 281 316 281 317 281 317 282 318 282 319 282 319 283 320 283 320 284 321 284 321 285 321 286 322 286 323 286 323 287 324 287
1776 6211 1543 7018.75 367 246 367 245 366 245
1777 6203 1543 7018.75 366 244 366 245
1778 6212 1546 3325 330 284 329 284 328 284
1779 6201 1546 15862.5 327 283 328 283 328 284
1780 6209 1546 15862.5 328 285 328 284
1781 6216 1547 549494 360 255 359 255 359 254 358 254
1782 6207 1547 549494 358 253 358 254
1783 6222 1547 131375 357 260 357 259 357 258 357 257 357 256 358 256 358 255 358 254
1784 6229 1548 7018.75 370 248 369 248 369 247 368 247 368 246 367 246
1785 6211 1548 7018.75 367 245 367 246
1786 6217 1549 7018.75 375 240 374 240
1787 6195 1549 7018.75 368 240 369 240 369 239 370 239 371 239 372 239 373 239 374 239 374 240
1788 6219 1550 inf 328 289 328 288 327 288
1789 6209 1550 15862.5 328 284 328 285 328 286 328 287 328 288 327 288
1790 6201 1550 15862.5 328 283 327 283 326 283 326 284 326 285 326 286 326 287 326 288 327 288
1791 6208 1550 inf 325 287 326 287 326 288 327 288
1792 6228 1551 549494 362 256 362 255 361 255 360 255
1793 6216 1551 549494 359 255 360 255
1794 6257 1552 1.5707e+07 391 233 390 233 389 233 388 233 387 233 386 233 385 233 384 233 383 233 382 233
1795 6214 1552 1.5707e+07 380 233 381 233 382 233
1796 6221 1553 131375 356 260 356 261 355 261
1797 6220 1553 131375 354 262 355 262 355 261
1798 6222 1554 131375 357 259 357 260 356 260
1799 6221 1554 131375 356 261 356 260
1800 6218 1555 744600 346 269 346 270 347 270
1801 6225 1555 744600 347 271 347 270
1802 6226 1556 131375 354 264 353 264
1803 6227 1556 131375 353 265 353 264
1804 6220 1557 131375 355 262 354 262 354 263
1805 6226 1557 131375 353 264 354 264 354 263
1806 6223 1558 inf 329 289 328 289 328 290
1807 6219 1558 inf 328 288 328 289 328 290
1808 6238 1559 inf 330 290 330 289 329 289
1809 6212 1559 3325 329 284 330 284 330 285 330 286 330 287 330 288 330 289 329 289
1810 6223 1559 inf 328 289 329 289
1811 6240 1560 7018.75 367 253 366 253 365 253
1812 6235 1560 7018.75 365 254 365 253
1813 6244 1562 744600 344 277 343 277 342 277
1814 6233 1562 744600 341 277 342 277
1815 6225 1563 744600 347 270 347 271 348 271
1816 6239 1563 744600 348 272 348 271
1817 6247 1564 549494 364 257 364 256 363 256
1818 6228 1564 549494 362 255 362 256 363 256
1819 6229 1565 7018.75 369 248 370 248 371 248
1820 6240 1565 7018.75 366 253 367 253 368 253 369 253 370 253 371 253 371 252 371 251 371 250 371 249 371 248
1821 6248 1566 inf 332 291 331 291 331 290 330 290
1822 6191 1566 744600 335 273 334 273 333 273 332 273 332 274 331 274 331 275 331 276 331 277 331 278 331 279 331 280 331 281 331 282 331 283 331 284 331 285 331 286 331 287 331 288 331 289 331 290 330 290
1823 6186 1566 22681.2 332 272 332 273 332 274 331 274 331 275 331 276 331 277 331 278 331 279 331 280 331 281 331 282 331 283 331 284 331 285 331 286 331 287 331 288 331 289 331 290 330 290
1824 6238 1566 inf 330 289 330 290
1825 6244 1568 744600 343 277 344 277 345 277
1826 6251 1568 744600 346 278 345 278 345 277
1827 6254 1569 549494 366 258 366 257 365 257
1828 6235 1569 7018.75 365 253 365 254 365 255 365 256 365 257
1829 6247 1569 549494 364 256 364 257 365 257
1830 6261 1570 inf 334 292 333 292 333 291 332 291
1831 6258 1570 16643.7 334 290 334 291 333 291 332 291
1832 6248 1570 inf 331 291 332 291
1833 6239 1572 744600 348 271 348 272 349 272 350 272 350 273 351 273
1834 6262 1572 744600 352 274 351 274 351 273
1835 6263 1573 549494 367 259 367 258 366 258
1836 6254 1573 549494 366 257 366 258
1837 6257 1574 1.5707e+07 390 233 391 233
1838 6259 1574 1.5707e+07 391 234 391 233
1839 6269 1575 744600 348 279 348 278 347 278
1840 6251 1575 744600 345 278 346 278 347 278
1841 6267 1576 inf 335 292 334 292
1842 6261 1576 inf 333 292 334 292
1843 6336 1577 172413 396 244 396 243 395 243 395 242 395 241 394 241 393 241 393 240 393 239 393 238 393 237 393 236 393 235 393 234 392 234
1844 6388 1577 1.5707e+07 411 240 411 239 411 238 411 237 411 236 411 235 411 234 410 234 409 234 408 234 407 234 406 234 405 234 404 234 403 234 402 234 401 234 400 234 399 234 398 234 398 235 397 235 396 235 395 235 394 235 393 235 393 234 392 234
1845 6353 1577 1.77324e+06 411 233 410 233 410 234 409 234 408 234 407 234 406 234 405 234 404 234 403 234 402 234 401 234 400 234 399 234 398 234 398 235 397 235 396 235 395 235 394 235 393 235 393 234 392 234
1846 6266 1577 4.75092e+06 403 223 402 223 401 223 400 223 399 223 398 223 398 224 398 225 398 226 398 227 397 227 396 227 396 228 396 229 396 230 396 231 396 232 396 233 395 233 394 233 393 233 392 233 392 234
1847 6259 1577 1.5707e+07 391 233 391 234 392 234
1848 6290 1578 744600 352 280 351 280 350 280 349 280 349 279 348 279
1849 6269 1578 744600 348 278 348 279
1850 6276 1579 549494 370 259 369 259 368 259
1851 6263 1579 549494 367 258 367 259 368 259
1852 6271 1582 4.75092e+06 408 218 408 219 407 219 406 219 406 220 406 221 405 221 405 222 404 222 404 223
1853 6266 1582 4.75092e+06 402 223 403 223 404 223
1854 6274 1583 4.75092e+06 411 217 410 217 410 218 409 218
1855 6271 1583 4.75092e+06 408 219 408 218 409 218
1856 6262 1584 744600 351 274 352 274 353 274 354 274
1857 6283 1584 744600 355 275 354 275 354 274
1858 6277 1585 8.47227e+07 383 246 382 246
1859 6241 1585 8.47227e+07 380 239 380 240 380 241 380 242 380 243 380 244 380 245 381 245 381 246 382 246
1860 6217 1585 7018.75 374 240 375 240 376 240 377 240 377 241 378 241 378 242 378 243 379 243 379 244 380 244 380 245 381 245 381 246 382 246
1861 6293 1585 50875 374 258 374 257 374 256 374 255 374 254 374 253 374 252 374 251 374 250 374 249 374 248 374 247 375 247 375 246 376 246 377 246 378 246 379 246 380 246 381 246 382 246
1862 6281 1587 16643.7 339 291 338 291
1863 6258 1587 16643.7 334 291 334 290 335 290 336 290 336 291 337 291 338 291
1864 6280 1587 2725 337 293 337 292 337 291 338 291
1865 6285 1588 inf 337 294 336 294
1866 6267 1588 inf 334 292 335 292 335 293 335 294 336 294
1867 6292 1589 744600 356 276 356 275 355 275
1868 6283 1589 744600 354 275 355 275
1869 6295 1591 4.75092e+06 415 217 414 217 413 217
1870 6274 1591 4.75092e+06 410 217 411 217 412 217 413 217
1871 6300 1593 549494 373 261 372 261 372 260 371 260
1872 6276 1593 549494 369 259 370 259 370 260 371 260
1873 6280 1595 2725 337 292 337 293 337 294 338 294
1874 6285 1595 inf 336 294 337 294 338 294
1875 6311 1595 inf 341 295 340 295 339 295 338 295 338 294
1876 6296 1596 16643.7 341 292 340 292
1877 6281 1596 16643.7 338 291 339 291 339 292 340 292
1878 6290 1598 744600 351 280 352 280
1879 6306 1598 744600 353 282 353 281 352 281 352 280
1880 6301 1599 4.75092e+06 417 217 416 217
1881 6295 1599 4.75092e+06 414 217 415 217 416 217
1882 6313 1602 47337.5 359 277 359 276 358 276
1883 6292 1602 744600 356 275 356 276 357 276 358 276
1884 6319 1602 744600 358 279 358 278 358 277 358 276
1885 6314 1603 549494 375 261 374 261 373 261
1886 6293 1603 50875 374 257 374 258 374 259 374 260 374 261 373 261
1887 6300 1603 549494 372 261 373 261
1888 6308 1604 4.75092e+06 419 215 419 216 418 216
1889 6301 1604 4.75092e+06 416 217 417 217 417 216 418 216
1890 6302 1605 4.75092e+06 421 212 421 213
1891 6309 1605 4.75092e+06 420 214 421 214 421 213
1892 6320 1606 4.75092e+06 423 210 423 211 422 211 422 212
1893 6302 1606 4.75092e+06 421 213 421 212 422 212
1894 6296 1608 16643.7 340 292 341 292 341 293 342 293
1895 6312 1608 16643.7 342 294 342 293
1896 6322 1609 744600 356 282 355 282 354 282 353 282
1897 6306 1609 744600 353 281 353 282
1898 6309 1610 4.75092e+06 421 214 420 214 420 215
1899 6308 1610 4.75092e+06 419 216 419 215 420 215
1900 6330 1614 inf 345 294 344 294 343 294
1901 6312 1614 16643.7 342 293 342 294 343 294
1902 6311 1614 inf 340 295 341 295 341 294 342 294 343 294
1903 6335 1615 549494 377 263 377 262 376 262 375 262
1904 6314 1615 549494 374 261 375 261 375 262
1905 6333 1616 4.75092e+06 424 209 423 209 423 210
1906 6320 1616 4.75092e+06 423 211 423 210
1907 6319 1617 744600 358 278 358 279 358 280 358 281 358 282 357 282 356 282
1908 6322 1617 744600 355 282 356 282
1909 6343 1620 inf 347 295 347 294 346 294 345 294
1910 6330 1620 inf 344 294 345 294
1911 6342 1620 5462.5 345 297 345 296 345 295 345 294
1912 6338 1621 47337.5 363 278 363 277 362 277
1913 6313 1621 47337.5 359 276 359 277 360 277 361 277 362 277
1914 6341 1623 4.75092e+06 425 208 424 208
1915 6333 1623 4.75092e+06 423 209 424 209 424 208
1916 6352 1625 549494 380 264 380 263 379 263 378 263
1917 6335 1625 549494 377 262 377 263 378 263
1918 6379 1625 9412.5 377 273 377 272 377 271 378 271 378 270 378 269 378 268 378 267 378 266 378 265 378 264 378 263
1919 6421 1626 2931.25 400 257 400 256 400 255 400 254 400 253 400 252 400 251 400 250 400 249 400 248 400 247 399 247 399 246 399 245 398 245 398 244 397 244
1920 6411 1626 172413 403 252 403 251 402 251 402 250 401 250 401 249 401 248 400 248 400 247 399 247 399 246 399 245 398 245 398 244 397 244
1921 6336 1626 172413 396 243 396 244 397 244
1922 6361 1628 47337.5 366 279 366 278 365 278 364 278
1923 6338 1628 47337.5 363 277 363 278 364 278
1924 6378 1631 11956.3 436 211 435 211 434 211 433 211 432 211 431 211 431 212 430 212
1925 6366 1631 66918.8 431 210 431 211 431 212 430 212
1926 6359 1631 66918.8 430 214 430 213 430 212
1927 6350 1632 4.75092e+06 425 206 425 207
1928 6341 1632 4.75092e+06 424 208 425 208 425 207
1929 6360 1634 5462.5 348 297 347 297 346 297
1930 6342 1634 5462.5 345 296 345 297 346 297
1931 6367 1635 inf 350 296 349 296 349 295 348 295
1932 6343 1635 inf 347 294 347 295 348 295
1933 6360 1635 5462.5 347 297 348 297 348 296 348 295
1934 6357 1637 66918.8 425 218 425 219 424 219
1935 6349 1637 66918.8 423 219 424 219
1936 6358 1638 66918.8 429 215 428 215 427 215 427 216 427 217 426 217 426 218 425 218
1937 6357 1638 66918.8 425 219 425 218
1938 6359 1639 66918.8 430 213 430 214 429 214
1939 6358 1639 66918.8 428 215 429 215 429 214
1940 6368 1640 549494 382 264 381 264 380 264
1941 6352 1640 549494 380 263 380 264
1942 6364 1641 8.47227e+07 390 255 389 255
1943 6277 1641 8.47227e+07 382 246 383 246 384 246 384 247 385 247 385 248 385 249 386 249 386 250 386 251 387 251 387 252 388 252 388 253 388 254 389 254 389 255
1944 6371 1642 1.77324e+06 416 231 415 231 414 231 413 231
1945 6369 1642 1.77324e+06 413 233 413 232 413 231
1946 6375 1643 4.75092e+06 426 202 426 203 426 204 426 205 426 206
1947 6350 1643 4.75092e+06 425 207 425 206 426 206
1948 6415 1644 47337.5 375 281 374 281 373 281 373 280 372 280 371 280 370 280 369 280 369 279 368 279 367 279 366 279
1949 6361 1644 47337.5 366 278 366 279
1950 6369 1645 1.77324e+06 413 232 413 233 412 233
1951 6353 1645 1.77324e+06 410 233 411 233 412 233
1952 6368 1646 549494 381 264 382 264
1953 6373 1646 549494 383 265 382 265 382 264
1954 6374 1648 66918.8 432 208 432 209 431 209
1955 6366 1648 66918.8 431 211 431 210 431 209
1956 6376 1649 inf 352 297 352 296 351 296
1957 6367 1649 inf 349 296 350 296 351 296
1958 6380 1650 549494 385 265 384 265 383 265
1959 6373 1650 549494 382 265 383 265
1960 6389 1651 1.77324e+06 421 230 420 230 419 230 418 230
1961 6371 1651 1.77324e+06 415 231 416 231 416 230 417 230 418 230
1962 6383 1652 66918.8 433 207 432 207 432 208
1963 6374 1652 66918.8 432 209 432 208
1964 6379 1653 9412.5 377 272 377 273 376 273
1965 6384 1653 9412.5 375 275 376 275 376 274 376 273
1966 6399 1655 inf 355 298 355 297 354 297 353 297
1967 6376 1655 inf 352 296 352 297 353 297
1968 6395 1658 11956.3 439 211 438 211 437 211
1969 6378 1658 11956.3 435 211 436 211 437 211
1970 6375 1659 4.75092e+06 426 203 426 202 426 201 426 200
1971 6398 1659 4.75092e+06 428 200 427 200 426 200
1972 6384 1660 9412.5 376 275 375 275 375 276
1973 6392 1660 9412.5 375 277 375 276
1974 6386 1661 549494 386 265 385 265 385 266
1975 6380 1661 549494 384 265 385 265 385 266
1976 6394 1662 8.47227e+07 393 259 392 259
1977 6364 1662 8.47227e+07 389 255 390 255 390 256 390 257 391 257 391 258 392 258 392 259
1978 6396 1664 66918.8 434 206 433 206
1979 6383 1664 66918.8 432 207 433 207 433 206
1980 6410 1666 8.47227e+07 394 261 394 260 393 260
1981 6394 1666 8.47227e+07 392 259 393 259 393 260
1982 6405 1667 1.5707e+07 413 241 412 241
1983 6388 1667 1.5707e+07 411 239 411 240 411 241 412 241
1984 6407 1669 11956.3 441 211 440 211
1985 6395 1669 11956.3 438 211 439 211 440 211
1986 6408 1670 66918.8 434 204 434 205
1987 6396 1670 66918.8 433 206 434 206 434 205
1988 6414 1671 inf 357 299 357 298 356 298
1989 6399 1671 inf 355 297 355 298 356 298
1990 6349 1672 66918.8 424 219 423 219 423 220 423 221 422 221 421 221 421 222 421 223 421 224 421 225 421 226 421 227 421 228 421 229 421 230 422 230 423 230 424 230
1991 6389 1672 1.77324e+06 420 230 421 230 422 230 423 230 424 230
1992 6451 1672 1.77324e+06 429 232 428 232 427 232 426 232 425 232 424 232 424 231 424 230
1993 6398 1673 4.75092e+06 427 200 428 200 428 199 428 198
1994 6437 1673 4.75092e+06 430 195 430 196 429 196 429 197 429 198 428 198
1995 6420 1675 8.47227e+07 396 261 395 261 394 261
1996 6439 1675 2931.25 401 259 400 259 399 259 398 259 397 259 396 259 395 259 395 260 395 261 394 261
1997 6410 1675 8.47227e+07 394 260 394 261
1998 6407 1676 11956.3 440 211 441 211 441 210
1999 6412 1676 11956.3 442 212 442 211 441 211 441 210
2000 6418 1677 66918.8 435 203 435 204
2001 6408 1677 66918.8 434 205 434 204 435 204
2002 6411 1678 172413 403 251 403 252 404 252
2003 6427 1678 172413 405 253 404 253 404 252
2004 6431 1679 47337.5 377 282 377 281 376 281
2005 6392 1679 9412.5 375 276 375 277 375 278 375 279 375 280 375 281 376 281
2006 6415 1679 47337.5 374 281 375 281 376 281
2007 6421 1681 2931.25 400 256 400 257
2008 6426 1681 2931.25 400 258 400 257
2009 6435 1683 11956.3 445 214 445 213 444 213
2010 6412 1683 11956.3 442 211 442 212 442 213 443 213 444 213
2011 6420 1685 8.47227e+07 395 261 396 261 396 262
2012 6434 1685 8.47227e+07 396 263 396 262
2013 6448 1686 172413 407 254 406 254 406 253 405 253
2014 6427 1686 172413 404 253 405 253
2015 6441 1687 66918.8 437 201 437 202 436 202
2016 6418 1687 66918.8 435 204 435 203 436 203 436 202
2017 6426 1690 2931.25 400 257 400 258 401 258
2018 6439 1690 2931.25 400 259 401 259 401 258
2019 6386 1691 549494 385 265 386 265 387 265 388 265 389 265 390 265 391 265 391 266 391 267 392 267 392 268
2020 6442 1691 549494 392 269 392 268
2021 6434 1693 8.47227e+07 396 262 396 263 397 263
2022 6445 1693 8.47227e+07 397 264 397 263
2023 6449 1694 1.5707e+07 416 245 415 245
2024 6405 1694 1.5707e+07 412 241 413 241 413 242 413 243 413 244 414 244 414 245 415 245
2025 6453 1695 5200 441 219 441 220 440 220
2026 6459 1695 5200 440 223 440 222 440 221 440 220
2027 6437 1696 4.75092e+06 430 196 430 195 430 194
2028 6456 1696 4.75092e+06 431 194 430 194
2029 6467 1697 172413 409 255 408 255 408 254 407 254
2030 6448 1697 172413 406 254 407 254
2031 6460 1698 5200 444 219 443 219 442 219
2032 6453 1698 5200 441 220 441 219 442 219
2033 6487 1699 4268.75 454 212 454 213 453 213 452 213 451 213 451 214 450 214 449 214 448 214 447 214
2034 6435 1699 11956.3 445 213 445 214 446 214 447 214
2035 6461 1699 11956.3 447 216 447 215 447 214
2036 6465 1700 66918.8 439 200 438 200 438 201
2037 6441 1700 66918.8 437 202 437 201 438 201
2038 6445 1702 8.47227e+07 397 263 397 264 398 264
2039 6466 1702 8.47227e+07 399 265 398 265 398 264
2040 6485 1704 1.77324e+06 436 231 435 231 435 232 434 232 433 232 432 232 431 232 430 232
2041 6451 1704 1.77324e+06 428 232 429 232 430 232
2042 6431 1705 47337.5 377 281 377 282 378 282 378 283 378 284 379 284
2043 6470 1705 47337.5 379 286 379 285 379 284
2044 6477 1706 11956.3 448 218 447 218 446 218 445 218
2045 6461 1706 11956.3 447 215 447 216 447 217 447 218 446 218 445 218
2046 6460 1706 5200 443 219 444 219 444 218 445 218
2047 6473 1708 66918.8 440 199 440 200 439 200
2048 6465 1708 66918.8 438 200 439 200
2049 6483 1709 172413 411 256 411 255 410 255 409 255
2050 6467 1709 172413 408 255 409 255
2051 6456 1710 4.75092e+06 430 194 431 194 431 193 431 192 432 192
2052 6481 1710 4.75092e+06 433 191 433 192 432 192
2053 6442 1711 549494 392 268 392 269 393 269 393 270 394 270 394 271
2054 6474 1711 549494 394 272 394 271
2055 6482 1712 8.47227e+07 400 267 400 266 399 266
2056 6466 1712 8.47227e+07 398 265 399 265 399 266
2057 6491 1714 4187.5 442 198 441 198 441 199
2058 6497 1714 66918.8 440 195 441 195 441 196 441 197 441 198 441 199
2059 6473 1714 66918.8 440 200 440 199 441 199
2060 6575 1715 inf 382 304 381 304 381 303 380 303 380 302 379 302 378 302 377 302 376 302 375 302 374 302 373 302 373 301 372 301 371 301 371 300 370 300 369 300 368 300 367 300
2061 6470 1715 47337.5 379 285 379 286 379 287 379 288 379 289 379 290 379 291 379 292 379 293 379 294 379 295 379 296 379 297 379 298 379 299 379 300 379 301 379 302 378 302 377 302 376 302 375 302 374 302 373 302 373 301 372 301 371 301 371 300 370 300 369 300 368 300 367 300
2062 6414 1715 inf 357 298 357 299 358 299 359 299 360 299 361 299 362 299 363 299 364 299 365 299 366 299 367 299 367 300
2063 6482 1716 8.47227e+07 400 266 400 267
2064 6493 1716 8.47227e+07 401 268 400 268 400 267
2065 6527 1717 172413 419 258 418 258 417 258 416 258 415 258 415 257 414 257 414 256 413 256 412 256 411 256
2066 6483 1717 172413 411 255 411 256
2067 6481 1719 4.75092e+06 433 192 433 191 434 191
2068 6494 1719 4.75092e+06 435 190 435 191 434 191
2069 6474 1720 549494 394 271 394 272 395 272 395 273
2070 6492 1720 549494 395 274 395 273
2071 6501 1721 1.5707e+07 424 247 423 247 422 247 421 247
2072 6449 1721 1.5707e+07 415 245 416 245 417 245 418 245 418 246 419 246 420 246 420 247 421 247
2073 6528 1721 5256.25 421 256 421 255 421 254 421 253 421 252 421 251 421 250 421 249 421 248 421 247
2074 6559 1723 61368.8 449 234 449 233 448 233 447 233 446 233 445 233 444 233 443 233 442 233 441 233 441 232 440 232 439 232 438 232 438 231 437 231
2075 6504 1723 1.77324e+06 443 227 443 228 443 229 443 230 442 230 442 231 441 231 440 231 439 231 438 231 437 231
2076 6485 1723 1.77324e+06 435 231 436 231 437 231
2077 6493 1724 8.47227e+07 400 268 401 268
2078 6500 1724 8.47227e+07 402 269 401 269 401 268
2079 6496 1725 1.77324e+06 444 226 443 226
2080 6459 1725 5200 440 222 440 223 440 224 440 225 440 226 441 226 442 226 443 226
2081 6504 1725 1.77324e+06 443 228 443 227 443 226
2082 6505 1726 4187.5 444 197 443 197 443 198
2083 6491 1726 4187.5 441 198 442 198 443 198
2084 6507 1727 549494 399 272 399 273 398 273 397 273 396 273 396 274
2085 6492 1727 549494 395 273 395 274 396 274
2086 6494 1728 4.75092e+06 435 191 435 190 436 190
2087 6508 1728 4.75092e+06 438 190 437 190 436 190
2088 6500 1729 8.47227e+07 401 269 402 269
2089 6507 1729 549494 399 273 399 272 400 272 401 272 402 272 402 271 402 270 402 269
2090 6510 1729 8.47227e+07 403 270 402 270 402 269
2091 6515 1731 4187.5 446 196 446 197 445 197 444 197
2092 6505 1731 4187.5 443 197 444 197
2093 6506 1732 66918.8 439 192 439 193 440 193
2094 6497 1732 66918.8 441 195 440 195 440 194 440 193
2095 6510 1734 8.47227e+07 402 270 403 270
2096 6517 1734 8.47227e+07 404 271 403 271 403 270
2097 6530 1735 1.77324e+06 451 226 451 225 450 225 449 225 448 225
2098 6496 1735 1.77324e+06 443 226 444 226 445 226 445 225 446 225 447 225 448 225
2099 6501 1738 1.5707e+07 423 247 424 247 424 248 425 248 426 248
2100 6518 1738 1.5707e+07 426 249 426 248
2101 6522 1740 4187.5 446 194 446 195 446 196
2102 6515 1740 4187.5 446 197 446 196
2103 6508 1742 4.75092e+06 437 190 438 190 438 189 439 189
2104 6506 1742 66918.8 439 193 439 192 439 191 439 190 439 189
2105 6523 1742 4.75092e+06 441 189 440 189 439 189
2106 6517 1743 8.47227e+07 403 271 404 271
2107 6526 1743 8.47227e+07 405 272 404 272 404 271
2108 6534 1745 11956.3 457 221 456 221 455 221
2109 6477 1745 11956.3 447 218 448 218 449 218 450 218 450 219 451 219 451 220 452 220 453 220 454 220 455 220 455 221
2110 6523 1746 4.75092e+06 440 189 441 189
2111 6532 1746 4.75092e+06 442 189 441 189
2112 6613 1749 8.47227e+07 410 281 410 280 410 279 410 278 410 277 410 276 409 276 409 275 408 275 408 274 407 274 407 273 406 273 406 272 405 272
2113 6526 1749 8.47227e+07 404 272 405 272
2114 6535 1752 172413 421 258 420 258
2115 6527 1752 172413 418 258 419 258 420 258
2116 6546 1753 11956.3 459 221 459 220 458 220
2117 6534 1753 11956.3 456 221 457 221 458 221 458 220
2118 6545 1754 1.77324e+06 453 226 453 227 452 227
2119 6530 1754 1.77324e+06 451 225 451 226 452 226 452 227
2120 6560 1757 1.77324e+06 458 225 457 225 457 226 456 226 455 226 454 226
2121 6545 1757 1.77324e+06 453 227 453 226 454 226
2122 6532 1758 4.75092e+06 441 189 442 189 443 189 444 189 445 189
2123 6550 1758 4.75092e+06 446 189 445 189
2124 6565 1760 172413 424 260 424 259 423 259 422 259
2125 6528 1760 5256.25 421 255 421 256 421 257 421 258 421 259 422 259
2126 6535 1760 172413 420 258 421 258 421 259 422 259
2127 6550 1765 4.75092e+06 445 189 446 189 447 189
2128 6563 1765 4.75092e+06 449 190 448 190 448 189 447 189
2129 6569 1767 1.77324e+06 459 224 459 225 458 225
2130 6560 1767 1.77324e+06 457 225 458 225
2131 6571 1768 4.75092e+06 450 190 449 190
2132 6563 1768 4.75092e+06 448 190 449 190
2133 6630 1769 61368.8 459 234 459 235 458 235 457 235 456 235 455 235 454 235 453 235 452 235 452 234 451 234 450 234
2134 6559 1769 61368.8 449 233 449 234 450 234
2135 6618 1770 172413 432 260 431 260 430 260 429 260 428 260 427 260 426 260 425 260
2136 6565 1770 172413 424 259 424 260 425 260
2137 6577 1772 1.77324e+06 462 224 461 224
2138 6546 1772 11956.3 459 220 459 221 459 222 459 223 459 224 460 224 461 224
2139 6569 1772 1.77324e+06 459 225 459 224 460 224 461 224
2140 6585 1773 1.77324e+06 469 218 469 217 470 217 470 216 470 215
2141 6586 1773 1.77324e+06 471 216 470 216 470 215
2142 6574 1776 4.75092e+06 451 191 452 191
2143 6580 1776 4.75092e+06 453 192 453 191 452 191
2144 6571 1777 4.75092e+06 449 190 450 190 451 190
2145 6522 1777 4187.5 446 195 446 194 447 194 448 194 449 194 449 193 450 193 450 192 450 191 451 191 451 190
2146 6574 1777 4.75092e+06 452 191 451 191 451 190
2147 6575 1778 inf 381 304 382 304
2148 6589 1778 inf 383 305 382 305 382 304
2149 6588 1780 4.75092e+06 457 194 456 194
2150 6580 1780 4.75092e+06 453 191 453 192 454 192 455 192 455 193 455 194 456 194
2151 6596 1782 1.77324e+06 467 220 467 221 466 221
2152 6487 1782 4268.75 454 213 454 212 455 212 456 212 457 212 458 212 459 212 460 212 460 213 460 214 460 215 460 216 460 217 460 218 460 219 460 220 460 221 461 221 461 222 462 222 463 222 464 222 465 222 466 222 466 221
2153 6577 1782 1.77324e+06 461 224 462 224 463 224 463 223 464 223 465 223 465 222 466 222 466 221
2154 6597 1783 1.77324e+06 472 216 471 216
2155 6586 1783 1.77324e+06 470 216 471 216
2156 6598 1784 1.77324e+06 473 215 472 215
2157 6597 1784 1.77324e+06 471 216 472 216 472 215
2158 6608 1786 2568.75 384 306 384 305 383 305
2159 6609 1786 inf 386 304 385 304 385 305 384 305 383 305
2160 6589 1786 inf 382 305 383 305
2161 6585 1790 1.77324e+06 469 217 469 218 469 219
2162 6596 1790 1.77324e+06 467 221 467 220 467 219 468 219 469 219
2163 6600 1791 4.75092e+06 458 195 459 195
2164 6625 1791 4.75092e+06 466 197 465 197 464 197 463 197 463 196 462 196 461 196 460 196 460 195 459 195
2165 6588 1792 4.75092e+06 456 194 457 194 458 194
2166 6600 1792 4.75092e+06 459 195 458 195 458 194
2167 6645 1795 2568.75 388 309 388 308 388 307 387 307 386 307 386 306 385 306 384 306
2168 6608 1795 2568.75 384 305 384 306
2169 6634 1796 inf 389 306 389 305 388 305 387 305 387 304 386 304
2170 6609 1796 inf 385 304 386 304
2171 6640 1802 172413 435 261 435 260 434 260 433 260
2172 6618 1802 172413 431 260 432 260 433 260
2173 6631 1805 61368.8 461 233 460 233 460 234
2174 6630 1805 61368.8 459 235 459 234 460 234
2175 6637 1806 1.5707e+07 481 214 480 214
2176 6598 1806 1.77324e+06 472 215 473 215 474 215 475 215 476 215 477 215 478 215 479 215 480 215 480 214
2177 6642 1806 1.5707e+07 479 217 479 216 480 216 480 215 480 214
2178 6649 1807 4.75092e+06 470 197 469 197 469 198
2179 6644 1807 4.75092e+06 468 197 469 197 469 198
2180 6625 1808 4.75092e+06 465 197 466 197 467 197 468 197
2181 6644 1808 4.75092e+06 469 197 468 197
2182 6650 1809 inf 391 307 391 306 390 306
2183 6634 1809 inf 389 305 389 306 390 306
2184 6642 1812 1.5707e+07 479 216 479 217 479 218
2185 6654 1812 1.5707e+07 478 219 479 219 479 218
2186 6661 1814 2568.75 390 310 389 310 388 310
2187 6645 1814 2568.75 388 308 388 309 388 310
2188 6654 1817 1.5707e+07 479 219 478 219 478 220
2189 6665 1817 1.5707e+07 478 222 478 221 478 220
2190 6650 1818 inf 391 306 391 307 392 307
2191 6667 1818 inf 393 308 392 308 392 307
2192 6663 1819 172413 439 261 438 261
2193 6641 1819 37062.5 436 259 436 260 436 261 437 261 438 261
2194 6640 1819 172413 435 260 435 261 436 261 437 261 438 261
2195 6657 1821 1.5707e+07 475 223 475 224
2196 6670 1821 1.5707e+07 475 226 475 225 475 224
2197 6658 1822 1.5707e+07 477 222 476 222 476 223
2198 6657 1822 1.5707e+07 475 224 475 223 476 223
2199 6649 1823 4.75092e+06 469 197 470 197 471 197 472 197
2200 6666 1823 4.75092e+06 474 198 473 198 472 198 472 197
2201 6665 1824 1.5707e+07 478 221 478 222
2202 6658 1824 1.5707e+07 476 222 477 222 478 222
2203 6684 1824 8237.5 480 223 479 223 478 223 478 222
2204 6673 1826 2568.75 391 311 390 311
2205 6661 1826 2568.75 389 310 390 310 390 311
2206 6730 1827 2625 450 262 449 262 449 261 448 261 447 261 446 261 445 261 444 261 443 261 442 261 441 261 440 261 439 261 439 262
2207 6663 1827 172413 438 261 439 261 439 262
2208 6698 1827 172413 438 268 438 267 438 266 439 266 439 265 439 264 439 263 439 262
2209 6670 1829 1.5707e+07 475 225 475 226
2210 6683 1829 1.5707e+07 474 229 474 228 475 228 475 227 475 226
2211 6696 1831 2568.75 395 311 395 310 395 309 395 308 394 308
2212 6736 1831 inf 400 313 400 312 400 311 400 310 400 309 399 309 398 309 398 308 397 308 396 308 395 308 394 308
2213 6737 1831 2518.73 407 306 406 306 406 307 405 307 405 308 404 308 403 308 402 308 401 308 400 308 399 308 398 308 397 308 396 308 395 308 394 308
2214 6667 1831 inf 392 308 393 308 394 308
2215 6685 1833 8237.5 482 221 481 221
2216 6684 1833 8237.5 479 223 480 223 480 222 480 221 481 221
2217 6680 1834 8237.5 484 217 484 218
2218 6685 1834 8237.5 481 221 482 221 483 221 483 220 483 219 483 218 484 218
2219 6686 1835 8237.5 486 217 485 217
2220 6680 1835 8237.5 484 218 484 217 485 217
2221 6690 1836 1.5707e+07 486 206 485 206 485 207
2222 6637 1836 1.5707e+07 480 214 481 214 482 214 482 213 482 212 482 211 483 211 484 211 484 210 484 209 484 208 485 208 485 207
2223 6688 1837 1.5707e+07 474 230 473 230
2224 6631 1837 61368.8 460 233 461 233 462 233 463 233 464 233 465 233 466 233 467 233 468 233 469 233 470 233 471 233 471 232 472 232 472 231 473 231 473 230
2225 6693 1837 1.5707e+07 470 234 471 234 471 233 471 232 472 232 472 231 473 231 473 230
2226 6683 1838 1.5707e+07 474 228 474 229
2227 6688 1838 1.5707e+07 473 230 474 230 474 229
2228 6696 1839 2568.75 395 310 395 311 395 312 394 312 393 312 392 312
2229 6673 1839 2568.75 390 311 391 311 391 312 392 312
2230 6693 1841 1.5707e+07 471 234 470 234
2231 6701 1841 1.5707e+07 470 236 470 235 470 234
2232 6705 1841 33062.5 472 235 471 235 470 235 470 234
2233 6694 1843 8237.5 491 214 490 214
2234 6686 1843 8237.5 485 217 486 217 487 217 488 217 489 217 490 217 490 216 490 215 490 214
2235 6702 1844 8237.5 493 213 492 213 491 213
2236 6694 1844 8237.5 490 214 491 214 491 213
2237 6699 1847 1.5707e+07 453 252 453 253 452 253
2238 6518 1847 1.5707e+07 426 248 426 249 427 249 428 249 429 249 430 249 430 250 431 250 432 250 433 250 434 250 434 251 435 251 436 251 437 251 437 252 438 252 439 252 440 252 441 252 442 252 443 252 444 252 445 252 445 253 446 253 447 253 448 253 449 253 450 253 451 253 452 253
2239 6641 1847 37062.5 436 260 436 259 436 258 436 257 436 256 436 255 436 254 436 253 437 253 438 253 439 253 440 253 441 253 442 253 443 253 444 253 445 253 446 253 447 253 448 253 449 253 450 253 451 253 452 253
2240 6706 1848 1.5707e+07 457 251 456 251 456 252 455 252 454 252
2241 6699 1848 1.5707e+07 453 253 453 252 454 252
2242 6700 1849 1.5707e+07 469 236 469 237
2243 6704 1849 1.5707e+07 468 238 469 238 469 237
2244 6701 1850 1.5707e+07 470 235 470 236
2245 6700 1850 1.5707e+07 469 237 469 236 470 236
2246 6711 1851 inf 494 210 494 211 493 211
2247 6702 1851 8237.5 492 213 493 213 493 212 493 211
2248 6725 1851 inf 492 218 493 218 493 217 493 216 493 215 493 214 493 213 493 212 493 211
2249 6704 1852 1.5707e+07 469 238 468 238 468 239 468 240 467 240 467 241 466 241
2250 6708 1852 1.5707e+07 466 242 466 241
2251 6705 1853 33062.5 471 235 472 235
2252 6724 1853 33062.5 475 236 474 236 473 236 472 236 472 235
2253 6698 1854 172413 438 267 438 268 439 268 440 268
2254 6713 1854 172413 440 269 440 268
2255 6714 1855 1.5707e+07 458 250 458 251 457 251
2256 6706 1855 1.5707e+07 456 251 457 251
2257 6707 1856 1.5707e+07 465 243 464 243 464 244
2258 6719 1856 1.5707e+07 464 246 464 245 464 244
2259 6708 1857 1.5707e+07 466 241 466 242 465 242 465 243
2260 6707 1857 1.5707e+07 464 243 465 243
2261 6715 1862 1.5707e+07 459 249 459 250
2262 6714 1862 1.5707e+07 458 251 458 250 459 250
2263 6723 1863 1.5707e+07 464 247 463 247 463 248 462 248 461 248 461 249 460 249
2264 6715 1863 1.5707e+07 459 250 459 249 460 249
2265 6721 1864 33062.5 477 233 476 233
2266 6731 1864 33062.5 475 236 476 236 476 235 476 234 476 233
2267 6739 1864 4868.75 476 237 476 236 476 235 476 234 476 233
2268 6717 1865 7462.5 488 220 488 221 488 222
2269 6732 1865 7462.5 488 224 488 223 488 222
2270 6727 1866 19637.5 498 211 498 212
2271 6751 1866 19637.5 499 215 499 214 499 213 498 213 498 212
2272 6735 1867 1.5707e+07 489 201 488 201 488 202
2273 6690 1867 1.5707e+07 485 206 486 206 486 205 487 205 487 204 487 203 488 203 488 202
2274 6719 1868 1.5707e+07 464 245 464 246 464 247
2275 6723 1868 1.5707e+07 463 247 464 247
2276 6731 1869 33062.5 476 236 475 236
2277 6724 1869 33062.5 474 236 475 236
2278 6725 1870 inf 493 218 492 218 492 219
2279 6741 1870 inf 492 221 492 220 492 219
2280 6747 1873 2625 454 260 453 260 453 261 452 261 451 261 451 262 450 262
2281 6730 1873 2625 449 262 450 262
2282 6741 1874 inf 492 220 492 221 491 221
2283 6717 1874 7462.5 488 221 488 220 489 220 490 220 491 220 491 221
2284 6740 1874 inf 490 222 491 222 491 221
2285 6727 1876 19637.5 498 212 498 211 497 211 497 210 497 209 497 208 496 208
2286 6742 1876 inf 496 207 496 208
2287 6711 1876 inf 494 211 494 210 495 210 495 209 496 209 496 208
2288 6738 1878 2518.73 408 305 407 305 407 306
2289 6737 1878 2518.73 406 306 407 306
2290 6739 1879 4868.75 476 236 476 237
2291 6773 1879 4868.75 478 239 477 239 476 239 476 238 476 237
2292 6740 1880 inf 491 222 490 222 490 223
2293 6732 1880 7462.5 488 223 488 224 489 224 490 224 490 223
2294 6748 1880 inf 489 225 489 224 490 224 490 223
2295 6761 1881 inf 403 313 402 313 401 313
2296 6736 1881 inf 400 312 400 313 401 313
2297 6755 1882 2625 455 260 454 260
2298 6747 1882 2625 453 260 454 260
2299 6748 1883 inf 489 224 489 225
2300 6758 1883 inf 488 226 489 226 489 225
2301 6759 1884 1.5707e+07 490 199 490 200
2302 6666 1884 4.75092e+06 473 198 474 198 475 198 476 198 476 199 476 200 477 200 478 200 479 200 480 200 481 200 482 200 483 200 484 200 485 200 486 200 487 200 488 200 489 200 490 200
2303 6735 1884 1.5707e+07 488 201 489 201 489 200 490 200
2304 6767 1888 inf 488 228 487 228
2305 6774 1888 inf 486 230 487 230 487 229 487 228
2306 6758 1889 inf 489 226 488 226 488 227
2307 6767 1889 inf 487 228 488 228 488 227
2308 6751 1894 19637.5 499 214 499 215 499 216 499 217 499 218 498 218 498 219
2309 6782 1894 19637.5 497 220 498 220 498 219
2310 6792 1898 inf 408 312 408 313 407 313 406 313 405 313
2311 6761 1898 inf 402 313 403 313 404 313 405 313
2312 6774 1899 inf 487 230 486 230 486 231 486 232
2313 6787 1899 inf 485 233 486 233 486 232
2314 6788 1900 19637.5 497 222 496 222
2315 6804 1900 19637.5 494 230 494 229 494 228 494 227 494 226 495 226 495 225 495 224 496 224 496 223 496 222
2316 6782 1901 19637.5 498 220 497 220 497 221
2317 6788 1901 19637.5 496 222 497 222 497 221
2318 6791 1902 153637 502 207 503 207 503 208 503 209
2319 6833 1902 153637 514 211 514 210 513 210 512 210 511 210 510 210 509 210 508 210 507 210 506 210 505 210 504 210 503 210 503 209
2320 6787 1904 inf 486 233 485 233 485 234
2321 6721 1904 33062.5 476 233 477 233 478 233 479 233 480 233 481 233 482 233 483 233 484 233 485 233 485 234
2322 6790 1904 inf 484 236 484 235 485 235 485 234
2323 6789 1905 inf 409 311 408 311 408 312
2324 6792 1905 inf 408 313 408 312
2325 6795 1906 inf 411 310 411 311 410 311 409 311
2326 6789 1906 inf 408 311 409 311
2327 6790 1908 inf 484 235 484 236
2328 6794 1908 inf 483 237 484 237 484 236
2329 6834 1909 6.02046e+06 504 200 503 200 502 200 501 200 500 200 499 200 499 201 498 201 498 202
2330 6909 1909 3600 507 192 506 192 505 192 504 192 503 192 502 192 502 193 502 194 501 194 500 194 500 195 500 196 500 197 500 198 499 198 499 199 499 200 499 201 498 201 498 202
2331 6877 1909 inf 498 188 499 188 499 189 499 190 499 191 499 192 499 193 500 193 500 194 500 195 500 196 500 197 500 198 499 198 499 199 499 200 499 201 498 201 498 202
2332 6759 1909 1.5707e+07 490 200 490 199 491 199 492 199 493 199 494 199 495 199 496 199 497 199 498 199 498 200 498 201 498 202
2333 6742 1909 inf 496 208 496 207 496 206 496 205 497 205 497 204 497 203 498 203 498 202
2334 6791 1909 153637 503 207 502 207 501 207 500 207 499 207 498 207 497 207 497 206 497 205 497 204 497 203 498 203 498 202
2335 6794 1912 inf 484 237 483 237 483 238
2336 6800 1912 inf 483 240 483 239 483 238
2337 6800 1914 inf 483 239 483 240 482 240 482 241
2338 6773 1914 4868.75 477 239 478 239 479 239 480 239 481 239 482 239 482 240 482 241
2339 6802 1914 inf 480 243 481 243 481 242 482 242 482 241
2340 6852 1914 19637.5 487 244 486 244 485 244 484 244 483 244 482 244 482 243 482 242 482 241
2341 6807 1915 inf 480 245 479 245
2342 6821 1915 inf 479 248 479 247 479 246 479 245
2343 6802 1916 inf 481 243 480 243 480 244
2344 6807 1916 inf 479 245 480 245 480 244
2345 6804 1917 19637.5 494 229 494 230
2346 6815 1917 19637.5 494 232 494 231 494 230
2347 6806 1920 inf 416 308 416 309
2348 6795 1920 inf 411 311 411 310 412 310 413 310 414 310 414 309 415 309 416 309
2349 6814 1923 inf 418 307 418 308
2350 6738 1923 2518.73 407 305 408 305 409 305 410 305 411 305 412 305 413 305 414 305 415 305 415 306 415 307 415 308 416 308 417 308 418 308
2351 6806 1923 inf 416 309 416 308 417 308 418 308
2352 6819 1924 inf 420 307 419 307
2353 6814 1924 inf 418 308 418 307 419 307
2354 6820 1925 inf 421 305 421 306 420 306
2355 6819 1925 inf 419 307 420 307 420 306
2356 6827 1927 inf 423 304 423 305 422 305
2357 6820 1927 inf 421 306 421 305 422 305
2358 6828 1928 inf 424 303 424 304 423 304
2359 6827 1928 inf 423 305 423 304
2360 6836 1929 inf 426 302 426 303 425 303 424 303
2361 6613 1929 8.47227e+07 410 280 410 281 410 282 410 283 410 284 410 285 410 286 411 286 412 286 413 286 413 287 414 287 415 287 416 287 417 287 417 288 417 289 417 290 418 290 418 291 418 292 418 293 418 294 418 295 418 296 418 297 418 298 418 299 419 299 420 299 420 300 421 300 422 300 423 300 424 300 424 301 424 302 424 303
2362 6828 1929 inf 424 304 424 303
2363 6823 1930 19637.5 494 233 493 233 493 234
2364 6831 1930 19637.5 492 235 493 235 493 234
2365 6815 1931 19637.5 494 231 494 232 494 233
2366 6823 1931 19637.5 493 233 494 233
2367 6833 1934 153637 514 210 514 211
2368 6832 1934 153637 515 213 515 212 514 212 514 211
2369 6856 1936 6.02046e+06 506 199 505 199 505 200 505 201
2370 6834 1936 6.02046e+06 503 200 504 200 505 200 505 201
2371 6835 1937 86631.2 489 185 488 185 487 185 487 184 487 183
2372 6851 1937 86631.2 488 182 487 182 487 183
2373 6845 1938 inf 473 257 472 257
2374 6844 1938 inf 471 259 471 258 472 258 472 257
2375 6846 1939 inf 474 256 473 256
2376 6845 1939 inf 472 257 473 257 473 256
2377 6837 1940 inf 474 254 474 255
2378 6846 1940 inf 473 256 474 256 474 255
2379 6838 1941 inf 475 253 475 254
2380 6837 1941 inf 474 255 474 254 475 254
2381 6882 1941 7131.26 480 256 479 256 478 256 477 256 476 256 475 256 475 255 475 254
2382 6839 1942 inf 477 252 476 252 476 253
2383 6838 1942 inf 475 254 475 253 476 253
2384 6821 1943 inf 479 247 479 248 479 249 479 250 478 250 478 251 477 251 477 252
2385 6839 1943 inf 476 252 477 252
2386 6831 1944 19637.5 493 235 492 235 492 236 492 237
2387 6848 1944 19637.5 490 240 490 239 491 239 491 238 492 238 492 237
2388 6896 1945 153637 515 222 515 221 515 220 515 219 515 218 515 217 515 216 515 215 514 215
2389 6832 1945 153637 515 212 515 213 515 214 515 215 514 215
2390 6842 1947 inf 429 301 428 301 428 302
2391 6836 1947 inf 426 303 426 302 427 302 428 302
2392 6857 1948 inf 430 302 430 301 429 301
2393 6842 1948 inf 428 301 429 301
2394 6843 1949 inf 470 259 470 260
2395 6755 1949 2625 454 260 455 260 456 260 456 261 457 261 458 261 459 261 460 261 460 262 460 263 461 263 462 263 463 263 464 263 465 263 466 263 467 263 468 263 468 262 469 262 469 261 470 261 470 260
2396 6859 1949 inf 467 265 467 264 468 264 468 263 468 262 469 262 469 261 470 261 470 260
2397 6844 1950 inf 471 258 471 259
2398 6843 1950 inf 470 260 470 259 471 259
2399 6848 1952 19637.5 490 239 490 240
2400 6854 1952 19637.5 488 243 488 242 489 242 489 241 490 241 490 240
2401 6853 1954 19637.5 487 243 487 244
2402 6852 1954 19637.5 486 244 487 244
2403 6854 1955 19637.5 488 242 488 243
2404 6853 1955 19637.5 487 244 487 243 488 243
2405 6870 1957 6.02046e+06 507 197 507 198 506 198 506 199
2406 6856 1957 6.02046e+06 505 199 506 199
2407 6878 1958 6125 490 179 489 179 488 179 488 180 488 181
2408 6886 1958 86631.2 489 177 489 178 489 179 488 179 488 180 488 181
2409 6851 1958 86631.2 487 182 488 182 488 181
2410 6862 1959 inf 463 269 463 270 462 270
2411 6868 1959 inf 462 272 462 271 462 270
2412 6863 1960 inf 464 268 464 269 463 269
2413 6862 1960 inf 463 270 463 269
2414 6864 1961 inf 465 267 465 268 464 268
2415 6863 1961 inf 464 269 464 268
2416 6858 1962 inf 466 266 465 266 465 267
2417 6864 1962 inf 465 268 465 267
2418 6859 1963 inf 467 264 467 265 466 265 466 266
2419 6858 1963 inf 465 266 466 266
2420 6866 1966 86631.2 492 183 491 183
2421 6835 1966 86631.2 488 185 489 185 490 185 490 184 490 183 491 183
2422 6867 1967 inf 432 301 432 302 431 302
2423 6857 1967 inf 430 301 430 302 431 302
2424 6874 1968 inf 434 300 434 301 433 301
2425 6867 1968 inf 432 302 432 301 433 301
2426 6879 1969 inf 436 300 435 300 434 300
2427 6874 1969 inf 434 301 434 300
2428 6876 1972 6.02046e+06 508 197 507 197
2429 6870 1972 6.02046e+06 507 198 507 197
2430 6881 1973 inf 443 292 443 293 442 293
2431 6880 1973 inf 440 296 440 295 440 294 441 294 441 293 442 293
2432 6897 1974 6125 491 178 491 179 490 179
2433 6878 1974 6125 489 179 490 179
2434 6887 1975 inf 440 297 439 297
2435 6879 1975 inf 435 300 436 300 436 299 437 299 437 298 438 298 439 298 439 297
2436 6880 1976 inf 440 295 440 296
2437 6887 1976 inf 439 297 440 297 440 296
2438 6898 1976 145262 441 297 440 297 440 296
2439 6888 1977 inf 445 291 445 292 444 292
2440 6713 1977 172413 440 268 440 269 440 270 440 271 440 272 440 273 440 274 440 275 441 275 442 275 442 276 442 277 443 277 443 278 443 279 443 280 443 281 443 282 443 283 443 284 443 285 443 286 443 287 443 288 443 289 444 289 444 290 444 291 444 292
2441 6881 1977 inf 443 293 443 292 444 292
2442 6889 1978 inf 446 290 446 291 445 291
2443 6888 1978 inf 445 292 445 291
2444 6903 1979 6.02046e+06 509 195 508 195 508 196
2445 6876 1979 6.02046e+06 507 197 508 197 508 196
2446 6890 1980 inf 448 289 447 289 447 290
2447 6889 1980 inf 446 291 446 290 447 290
2448 6901 1981 inf 449 289 448 289
2449 6890 1981 inf 447 289 448 289
2450 6912 1982 6125 492 177 491 177 491 178
2451 6904 1982 3000 490 177 491 177 491 178
2452 6897 1982 6125 491 179 491 178
2453 6886 1983 86631.2 489 178 489 177 489 176
2454 6904 1983 3000 491 177 490 177 489 177 489 176
2455 6905 1983 86631.2 489 175 489 176
2456 6923 1984 6.02046e+06 510 192 510 193 510 194 509 194 509 195
2457 6903 1984 6.02046e+06 508 195 509 195
2458 6914 1985 145262 443 297 442 297
2459 6898 1985 145262 440 297 441 297 442 297
2460 6915 1986 145262 444 296 443 296
2461 6914 1986 145262 442 297 443 297 443 296
2462 6907 1987 inf 450 288 450 289
2463 6901 1987 inf 448 289 449 289 450 289
2464 6919 1987 4425 450 291 450 290 450 289
2465 6911 1988 inf 497 183 498 183
2466 6877 1988 inf 499 188 498 188 498 187 498 186 498 185 498 184 498 183
2467 6922 1990 inf 454 288 453 288 452 288
2468 6907 1990 inf 450 289 450 288 451 288 452 288
2469 6925 1991 3600 508 190 507 190 507 191
2470 6909 1991 3600 506 192 507 192 507 191
2471 6928 1993 3450 493 175 492 175 492 176
2472 6912 1993 6125 491 177 492 177 492 176
2473 6917 1993 6125 493 177 492 177 492 176
2474 6921 1994 145262 446 295 446 296
2475 6915 1994 145262 443 296 444 296 445 296 446 296
2476 6882 1996 7131.26 479 256 480 256 481 256 481 257 481 258 482 258 482 259 483 259
2477 6946 1996 7131.26 484 261 483 261 483 260 483 259
2478 6950 1999 6.02046e+06 510 189 510 190 510 191 510 192
2479 6924 1999 3600 509 191 509 192 510 192
2480 6923 1999 6.02046e+06 510 193 510 192
2481 6936 2000 3600 508 190 509 190 509 191
2482 6924 2000 3600 509 192 509 191
2483 6936 2001 3600 509 190 508 190
2484 6925 2001 3600 507 190 508 190
2485 6929 2002 145262 448 294 448 295
2486 6921 2002 145262 446 296 446 295 447 295 448 295
2487 6930 2003 145262 450 293 449 293 449 294
2488 6929 2003 145262 448 295 448 294 449 294
2489 6938 2004 145262 451 292 451 293 450 293
2490 6919 2004 4425 450 290 450 291 450 292 450 293
2491 6930 2004 145262 449 293 450 293
2492 6951 2008 3450 494 173 493 173 493 174
2493 6928 2008 3450 492 175 493 175 493 174
2494 6943 2010 145262 453 291 453 292 452 292
2495 6938 2010 145262 451 293 451 292 452 292
2496 6953 2011 inf 457 289 457 288 456 288
2497 6922 2011 inf 453 288 454 288 455 288 456 288
2498 6952 2017 145262 455 291 454 291
2499 6943 2017 145262 453 292 453 291 454 291
2500 6946 2018 7131.26 483 261 484 261
2501 6954 2018 7131.26 484 262 484 261
2502 7023 2020 86887.5 522 190 522 189 521 189 521 188 520 188 519 188 518 188 517 188 516 188 515 188 514 188 513 188 512 188 511 188 511 189 510 189
2503 6975 2020 6.02046e+06 511 185 511 186 511 187 511 188 511 189 510 189
2504 6950 2020 6.02046e+06 510 190 510 189
2505 6965 2021 86631.2 495 171 494 171 493 171 492 171
2506 6905 2021 86631.2 489 176 489 175 490 175 490 174 490 173 491 173 491 172 492 172 492 171
2507 6957 2022 145262 457 289 457 290 456 290
2508 6952 2022 145262 454 291 455 291 455 290 456 290
2509 6958 2023 inf 463 284 462 284 462 285 461 285 461 286 461 287 461 288 460 288 459 288 459 289 458 289 457 289
2510 6953 2023 inf 457 288 457 289
2511 6957 2023 145262 457 290 457 289
2512 6972 2031 1.23372e+08 471 278 471 279
2513 6868 2031 inf 462 271 462 272 462 273 462 274 462 275 462 276 462 277 462 278 462 279 462 280 462 281 463 281 464 281 465 281 466 281 467 281 467 280 468 280 469 280 470 280 470 279 471 279
2514 6958 2031 inf 462 284 463 284 463 283 464 283 464 282 465 282 466 282 466 281 467 281 467 280 468 280 469 280 470 280 470 279 471 279
2515 6978 2032 1.23372e+08 473 278 472 278
2516 6972 2032 1.23372e+08 471 279 471 278 472 278
2517 6982 2034 inf 501 173 500 173 500 174
2518 6951 2034 3450 493 173 494 173 495 173 496 173 497 173 498 173 499 173 500 173 500 174
2519 6917 2034 6125 492 177 493 177 494 177 495 177 496 177 497 177 498 177 499 177 499 176 499 175 500 175 500 174
2520 6866 2034 86631.2 491 183 492 183 492 182 493 182 494 182 495 182 496 182 497 182 497 181 498 181 498 180 498 179 498 178 499 178 499 177 499 176 499 175 500 175 500 174
2521 6911 2034 inf 498 183 497 183 497 182 497 181 498 181 498 180 498 179 498 178 499 178 499 177 499 176 499 175 500 175 500 174
2522 6984 2035 1.23372e+08 478 275 477 275 477 276 476 276 475 276 474 276 474 277
2523 6978 2035 1.23372e+08 472 278 473 278 473 277 474 277
2524 6988 2037 6.02046e+06 512 183 511 183 511 184 511 185 512 185
2525 6975 2037 6.02046e+06 511 186 511 185 512 185
2526 6991 2039 1.23372e+08 479 275 478 275
2527 6984 2039 1.23372e+08 477 275 478 275
2528 7002 2043 inf 502 171 501 171 501 172
2529 6982 2043 inf 500 173 501 173 501 172
2530 6992 2045 1.23372e+08 483 271 482 271 482 272
2531 6991 2045 1.23372e+08 478 275 479 275 479 274 480 274 480 273 481 273 481 272 482 272
2532 7006 2046 1.23372e+08 485 270 485 271 484 271 483 271
2533 6954 2046 7131.26 484 261 484 262 484 263 484 264 484 265 484 266 484 267 484 268 484 269 484 270 484 271 483 271
2534 6992 2046 1.23372e+08 482 271 483 271
2535 7064 2049 6.02046e+06 521 182 520 182 519 182 518 182 517 182 516 182 515 182 514 182 513 182 513 183
2536 7024 2049 4843.75 513 180 513 181 513 182 513 183
2537 6988 2049 6.02046e+06 511 183 512 183 513 183
2538 6995 2050 1.23372e+08 490 265 489 265 489 266 489 267 489 268 488 268 488 269 487 269 487 270 486 270 485 270
2539 7006 2050 1.23372e+08 485 271 485 270
2540 7007 2051 1.23372e+08 492 263 492 264 491 264 490 264 490 265
2541 6995 2051 1.23372e+08 489 265 490 265
2542 7029 2052 1.23372e+08 496 262 495 262 494 262 493 262 493 263 492 263
2543 7007 2052 1.23372e+08 492 264 492 263
2544 7022 2055 86887.5 525 193 525 192 524 192 523 192
2545 7013 2055 86887.5 522 191 523 191 523 192
2546 7026 2056 86631.2 500 167 500 168 500 169
2547 6965 2056 86631.2 494 171 495 171 496 171 497 171 498 171 499 171 499 170 500 170 500 169
2548 7022 2064 86887.5 525 192 525 193 526 193 527 193 528 193 529 193 530 193 531 193 531 194 532 194 533 194 534 194 535 194 536 194 536 195 536 196 537 196 537 197 537 198 537 199 537 200 537 201 537 202 537 203 537 204 536 204
2549 7012 2064 86887.5 536 205 536 204
2550 7023 2065 86887.5 522 189 522 190
2551 7013 2065 86887.5 523 191 522 191 522 190
2552 7025 2066 inf 502 169 502 170
2553 7002 2066 inf 501 171 502 171 502 170
2554 6896 2068 153637 515 221 515 222 515 223 516 223 517 223 518 223 519 223 520 223 521 223 522 223 522 224 522 225 522 226 522 227 523 227 523 228 523 229 523 230 523 231 523 232 523 233 523 234
2555 7031 2068 153637 523 235 523 234
2556 7053 2074 1.23372e+08 501 261 500 261 499 261 498 261 497 261 497 262 496 262
2557 7029 2074 1.23372e+08 495 262 496 262
2558 7071 2077 4843.75 516 176 515 176 514 176 514 177 514 178 513 178 513 179
2559 7024 2077 4843.75 513 181 513 180 513 179
2560 7038 2078 86631.2 501 166 500 166
2561 7026 2078 86631.2 500 168 500 167 500 166
2562 7044 2081 1.23372e+08 518 242 517 242 517 243 516 243 516 244 515 244
2563 7048 2081 1.23372e+08 513 248 513 247 513 246 514 246 514 245 515 245 515 244
2564 7031 2082 153637 523 234 523 235 523 236 523 237 522 237
2565 7050 2082 153637 522 239 522 238 522 237
2566 7049 2085 1.23372e+08 519 241 519 242 518 242
2567 7044 2085 1.23372e+08 517 242 518 242
2568 7057 2086 1.23372e+08 521 241 520 241 519 241
2569 7049 2086 1.23372e+08 519 242 519 241
2570 7048 2094 1.23372e+08 513 247 513 248 513 249 514 249
2571 7061 2094 1.23372e+08 513 250 513 249 514 249
2572 7074 2098 1.23372e+08 504 261 503 261
2573 7053 2098 1.23372e+08 500 261 501 261 502 261 503 261
2574 7070 2099 4168.74 522 241 522 242
2575 7103 2099 4168.74 522 246 522 245 522 244 522 243 522 242
2576 7075 2100 1.23372e+08 526 238 526 239 526 240 525 240 524 240 524 241 523 241
2577 7050 2100 153637 522 238 522 239 522 240 522 241 523 241
2578 7057 2100 1.23372e+08 520 241 521 241 522 241 523 241
2579 7070 2100 4168.74 522 242 522 241 523 241
2580 7089 2101 1.23372e+08 528 237 528 238 527 238 526 238
2581 7075 2101 1.23372e+08 526 239 526 238
2582 7078 2102 1.23372e+08 546 219 545 219
2583 7077 2102 1.23372e+08 544 220 545 220 545 219
2584 7081 2103 6.02046e+06 522 181 522 182
2585 7064 2103 6.02046e+06 520 182 521 182 522 182
2586 7096 2104 1.23372e+08 530 237 529 237 528 237
2587 7089 2104 1.23372e+08 528 238 528 237
2588 7090 2105 1.23372e+08 542 223 542 224 541 224 540 224 540 225 539 225 539 226 538 226 538 227
2589 7012 2105 86887.5 536 204 536 205 536 206 536 207 536 208 536 209 536 210 536 211 536 212 536 213 536 214 536 215 537 215 538 215 539 215 539 216 539 217 540 217 540 218 540 219 540 220 540 221 540 222 540 223 540 224 540 225 539 225 539 226 538 226 538 227
2590 7076 2105 1.23372e+08 537 227 538 227
2591 7128 2108 4843.75 517 168 517 169 516 169 516 170 516 171 516 172 516 173 516 174 516 175
2592 7071 2108 4843.75 515 176 516 176 516 175
2593 7083 2109 1.23372e+08 505 261 504 261 504 262
2594 7074 2109 1.23372e+08 503 261 504 261 504 262
2595 7084 2110 1.23372e+08 506 260 505 260 505 261
2596 7083 2110 1.23372e+08 504 261 505 261
2597 7085 2111 1.23372e+08 509 256 509 257
2598 7092 2111 1.23372e+08 507 259 508 259 508 258 509 258 509 257
2599 7086 2112 1.23372e+08 511 255 510 255 510 256
2600 7085 2112 1.23372e+08 509 257 509 256 510 256
2601 7087 2113 1.23372e+08 511 254 511 255
2602 7086 2113 1.23372e+08 510 255 511 255
2603 7088 2114 1.23372e+08 512 253 512 254
2604 7087 2114 1.23372e+08 511 255 511 254 512 254
2605 7093 2115 4168.74 515 251 515 252 514 252 513 252 513 253
2606 7061 2115 1.23372e+08 513 249 513 250 513 251 513 252 513 253
2607 7088 2115 1.23372e+08 512 254 512 253 513 253
2608 7101 2116 4168.74 520 248 519 248 519 249 518 249 518 250 517 250 516 250 516 251 515 251
2609 7093 2116 4168.74 515 252 515 251
2610 7097 2117 1.23372e+08 534 233 533 233
2611 7098 2117 1.23372e+08 533 234 533 233
2612 7076 2118 1.23372e+08 538 227 537 227 537 228 537 229 536 229 536 230 535 230 535 231 535 232 534 232
2613 7097 2118 1.23372e+08 533 233 534 233 534 232
2614 7121 2119 2987.5 545 227 544 227 544 226 544 225 544 224 544 223 543 223
2615 7077 2119 1.23372e+08 545 220 544 220 544 221 544 222 544 223 543 223
2616 7090 2119 1.23372e+08 542 224 542 223 543 223
2617 7108 2121 6.02046e+06 524 180 523 180 523 181
2618 7081 2121 6.02046e+06 522 182 522 181 523 181
2619 7092 2122 1.23372e+08 508 259 507 259 507 260
2620 7084 2122 1.23372e+08 505 260 506 260 507 260
2621 7102 2125 4168.74 521 247 520 247 520 248
2622 7101 2125 4168.74 519 248 520 248
2623 7110 2126 4168.74 522 246 522 247 521 247
2624 7102 2126 4168.74 520 247 521 247
2625 7103 2129 4168.74 522 245 522 246 523 246
2626 7110 2129 4168.74 522 247 522 246 523 246
2627 7114 2131 110256 529 240 529 241 528 241
2628 7158 2131 110256 529 251 528 251 528 250 528 249 528 248 528 247 528 246 528 245 528 244 528 243 528 242 528 241
2629 7115 2132 110256 530 239 530 240 529 240
2630 7114 2132 110256 529 241 529 240
2631 7159 2133 11543.8 538 242 538 241 538 240 538 239 538 238 538 237 538 236 537 236 536 236 535 236 535 237 534 237 534 238 533 238 532 238 532 239 531 239 530 239
2632 7098 2133 1.23372e+08 533 233 533 234 532 234 532 235 532 236 531 236 531 237 531 238 531 239 530 239
2633 7096 2133 1.23372e+08 529 237 530 237 530 238 530 239
2634 7115 2133 110256 530 240 530 239
2635 7118 2134 6.02046e+06 525 178 525 179 524 179
2636 7108 2134 6.02046e+06 523 180 524 180 524 179
2637 7203 2140 2987.5 552 233 552 232 552 231 552 230 552 229 552 228 551 228 551 227 550 227 549 227 548 227 547 227 546 227 545 227
2638 7121 2140 2987.5 544 227 545 227
2639 7132 2141 6.02046e+06 527 177 526 177 526 178
2640 7118 2141 6.02046e+06 525 179 525 178 526 178
2641 7133 2142 inf 505 155 505 156 505 157
2642 7038 2142 86631.2 500 166 501 166 502 166 503 166 503 165 503 164 503 163 503 162 504 162 504 161 504 160 504 159 504 158 505 158 505 157
2643 7025 2142 inf 502 170 502 169 502 168 502 167 503 167 503 166 503 165 503 164 503 163 503 162 504 162 504 161 504 160 504 159 504 158 505 158 505 157
2644 7130 2144 1.23372e+08 555 205 555 206
2645 7078 2144 1.23372e+08 545 219 546 219 546 218 547 218 548 218 548 217 549 217 550 217 550 216 551 216 551 215 551 214 552 214 552 213 552 212 552 211 553 211 553 210 553 209 554 209 554 208 554 207 555 207 555 206
2646 7162 2144 21912.5 559 221 558 221 558 220 558 219 557 219 556 219 555 219 554 219 553 219 552 219 551 219 551 218 551 217 551 216 551 215 551 214 552 214 552 213 552 212 552 211 553 211 553 210 553 209 554 209 554 208 554 207 555 207 555 206
2647 7134 2144 2843.75 563 212 562 212 561 212 560 212 559 212 558 212 557 212 556 212 555 212 554 212 553 212 553 211 553 210 553 209 554 209 554 208 554 207 555 207 555 206
2648 7143 2148 6.02046e+06 530 177 529 177 528 177 527 177
2649 7144 2148 3.77722e+06 528 175 527 175 527 176 527 177
2650 7222 2148 4843.75 529 166 528 166 528 167 527 167 527 168 527 169 527 170 527 171 527 172 527 173 527 174 527 175 527 176 527 177
2651 7132 2148 6.02046e+06 526 177 527 177
2652 7156 2149 4843.75 518 163 517 163 517 164 517 165 517 166 517 167
2653 7128 2149 4843.75 517 169 517 168 517 167
2654 7137 2150 2843.75 564 212 563 212
2655 7134 2150 2843.75 562 212 563 212
2656 7146 2151 inf 505 152 505 153 505 154
2657 7133 2151 inf 505 156 505 155 505 154
2658 7139 2151 3993.76 507 155 506 155 505 155 505 154
2659 7141 2152 1.23372e+08 556 203 556 204
2660 7130 2152 1.23372e+08 555 206 555 205 556 205 556 204
2661 7145 2153 3993.76 508 155 507 155
2662 7139 2153 3993.76 506 155 507 155
2663 7148 2155 6.02046e+06 530 176 530 177
2664 7143 2155 6.02046e+06 529 177 530 177
2665 7147 2156 110256 565 211 565 212 565 213
2666 7152 2156 110256 564 214 565 214 565 213
2667 7153 2157 110256 565 210 564 210
2668 7137 2157 2843.75 563 212 564 212 564 211 564 210
2669 7147 2157 110256 565 212 565 211 564 211 564 210
2670 7211 2158 2587.5 565 203 564 203 563 203 562 203 561 203 560 203 559 203 558 203 557 203
2671 7199 2158 1.23372e+08 557 197 557 198 557 199 557 200 557 201 557 202 557 203
2672 7141 2158 1.23372e+08 556 204 556 203 557 203
2673 7153 2158 110256 564 210 565 210 565 209 565 208 565 207 564 207 563 207 562 207 561 207 560 207 559 207 558 207 557 207 557 206 557 205 557 204 557 203
2674 7188 2158 2587.5 565 206 564 206 564 207 563 207 562 207 561 207 560 207 559 207 558 207 557 207 557 206 557 205 557 204 557 203
2675 7165 2159 3.77722e+06 530 174 529 174 529 175
2676 7144 2159 3.77722e+06 527 175 528 175 529 175
2677 7175 2160 3993.76 509 152 509 153 508 153 508 154
2678 7145 2160 3993.76 507 155 508 155 508 154
2679 7152 2161 110256 565 214 564 214 564 215
2680 7170 2161 110256 564 217 564 216 564 215
2681 7171 2163 6.02046e+06 532 175 532 176 531 176
2682 7148 2163 6.02046e+06 530 177 530 176 531 176
2683 7174 2164 4843.75 519 162 519 163 518 163
2684 7156 2164 4843.75 517 163 518 163
2685 7167 2165 inf 507 151 506 151
2686 7146 2165 inf 505 153 505 152 506 152 506 151
2687 7179 2168 21912.5 561 221 560 221 559 221
2688 7162 2168 21912.5 558 221 559 221
2689 7181 2171 3.77722e+06 531 173 530 173 530 174
2690 7165 2171 3.77722e+06 529 174 530 174
2691 7176 2173 110256 530 251 530 252 529 252
2692 7158 2173 110256 528 251 529 251 529 252
2693 7159 2174 11543.8 538 241 538 242 539 242
2694 7183 2174 11543.8 539 244 539 243 539 242
2695 7170 2175 110256 564 216 564 217 563 217 563 218
2696 7187 2175 110256 563 220 563 219 563 218
2697 7202 2176 6.02046e+06 534 174 533 174 533 175 532 175
2698 7171 2176 6.02046e+06 532 176 532 175
2699 7215 2178 4843.75 524 162 523 162 522 162 521 162 520 162 519 162
2700 7174 2178 4843.75 519 163 519 162
2701 7182 2179 110256 532 250 532 251 531 251
2702 7176 2179 110256 530 252 530 251 531 251
2703 7186 2182 21912.5 562 221 561 221
2704 7179 2182 21912.5 560 221 561 221
2705 7206 2184 110256 536 250 535 250 534 250 533 250
2706 7182 2184 110256 532 251 532 250 533 250
2707 7213 2188 3.77722e+06 533 171 533 172 532 172 532 173
2708 7181 2188 3.77722e+06 530 173 531 173 532 173
2709 7183 2189 11543.8 539 243 539 244 540 244
2710 7207 2189 11543.8 541 245 540 245 540 244
2711 7224 2192 2987.5 553 235 552 235 552 234 552 233 551 233
2712 7203 2192 2987.5 552 232 552 233 551 233
2713 7226 2193 1.23372e+08 558 194 558 195 557 195 557 196 557 197
2714 7227 2193 7656.25 556 192 556 193 556 194 557 194 557 195 557 196 557 197
2715 7199 2193 1.23372e+08 557 198 557 197
2716 7212 2195 6.02046e+06 536 175 536 174 535 174 534 174
2717 7202 2195 6.02046e+06 533 174 534 174
2718 7187 2197 110256 563 219 563 220 563 221 563 222
2719 7186 2197 21912.5 561 221 562 221 563 221 563 222
2720 7210 2197 110256 562 223 563 223 563 222
2721 7211 2198 2587.5 564 203 565 203 565 204
2722 7188 2198 2587.5 564 206 565 206 565 205 565 204
2723 7207 2201 11543.8 540 245 541 245
2724 7223 2201 11543.8 542 246 541 246 541 245
2725 7219 2202 110256 560 227 559 227
2726 7225 2202 110256 558 229 559 229 559 228 559 227
2727 7220 2203 110256 561 226 560 226
2728 7219 2203 110256 559 227 560 227 560 226
2729 7209 2204 110256 561 224 561 225
2730 7220 2204 110256 560 226 561 226 561 225
2731 7210 2205 110256 563 223 562 223 562 224
2732 7209 2205 110256 561 225 561 224 562 224
2733 7281 2206 6.02046e+06 544 172 543 172 542 172 542 173 541 173 540 173 539 173 538 173 538 174 537 174 537 175
2734 7212 2206 6.02046e+06 536 174 536 175 537 175
2735 7259 2207 3.77722e+06 537 168 537 169 537 170 536 170 535 170 534 170 533 170 533 171
2736 7213 2207 3.77722e+06 533 172 533 171
2737 7225 2208 110256 559 229 558 229
2738 7237 2208 110256 556 233 557 233 557 232 557 231 558 231 558 230 558 229
2739 7228 2209 4843.75 526 162 525 162
2740 7215 2209 4843.75 523 162 524 162 525 162
2741 7230 2210 110256 539 249 539 250 538 250
2742 7206 2210 110256 535 250 536 250 537 250 538 250
2743 7223 2211 11543.8 541 246 542 246
2744 7231 2211 11543.8 542 247 542 246
2745 7232 2212 2987.5 554 235 553 235
2746 7224 2212 2987.5 552 235 553 235
2747 7258 2213 7656.25 557 188 556 188 556 189 556 190 556 191 556 192
2748 7227 2213 7656.25 556 193 556 192
2749 7247 2214 4843.75 529 162 529 163 529 164 529 165 529 166 530 166
2750 7222 2214 4843.75 528 166 529 166 530 166
2751 7242 2215 110256 542 249 541 249 540 249
2752 7230 2215 110256 539 250 539 249 540 249
2753 7237 2216 110256 557 233 556 233
2754 7232 2216 2987.5 553 235 554 235 555 235 555 234 556 234 556 233
2755 7243 2216 110256 554 237 554 236 555 236 555 235 555 234 556 234 556 233
2756 7251 2218 1.23372e+08 560 192 560 193 561 193 561 194 561 195
2757 7226 2218 1.23372e+08 558 195 558 194 559 194 560 194 561 194 561 195
2758 7250 2219 110256 554 238 553 238
2759 7249 2219 110256 552 240 552 239 553 239 553 238
2760 7243 2220 110256 554 236 554 237
2761 7250 2220 110256 553 238 554 238 554 237
2762 7228 2222 4843.75 525 162 526 162 527 162 528 162 529 162
2763 7247 2222 4843.75 529 163 529 162
2764 7167 2224 inf 506 151 507 151 507 150 507 149 507 148 508 148 508 147 508 146 509 146 509 145 509 144 509 143 509 142 509 141 508 141
2765 7175 2224 3993.76 509 153 509 152 509 151 509 150 509 149 509 148 509 147 509 146 509 145 509 144 509 143 509 142 509 141 508 141
2766 7261 2224 inf 509 140 508 140 508 141
2767 7254 2226 110256 544 248 544 249 543 249
2768 7231 2226 11543.8 542 246 542 247 542 248 542 249 543 249
2769 7242 2226 110256 541 249 542 249 543 249
2770 7255 2227 110256 546 247 545 247 545 248 544 248
2771 7254 2227 110256 544 249 544 248
2772 7249 2228 110256 552 239 552 240
2773 7256 2228 110256 552 241 552 240
2774 7271 2230 110256 548 247 547 247 546 247
2775 7255 2230 110256 545 247 546 247
2776 7256 2231 110256 552 240 552 241 551 241 551 242
2777 7266 2231 110256 551 243 551 242
2778 7361 2232 123450 531 140 530 140 529 140 528 140 527 140 526 140 525 140 524 140 523 140 522 140 521 140 520 140 519 140 518 140 517 140 516 140 515 140 514 140 513 140 512 140 511 140 510 140 509 140
2779 7276 2232 inf 509 138 509 139 509 140
2780 7261 2232 inf 508 140 509 140
2781 7265 2235 110256 550 244 549 244 549 245
2782 7264 2235 110256 548 245 549 245
2783 7266 2236 110256 551 242 551 243 550 243 550 244
2784 7265 2236 110256 549 244 550 244
2785 7279 2237 1.23372e+08 559 187 559 188 560 188 560 189 560 190
2786 7258 2237 7656.25 556 188 557 188 558 188 559 188 560 188 560 189 560 190
2787 7251 2237 1.23372e+08 560 193 560 192 560 191 560 190
2788 7264 2239 110256 549 245 548 245 548 246 548 247
2789 7271 2239 110256 547 247 548 247
2790 7389 2242 468237 529 131 528 131 527 131 526 131 525 131 524 131 523 131 522 131 521 131 520 131 519 131 518 131 517 131 516 131 515 131 514 131 514 132 514 133 513 133 513 134 512 134 512 135 512 136 511 136 511 137 510 137 510 138 509 138
2791 7349 2242 inf 514 128 514 129 514 130 514 131 514 132 514 133 513 133 513 134 512 134 512 135 512 136 511 136 511 137 510 137 510 138 509 138
2792 7276 2242 inf 509 139 509 138
2793 7289 2244 6.02046e+06 549 176 549 175 548 175
2794 7281 2244 6.02046e+06 543 172 544 172 545 172 545 173 546 173 546 174 547 174 547 175 548 175
2795 7309 2246 1.23372e+08 562 185 561 185 560 185 559 185
2796 7314 2246 11668.7 560 182 560 183 560 184 560 185 559 185
2797 7279 2246 1.23372e+08 559 188 559 187 559 186 559 185
2798 7314 2258 11668.7 560 183 560 182 559 182
2799 7319 2258 11668.7 560 181 560 182 559 182
2800 7326 2264 1.23372e+08 564 183 563 183
2801 7309 2264 1.23372e+08 561 185 562 185 562 184 563 184 563 183
2802 7336 2265 11668.7 561 179 560 179 560 180
2803 7319 2265 11668.7 560 182 560 181 560 180
2804 7327 2265 4156.23 562 181 561 181 560 181 560 180
2805 7343 2266 3081.25 547 163 546 163 545 163 544 163 543 163
2806 7329 2266 3081.25 542 162 543 162 543 163
2807 7330 2267 3.77722e+06 537 156 537 157
2808 7259 2267 3.77722e+06 537 169 537 168 538 168 538 167 538 166 538 165 538 164 538 163 538 162 538 161 538 160 538 159 538 158 537 158 537 157
2809 7337 2271 3081.25 540 158 540 159 541 159 542 159 542 160
2810 7329 2271 3081.25 543 162 542 162 542 161 542 160
2811 7349 2272 inf 514 129 514 128 514 127 513 127 512 127 511 127 510 127 510 128
2812 7345 2272 inf 511 126 511 127 510 127 510 128
2813 7344 2275 3.77722e+06 537 153 537 154 538 154
2814 7330 2275 3.77722e+06 537 157 537 156 538 156 538 155 538 154
2815 7337 2275 3081.25 540 159 540 158 539 158 539 157 539 156 538 156 538 155 538 154
2816 7363 2275 3156.25 544 152 543 152 542 152 542 153 542 154 541 154 541 155 541 156 541 157 540 157 539 157 539 156 538 156 538 155 538 154
2817 7356 2276 1.23372e+08 565 175 565 176 565 177 565 178 565 179 565 180
2818 7327 2276 4156.23 561 181 562 181 563 181 564 181 565 181 565 180
2819 7326 2276 1.23372e+08 563 183 564 183 564 182 564 181 565 181 565 180
2820 7352 2277 6.02046e+06 562 175 562 176 562 177
2821 7289 2277 6.02046e+06 549 175 549 176 550 176 551 176 552 176 553 176 554 176 555 176 556 176 557 176 558 176 559 176 560 176 561 176 562 176 562 177
2822 7336 2277 11668.7 560 179 561 179 561 178 561 177 562 177
2823 7353 2278 inf 512 125 512 126 511 126
2824 7345 2278 inf 511 127 511 126
2825 7358 2282 3.77722e+06 539 149 538 149 537 149 537 150
2826 7359 2282 123450 537 147 537 148 537 149 537 150
2827 7344 2282 3.77722e+06 537 154 537 153 537 152 537 151 537 150
2828 7373 2283 inf 516 121 516 122 515 122 515 123 514 123 514 124 513 124 513 125 512 125
2829 7353 2283 inf 512 126 512 125
2830 7357 2284 6.02046e+06 563 173 563 174
2831 7352 2284 6.02046e+06 562 176 562 175 563 175 563 174
2832 7386 2285 26768.8 534 136 534 137 533 137 533 138 533 139 533 140 533 141 534 141 534 142 535 142 536 142 536 143 537 143 537 144 537 145 537 146 537 147
2833 7361 2285 123450 530 140 531 140 532 140 532 141 533 141 534 141 534 142 535 142 536 142 536 143 537 143 537 144 537 145 537 146 537 147
2834 7359 2285 123450 537 148 537 147
2835 7368 2288 3.77722e+06 541 147 540 147 540 148
2836 7358 2288 3.77722e+06 538 149 539 149 540 149 540 148
2837 7390 2290 1.23372e+08 567 168 567 169 567 170 567 171 566 171 565 171
2838 7357 2290 6.02046e+06 563 174 563 173 564 173 565 173 565 172 565 171
2839 7356 2290 1.23372e+08 565 176 565 175 565 174 565 173 565 172 565 171
2840 7370 2291 3.77722e+06 541 146 541 147
2841 7368 2291 3.77722e+06 540 147 541 147
2842 7376 2293 3081.25 552 155 552 156 552 157
2843 7343 2293 3081.25 546 163 547 163 548 163 549 163 550 163 551 163 551 162 551 161 551 160 551 159 551 158 552 158 552 157
2844 7369 2294 3156.25 549 154 548 154 548 153 548 152 547 152
2845 7363 2294 3156.25 543 152 544 152 545 152 546 152 547 152
2846 7380 2296 inf 517 120 517 121 516 121
2847 7373 2296 inf 516 122 516 121
2848 7383 2300 3.77722e+06 543 145 542 145
2849 7370 2300 3.77722e+06 541 147 541 146 542 146 542 145
2850 7396 2301 inf 518 119 518 120 517 120
2851 7380 2301 inf 517 121 517 120
2852 7411 2305 468237 532 130 531 130 530 130 530 131 530 132
2853 7389 2305 468237 528 131 529 131 530 131 530 132
2854 7414 2306 1.23372e+08 569 166 569 167 569 168 568 168 567 168
2855 7390 2306 1.23372e+08 567 169 567 168
2856 7398 2307 3.77722e+06 544 144 543 144
2857 7383 2307 3.77722e+06 542 145 543 145 543 144
2858 7402 2310 26768.8 535 135 535 136
2859 7386 2310 26768.8 534 137 534 136 535 136
2860 7404 2311 inf 519 119 518 119
2861 7396 2311 inf 518 120 518 119
2862 7422 2315 3156.25 555 151 555 152 554 152 554 153
2863 7369 2315 3156.25 548 154 549 154 550 154 551 154 552 154 553 154 553 153 554 153
2864 7376 2315 3081.25 552 156 552 155 553 155 553 154 553 153 554 153
2865 7417 2317 3.77722e+06 545 142 544 142 544 143
2866 7398 2317 3.77722e+06 543 144 544 144 544 143
2867 7421 2318 26768.8 537 134 536 134 536 135
2868 7402 2318 26768.8 535 136 535 135 536 135
2869 7428 2322 3.77722e+06 546 141 546 142 545 142
2870 7417 2322 3.77722e+06 544 142 545 142
2871 7425 2324 26768.8 537 133 537 134
2872 7421 2324 26768.8 536 134 537 134
2873 7468 2326 272831 579 164 579 163 578 163 577 163 576 163 575 163 574 163 573 163 572 163 571 163 570 163 569 163 569 164 569 165
2874 7459 2326 6550 572 158 571 158 571 159 571 160 571 161 571 162 570 162 570 163 569 163 569 164 569 165
2875 7451 2326 1.23372e+08 569 157 569 158 569 159 569 160 569 161 569 162 569 163 569 164 569 165
2876 7414 2326 1.23372e+08 569 167 569 166 569 165
2877 7431 2329 3156.25 555 149 555 150
2878 7422 2329 3156.25 555 152 555 151 555 150
2879 7438 2330 26768.8 538 131 538 132 537 132
2880 7425 2330 26768.8 537 134 537 133 537 132
2881 7437 2331 3.77722e+06 547 140 547 141
2882 7428 2331 3.77722e+06 546 142 546 141 547 141
2883 7441 2332 468237 535 126 535 127 534 127 534 128
2884 7411 2332 468237 531 130 532 130 533 130 533 129 534 129 534 128
2885 7444 2335 3156.25 558 148 557 148 556 148
2886 7431 2335 3156.25 555 150 555 149 556 149 556 148
2887 7440 2336 3.77722e+06 548 139 548 140
2888 7437 2336 3.77722e+06 547 141 547 140 548 140
2889 7449 2337 26768.8 540 129 540 130 539 130 539 131
2890 7438 2337 26768.8 538 132 538 131 539 131
2891 7445 2339 468237 536 126 535 126
2892 7441 2339 468237 535 127 535 126
2893 7448 2342 3.77722e+06 550 139 549 139
2894 7440 2342 3.77722e+06 548 140 548 139 549 139
2895 7451 2344 1.23372e+08 569 158 569 157 568 157
2896 7464 2344 1.23372e+08 570 155 570 156 569 156 569 157 568 157
2897 7452 2345 26768.8 540 128 540 129
2898 7449 2345 26768.8 540 130 540 129
2899 7456 2346 468237 537 124 537 125 536 125
2900 7445 2346 468237 535 126 536 126 536 125
2901 7455 2347 3156.25 559 146 559 147
2902 7444 2347 3156.25 557 148 558 148 559 148 559 147
2903 7461 2348 3.77722e+06 551 137 551 138 550 138
2904 7448 2348 3.77722e+06 549 139 550 139 550 138
2905 7462 2351 26768.8 541 127 541 128
2906 7452 2351 26768.8 540 129 540 128 541 128
2907 7508 2352 6550 588 163 588 162 588 161 588 160 588 159 588 158 587 158 587 157 586 157 585 157 584 157 583 157 582 157 581 157 580 157 579 157 578 157 577 157 576 157 575 157 574 157 573 157 572 157 572 158
2908 7459 2352 6550 571 158 572 158
2909 7465 2353 3156.25 560 145 560 146
2910 7455 2353 3156.25 559 147 559 146 560 146
2911 7466 2354 468237 539 124 538 124
2912 7456 2354 468237 537 125 537 124 538 124
2913 7485 2356 1.23372e+08 572 151 572 152 572 153 571 153 571 154 570 154
2914 7464 2356 1.23372e+08 570 156 570 155 570 154
2915 7470 2357 3.77722e+06 553 136 552 136
2916 7461 2357 3.77722e+06 551 138 551 137 552 137 552 136
2917 7472 2359 468237 540 123 539 123
2918 7466 2359 468237 538 124 539 124 539 123
2919 7474 2361 272831 582 165 582 164 581 164
2920 7468 2361 272831 579 163 579 164 580 164 581 164
2921 7475 2362 3156.25 561 143 561 144
2922 7465 2362 3156.25 560 146 560 145 561 145 561 144
2923 7477 2364 inf 522 104 522 105
2924 7404 2364 inf 518 119 519 119 519 118 520 118 520 117 520 116 521 116 521 115 521 114 521 113 521 112 521 111 521 110 521 109 521 108 521 107 521 106 522 106 522 105
2925 7478 2365 272831 584 166 584 165 583 165
2926 7474 2365 272831 582 164 582 165 583 165
2927 7482 2366 3.77722e+06 554 134 553 134 553 135
2928 7470 2366 3.77722e+06 552 136 553 136 553 135
2929 7483 2368 468237 541 121 541 122 540 122
2930 7472 2368 468237 539 123 540 123 540 122
2931 7491 2369 272831 589 166 588 166 587 166 586 166 585 166
2932 7508 2369 6550 588 162 588 163 588 164 588 165 588 166 587 166 586 166 585 166
2933 7478 2369 272831 584 165 584 166 585 166
2934 7484 2370 inf 523 103 523 104
2935 7477 2370 inf 522 105 522 104 523 104
2936 7487 2372 26768.8 545 124 545 125
2937 7462 2372 26768.8 541 128 541 127 542 127 542 126 543 126 544 126 544 125 545 125
2938 7489 2374 468237 541 120 541 121
2939 7483 2374 468237 541 122 541 121
2940 7492 2375 1.23372e+08 573 150 573 151 572 151
2941 7485 2375 1.23372e+08 572 152 572 151
2942 7493 2376 25637.5 564 141 564 142 563 142
2943 7495 2376 25637.5 558 135 558 136 558 137 558 138 558 139 559 139 560 139 560 140 561 140 562 140 562 141 562 142 563 142
2944 7475 2376 3156.25 561 144 561 143 562 143 562 142 563 142
2945 7496 2377 25637.5 557 135 557 134 557 133 556 133 555 133 554 133
2946 7503 2377 3.77722e+06 555 131 554 131 554 132 554 133
2947 7482 2377 3.77722e+06 553 134 554 134 554 133
2948 7498 2378 26768.8 546 123 546 124
2949 7487 2378 26768.8 545 125 545 124 546 124
2950 7489 2380 468237 541 121 541 120 542 120
2951 7490 2380 468237 543 121 542 121 542 120
2952 7518 2381 inf 528 99 528 100 527 100 526 100 525 100 525 101 525 102 524 102
2953 7484 2381 inf 523 104 523 103 524 103 524 102
2954 7540 2383 1.28417e+07 584 148 584 149 583 149 582 149 581 149 580 149 579 149 578 149 577 149 576 149 575 149 574 149 573 149 573 150
2955 7519 2383 1.23372e+08 575 145 574 145 574 146 574 147 574 148 574 149 573 149 573 150
2956 7492 2383 1.23372e+08 573 151 573 150
2957 7501 2384 25637.5 565 141 564 141
2958 7493 2384 25637.5 564 142 564 141
2959 7496 2386 25637.5 557 134 557 135 558 135
2960 7495 2386 25637.5 558 136 558 135
2961 7511 2387 3.77722e+06 556 129 556 130 555 130 555 131
2962 7503 2387 3.77722e+06 554 131 555 131
2963 7509 2388 26768.8 547 121 547 122 547 123
2964 7498 2388 26768.8 546 124 546 123 547 123
2965 7510 2391 468237 545 119 545 120
2966 7490 2391 468237 542 121 543 121 544 121 544 120 545 120
2967 7515 2392 272831 594 167 593 167 592 167
2968 7491 2392 272831 588 166 589 166 590 166 591 166 592 166 592 167
2969 7513 2393 26768.8 549 121 548 121
2970 7509 2393 26768.8 547 122 547 121 548 121
2971 7514 2394 468237 547 119 546 119
2972 7510 2394 468237 545 120 545 119 546 119
2973 7520 2395 3.77722e+06 557 127 556 127 556 128
2974 7511 2395 3.77722e+06 556 130 556 129 556 128
2975 7524 2396 272831 596 166 596 167 595 167 594 167
2976 7515 2396 272831 593 167 594 167
2977 7521 2397 26768.8 549 119 549 120
2978 7513 2397 26768.8 548 121 549 121 549 120
2979 7523 2399 468237 548 118 547 118
2980 7514 2399 468237 546 119 547 119 547 118
2981 7575 2400 inf 533 88 533 89 532 89 532 90 532 91 532 92 531 92 531 93 531 94 530 94 530 95 529 95 529 96 529 97 528 97 528 98 528 99
2982 7518 2400 inf 528 100 528 99
2983 7538 2401 272831 600 165 599 165 599 166 598 166 597 166 596 166
2984 7524 2401 272831 596 167 596 166
2985 7536 2402 3.77722e+06 557 123 557 124 557 125 557 126
2986 7520 2402 3.77722e+06 556 127 557 127 557 126
2987 7527 2403 468237 549 117 548 117
2988 7523 2403 468237 547 118 548 118 548 117
2989 7530 2404 1.23372e+08 575 142 575 143 575 144 576 144
2990 7519 2404 1.23372e+08 574 145 575 145 575 144 576 144
2991 7531 2405 19700 555 122 554 122
2992 7525 2405 19700 552 122 553 122 554 122
2993 7532 2406 26768.8 550 117 550 118
2994 7521 2406 26768.8 549 120 549 119 549 118 550 118
2995 7537 2407 468237 550 116 549 116
2996 7527 2407 468237 548 117 549 117 549 116
2997 7543 2409 1.23372e+08 575 138 575 139 575 140 575 141 576 141 576 142
2998 7530 2409 1.23372e+08 575 143 575 142 576 142
2999 7542 2410 272831 601 164 601 165
3000 7538 2410 272831 599 165 600 165 601 165
3001 7547 2412 3.77722e+06 559 120 559 121 558 121
3002 7531 2412 19700 554 122 555 122 556 122 557 122 558 122 558 121
3003 7536 2412 3.77722e+06 557 124 557 123 557 122 558 122 558 121
3004 7546 2413 468237 552 114 552 115
3005 7537 2413 468237 549 116 550 116 551 116 552 116 552 115
3006 7532 2413 26768.8 550 118 550 117 551 117 551 116 552 116 552 115
3007 7525 2413 19700 553 122 552 122 551 122 551 121 551 120 551 119 551 118 551 117 551 116 552 116 552 115
3008 7555 2415 3.77722e+06 560 119 559 119 559 120
3009 7547 2415 3.77722e+06 559 121 559 120
3010 7553 2416 468237 553 113 553 114
3011 7546 2416 468237 552 115 552 114 553 114
3012 7562 2417 1.28417e+07 591 148 590 148 589 148 588 148
3013 7540 2417 1.28417e+07 584 149 584 148 585 148 586 148 587 148 588 148
3014 7559 2419 1.23372e+08 574 132 574 133
3015 7501 2419 25637.5 564 141 565 141 565 140 566 140 566 139 567 139 567 138 568 138 568 137 569 137 569 136 570 136 571 136 572 136 573 136 574 136 574 135 574 134 574 133
3016 7543 2419 1.23372e+08 575 139 575 138 575 137 575 136 575 135 575 134 574 134 574 133
3017 7571 2420 3.77722e+06 561 116 561 117 561 118 560 118 560 119
3018 7555 2420 3.77722e+06 559 119 560 119
3019 7569 2423 468237 556 112 555 112 554 112
3020 7553 2423 468237 553 114 553 113 554 113 554 112
3021 7570 2425 272831 611 166 610 166 609 166
3022 7566 2425 272831 608 165 609 165 609 166
3023 7580 2429 16837.5 611 163 610 163 609 163 608 163 608 164
3024 7567 2429 272831 607 163 607 164 608 164
3025 7566 2429 272831 609 165 608 165 608 164
3026 7572 2430 468237 557 112 556 112
3027 7569 2430 468237 555 112 556 112
3028 7578 2432 116344 608 161 608 162 607 162
3029 7542 2432 272831 601 165 601 164 601 163 602 163 603 163 604 163 605 163 606 163 606 162 607 162
3030 7567 2432 272831 607 164 607 163 607 162
3031 7589 2433 3.77722e+06 563 113 563 114 562 114 562 115 562 116 561 116
3032 7571 2433 3.77722e+06 561 117 561 116
3033 7579 2434 16837.5 611 163 611 164 611 165 611 166 612 166
3034 7570 2434 272831 610 166 611 166 612 166
3035 7577 2434 272831 612 167 612 166
3036 7583 2436 inf 534 86 534 87
3037 7575 2436 inf 533 89 533 88 534 88 534 87
3038 7595 2437 272831 616 168 615 168 615 167 614 167 613 167
3039 7577 2437 272831 612 166 612 167 613 167
3040 7585 2438 9400 611 161 611 162 611 163
3041 7580 2438 16837.5 610 163 611 163
3042 7579 2438 16837.5 611 164 611 163
3043 7586 2439 9400 610 160 609 160 608 160
3044 7587 2439 116344 605 155 605 156 605 157 606 157 606 158 607 158 607 159 608 159 608 160
3045 7578 2439 116344 608 162 608 161 608 160
3046 7584 2440 1.23372e+08 579 130 578 130
3047 7559 2440 1.23372e+08 574 133 574 132 575 132 576 132 577 132 577 131 578 131 578 130
3048 7586 2443 9400 609 160 610 160
3049 7585 2443 9400 611 162 611 161 610 161 610 160
3050 7593 2444 1.23372e+08 580 129 579 129
3051 7584 2444 1.23372e+08 578 130 579 130 579 129
3052 7599 2446 inf 536 84 535 84 535 85
3053 7624 2446 2893.75 538 80 537 80 537 81 536 81 536 82 535 82 535 83 535 84 535 85
3054 7583 2446 inf 534 87 534 86 535 86 535 85
3055 7602 2450 1.23372e+08 580 127 580 128
3056 7593 2450 1.23372e+08 579 129 580 129 580 128
3057 7620 2451 inf 539 82 538 82 538 83 537 83 536 83 536 84
3058 7599 2451 inf 535 84 536 84
3059 7562 2453 1.28417e+07 590 148 591 148 592 148 593 148 594 148 595 148 596 148 597 148 597 147 598 147 599 147 600 147 600 148 601 148
3060 7601 2453 1.28417e+07 601 149 601 148
3061 7606 2455 272831 619 168 618 168
3062 7595 2455 272831 615 168 616 168 617 168 618 168
3063 7609 2456 1.28417e+07 604 149 603 149
3064 7601 2456 1.28417e+07 601 148 601 149 602 149 603 149
3065 7611 2457 1.23372e+08 581 126 581 127
3066 7628 2457 38981.3 577 118 577 119 577 120 577 121 577 122 577 123 577 124 578 124 579 124 579 125 579 126 579 127 580 127 581 127
3067 7602 2457 1.23372e+08 580 128 580 127 581 127
3068 7617 2458 1.28417e+07 608 151 607 151 606 151
3069 7608 2458 1.28417e+07 605 151 606 151
3070 7609 2459 1.28417e+07 603 149 604 149 604 150 605 150
3071 7587 2459 116344 605 156 605 155 605 154 605 153 605 152 605 151 605 150
3072 7608 2459 1.28417e+07 606 151 605 151 605 150
3073 7622 2461 16543.8 555 98 555 97 554 97 553 97 552 97
3074 7619 2461 16543.8 553 96 553 97 552 97
3075 7615 2462 1.28417e+07 610 153 609 153
3076 7616 2462 1.28417e+07 608 152 609 152 609 153
3077 7616 2463 1.28417e+07 609 152 608 152
3078 7617 2463 1.28417e+07 607 151 608 151 608 152
3079 7618 2464 1.23372e+08 583 126 582 126
3080 7611 2464 1.23372e+08 581 127 581 126 582 126
3081 7626 2466 272831 621 170 621 169 620 169
3082 7606 2466 272831 618 168 619 168 619 169 620 169
3083 7615 2467 1.28417e+07 609 153 610 153 610 154 611 154
3084 7614 2467 1.28417e+07 611 155 611 154
3085 7629 2468 3.77722e+06 566 107 566 108 565 108
3086 7670 2468 139656 564 96 564 97 564 98 564 99 564 100 564 101 564 102 564 103 564 104 564 105 564 106 564 107 564 108 565 108
3087 7622 2468 16543.8 555 97 555 98 556 98 557 98 557 99 557 100 557 101 557 102 557 103 557 104 557 105 557 106 557 107 557 108 558 108 559 108 559 109 560 109 561 109 562 109 563 109 563 108 564 108 565 108
3088 7572 2468 468237 556 112 557 112 557 111 558 111 558 110 559 110 559 109 560 109 561 109 562 109 563 109 563 108 564 108 565 108
3089 7589 2468 3.77722e+06 563 114 563 113 563 112 563 111 563 110 563 109 563 108 564 108 565 108
3090 7619 2469 16543.8 553 97 553 96 553 95 553 94 552 94 551 94 551 93 550 93
3091 7623 2469 16543.8 550 92 550 93
3092 7633 2470 1.28417e+07 617 158 617 157 616 157 615 157
3093 7673 2470 48818.7 625 155 624 155 623 155 622 155 621 155 620 155 619 155 619 156 619 157 618 157 617 157 616 157 615 157
3094 7627 2470 1.28417e+07 614 156 615 156 615 157
3095 7627 2471 1.28417e+07 615 156 614 156
3096 7614 2471 1.28417e+07 611 154 611 155 612 155 613 155 613 156 614 156
3097 7634 2472 1.23372e+08 585 125 584 125 583 125
3098 7618 2472 1.23372e+08 582 126 583 126 583 125
3099 7631 2473 inf 540 81 540 82
3100 7620 2473 inf 538 82 539 82 540 82
3101 7637 2475 1.28417e+07 620 160 620 159 619 159 618 159
3102 7632 2475 1.28417e+07 618 158 618 159
3103 7632 2476 1.28417e+07 618 159 618 158 617 158
3104 7633 2476 1.28417e+07 617 157 617 158
3105 7635 2478 2893.75 539 79 539 80
3106 7624 2478 2893.75 537 80 538 80 539 80
3107 7638 2479 1.23372e+08 585 124 585 125
3108 7634 2479 1.23372e+08 584 125 585 125
3109 7652 2480 3.77722e+06 569 106 569 107 568 107 567 107
3110 7629 2480 3.77722e+06 566 108 566 107 567 107
3111 7639 2481 inf 541 80 541 81
3112 7631 2481 inf 540 82 540 81 541 81
3113 7626 2483 272831 621 169 621 170 622 170 623 170
3114 7643 2483 272831 623 171 623 170
3115 7645 2485 1.28417e+07 623 161 622 161 622 160 621 160
3116 7637 2485 1.28417e+07 620 159 620 160 621 160
3117 7648 2486 2893.75 540 78 540 79
3118 7635 2486 2893.75 539 80 539 79 540 79
3119 7653 2488 1.28417e+07 628 165 628 164 627 164 627 163 626 163 625 163 625 162 624 162 624 161 623 161
3120 7658 2488 10525 629 164 628 164 627 164 627 163 626 163 625 163 625 162 624 162 624 161 623 161
3121 7645 2488 1.28417e+07 622 161 623 161
3122 7651 2489 1.23372e+08 587 124 586 124
3123 7638 2489 1.23372e+08 585 125 585 124 586 124
3124 7656 2491 inf 543 79 543 80 542 80
3125 7639 2491 inf 541 81 541 80 542 80
3126 7663 2494 272831 627 171 626 171 625 171
3127 7643 2494 272831 623 170 623 171 624 171 625 171
3128 7659 2497 1.23372e+08 588 123 587 123
3129 7651 2497 1.23372e+08 586 124 587 124 587 123
3130 7667 2499 3.77722e+06 572 105 572 106 571 106 570 106
3131 7652 2499 3.77722e+06 569 107 569 106 570 106
3132 7664 2500 inf 544 78 544 79 543 79
3133 7656 2500 inf 543 80 543 79
3134 7677 2503 10525 632 161 632 162 631 162 630 162 630 163 630 164 629 164
3135 7658 2503 10525 628 164 629 164
3136 7666 2504 1.23372e+08 589 122 588 122
3137 7659 2504 1.23372e+08 587 123 588 123 588 122
3138 7679 2505 1.23372e+08 590 119 590 120 589 120 589 121
3139 7666 2505 1.23372e+08 588 122 589 122 589 121
3140 7669 2505 4.18371e+06 594 126 593 126 592 126 591 126 590 126 589 126 589 125 589 124 589 123 589 122 589 121
3141 7695 2506 3.77722e+06 580 105 579 105 578 105 577 105 576 105 575 105 574 105 573 105
3142 7667 2506 3.77722e+06 572 106 572 105 573 105
3143 7628 2506 38981.3 577 119 577 118 577 117 577 116 577 115 576 115 575 115 575 114 574 114 573 114 573 113 573 112 573 111 573 110 573 109 573 108 573 107 573 106 573 105
3144 7676 2507 139656 564 94 564 95 564 96
3145 7670 2507 139656 564 97 564 96
3146 7623 2508 16543.8 550 93 550 92 550 91 550 90 550 89 550 88 550 87 550 86 550 85 550 84 550 83 549 83 549 82 549 81 549 80 549 79 549 78 549 77 549 76 548 76 547 76 546 76 545 76 544 76
3147 7686 2508 inf 546 73 545 73 545 74 544 74 544 75 544 76
3148 7648 2508 2893.75 540 79 540 78 540 77 541 77 541 76 542 76 543 76 544 76
3149 7664 2508 inf 544 79 544 78 544 77 544 76
3150 7674 2509 4.18371e+06 596 126 595 126
3151 7669 2509 4.18371e+06 593 126 594 126 595 126
3152 7687 2510 1.28417e+07 633 173 632 173 631 173 630 173
3153 7653 2510 1.28417e+07 628 164 628 165 628 166 628 167 628 168 628 169 628 170 628 171 628 172 629 172 629 173 630 173
3154 7663 2510 272831 626 171 627 171 627 172 628 172 629 172 629 173 630 173
3155 7684 2512 1.23372e+08 592 119 591 119 590 119
3156 7679 2512 1.23372e+08 590 120 590 119
3157 7691 2514 1.23372e+08 593 119 592 119
3158 7684 2514 1.23372e+08 591 119 592 119
3159 7697 2516 inf 547 72 546 72 546 73
3160 7686 2516 inf 545 73 546 73
3161 7800 2518 2943.75 598 103 598 104 598 105 598 106 597 106 596 106 595 106 595 107 594 107 593 107 592 107 591 107 590 107 589 107 588 107 587 107 586 107 586 108 585 108 584 108 583 108 582 108
3162 7694 2518 2943.75 581 106 581 107 581 108 582 108
3163 7700 2519 4.18371e+06 620 145 620 144 619 144
3164 7701 2519 4.18371e+06 618 143 619 143 619 144
3165 7701 2520 4.18371e+06 619 143 618 143
3166 7702 2520 4.18371e+06 617 142 618 142 618 143
3167 7703 2521 4.18371e+06 603 128 603 127 602 127
3168 7674 2521 4.18371e+06 595 126 596 126 596 125 597 125 598 125 599 125 599 126 600 126 601 126 602 126 602 127
3169 7705 2523 3.77722e+06 581 105 580 105
3170 7695 2523 3.77722e+06 579 105 580 105
3171 7713 2524 inf 549 72 548 72 547 72
3172 7697 2524 inf 546 72 547 72
3173 7724 2525 1.28417e+07 637 174 637 173 636 173 635 173
3174 7687 2525 1.28417e+07 632 173 633 173 634 173 635 173
3175 7706 2526 4.18371e+06 629 152 628 152 628 151 627 151
3176 7707 2526 4.18371e+06 627 150 627 151
3177 7673 2526 48818.7 624 155 625 155 626 155 627 155 627 154 627 153 627 152 627 151
3178 7707 2527 4.18371e+06 627 151 627 150 626 150
3179 7708 2527 4.18371e+06 626 149 626 150
3180 7708 2528 4.18371e+06 626 150 626 149 625 149
3181 7698 2528 4.18371e+06 624 149 625 149
3182 7699 2529 4.18371e+06 623 147 623 148 624 148
3183 7698 2529 4.18371e+06 625 149 624 149 624 148
3184 7700 2530 4.18371e+06 620 144 620 145 621 145 621 146 622 146 622 147 623 147
3185 7699 2530 4.18371e+06 623 148 623 147
3186 7711 2531 4.18371e+06 606 130 606 129 605 129
3187 7712 2531 4.18371e+06 605 128 605 129
3188 7712 2532 4.18371e+06 605 129 605 128 604 128
3189 7703 2532 4.18371e+06 603 127 603 128 604 128
3190 7723 2533 1.23372e+08 595 117 594 117 594 118
3191 7691 2533 1.23372e+08 592 119 593 119 593 118 594 118
3192 7714 2534 4.18371e+06 632 154 631 154 631 153 630 153
3193 7715 2534 4.18371e+06 630 152 630 153
3194 7715 2535 4.18371e+06 630 153 630 152 629 152
3195 7706 2535 4.18371e+06 628 152 629 152
3196 7788 2536 28712.5 628 134 627 134 627 135 627 136 626 136 626 137 626 138 625 138 625 139 625 140 624 140 623 140 622 140 621 140 620 140 619 140 618 140 617 140
3197 7709 2536 4.18371e+06 616 140 617 140
3198 7702 2536 4.18371e+06 618 142 617 142 617 141 617 140
3199 7710 2537 4.18371e+06 615 138 615 139 616 139
3200 7709 2537 4.18371e+06 617 140 616 140 616 139
3201 7716 2538 4.18371e+06 614 137 615 137 615 138
3202 7710 2538 4.18371e+06 615 139 615 138
3203 7716 2539 4.18371e+06 615 137 614 137
3204 7717 2539 4.18371e+06 613 135 613 136 614 136 614 137
3205 7719 2540 4.18371e+06 611 134 611 133 610 133
3206 7720 2540 4.18371e+06 609 132 610 132 610 133
3207 7720 2541 4.18371e+06 610 132 609 132
3208 7721 2541 4.18371e+06 608 130 608 131 609 131 609 132
3209 7721 2542 4.18371e+06 608 131 608 130 607 130
3210 7711 2542 4.18371e+06 606 129 606 130 607 130
3211 7755 2543 3.77722e+06 588 102 588 103 588 104 588 105 587 105 586 105 585 105 584 105 583 105 582 105
3212 7705 2543 3.77722e+06 580 105 581 105 582 105
3213 7694 2543 2943.75 581 107 581 106 581 105 582 105
3214 7725 2544 4.18371e+06 634 156 634 155 633 155
3215 7726 2544 4.18371e+06 633 154 633 155
3216 7726 2545 4.18371e+06 633 155 633 154 632 154
3217 7714 2545 4.18371e+06 631 154 632 154
3218 7718 2546 4.18371e+06 612 134 612 135 613 135
3219 7717 2546 4.18371e+06 613 136 613 135
3220 7719 2547 4.18371e+06 611 133 611 134 612 134
3221 7718 2547 4.18371e+06 612 135 612 134
3222 7741 2548 1.23372e+08 597 115 596 115 596 116 595 116 595 117
3223 7723 2548 1.23372e+08 594 117 595 117
3224 7729 2549 4.18371e+06 643 163 642 163
3225 7730 2549 4.18371e+06 641 162 642 162 642 163
3226 7730 2550 4.18371e+06 642 162 641 162
3227 7731 2550 4.18371e+06 640 161 641 161 641 162
3228 7732 2551 4.18371e+06 638 158 637 158 637 157 636 157 636 156 635 156
3229 7725 2551 4.18371e+06 634 155 634 156 635 156
3230 7739 2552 1.28417e+07 640 174 639 174 638 174
3231 7724 2552 1.28417e+07 637 173 637 174 638 174
3232 7728 2553 4.18371e+06 644 164 644 165 645 165
3233 7727 2553 4.18371e+06 645 166 645 165
3234 7729 2554 4.18371e+06 642 163 643 163 643 164 644 164
3235 7728 2554 4.18371e+06 644 165 644 164
3236 7735 2555 4.18371e+06 640 159 639 159 639 158 638 158
3237 7732 2555 4.18371e+06 637 158 638 158
3238 7677 2555 10525 632 162 632 161 633 161 634 161 634 160 635 160 636 160 637 160 638 160 638 159 638 158
3239 7735 2556 4.18371e+06 639 159 640 159
3240 7731 2556 4.18371e+06 641 161 640 161 640 160 640 159
3241 7746 2558 inf 553 70 553 71 552 71
3242 7713 2558 inf 548 72 549 72 550 72 551 72 551 71 552 71
3243 7743 2560 1.23372e+08 598 115 597 115
3244 7741 2560 1.23372e+08 596 115 597 115
3245 7751 2561 1.28417e+07 643 175 642 175 642 174 641 174
3246 7739 2561 1.28417e+07 639 174 640 174 641 174
3247 7743 2563 1.23372e+08 597 115 598 115 598 114
3248 7747 2563 1.23372e+08 599 115 598 115 598 114
3249 7757 2564 inf 556 69 555 69 555 70
3250 7746 2564 inf 553 71 553 70 554 70 555 70
3251 7762 2565 1.28417e+07 646 176 646 175 645 175 644 175 643 175
3252 7751 2565 1.28417e+07 642 175 643 175
3253 7756 2569 1.23372e+08 602 115 601 115
3254 7747 2569 1.23372e+08 598 115 599 115 600 115 601 115
3255 7784 2570 3.77722e+06 594 101 594 102 593 102 592 102 591 102 590 102 589 102
3256 7755 2570 3.77722e+06 588 103 588 102 589 102
3257 7767 2574 inf 558 68 557 68
3258 7757 2574 inf 555 69 556 69 556 68 557 68
3259 7780 2577 inf 655 162 655 163 655 164 655 165
3260 7727 2577 4.18371e+06 645 165 645 166 646 166 647 166 648 166 649 166 650 166 651 166 652 166 653 166 654 166 655 166 655 165
3261 7795 2577 inf 658 169 657 169 656 169 656 168 656 167 655 167 655 166 655 165
3262 7775 2579 1.23372e+08 605 113 605 114 604 114
3263 7756 2579 1.23372e+08 601 115 602 115 602 114 603 114 604 114
3264 7801 2581 inf 562 67 561 67 560 67 559 67 558 67
3265 7767 2581 inf 557 68 558 68 558 67
3266 7786 2583 1.28417e+07 649 177 649 176 648 176
3267 7762 2583 1.28417e+07 646 175 646 176 647 176 648 176
3268 7787 2588 inf 654 160 654 161 655 161 655 162
3269 7780 2588 inf 655 163 655 162
3270 7799 2591 1.23372e+08 608 114 608 113 607 113 606 113
3271 7775 2591 1.23372e+08 605 114 605 113 606 113
3272 7802 2593 1.28417e+07 650 178 650 177 649 177
3273 7786 2593 1.28417e+07 649 176 649 177
3274 7804 2599 inf 654 157 654 158 654 159
3275 7787 2599 inf 654 161 654 160 654 159
3276 7806 2600 1.23372e+08 610 113 609 113 609 114
3277 7799 2600 1.23372e+08 608 113 608 114 609 114
3278 7807 2601 inf 564 66 563 66 563 67 562 67
3279 7801 2601 inf 561 67 562 67
3280 7795 2602 inf 657 169 658 169 658 170
3281 7808 2602 inf 658 173 658 172 658 171 658 170
3282 7805 2603 28712.5 629 132 628 132
3283 7788 2603 28712.5 627 134 628 134 628 133 628 132
3284 7823 2605 inf 652 149 652 150 652 151 653 151 653 152 653 153 653 154 653 155 653 156
3285 7804 2605 inf 654 158 654 157 653 157 653 156
3286 7812 2606 139656 582 82 581 82
3287 7676 2606 139656 564 95 564 94 564 93 564 92 564 91 564 90 564 89 564 88 564 87 564 86 564 85 564 84 564 83 564 82 565 82 566 82 567 82 568 82 569 82 569 83 570 83 571 83 572 83 573 83 574 83 575 83 576 83 577 83 578 83 579 83 580 83 580 82 581 82
3288 7820 2607 inf 568 66 567 66 566 66 565 66
3289 7807 2607 inf 563 66 564 66 565 66
3290 7815 2608 1.28417e+07 654 180 654 179 653 179
3291 7802 2608 1.28417e+07 650 177 650 178 651 178 652 178 653 178 653 179
3292 7835 2609 1.23372e+08 618 113 617 113 616 113 615 113 614 113 614 112 613 112 612 112
3293 7806 2609 1.23372e+08 609 113 610 113 611 113 611 112 612 112
3294 7813 2610 inf 657 175 657 176
3295 7816 2610 inf 657 177 657 176
3296 7808 2611 inf 658 172 658 173 658 174 658 175
3297 7813 2611 inf 657 176 657 175 658 175
3298 7827 2613 1.28417e+07 655 181 655 180 654 180
3299 7815 2613 1.28417e+07 654 179 654 180
3300 7825 2616 inf 569 67 569 66 568 66
3301 7820 2616 inf 567 66 568 66
3302 7828 2617 inf 659 177 658 177
3303 7816 2617 inf 657 176 657 177 658 177
3304 7877 2619 139656 577 67 577 66 576 66 575 66 574 66 574 67 573 67 572 67 571 67 570 67
3305 8018 2619 inf 597 71 597 70 596 70 595 70 595 69 594 69 594 68 593 68 592 68 591 68 591 67 590 67 589 67 588 67 587 67 586 67 586 66 585 66 584 66 584 65 583 65 582 65 582 64 581 64 580 64 579 64 578 64 577 64 577 65 577 66 576 66 575 66 574 66 574 67 573 67 572 67 571 67 570 67
3306 7825 2619 inf 569 66 569 67 570 67
3307 7836 2620 1.28417e+07 656 182 656 181 655 181
3308 7827 2620 1.28417e+07 655 180 655 181
3309 7857 2623 inf 651 143 652 143 652 144 652 145 652 146 652 147
3310 7823 2623 inf 652 150 652 149 652 148 652 147
3311 7805 2624 28712.5 628 132 629 132 629 131 629 130 629 129 629 128 629 127 629 126 629 125 629 124 629 123 628 123 628 122 627 122
3312 7848 2624 28712.5 628 121 628 122 627 122
3313 7841 2625 2943.75 605 99 605 100
3314 7800 2625 2943.75 598 104 598 103 598 102 598 101 599 101 600 101 601 101 602 101 602 100 603 100 604 100 605 100
3315 7844 2626 inf 660 179 659 179
3316 7828 2626 inf 658 177 659 177 659 178 659 179
3317 7848 2628 28712.5 628 122 628 121 628 120 628 119 628 118 627 118 627 117 626 117 625 117 624 117 623 117
3318 7859 2628 7837.5 625 116 625 117 624 117 623 117
3319 7839 2628 28712.5 622 116 622 117 623 117
3320 7876 2629 10156.3 619 109 620 109 620 110 620 111 620 112 620 113 619 113
3321 7835 2629 1.23372e+08 617 113 618 113 619 113
3322 7840 2629 1.23372e+08 620 114 619 114 619 113
3323 7842 2630 1.28417e+07 657 181 657 182
3324 7836 2630 1.28417e+07 656 181 656 182 657 182
3325 7854 2631 1.28417e+07 660 181 659 181 658 181
3326 7842 2631 1.28417e+07 657 182 657 181 658 181
3327 7861 2632 1.23372e+08 621 112 621 113 621 114
3328 7840 2632 1.23372e+08 619 114 620 114 621 114
3329 7839 2632 28712.5 622 117 622 116 622 115 621 115 621 114
3330 7865 2633 inf 661 181 661 180 660 180
3331 7844 2633 inf 659 179 660 179 660 180
3332 7854 2633 1.28417e+07 659 181 660 181 660 180
3333 7862 2635 10156.3 617 109 617 108 616 108
3334 7869 2635 10156.3 617 107 617 108 616 108
3335 7868 2637 7837.5 626 116 625 116
3336 7859 2637 7837.5 625 117 625 116
3337 7876 2638 10156.3 620 109 619 109 618 109
3338 7862 2638 10156.3 617 108 617 109 618 109
3339 7865 2640 inf 661 180 661 181
3340 7879 2640 inf 662 182 661 182 661 181
3341 7812 2642 139656 581 82 582 82 583 82 584 82 585 82 586 82 587 82 587 81 587 80 587 79 587 78 587 77 587 76 587 75 587 74 587 73 587 72 587 71 587 70 587 69 587 68 586 68 585 68 585 67 584 67 583 67 582 67 581 67 580 67 579 67 578 67 577 67
3342 7877 2642 139656 577 66 577 67
3343 7883 2646 1.23372e+08 625 114 625 113 624 113
3344 7875 2646 1.23372e+08 623 112 623 113 624 113
3345 7861 2647 1.23372e+08 621 113 621 112 622 112 623 112
3346 7875 2647 1.23372e+08 623 113 623 112
3347 7888 2648 98081.3 643 130 642 130
3348 7889 2648 98081.3 641 128 641 129 642 129 642 130
3349 7899 2649 1.23372e+08 627 113 627 114 626 114
3350 7883 2649 1.23372e+08 625 113 625 114 626 114
3351 7868 2649 7837.5 625 116 626 116 626 115 626 114
3352 7885 2652 1.12277e+06 677 164 677 165 678 165 678 166 679 166
3353 7894 2652 1.12277e+06 679 167 679 166
3354 7895 2653 1.12277e+06 676 163 677 163 677 164
3355 7885 2653 1.12277e+06 677 165 677 164
3356 7888 2655 98081.3 642 130 643 130 643 131 644 131
3357 7887 2655 98081.3 645 132 644 132 644 131
3358 7890 2656 98081.3 640 127 640 128 641 128
3359 7889 2656 98081.3 641 129 641 128
3360 7891 2657 98081.3 639 127 640 127
3361 7890 2657 98081.3 640 128 640 127
3362 7897 2658 98081.3 639 125 639 126
3363 7891 2658 98081.3 640 127 639 127 639 126
3364 7879 2659 inf 661 182 662 182 663 182 664 182
3365 7916 2659 inf 665 184 665 183 664 183 664 182
3366 7896 2660 1.12277e+06 675 162 676 162
3367 7895 2660 1.12277e+06 677 163 676 163 676 162
3368 7932 2661 3356.25 654 136 653 136 652 136 652 137 652 138
3369 7912 2661 inf 651 136 652 136 652 137 652 138
3370 7857 2661 inf 652 143 651 143 651 142 651 141 651 140 651 139 652 139 652 138
3371 7912 2662 inf 652 136 651 136 650 136
3372 7922 2662 inf 650 133 650 134 650 135 650 136
3373 7898 2663 98081.3 637 124 638 124
3374 7897 2663 98081.3 639 126 639 125 638 125 638 124
3375 7894 2668 1.12277e+06 679 166 679 167 680 167
3376 7917 2668 1.12277e+06 681 168 680 168 680 167
3377 7918 2669 1.12277e+06 672 156 672 155 671 155 670 155 670 154 669 154
3378 7911 2669 1.12277e+06 668 153 669 153 669 154
3379 7903 2670 98081.3 635 121 636 121
3380 7898 2670 98081.3 638 124 637 124 637 123 637 122 636 122 636 121
3381 7913 2671 98081.3 635 119 635 120
3382 7903 2671 98081.3 636 121 635 121 635 120
3383 7913 2672 98081.3 635 120 635 119 634 119
3384 7904 2672 98081.3 633 118 633 119 634 119
3385 7924 2673 1.23372e+08 630 113 629 113 628 113
3386 7899 2673 1.23372e+08 627 114 627 113 628 113
3387 7896 2674 1.12277e+06 676 162 675 162 675 161 675 160 675 159 675 158 674 158
3388 7910 2674 1.12277e+06 673 158 674 158
3389 7918 2675 1.12277e+06 672 155 672 156
3390 7910 2675 1.12277e+06 674 158 673 158 673 157 672 157 672 156
3391 7919 2676 1.12277e+06 668 151 668 152
3392 7911 2676 1.12277e+06 669 153 668 153 668 152
3393 7920 2677 1.12277e+06 665 149 666 149 666 150
3394 7919 2677 1.12277e+06 668 152 668 151 667 151 666 151 666 150
3395 7916 2680 inf 665 183 665 184
3396 7936 2680 inf 666 185 665 185 665 184
3397 7917 2681 1.12277e+06 680 168 681 168
3398 7937 2681 1.12277e+06 682 169 681 169 681 168
3399 7931 2683 1.12277e+06 665 147 665 148
3400 7920 2683 1.12277e+06 666 149 665 149 665 148
3401 7944 2685 98081.3 633 114 633 115 633 116
3402 7904 2685 98081.3 633 119 633 118 633 117 633 116
3403 7931 2688 1.12277e+06 665 148 665 147 665 146 664 146
3404 7958 2688 1.12277e+06 665 144 665 145 665 146 664 146
3405 7941 2689 inf 650 131 650 132
3406 7922 2689 inf 650 134 650 133 650 132
3407 7942 2690 98081.3 650 131 649 131
3408 7887 2690 98081.3 644 132 645 132 646 132 647 132 648 132 649 132 649 131
3409 7936 2691 inf 665 185 666 185
3410 7953 2691 inf 666 187 666 186 666 185
3411 7955 2692 1.12277e+06 683 170 683 169 682 169
3412 7937 2692 1.12277e+06 681 169 682 169
3413 7951 2696 10156.3 618 98 617 98
3414 7869 2696 10156.3 617 108 617 107 617 106 617 105 617 104 617 103 617 102 617 101 617 100 617 99 617 98
3415 7950 2700 inf 649 129 649 130 650 130
3416 7942 2700 98081.3 649 131 650 131 650 130
3417 7941 2700 inf 650 132 650 131 650 130
3418 7971 2701 inf 648 126 648 127 649 127 649 128 649 129
3419 7950 2701 inf 649 130 649 129
3420 7966 2705 1.12277e+06 665 143 665 144
3421 7958 2705 1.12277e+06 665 145 665 144
3422 7966 2706 1.12277e+06 665 144 665 143 664 143
3423 7967 2706 1.12277e+06 664 142 664 143
3424 7967 2707 1.12277e+06 664 143 664 142 663 142
3425 7968 2707 1.12277e+06 663 141 663 142
3426 7985 2712 1.12277e+06 685 171 685 170 684 170
3427 7955 2712 1.12277e+06 683 169 683 170 684 170
3428 7983 2716 inf 648 125 648 126
3429 7971 2716 inf 648 127 648 126
3430 7991 2717 inf 618 95 618 94 617 94
3431 7992 2717 inf 616 92 616 93 617 93 617 94
3432 7841 2717 2943.75 605 100 605 99 606 99 606 98 606 97 606 96 606 95 606 94 607 94 608 94 609 94 610 94 611 94 612 94 613 94 614 94 615 94 616 94 617 94
3433 7994 2718 1.12277e+06 686 171 685 171
3434 7985 2718 1.12277e+06 685 170 685 171
3435 7996 2719 22806.3 687 162 686 162 686 161 685 161 685 160 684 160 684 159 683 159
3436 7987 2719 22806.3 682 159 683 159
3437 7988 2720 22806.3 681 158 682 158
3438 7987 2720 22806.3 683 159 682 159 682 158
3439 7989 2721 22806.3 680 157 681 157
3440 7988 2721 22806.3 682 158 681 158 681 157
3441 7997 2722 22806.3 680 155 680 156
3442 7989 2722 22806.3 681 157 680 157 680 156
3443 7997 2723 22806.3 680 156 680 155 679 155
3444 7998 2723 22806.3 678 154 679 154 679 155
3445 7991 2724 inf 618 94 618 95 619 95
3446 7990 2724 inf 619 96 619 95
3447 8011 2725 4875 617 91 616 91 616 92
3448 7993 2725 inf 615 91 615 92 616 92
3449 7992 2725 inf 616 93 616 92
3450 8012 2726 inf 615 89 615 90 615 91
3451 7993 2726 inf 615 92 615 91
3452 8063 2728 22806.3 694 170 694 169 693 169 693 168 692 168 692 167 692 166 691 166
3453 8002 2728 22806.3 690 165 691 165 691 166
3454 8003 2729 22806.3 689 164 689 163 688 163 688 162 687 162
3455 7996 2729 22806.3 686 162 687 162
3456 7999 2730 22806.3 677 153 678 153
3457 7998 2730 22806.3 679 154 678 154 678 153
3458 8005 2731 22806.3 677 151 677 152
3459 7999 2731 22806.3 678 153 677 153 677 152
3460 8005 2732 22806.3 677 152 677 151 676 151
3461 8006 2732 22806.3 675 150 676 150 676 151
3462 8028 2733 inf 631 104 631 103 630 103 629 103 628 103
3463 8007 2733 inf 628 102 628 103
3464 8020 2735 524781 687 173 687 172 686 172
3465 7994 2735 1.12277e+06 685 171 686 171 686 172
3466 8061 2735 1.12277e+06 684 180 684 179 684 178 684 177 684 176 684 175 684 174 684 173 684 172 685 172 686 172
3467 8003 2736 22806.3 689 163 689 164 690 164
3468 8002 2736 22806.3 691 165 690 165 690 164
3469 8013 2739 inf 614 89 615 89
3470 8012 2739 inf 615 90 615 89
3471 8017 2740 inf 613 86 613 87 614 87 614 88
3472 7784 2740 3.77722e+06 594 102 594 101 595 101 595 100 596 100 597 100 598 100 598 99 599 99 599 98 599 97 599 96 599 95 599 94 599 93 599 92 599 91 599 90 599 89 600 89 601 89 602 89 603 89 604 89 605 89 606 89 607 89 608 89 609 89 610 89 611 89 612 89 613 89 614 89 614 88
3473 8013 2740 inf 615 89 614 89 614 88
3474 8038 2741 inf 601 72 600 72 599 72 599 71 598 71 597 71
3475 8018 2741 inf 597 70 597 71
3476 8019 2742 inf 667 193 666 193
3477 7953 2742 inf 666 186 666 187 666 188 666 189 666 190 666 191 666 192 666 193
3478 8027 2745 inf 633 105 632 105 632 104 631 104
3479 8028 2745 inf 631 103 631 104
3480 7924 2745 1.23372e+08 629 113 630 113 631 113 631 112 631 111 631 110 631 109 631 108 631 107 631 106 631 105 631 104
3481 8029 2747 inf 628 100 628 101
3482 8007 2747 inf 628 103 628 102 628 101
3483 8029 2748 inf 628 101 628 100 627 100
3484 8030 2748 inf 627 99 627 100
3485 8030 2749 inf 627 100 627 99 626 99
3486 8011 2749 4875 616 91 617 91 618 91 619 91 619 92 620 92 620 93 621 93 621 94 622 94 622 95 623 95 623 96 624 96 624 97 625 97 625 98 626 98 626 99
3487 7990 2749 inf 619 95 619 96 620 96 621 96 621 97 622 97 623 97 624 97 625 97 625 98 626 98 626 99
3488 7951 2749 10156.3 617 98 618 98 619 98 620 98 621 98 622 98 623 98 624 98 625 98 626 98 626 99
3489 8055 2750 inf 614 83 614 84 614 85 613 85 613 86
3490 8017 2750 inf 613 87 613 86
3491 8040 2751 524781 688 174 688 173 687 173
3492 8020 2751 524781 687 172 687 173
3493 8022 2752 22806.3 673 146 674 146
3494 8006 2752 22806.3 676 150 675 150 675 149 675 148 674 148 674 147 674 146
3495 8023 2753 22806.3 672 145 673 145
3496 8022 2753 22806.3 674 146 673 146 673 145
3497 8023 2754 22806.3 673 145 672 145 672 144 672 143 671 143
3498 8031 2754 22806.3 671 142 671 143
3499 8031 2755 22806.3 671 143 671 142 670 142
3500 8032 2755 22806.3 670 141 670 142
3501 8032 2756 22806.3 670 142 670 141 669 141
3502 8033 2756 22806.3 669 140 669 141
3503 7983 2757 inf 648 126 648 125 649 125 649 124 650 124 651 124 651 123 652 123 652 122 652 121 652 120 652 119 651 119 650 119 650 118 649 118 648 118 648 117 648 116 647 116 647 115 646 115 646 114 645 114 644 114 644 113 643 113 643 112 642 112 641 112 641 111 640 111 639 111 639 110 638 110
3504 7932 2757 3356.25 653 136 654 136 655 136 656 136 657 136 658 136 659 136 659 135 659 134 659 133 659 132 659 131 659 130 659 129 659 128 659 127 659 126 658 126 658 125 658 124 657 124 657 123 657 122 656 122 656 121 656 120 656 119 655 119 655 118 654 118 654 117 653 117 653 116 652 116 651 116 650 116 649 116 648 116 647 116 647 115 646 115 646 114 645 114 644 114 644 113 643 113 643 112 642 112 641 112 641 111 640 111 639 111 639 110 638 110
3505 8053 2757 1.12277e+06 664 134 664 133 663 133 663 132 662 132 662 131 662 130 661 130 661 129 660 129 660 128 659 128 659 127 659 126 658 126 658 125 658 124 657 124 657 123 657 122 656 122 656 121 656 120 656 119 655 119 655 118 654 118 654 117 653 117 653 116 652 116 651 116 650 116 649 116 648 116 647 116 647 115 646 115 646 114 645 114 644 114 644 113 643 113 643 112 642 112 641 112 641 111 640 111 639 111 639 110 638 110
3506 8203 2757 1.6156e+07 662 119 661 119 660 119 659 119 658 119 657 119 656 119 655 119 655 118 654 118 654 117 653 117 653 116 652 116 651 116 650 116 649 116 648 116 647 116 647 115 646 115 646 114 645 114 644 114 644 113 643 113 643 112 642 112 641 112 641 111 640 111 639 111 639 110 638 110
3507 8024 2757 inf 637 110 638 110
3508 8152 2758 3743.75 640 102 641 102 641 103 641 104 641 105 641 106 641 107 641 108 640 108 639 108 638 108 638 109 637 109
3509 8025 2758 inf 636 109 637 109
3510 8024 2758 inf 638 110 637 110 637 109
3511 8105 2759 3743.75 638 102 637 102 636 102 636 103 636 104 636 105 636 106 635 106 634 106
3512 8026 2759 inf 633 106 634 106
3513 8025 2759 inf 637 109 636 109 636 108 635 108 635 107 634 107 634 106
3514 8027 2760 inf 632 105 633 105
3515 7944 2760 98081.3 633 115 633 114 633 113 633 112 633 111 633 110 633 109 633 108 633 107 633 106 633 105
3516 8026 2760 inf 634 106 633 106 633 105
3517 8034 2765 68018.9 665 137 666 137
3518 8033 2765 22806.3 669 141 669 140 668 140 668 139 667 139 667 138 666 138 666 137
3519 8052 2765 68018.9 671 140 670 140 669 140 668 140 668 139 667 139 667 138 666 138 666 137
3520 8044 2766 68018.9 665 135 665 136
3521 8034 2766 68018.9 666 137 665 137 665 136
3522 8044 2767 68018.9 665 136 665 135 664 135
3523 8053 2767 1.12277e+06 664 133 664 134 664 135
3524 7968 2767 1.12277e+06 663 142 663 141 663 140 664 140 664 139 664 138 664 137 664 136 664 135
3525 8019 2768 inf 666 193 667 193 667 194 667 195
3526 8046 2768 inf 667 196 667 195
3527 8040 2772 524781 688 173 688 174 689 174
3528 8062 2772 524781 689 175 689 174
3529 8056 2775 inf 613 83 614 83
3530 8055 2775 inf 614 84 614 83
3531 8057 2776 inf 612 81 612 82 613 82
3532 8056 2776 inf 614 83 613 83 613 82
3533 8073 2777 inf 612 79 612 80 612 81
3534 8057 2777 inf 612 82 612 81
3535 8038 2778 inf 600 72 601 72 602 72 603 72
3536 8058 2778 inf 603 73 603 72
3537 8061 2779 1.12277e+06 684 179 684 180
3538 8077 2779 1.12277e+06 684 182 684 181 684 180
3539 8063 2780 22806.3 694 169 694 170
3540 8067 2780 22806.3 694 171 694 170
3541 8052 2781 68018.9 670 140 671 140 672 140
3542 8072 2781 68018.9 674 141 673 141 672 141 672 140
3543 8046 2784 inf 667 195 667 196 668 196 668 197
3544 8082 2784 inf 668 199 668 198 668 197
3545 8066 2785 22806.3 691 174 690 174 690 175
3546 8062 2785 524781 689 174 689 175 690 175
3547 8083 2785 524781 691 176 690 176 690 175
3548 8074 2787 inf 610 78 611 78
3549 8073 2787 inf 612 80 612 79 611 79 611 78
3550 8080 2788 inf 610 76 610 77
3551 8074 2788 inf 611 78 610 78 610 77
3552 8080 2789 inf 610 77 610 76 609 76
3553 8081 2789 inf 609 75 609 76
3554 8081 2790 inf 609 76 609 75 608 75
3555 8075 2790 inf 606 73 606 74 607 74 608 74 608 75
3556 8058 2791 inf 603 72 603 73 604 73 605 73 606 73
3557 8075 2791 inf 606 74 606 73
3558 8091 2792 1.12277e+06 685 183 685 182 684 182
3559 8077 2792 1.12277e+06 684 181 684 182
3560 8084 2793 22806.3 694 173 693 173 693 174 692 174
3561 8066 2793 22806.3 690 174 691 174 692 174
3562 8067 2794 22806.3 694 170 694 171 694 172
3563 8084 2794 22806.3 693 173 694 173 694 172
3564 8103 2797 68018.9 677 141 677 142 676 142
3565 8086 2797 68018.9 676 141 676 142
3566 8072 2798 68018.9 673 141 674 141 674 140
3567 8086 2798 68018.9 676 142 676 141 675 141 674 141 674 140
3568 8082 2800 inf 668 198 668 199
3569 8204 2800 inf 666 210 666 209 666 208 666 207 666 206 666 205 666 204 666 203 666 202 667 202 668 202 668 201 668 200 668 199
3570 8241 2800 2.60419e+06 674 205 673 205 673 204 673 203 673 202 672 202 671 202 671 201 670 201 669 201 668 201 668 200 668 199
3571 8083 2801 524781 690 176 691 176
3572 8110 2801 524781 692 177 691 177 691 176
3573 8113 2805 1.6156e+07 699 163 699 162 698 162
3574 8125 2805 1.6156e+07 698 160 698 161 698 162
3575 8149 2811 68018.9 680 141 679 141 678 141 677 141
3576 8103 2811 68018.9 677 142 677 141
3577 8091 2817 1.12277e+06 685 182 685 183 686 183
3578 8136 2817 1.12277e+06 687 184 686 184 686 183
3579 8110 2818 524781 691 177 692 177
3580 8137 2818 524781 693 178 692 178 692 177
3581 8123 2819 1.6156e+07 703 165 703 166
3582 8138 2819 1.6156e+07 704 167 703 167 703 166
3583 8123 2820 1.6156e+07 703 166 703 165 702 165
3584 8111 2820 1.6156e+07 701 165 702 165
3585 8112 2821 1.6156e+07 700 163 700 164 701 164
3586 8111 2821 1.6156e+07 702 165 701 165 701 164
3587 8113 2822 1.6156e+07 699 162 699 163 700 163
3588 8112 2822 1.6156e+07 700 164 700 163
3589 8140 2828 1.6156e+07 698 159 698 160
3590 8125 2828 1.6156e+07 698 161 698 160
3591 8141 2829 1.6156e+07 698 159 697 159
3592 8142 2829 1.6156e+07 697 158 697 159
3593 8142 2830 1.6156e+07 697 159 697 158 696 158
3594 8143 2830 1.6156e+07 695 157 696 157 696 158
3595 8143 2831 1.6156e+07 696 157 695 157
3596 8144 2831 1.6156e+07 694 155 694 156 695 156 695 157
3597 8152 2836 3743.75 641 102 640 102
3598 8105 2836 3743.75 637 102 638 102 639 102 640 102
3599 8184 2841 1.12277e+06 688 187 688 186 688 185 688 184 687 184
3600 8136 2841 1.12277e+06 686 184 687 184
3601 8137 2842 524781 692 178 693 178
3602 8205 2842 524781 695 181 695 180 694 180 694 179 693 179 693 178
3603 8138 2843 1.6156e+07 703 167 704 167
3604 8165 2843 1.6156e+07 705 168 704 168 704 167
3605 8158 2844 1.6156e+07 693 154 694 154 694 155
3606 8144 2844 1.6156e+07 694 156 694 155
3607 8158 2845 1.6156e+07 694 154 693 154
3608 8166 2845 1.6156e+07 693 152 693 153 693 154
3609 8160 2847 68018.9 681 141 680 141
3610 8149 2847 68018.9 679 141 680 141
3611 8141 2852 1.6156e+07 697 159 698 159 699 159
3612 8140 2852 1.6156e+07 698 160 698 159 699 159
3613 8178 2858 1.6156e+07 687 145 686 145
3614 8179 2858 1.6156e+07 685 144 686 144 686 145
3615 8194 2859 68018.9 685 142 684 142 683 142
3616 8180 2859 68018.9 683 141 683 142
3617 8180 2860 68018.9 683 142 683 141 682 141
3618 8160 2860 68018.9 680 141 681 141 682 141
3619 8171 2861 1.6156e+07 706 168 705 168 705 169
3620 8165 2861 1.6156e+07 704 168 705 168 705 169
3621 8176 2862 1.6156e+07 691 149 691 150 692 150
3622 8166 2862 1.6156e+07 693 153 693 152 693 151 692 151 692 150
3623 8189 2863 1.6156e+07 690 148 691 148 691 149
3624 8176 2863 1.6156e+07 691 150 691 149
3625 8189 2864 1.6156e+07 691 148 690 148
3626 8190 2864 1.6156e+07 689 147 690 147 690 148
3627 8190 2865 1.6156e+07 690 147 689 147
3628 8191 2865 1.6156e+07 688 146 689 146 689 147
3629 8193 2866 1.6156e+07 685 142 685 143
3630 8179 2866 1.6156e+07 686 144 685 144 685 143
3631 8184 2874 1.12277e+06 688 186 688 187
3632 8251 2874 1.12277e+06 688 192 688 191 688 190 688 189 688 188 688 187
3633 8178 2880 1.6156e+07 686 145 687 145 688 145
3634 8191 2880 1.6156e+07 689 146 688 146 688 145
3635 8224 2882 1.6156e+07 664 119 663 119 662 119
3636 8203 2882 1.6156e+07 661 119 662 119
3637 8227 2883 inf 666 212 666 211 665 211
3638 8204 2883 inf 666 209 666 210 665 210 665 211
3639 8229 2884 138556 697 181 696 181 695 181
3640 8205 2884 524781 695 180 695 181
3641 8228 2884 524781 696 182 695 182 695 181
3642 8219 2888 1.6156e+07 685 140 685 141
3643 8194 2888 68018.9 684 142 685 142 685 141
3644 8193 2888 1.6156e+07 685 143 685 142 685 141
3645 8219 2889 1.6156e+07 685 141 685 140 684 140
3646 8220 2889 1.6156e+07 683 139 684 139 684 140
3647 8229 2890 138556 696 181 697 181 697 180
3648 8242 2890 138556 698 181 697 181 697 180
3649 8239 2898 1.6156e+07 665 119 664 119
3650 8224 2898 1.6156e+07 663 119 664 119
3651 8228 2900 524781 695 182 696 182
3652 8315 2900 524781 698 195 698 194 698 193 697 193 697 192 697 191 696 191 696 190 696 189 696 188 696 187 696 186 696 185 696 184 696 183 696 182
3653 8245 2902 1.6156e+07 708 171 707 171
3654 8171 2902 1.6156e+07 705 168 706 168 707 168 707 169 707 170 707 171
3655 8248 2906 1.6156e+07 683 136 683 137
3656 8220 2906 1.6156e+07 684 139 683 139 683 138 683 137
3657 8256 2907 1.6156e+07 671 123 670 123 669 123 669 122 668 122
3658 8238 2907 1.6156e+07 667 122 668 122
3659 8239 2908 1.6156e+07 664 119 665 119 665 120 666 120
3660 8238 2908 1.6156e+07 668 122 667 122 667 121 666 121 666 120
3661 8242 2910 138556 697 181 698 181
3662 8257 2910 138556 699 182 698 182 698 181
3663 8267 2915 inf 667 215 667 214 666 214
3664 8227 2915 inf 666 211 666 212 666 213 666 214
3665 8255 2918 1.6156e+07 681 133 681 134 682 134
3666 8248 2918 1.6156e+07 683 137 683 136 682 136 682 135 682 134
3667 8257 2920 138556 698 182 699 182
3668 8276 2920 138556 700 183 699 183 699 182
3669 8259 2921 1.6156e+07 680 131 680 132 681 132
3670 8255 2921 1.6156e+07 681 134 681 133 681 132
3671 8260 2922 1.6156e+07 679 130 679 131 680 131
3672 8259 2922 1.6156e+07 680 132 680 131
3673 8261 2923 1.6156e+07 678 130 679 130
3674 8260 2923 1.6156e+07 679 131 679 130
3675 8261 2924 1.6156e+07 679 130 678 130 678 129 678 128 677 128
3676 8272 2924 1.6156e+07 677 127 677 128
3677 8272 2925 1.6156e+07 677 128 677 127 676 127
3678 8273 2925 1.6156e+07 676 126 676 127
3679 8273 2926 1.6156e+07 676 127 676 126 675 126
3680 8274 2926 1.6156e+07 674 125 675 125 675 126
3681 8274 2927 1.6156e+07 675 125 674 125
3682 8262 2927 1.6156e+07 673 124 673 125 674 125
3683 8263 2928 1.6156e+07 672 123 672 124 673 124
3684 8262 2928 1.6156e+07 673 125 673 124
3685 8256 2929 1.6156e+07 670 123 671 123 672 123
3686 8263 2929 1.6156e+07 672 124 672 123
3687 8275 2933 2.60419e+06 676 207 675 207
3688 8241 2933 2.60419e+06 673 205 674 205 674 206 675 206 675 207
3689 8251 2935 1.12277e+06 688 191 688 192 688 193 688 194
3690 8286 2935 1.12277e+06 688 197 688 196 688 195 688 194
3691 8281 2938 138556 701 183 700 183
3692 8276 2938 138556 699 183 700 183
3693 8284 2939 inf 668 217 667 217
3694 8267 2939 inf 667 214 667 215 667 216 667 217
3695 8292 2944 138556 702 184 701 184
3696 8281 2944 138556 700 183 701 183 701 184
3697 8294 2945 1.6156e+07 712 174 711 174
3698 8245 2945 1.6156e+07 707 171 708 171 708 172 709 172 710 172 710 173 711 173 711 174
3699 8296 2946 inf 669 219 668 219
3700 8284 2946 inf 667 217 668 217 668 218 668 219
3701 8301 2947 1.12277e+06 686 202 686 203 686 204 686 205 685 205 685 206 684 206 683 206 683 207 683 208 682 208 681 208 680 208 679 208
3702 8297 2947 1.12277e+06 679 209 679 208
3703 8286 2948 1.12277e+06 688 196 688 197 687 197 687 198 687 199 687 200 686 200 686 201
3704 8301 2948 1.12277e+06 686 203 686 202 686 201
3705 8308 2949 138556 705 186 705 185 704 185 703 185 702 185
3706 8292 2949 138556 701 184 702 184 702 185
3707 8303 2950 1.6156e+07 714 175 713 175
3708 8294 2950 1.6156e+07 711 174 712 174 712 175 713 175
3709 8296 2952 inf 668 219 669 219 669 220
3710 8309 2952 inf 670 222 670 221 669 221 669 220
3711 8313 2959 138556 706 186 705 186
3712 8308 2959 138556 705 185 705 186
3713 8303 2962 1.6156e+07 713 175 714 175 714 176 715 176 716 176
3714 8323 2962 1.6156e+07 717 177 716 177 716 176
3715 8318 2963 inf 671 223 670 223
3716 8309 2963 inf 670 221 670 222 670 223
3717 8319 2964 2.60419e+06 680 214 679 214
3718 8297 2964 1.12277e+06 679 208 679 209 678 209 678 210 678 211 678 212 678 213 679 213 679 214
3719 8275 2964 2.60419e+06 675 207 676 207 676 208 676 209 676 210 677 210 677 211 677 212 678 212 678 213 679 213 679 214
3720 8315 2967 524781 698 194 698 195 698 196
3721 8338 2967 524781 699 198 699 197 698 197 698 196
3722 8323 2968 1.6156e+07 716 177 717 177
3723 8334 2968 1.6156e+07 718 178 717 178 717 177
3724 8328 2970 inf 672 224 671 224
3725 8318 2970 inf 670 223 671 223 671 224
3726 8330 2971 2.60419e+06 681 215 680 215
3727 8319 2971 2.60419e+06 679 214 680 214 680 215
3728 8343 2977 138556 709 189 709 188 708 188
3729 8313 2977 138556 705 186 706 186 706 187 707 187 707 188 708 188
3730 8361 2978 1.6156e+07 722 180 721 180 720 180 720 179 719 179 719 178 718 178
3731 8334 2978 1.6156e+07 717 178 718 178
3732 8349 2980 524781 700 199 700 198 699 198
3733 8338 2980 524781 699 197 699 198
3734 8344 2981 inf 673 226 672 226
3735 8328 2981 inf 671 224 672 224 672 225 672 226
3736 8353 2985 138556 711 189 710 189 709 189
3737 8343 2985 138556 709 188 709 189
3738 8330 2986 2.60419e+06 680 215 681 215 681 216 682 216 683 216
3739 8346 2986 2.60419e+06 682 217 682 216 683 216
3740 8349 2987 524781 700 198 700 199
3741 8359 2987 524781 701 201 701 200 700 200 700 199
3742 8345 2989 2812.5 676 223 675 223 674 223 673 223 673 224 673 225 673 226 673 227
3743 8344 2989 inf 672 226 673 226 673 227
3744 8354 2989 inf 673 228 673 227
3745 8355 2991 2.60419e+06 683 219 682 219
3746 8346 2991 2.60419e+06 682 216 682 217 682 218 682 219
3747 8385 2992 12400 696 212 695 212 694 212 693 212 692 212 691 212 690 212 689 212 688 212 687 212 686 212 686 213 686 214 686 215 685 215 685 216 684 216 684 217
3748 8356 2992 12400 684 218 684 217
3749 8367 2993 138556 712 191 712 190 711 190
3750 8353 2993 138556 710 189 711 189 711 190
3751 8368 2994 inf 675 229 675 228 674 228
3752 8354 2994 inf 673 227 673 228 674 228
3753 8361 2997 1.6156e+07 721 180 722 180
3754 8374 2997 1.6156e+07 724 181 723 181 722 181 722 180
3755 8369 2998 2.60419e+06 684 220 683 220
3756 8363 2998 12400 684 219 683 219 683 220
3757 8355 2998 2.60419e+06 682 219 683 219 683 220
3758 8356 2999 12400 684 217 684 218 684 219
3759 8363 2999 12400 683 219 684 219
3760 8359 3000 524781 701 200 701 201 702 201
3761 8371 3000 524781 703 202 702 202 702 201
3762 8367 3002 138556 712 190 712 191 713 191
3763 8376 3002 138556 714 192 713 192 713 191
3764 8380 3003 inf 676 231 676 230 675 230
3765 8368 3003 inf 675 228 675 229 675 230
3766 8369 3004 2.60419e+06 683 220 684 220 684 221
3767 8345 3004 2812.5 675 223 676 223 677 223 678 223 679 223 680 223 680 222 681 222 682 222 683 222 684 222 684 221
3768 8381 3004 2.60419e+06 685 222 684 222 684 221
3769 8371 3005 524781 702 202 703 202
3770 8382 3005 524781 703 204 703 203 703 202
3771 8378 3008 1.6156e+07 725 181 724 181
3772 8374 3008 1.6156e+07 723 181 724 181
3773 8388 3009 inf 678 232 678 231 677 231 676 231
3774 8380 3009 inf 676 230 676 231
3775 8384 3010 2.60419e+06 686 222 685 222
3776 8381 3010 2.60419e+06 684 222 685 222
3777 8376 3012 138556 713 192 714 192 715 192
3778 8393 3012 138556 716 194 716 193 715 193 715 192
3779 8387 3013 1.6156e+07 726 183 726 182 725 182
3780 8378 3013 1.6156e+07 724 181 725 181 725 182
3781 8391 3014 12400 698 211 698 212 697 212
3782 8385 3014 12400 695 212 696 212 697 212
3783 8382 3015 524781 703 203 703 204 703 205 703 206
3784 8394 3015 524781 704 207 703 207 703 206
3785 8398 3019 1.6156e+07 728 183 727 183
3786 8387 3019 1.6156e+07 726 182 726 183 727 183
3787 8384 3021 2.60419e+06 685 222 686 222 686 223 686 224 687 224
3788 8401 3021 2.60419e+06 688 225 687 225 687 224
3789 8404 3022 138556 718 195 718 194 717 194
3790 8397 3022 10825 718 193 717 193 717 194
3791 8393 3022 138556 716 193 716 194 717 194
3792 8405 3023 10825 720 193 719 193 718 193
3793 8397 3023 10825 717 193 718 193
3794 8408 3024 inf 680 235 680 234 679 234 678 234
3795 8388 3024 inf 678 231 678 232 678 233 678 234
3796 8409 3025 524781 705 210 705 209 705 208 704 208
3797 8394 3025 524781 703 207 704 207 704 208
3798 8407 3026 1.6156e+07 729 185 729 184 728 184
3799 8398 3026 1.6156e+07 727 183 728 183 728 184
3800 8401 3027 2.60419e+06 687 225 688 225
3801 8406 3027 2.60419e+06 688 226 688 225
3802 8412 3029 138556 719 196 719 195 718 195
3803 8404 3029 138556 718 194 718 195
3804 8413 3031 10825 722 193 721 193 720 193
3805 8405 3031 10825 719 193 720 193
3806 8428 3033 inf 683 237 682 237 682 236 681 236 681 235 680 235
3807 8408 3033 inf 680 234 680 235
3808 8423 3034 2837.5 708 210 707 210 706 210 705 210
3809 8409 3034 524781 705 209 705 210
3810 8391 3034 12400 698 212 698 211 699 211 700 211 701 211 702 211 703 211 704 211 705 211 705 210
3811 8422 3034 524781 706 212 706 211 705 211 705 210
3812 8416 3036 1.6156e+07 731 185 730 185
3813 8407 3036 1.6156e+07 729 184 729 185 730 185
3814 8424 3038 10825 723 195 723 194 722 194
3815 8413 3038 10825 721 193 722 193 722 194
3816 8416 3041 1.6156e+07 730 185 731 185 732 185
3817 8425 3041 1.6156e+07 732 186 732 185
3818 8426 3043 2837.5 710 209 709 209 708 209 708 210
3819 8423 3043 2837.5 707 210 708 210
3820 8439 3044 138556 724 197 724 196 723 196 722 196
3821 8424 3044 10825 723 194 723 195 723 196 722 196
3822 8412 3044 138556 719 195 719 196 720 196 721 196 722 196
3823 8463 3045 524781 705 219 706 219 706 218 707 218 707 217 708 217 708 216 708 215 708 214 707 214 707 213 706 213
3824 8422 3045 524781 706 211 706 212 706 213
3825 8428 3047 inf 682 237 683 237
3826 8436 3047 inf 683 238 683 237
3827 8426 3049 2837.5 709 209 710 209 710 210
3828 8450 3049 2837.5 711 212 711 211 710 211 710 210
3829 8440 3053 1.6156e+07 733 188 732 188
3830 8425 3053 1.6156e+07 732 185 732 186 732 187 732 188
3831 8445 3053 138556 728 194 728 193 728 192 728 191 728 190 728 189 728 188 729 188 730 188 731 188 732 188
3832 8452 3055 138556 726 197 725 197 724 197
3833 8439 3055 138556 724 196 724 197
3834 8459 3055 2600 724 200 724 199 724 198 724 197
3835 8436 3057 inf 683 237 683 238 684 238
3836 8448 3057 inf 684 239 684 238
3837 8440 3060 1.6156e+07 732 188 733 188 734 188
3838 8454 3060 1.6156e+07 734 189 734 188
3839 8450 3062 2837.5 711 211 711 212
3840 8464 3062 2837.5 712 213 711 213 711 212
3841 8445 3064 138556 728 193 728 194 728 195 727 195 727 196
3842 8453 3064 138556 726 196 727 196
3843 8453 3066 138556 727 196 726 196 726 197 726 198
3844 8452 3066 138556 725 197 726 197 726 198
3845 8469 3067 inf 687 239 686 239
3846 8448 3067 inf 684 238 684 239 685 239 686 239
3847 8493 3067 3425 684 246 684 245 684 244 684 243 684 242 684 241 684 240 684 239 685 239 686 239
3848 8463 3068 524781 706 219 705 219 705 220
3849 8496 3068 524781 707 223 707 222 707 221 706 221 705 221 705 220
3850 8477 3072 2600 727 200 726 200 725 200
3851 8459 3072 2600 724 199 724 200 725 200
3852 8474 3076 2837.5 714 213 713 213 712 213 712 214
3853 8464 3076 2837.5 711 213 712 213 712 214
3854 8485 3078 1.6156e+07 737 191 737 190 736 190
3855 8454 3078 1.6156e+07 734 188 734 189 735 189 736 189 736 190
3856 8474 3079 2837.5 713 213 714 213
3857 8489 3079 2837.5 715 214 714 214 714 213
3858 8484 3082 2600 728 200 727 200
3859 8477 3082 2600 726 200 727 200
3860 8494 3084 inf 689 241 689 240 688 240
3861 8469 3084 inf 686 239 687 239 687 240 688 240
3862 8489 3087 2837.5 714 214 715 214
3863 8504 3087 2837.5 716 215 715 215 715 214
3864 8505 3089 2600 729 202 729 201 728 201
3865 8484 3089 2600 727 200 728 200 728 201
3866 8506 3090 1.6156e+07 739 192 739 191 738 191
3867 8485 3090 1.6156e+07 737 190 737 191 738 191
3868 8570 3092 3425 690 254 690 253 690 252 690 251 689 251 688 251 687 251 687 250 686 250 686 249 685 249 684 249 683 249 683 248 682 248
3869 8492 3092 3425 683 246 683 247 683 248 682 248
3870 8493 3093 3425 684 245 684 246
3871 8492 3093 3425 683 247 683 246 684 246
3872 8515 3096 inf 691 242 691 241 690 241
3873 8494 3096 inf 689 240 689 241 690 241
3874 8496 3098 524781 707 222 707 223 708 223
3875 8511 3098 524781 707 225 707 224 707 223 708 223
3876 8504 3100 2837.5 715 215 716 215
3877 8524 3100 2837.5 717 217 717 216 716 216 716 215
3878 8519 3102 2600 731 202 730 202 729 202
3879 8505 3102 2600 729 201 729 202
3880 8527 3105 1.6156e+07 741 193 741 192 740 192
3881 8506 3105 1.6156e+07 739 191 739 192 740 192
3882 8580 3109 524781 717 228 717 227 716 227 715 227 714 227 713 227 712 227 711 227 710 227 710 226 709 226 709 225 708 225
3883 8511 3109 524781 707 224 707 225 708 225
3884 8529 3111 2600 732 203 732 202 731 202
3885 8519 3111 2600 730 202 731 202
3886 8531 3114 inf 693 243 693 242 692 242
3887 8515 3114 inf 691 241 691 242 692 242
3888 8524 3115 2837.5 717 216 717 217
3889 8532 3115 2837.5 718 218 717 218 717 217
3890 8529 3118 2600 732 202 732 203
3891 8536 3118 2600 733 204 732 204 732 203
3892 8406 3120 2.60419e+06 688 225 688 226 688 227 689 227 689 228 690 228 690 229 691 229 691 230 692 230 692 231 693 231 693 232 694 232 694 233 695 233 695 234 696 234 696 235 697 235 697 236 698 236 698 237 699 237 700 237
3893 8537 3120 2.60419e+06 700 238 700 237
3894 8532 3121 2837.5 717 218 718 218 718 219
3895 8604 3121 2837.5 727 222 726 222 725 222 724 222 724 221 723 221 722 221 721 221 721 220 720 220 719 220 718 220 718 219
3896 8545 3122 inf 696 244 696 243 695 243
3897 8531 3122 inf 693 242 693 243 694 243 695 243
3898 8536 3123 2600 732 204 733 204 734 204
3899 8550 3123 2600 734 206 733 206 733 205 733 204 734 204
3900 8551 3124 1.6156e+07 746 194 745 194 744 194
3901 8527 3124 1.6156e+07 741 192 741 193 742 193 743 193 744 193 744 194
3902 8553 3125 2.60419e+06 703 238 702 238 701 238
3903 8537 3125 2.60419e+06 700 237 700 238 701 238
3904 8601 3129 2600 740 208 740 207 739 207 738 207 738 206 737 206 736 206 735 206 734 206
3905 8550 3129 2600 733 206 734 206
3906 8564 3130 inf 699 244 698 244 697 244
3907 8545 3130 inf 696 243 696 244 697 244
3908 8551 3131 1.6156e+07 745 194 746 194 746 195
3909 8560 3131 1.6156e+07 746 196 746 195
3910 8571 3134 2.60419e+06 704 240 704 239 703 239
3911 8553 3134 2.60419e+06 702 238 703 238 703 239
3912 8560 3137 1.6156e+07 746 195 746 196 747 196
3913 8581 3137 1.6156e+07 748 197 747 197 747 196
3914 8570 3138 3425 690 253 690 254 690 255 689 255
3915 8582 3138 3425 689 257 689 256 689 255
3916 8579 3139 inf 700 245 699 245
3917 8564 3139 inf 698 244 699 244 699 245
3918 8593 3144 20381.3 758 189 758 188 758 187 757 187
3919 8602 3144 20381.3 761 187 760 187 759 187 758 187 757 187
3920 8597 3146 inf 707 241 706 241 706 240 705 240
3921 8571 3146 2.60419e+06 704 239 704 240 705 240
3922 8616 3146 inf 705 246 705 245 705 244 705 243 705 242 705 241 705 240
3923 8594 3148 3425 690 258 690 257 689 257
3924 8582 3148 3425 689 256 689 257
3925 8596 3149 inf 703 245 702 245 701 245
3926 8579 3149 inf 699 245 700 245 701 245
3927 8591 3152 1.6156e+07 750 197 749 197
3928 8581 3152 1.6156e+07 747 197 748 197 749 197
3929 8612 3158 2600 741 209 741 208 740 208
3930 8601 3158 2600 740 207 740 208
3931 8613 3159 1.6156e+07 751 199 751 198 750 198
3932 8622 3159 20381.3 757 193 757 194 757 195 757 196 757 197 757 198 756 198 755 198 754 198 753 198 752 198 751 198 750 198
3933 8591 3159 1.6156e+07 749 197 750 197 750 198
3934 8614 3160 20381.3 764 186 763 186 762 186 761 186 761 187
3935 8602 3160 20381.3 760 187 761 187
3936 8594 3161 3425 690 257 690 258 691 258 692 258 692 257
3937 8615 3161 3425 693 258 692 258 692 257
3938 8597 3162 inf 706 241 707 241 708 241
3939 8617 3162 inf 709 242 708 242 708 241
3940 8616 3164 inf 705 245 705 246 704 246
3941 8596 3164 inf 702 245 703 245 703 246 704 246
3942 8620 3166 2600 742 209 741 209
3943 8612 3166 2600 741 208 741 209
3944 8628 3167 1.02459e+07 752 200 752 199 751 199
3945 8613 3167 1.6156e+07 751 198 751 199
3946 8621 3167 1.6156e+07 747 203 748 203 749 203 750 203 751 203 751 202 751 201 751 200 751 199
3947 8623 3168 20381.3 765 186 764 186
3948 8614 3168 20381.3 763 186 764 186
3949 8580 3170 524781 717 227 717 228 718 228 719 228 720 228 721 228 721 229 722 229
3950 8640 3170 524781 724 231 724 230 723 230 722 230 722 229
3951 8628 3173 1.02459e+07 752 199 752 200
3952 8653 3173 1.02459e+07 755 202 755 201 754 201 753 201 752 201 752 200
3953 8593 3174 20381.3 758 188 758 189 758 190 758 191 758 192 758 193 759 193
3954 8622 3174 20381.3 757 194 757 193 758 193 759 193
3955 8639 3175 inf 712 243 711 243 710 243
3956 8617 3175 inf 708 242 709 242 709 243 710 243
3957 8636 3177 1.6156e+07 747 207 746 207
3958 8621 3177 1.6156e+07 748 203 747 203 746 203 746 204 746 205 746 206 746 207
3959 8637 3178 20381.3 767 187 766 187
3960 8623 3178 20381.3 764 186 765 186 765 187 766 187
3961 8638 3179 3425 696 259 695 259
3962 8615 3179 3425 692 258 693 258 693 259 694 259 695 259
3963 8656 3183 524781 726 232 726 231 725 231 724 231
3964 8640 3183 524781 724 230 724 231
3965 8636 3185 1.6156e+07 746 207 747 207 747 208
3966 8620 3185 2600 741 209 742 209 742 210 743 210 744 210 745 210 746 210 747 210 747 209 747 208
3967 8660 3185 1.6156e+07 747 211 747 210 747 209 747 208
3968 8691 3186 20381.3 775 189 774 189 774 188 773 188 772 188 771 188 771 187 770 187 769 187 768 187
3969 8637 3186 20381.3 766 187 767 187 768 187
3970 8639 3188 inf 711 243 712 243 712 244
3971 8664 3188 inf 713 246 712 246 712 245 712 244
3972 8604 3189 2837.5 726 222 727 222 727 223 728 223 729 223 730 223 731 223 731 222 732 222 732 221 733 221 733 220 734 220 735 220 736 220
3973 8650 3189 2837.5 735 222 735 221 736 221 736 220
3974 8650 3192 2837.5 735 221 735 222
3975 8657 3192 2837.5 735 223 735 222
3976 8653 3194 1.02459e+07 755 201 755 202
3977 8665 3194 1.02459e+07 756 203 755 203 755 202
3978 8663 3195 3425 699 260 698 260
3979 8638 3195 3425 695 259 696 259 696 260 697 260 698 260
3980 8673 3198 inf 715 247 714 247 714 246 713 246
3981 8664 3198 inf 712 246 713 246
3982 8682 3199 524781 730 233 729 233 729 232 728 232 727 232
3983 8656 3199 524781 726 231 726 232 727 232
3984 8667 3200 2837.5 737 223 736 223
3985 8657 3200 2837.5 735 222 735 223 736 223
3986 8660 3201 1.6156e+07 747 210 747 211 748 211
3987 8669 3201 1.6156e+07 748 212 748 211
3988 8665 3202 1.02459e+07 755 203 756 203
3989 8726 3202 133256 760 211 760 210 759 210 759 209 759 208 759 207 758 207 758 206 758 205 757 205 757 204 756 204 756 203
3990 8749 3202 1.02459e+07 768 207 767 207 766 207 765 207 764 207 764 208 763 208 762 208 761 208 760 208 759 208 759 207 758 207 758 206 758 205 757 205 757 204 756 204 756 203
3991 8686 3204 3425 704 260 703 260 702 260 701 260
3992 8663 3204 3425 698 260 699 260 700 260 701 260
3993 8669 3206 1.6156e+07 748 211 748 212 748 213
3994 8675 3206 1.6156e+07 748 214 748 213
3995 8667 3212 2837.5 736 223 737 223 737 224 738 224
3996 8684 3212 2837.5 738 225 738 224
3997 8695 3216 1.6156e+07 749 216 749 215 748 215
3998 8675 3216 1.6156e+07 748 213 748 214 748 215
3999 8694 3219 524781 732 233 731 233
4000 8682 3219 524781 729 233 730 233 731 233
4001 8698 3220 524781 735 231 734 231 733 231 733 232 732 232
4002 8694 3220 524781 731 233 732 233 732 232
4003 8691 3223 20381.3 774 189 775 189 776 189
4004 8721 3223 20381.3 780 190 779 190 778 190 777 190 776 190 776 189
4005 8702 3224 21000 720 246 720 247 719 247
4006 8673 3224 inf 714 247 715 247 716 247 717 247 718 247 719 247
4007 8707 3224 inf 720 248 719 248 719 247
4008 8684 3225 2837.5 738 224 738 225 739 225 739 226 740 226
4009 8700 3225 2837.5 739 227 739 226 740 226
4010 8695 3226 1.6156e+07 749 215 749 216 750 216
4011 8704 3226 1.6156e+07 750 217 750 216
4012 8700 3227 2837.5 739 226 739 227 739 228
4013 8708 3227 524781 738 230 738 229 739 229 739 228
4014 8712 3227 524781 740 229 739 229 739 228
4015 8704 3229 1.6156e+07 750 216 750 217 751 217
4016 8714 3229 1.6156e+07 751 218 751 217
4017 8708 3231 524781 738 229 738 230 738 231
4018 8698 3231 524781 734 231 735 231 736 231 737 231 738 231
4019 8734 3232 524781 742 230 741 230 741 229 740 229
4020 8712 3232 524781 739 229 740 229
4021 8707 3234 inf 719 248 720 248 721 248 722 248
4022 8733 3234 inf 723 249 722 249 722 248
4023 8745 3237 192188 773 201 773 200 773 199 773 198 772 198
4024 8729 3237 192188 773 197 773 198 772 198
4025 8737 3239 21000 726 247 725 247 724 247
4026 8702 3239 21000 720 247 720 246 721 246 722 246 723 246 723 247 724 247
4027 8726 3240 133256 760 210 760 211
4028 8744 3240 133256 761 213 760 213 760 212 760 211
4029 8721 3241 20381.3 779 190 780 190 781 190
4030 8740 3241 20381.3 782 191 781 191 781 190
4031 8734 3242 524781 741 230 742 230
4032 8742 3242 524781 743 231 742 231 742 230
4033 8754 3245 20381.3 784 191 783 191 782 191
4034 8740 3245 20381.3 781 191 782 191
4035 8748 3247 inf 726 249 725 249
4036 8733 3247 inf 722 249 723 249 724 249 725 249
4037 8744 3248 133256 760 213 761 213
4038 8765 3248 133256 762 215 762 214 761 214 761 213
4039 8753 3250 192188 780 194 780 195 779 195
4040 8729 3250 192188 773 198 773 197 773 196 774 196 775 196 776 196 776 195 777 195 778 195 779 195
4041 8763 3254 524781 745 232 745 231 744 231
4042 8742 3254 524781 742 231 743 231 744 231
4043 8714 3255 1.6156e+07 751 217 751 218 752 218 752 219 752 220 753 220 753 221 753 222
4044 8764 3255 1.6156e+07 753 224 753 223 753 222
4045 8750 3256 1.02459e+07 769 206 768 206 768 207
4046 8749 3256 1.02459e+07 767 207 768 207
4047 8752 3257 192188 772 202 772 203 772 204
4048 8760 3257 192188 771 205 771 204 772 204
4049 8769 3258 3425 718 260 717 260
4050 8686 3258 3425 703 260 704 260 705 260 706 260 707 260 708 260 709 260 710 260 711 260 712 260 713 260 714 260 715 260 716 260 717 260
4051 8765 3260 133256 762 214 762 215
4052 8775 3260 133256 763 216 762 216 762 215
4053 8745 3262 192188 773 200 773 201 773 202 774 202 775 202
4054 8752 3262 192188 772 203 772 202 773 202 774 202 775 202
4055 8778 3265 524781 748 232 747 232 746 232
4056 8763 3265 524781 745 231 745 232 746 232
4057 8764 3266 1.6156e+07 753 223 753 224 754 224
4058 8779 3266 1.6156e+07 754 226 754 225 754 224
4059 8769 3268 3425 717 260 718 260 719 260
4060 8783 3268 3425 720 261 719 261 719 260
4061 8775 3270 133256 762 216 763 216
4062 8823 3270 133256 769 221 769 220 768 220 767 220 766 220 766 219 765 219 765 218 764 218 764 217 763 217 763 216
4063 8806 3273 192188 790 195 790 194 789 194 788 194 787 194 786 194
4064 8754 3273 20381.3 783 191 784 191 784 192 784 193 784 194 785 194 786 194
4065 8753 3273 192188 780 195 780 194 781 194 782 194 783 194 784 194 785 194 786 194
4066 8778 3274 524781 747 232 748 232 748 233
4067 8790 3274 524781 748 234 748 233
4068 8787 3276 3425 721 261 720 261 720 262
4069 8783 3276 3425 719 261 720 261 720 262
4070 8779 3278 1.6156e+07 754 225 754 226 754 227 755 227
4071 8796 3278 1.6156e+07 755 228 755 227
4072 8797 3279 1.02459e+07 776 206 776 207 775 207
4073 8760 3279 192188 771 204 771 205 771 206 772 206 773 206 774 206 774 207 775 207
4074 8750 3279 1.02459e+07 768 206 769 206 770 206 771 206 772 206 773 206 774 206 774 207 775 207
4075 8790 3281 524781 748 233 748 234 749 234
4076 8800 3281 524781 749 235 749 234
4077 8787 3282 3425 720 261 721 261 722 261 723 261
4078 8803 3282 3425 723 262 723 261
4079 8796 3283 1.6156e+07 755 227 755 228 756 228
4080 8809 3283 1.6156e+07 757 229 756 229 756 228
4081 8805 3284 1.02459e+07 779 206 778 206
4082 8797 3284 1.02459e+07 776 207 776 206 777 206 778 206
4083 8815 3286 inf 737 251 736 251 736 250 735 250
4084 8737 3286 21000 725 247 726 247 726 248 727 248 728 248 729 248 730 248 730 249 731 249 732 249 733 249 733 250 734 250 735 250
4085 8748 3286 inf 725 249 726 249 726 248 727 248 728 248 729 248 730 248 730 249 731 249 732 249 733 249 733 250 734 250 735 250
4086 8819 3289 3425 727 263 727 262 726 262
4087 8803 3289 3425 723 261 723 262 724 262 725 262 726 262
4088 8825 3290 inf 739 252 739 251 738 251 737 251
4089 8815 3290 inf 736 251 737 251
4090 8809 3291 1.6156e+07 756 229 757 229 757 230 757 231
4091 8822 3291 1.6156e+07 758 232 757 232 757 231
4092 8822 3296 1.6156e+07 757 232 758 232
4093 8800 3296 524781 749 234 749 235 750 235 750 236 751 236 752 236 752 235 752 234 753 234 753 233 754 233 755 233 756 233 757 233 758 233 758 232
4094 8817 3296 5293.75 751 238 751 237 751 236 752 236 752 235 752 234 753 234 753 233 754 233 755 233 756 233 757 233 758 233 758 232
4095 8841 3296 1.6156e+07 759 235 759 234 758 234 758 233 758 232
4096 8829 3298 192188 795 196 794 196
4097 8806 3298 192188 790 194 790 195 791 195 792 195 792 196 793 196 794 196
4098 8817 3300 5293.75 751 237 751 238 751 239 751 240
4099 8831 3300 5293.75 751 241 751 240
4100 8823 3301 133256 769 220 769 221 770 221
4101 8836 3301 133256 771 222 770 222 770 221
4102 8840 3304 inf 741 253 741 252 740 252
4103 8825 3304 inf 739 251 739 252 740 252
4104 8887 3306 1.02459e+07 798 206 797 206 796 206 796 205 795 205 794 205 793 205 792 205 791 205 790 205 789 205 788 205 787 205
4105 8805 3306 1.02459e+07 778 206 779 206 780 206 780 205 781 205 782 205 783 205 784 205 785 205 786 205 787 205
4106 8849 3307 133256 773 223 772 223 772 222 771 222
4107 8836 3307 133256 770 222 771 222
4108 8846 3310 3425 733 263 732 263 731 263
4109 8819 3310 3425 727 262 727 263 728 263 729 263 730 263 731 263
4110 8841 3311 1.6156e+07 759 234 759 235
4111 8848 3311 1.6156e+07 760 236 759 236 759 235
4112 8855 3313 inf 745 253 744 253 743 253 742 253
4113 8840 3313 inf 741 252 741 253 742 253
4114 8865 3313 3425 741 259 741 258 741 257 741 256 741 255 741 254 741 253 742 253
4115 8854 3317 3425 735 263 734 263 733 263
4116 8846 3317 3425 732 263 733 263
4117 8848 3318 1.6156e+07 759 236 760 236
4118 8861 3318 1.6156e+07 762 237 761 237 760 237 760 236
4119 8856 3319 133256 774 224 774 223 773 223
4120 8849 3319 133256 772 223 773 223
4121 8860 3323 3425 736 263 735 263
4122 8854 3323 3425 734 263 735 263
4123 8873 3324 95756.3 777 224 776 224 775 224 774 224
4124 8856 3324 133256 774 223 774 224
4125 8866 3324 133256 774 226 774 225 774 224
4126 8864 3328 3425 737 263 736 263 736 264
4127 8860 3328 3425 735 263 736 263 736 264
4128 8865 3329 3425 741 258 741 259
4129 8874 3329 3425 741 261 741 260 741 259
4130 8928 3330 5400 760 255 760 256 759 256 758 256 757 256 756 256 755 256 754 256 753 256 752 256 752 255 751 255 750 255 749 255 748 255 747 255 747 254 746 254
4131 8894 3330 inf 753 253 752 253 751 253 751 254 751 255 750 255 749 255 748 255 747 255 747 254 746 254
4132 8831 3330 5293.75 751 240 751 241 751 242 751 243 751 244 751 245 751 246 751 247 751 248 751 249 751 250 751 251 751 252 751 253 751 254 751 255 750 255 749 255 748 255 747 255 747 254 746 254
4133 8855 3330 inf 744 253 745 253 745 254 746 254
4134 8861 3331 1.6156e+07 761 237 762 237 762 238
4135 8872 3331 1.6156e+07 762 239 762 238
4136 8866 3332 133256 774 225 774 226
4137 8892 3332 133256 774 231 774 230 774 229 774 228 774 227 774 226
4138 8873 3336 95756.3 776 224 777 224
4139 8881 3336 95756.3 778 225 777 225 777 224
4140 8874 3340 3425 741 260 741 261 741 262 740 262 740 263
4141 8864 3340 3425 736 263 737 263 738 263 739 263 740 263
4142 8881 3341 95756.3 777 225 778 225
4143 8900 3341 95756.3 781 228 780 228 779 228 779 227 779 226 778 226 778 225
4144 8893 3343 1.02459e+07 801 203 801 204 800 204 799 204
4145 8888 3343 1.02459e+07 799 205 799 204
4146 8892 3346 133256 774 230 774 231 774 232 773 232
4147 8879 3346 133256 769 234 769 233 770 233 771 233 771 232 772 232 773 232
4148 8897 3347 inf 754 252 754 253 753 253
4149 8894 3347 inf 752 253 753 253
4150 8909 3349 343113 803 208 802 208 802 207 802 206 801 206 800 206
4151 8888 3349 1.02459e+07 799 204 799 205 799 206 800 206
4152 8887 3349 1.02459e+07 797 206 798 206 799 206 800 206
4153 8904 3350 1.02459e+07 807 202 807 203 806 203 805 203 804 203 803 203
4154 8893 3350 1.02459e+07 801 204 801 203 802 203 803 203
4155 8829 3351 192188 794 196 795 196 796 196 797 196 798 196 798 197 799 197 800 197 801 197 801 198 802 198 803 198 804 198 805 198 806 198 807 198 808 198 809 198 810 198
4156 8904 3351 1.02459e+07 807 203 807 202 807 201 807 200 807 199 808 199 808 198 809 198 810 198
4157 8905 3351 1.02459e+07 811 199 810 199 810 198
4158 8900 3354 95756.3 780 228 781 228 782 228
4159 8914 3354 95756.3 783 229 782 229 782 228
4160 8938 3356 1.02459e+07 819 200 818 200 817 200 817 199 816 199 815 199 814 199 813 199 812 199 811 199
4161 8905 3356 1.02459e+07 810 199 811 199
4162 8912 3357 inf 760 252 759 252
4163 8897 3357 inf 754 253 754 252 755 252 756 252 757 252 758 252 759 252
4164 8924 3359 95756.3 785 230 784 230 784 229 783 229
4165 8914 3359 95756.3 782 229 783 229
4166 8958 3363 343113 808 216 808 215 807 215 807 214 807 213 807 212 806 212 806 211 806 210 805 210 805 209 805 208 804 208
4167 8909 3363 343113 802 208 803 208 804 208
4168 8929 3364 133256 773 243 773 242 772 242 771 242
4169 8879 3364 133256 769 233 769 234 769 235 769 236 769 237 769 238 769 239 769 240 769 241 769 242 770 242 771 242
4170 8936 3366 inf 766 252 766 251 765 251 764 251 763 251
4171 8912 3366 inf 759 252 760 252 760 251 761 251 762 251 763 251
4172 8935 3366 5400 763 255 763 254 763 253 763 252 763 251
4173 8924 3372 95756.3 784 230 785 230
4174 8932 3372 95756.3 785 232 785 231 785 230
4175 8930 3373 5400 762 255 761 255
4176 8928 3373 5400 760 256 760 255 761 255
4177 8943 3377 95756.3 787 233 787 232 786 232 785 232
4178 8932 3377 95756.3 785 231 785 232
4179 8935 3378 5400 763 254 763 255 762 255 762 256
4180 8930 3378 5400 761 255 762 255 762 256
4181 8941 3382 inf 768 251 768 252
4182 8936 3382 inf 766 251 766 252 767 252 768 252
4183 8949 3385 95756.3 789 233 788 233
4184 8943 3385 95756.3 787 232 787 233 788 233
4185 8938 3388 1.02459e+07 818 200 819 200 820 200 821 200 822 200
4186 8960 3388 1.02459e+07 823 201 822 201 822 200
4187 8951 3389 inf 773 249 773 250 772 250 772 251
4188 8872 3389 1.6156e+07 762 238 762 239 763 239 764 239 764 240 764 241 765 241 765 242 765 243 765 244 765 245 766 245 766 246 766 247 766 248 766 249 766 250 767 250 767 251 768 251 769 251 770 251 771 251 772 251
4189 8941 3389 inf 768 252 768 251 769 251 770 251 771 251 772 251
4190 8949 3391 95756.3 788 233 789 233 789 234
4191 8961 3391 95756.3 789 236 789 235 789 234
4192 8958 3394 343113 808 215 808 216
4193 8972 3394 343113 809 218 808 218 808 217 808 216
4194 9020 3396 5625 788 251 787 251 786 251 785 251 784 251 783 251 782 251 781 251 780 251 780 250 780 249 779 249 778 249 777 249 776 249
4195 8969 3396 inf 779 248 778 248 778 249 777 249 776 249
4196 8929 3396 133256 773 242 773 243 773 244 773 245 773 246 773 247 773 248 773 249 774 249 775 249 776 249
4197 8951 3396 inf 773 250 773 249 774 249 775 249 776 249
4198 8961 3398 95756.3 789 235 789 236 790 236
4199 8998 3398 95756.3 794 240 794 239 794 238 793 238 793 237 792 237 791 237 790 237 790 236
4200 9011 3398 7450 802 235 801 235 800 235 800 236 800 237 799 237 799 238 798 238 797 238 796 238 795 238 794 238 793 238 793 237 792 237 791 237 790 237 790 236
4201 9006 3399 inf 789 247 788 247 787 247 786 247 785 247 784 247 783 247 783 248 782 248 781 248 780 248 779 248
4202 8969 3399 inf 778 248 779 248
4203 8972 3401 343113 808 218 809 218
4204 8984 3401 343113 810 220 810 219 809 219 809 218
4205 8960 3406 1.02459e+07 822 201 823 201 824 201 825 201 826 201 827 201
4206 8987 3406 1.02459e+07 829 202 828 202 828 201 827 201
4207 8984 3410 343113 810 219 810 220
4208 9004 3410 343113 811 224 811 223 811 222 811 221 810 221 810 220
4209 8987 3413 1.02459e+07 828 202 829 202 830 202
4210 9001 3413 1.02459e+07 831 203 830 203 830 202
4211 9004 3419 343113 811 223 811 224
4212 9013 3419 343113 811 226 811 225 811 224
4213 9017 3420 1.02459e+07 834 204 833 204 833 203 832 203
4214 9001 3420 1.02459e+07 830 203 831 203 832 203
4215 9006 3424 inf 788 247 789 247 790 247
4216 9014 3424 inf 790 248 790 247
4217 9015 3425 7450 803 235 802 235
4218 9011 3425 7450 801 235 802 235
4219 9043 3429 1.02459e+07 838 206 838 205 837 205 836 205 835 205 835 204 834 204
4220 9017 3429 1.02459e+07 833 204 834 204
4221 9027 3430 inf 792 248 791 248
4222 9014 3430 inf 790 247 790 248 791 248
4223 9022 3431 7450 805 234 804 234 804 235
4224 9015 3431 7450 802 235 803 235 804 235
4225 9029 3433 7450 807 232 807 233
4226 9022 3433 7450 804 234 805 234 806 234 806 233 807 233
4227 9030 3434 7450 808 231 808 232
4228 9029 3434 7450 807 233 807 232 808 232
4229 9013 3435 343113 811 225 811 226 811 227 810 227 809 227 809 228 809 229 809 230 809 231
4230 9030 3435 7450 808 232 808 231 809 231
4231 9036 3435 343113 809 233 809 232 809 231
4232 9054 3440 inf 798 250 797 250 796 250 795 250 794 250 793 250 792 250 792 251
4233 8998 3440 95756.3 794 239 794 240 794 241 794 242 794 243 794 244 794 245 794 246 794 247 793 247 793 248 792 248 792 249 792 250 792 251
4234 9027 3440 inf 791 248 792 248 792 249 792 250 792 251
4235 9020 3440 5625 787 251 788 251 789 251 790 251 791 251 792 251
4236 9043 3445 1.02459e+07 838 205 838 206 838 207
4237 9051 3445 1.02459e+07 838 208 838 207
4238 9061 3447 2512.5 808 243 807 243 807 244 807 245 806 245 805 245 804 245 803 245 803 246 802 246 801 246
4239 9052 3447 2512.5 800 247 800 246 801 246
4240 9051 3448 1.02459e+07 838 207 838 208 839 208
4241 9071 3448 1.02459e+07 842 211 842 210 841 210 840 210 840 209 839 209 839 208
4242 9060 3451 inf 802 249 801 249 800 249 800 250
4243 9052 3451 2512.5 800 246 800 247 800 248 800 249 800 250
4244 9054 3451 inf 797 250 798 250 799 250 800 250
4245 9068 3452 inf 804 249 803 249 802 249
4246 9060 3452 inf 801 249 802 249
4247 9066 3453 2512.5 809 243 808 243
4248 9061 3453 2512.5 807 243 808 243
4249 9077 3457 inf 806 249 805 249 804 249
4250 9068 3457 inf 803 249 804 249
4251 9070 3458 inf 811 241 811 242
4252 9074 3458 inf 810 244 810 243 810 242 811 242
4253 9075 3459 inf 814 240 813 240 813 241 812 241
4254 9070 3459 inf 811 242 811 241 812 241
4255 9088 3461 inf 811 245 811 244 810 244
4256 9074 3461 inf 810 243 810 244
4257 9066 3461 2512.5 808 243 809 243 809 244 810 244
4258 9090 3464 inf 816 240 815 240
4259 9036 3464 343113 809 232 809 233 810 233 810 234 811 234 812 234 813 234 814 234 814 235 815 235 815 236 815 237 815 238 815 239 815 240
4260 9075 3464 inf 813 240 814 240 815 240
4261 9092 3465 inf 808 249 807 249
4262 9077 3465 inf 805 249 806 249 807 249
4263 9095 3474 inf 818 239 817 239 817 240
4264 9090 3474 inf 815 240 816 240 817 240
4265 9098 3475 inf 811 247 810 247 810 248 809 248 809 249 809 250 808 250
4266 9092 3475 inf 807 249 808 249 808 250
4267 9099 3476 69193.6 812 246 811 246 811 247
4268 9088 3476 inf 811 244 811 245 811 246 811 247
4269 9098 3476 inf 810 247 811 247
4270 9112 3477 69193.6 814 247 813 247 813 246 812 246
4271 9099 3477 69193.6 811 246 812 246
4272 9103 3478 inf 820 238 820 239 819 239
4273 9095 3478 inf 817 239 818 239 819 239
4274 9114 3481 inf 823 237 823 238 822 238 821 238
4275 9103 3481 inf 820 239 820 238 821 238
4276 9125 3486 inf 826 237 825 237 824 237
4277 9114 3486 inf 823 238 823 237 824 237
4278 9124 3489 69193.6 816 247 815 247 814 247 814 248
4279 9112 3489 69193.6 813 247 814 247 814 248
4280 9127 3496 69193.6 817 246 817 247 817 248 816 248
4281 9124 3496 69193.6 815 247 816 247 816 248
4282 9128 3497 69193.6 818 245 818 246
4283 9127 3497 69193.6 817 247 817 246 818 246
4284 9142 3498 69193.6 820 246 820 245 819 245
4285 9128 3498 69193.6 818 246 818 245 819 245
4286 9147 3505 inf 859 208 858 208
4287 9169 3505 inf 858 211 858 210 858 209 858 208
4288 9148 3506 inf 862 205 861 205
4289 9147 3506 inf 858 208 859 208 859 207 860 207 860 206 860 205 861 205
4290 9152 3508 69193.6 822 246 821 246
4291 9142 3508 69193.6 820 245 820 246 821 246
4292 9149 3509 inf 863 203 863 204
4293 9148 3509 inf 861 205 862 205 862 204 863 204
4294 9157 3510 inf 866 202 865 202 865 203 864 203
4295 9149 3510 inf 863 204 863 203 864 203
4296 9158 3511 inf 867 201 866 201
4297 9157 3511 inf 865 202 866 202 866 201
4298 9163 3514 69193.6 824 245 823 245
4299 9152 3514 69193.6 821 246 822 246 822 245 823 245
4300 9164 3515 69193.6 825 243 825 244 824 244
4301 9135 3515 5525 825 240 824 240 824 241 824 242 824 243 824 244
4302 9163 3515 69193.6 823 245 824 245 824 244
4303 9165 3516 69193.6 826 242 826 243 825 243
4304 9164 3516 69193.6 825 244 825 243
4305 9154 3517 inf 831 236 831 237
4306 9125 3517 inf 825 237 826 237 827 237 828 237 829 237 830 237 831 237
4307 9135 3517 5525 824 240 825 240 825 239 826 239 827 239 827 238 828 238 829 238 829 237 830 237 831 237
4308 9171 3521 69193.6 829 241 828 241 828 242 827 242
4309 9165 3521 69193.6 826 243 826 242 827 242
4310 9174 3522 inf 834 235 834 236 833 236
4311 9154 3522 inf 831 237 831 236 832 236 833 236
4312 9187 3522 69193.6 833 239 833 238 833 237 833 236
4313 9192 3523 inf 837 236 836 236 835 236 835 235 834 235
4314 9174 3523 inf 834 236 834 235
4315 9167 3524 inf 849 220 848 220 848 221
4316 9156 3524 inf 844 224 844 223 845 223 845 222 846 222 847 222 847 221 848 221
4317 9168 3525 inf 849 219 849 220
4318 9167 3525 inf 848 220 849 220
4319 9184 3526 inf 868 199 868 200 867 200
4320 9158 3526 inf 866 201 867 201 867 200
4321 9178 3529 69193.6 831 240 830 240 830 241 829 241
4322 9171 3529 69193.6 828 241 829 241
4323 9180 3530 inf 855 216 854 216
4324 9071 3530 1.02459e+07 842 210 842 211 842 212 842 213 842 214 842 215 843 215 844 215 845 215 846 215 847 215 848 215 849 215 850 215 851 215 851 216 852 216 853 216 854 216
4325 9168 3530 inf 849 220 849 219 849 218 850 218 850 217 851 217 852 217 853 217 853 216 854 216
4326 9186 3533 69193.6 832 240 831 240
4327 9178 3533 69193.6 830 240 831 240
4328 9210 3534 4131.25 857 219 857 218 857 217 857 216 857 215 856 215
4329 9215 3534 21531.3 864 213 863 213 862 213 861 213 860 213 859 213 858 213 857 213 857 214 856 214 856 215
4330 9169 3534 inf 858 210 858 211 858 212 858 213 857 213 857 214 856 214 856 215
4331 9180 3534 inf 854 216 855 216 855 215 856 215
4332 9187 3538 69193.6 833 238 833 239
4333 9186 3538 69193.6 831 240 832 240 832 239 833 239
4334 9200 3542 inf 871 199 870 199
4335 9184 3542 inf 868 200 868 199 869 199 870 199
4336 9202 3543 inf 841 233 841 234 840 234
4337 9192 3543 inf 836 236 837 236 838 236 839 236 839 235 840 235 840 234
4338 9223 3544 825094 848 230 848 231 847 231 846 231 845 231 845 232 844 232 843 232 843 233 842 233 841 233
4339 9156 3544 inf 844 223 844 224 844 225 844 226 844 227 845 227 845 228 845 229 845 230 845 231 845 232 844 232 843 232 843 233 842 233 841 233
4340 9202 3544 inf 841 234 841 233
4341 9226 3550 inf 874 197 873 197 873 198 872 198 871 198
4342 9200 3550 inf 870 199 871 199 871 198
4343 9213 3553 825094 853 223 853 224 852 224 851 224 851 225 850 225 850 226
4344 9219 3553 825094 850 228 850 227 850 226
4345 9214 3554 825094 855 222 854 222 854 223 853 223
4346 9213 3554 825094 853 224 853 223
4347 9252 3558 825094 862 222 862 221 861 221 860 221 859 221 858 221 857 221 856 221 855 221 855 222
4348 9210 3558 4131.25 857 218 857 219 857 220 856 220 856 221 855 221 855 222
4349 9214 3558 825094 854 222 855 222
4350 9231 3559 21531.3 868 212 867 212 866 212 865 212 864 212 864 213
4351 9215 3559 21531.3 863 213 864 213
4352 9288 3562 4587.5 863 227 863 228 862 228 861 228 861 229 860 229 859 229 858 229 857 229 856 229 855 229 854 229 853 229 852 229 851 229 850 229 849 229 849 230 848 230
4353 9219 3562 825094 850 227 850 228 849 228 849 229 849 230 848 230
4354 9223 3562 825094 848 231 848 230
4355 9232 3565 21531.3 870 210 869 210 869 211 868 211
4356 9231 3565 21531.3 867 212 868 212 868 211
4357 9237 3567 21531.3 872 209 871 209 871 210 870 210
4358 9232 3567 21531.3 869 210 870 210
4359 9226 3568 inf 873 197 874 197 874 196
4360 9233 3568 inf 875 197 874 197 874 196
4361 9242 3571 21531.3 873 208 873 209 872 209
4362 9237 3571 21531.3 871 209 872 209
4363 9244 3572 inf 877 197 876 197
4364 9233 3572 inf 874 197 875 197 876 197
4365 9242 3576 21531.3 873 209 873 208 874 208
4366 9286 3576 21531.3 880 210 879 210 879 209 879 208 878 208 877 208 876 208 876 209 875 209 874 209 874 208
4367 9253 3576 4762.5 876 207 876 208 876 209 875 209 874 209 874 208
4368 9254 3577 4762.5 877 206 877 207 876 207
4369 9253 3577 4762.5 876 208 876 207
4370 9260 3578 4762.5 881 204 880 204 880 205 879 205 878 205 878 206 877 206
4371 9254 3578 4762.5 877 207 877 206
4372 9261 3584 inf 879 196 878 196
4373 9244 3584 inf 876 197 877 197 877 196 878 196
4374 9259 3585 825094 864 221 863 221 863 222
4375 9252 3585 825094 862 221 862 222 863 222
4376 9294 3586 825094 870 222 869 222 869 221 868 221 867 221 866 221 865 221 864 221
4377 9259 3586 825094 863 221 864 221
4378 9275 3587 4762.5 884 204 883 204 882 204 881 204
4379 9260 3587 4762.5 880 204 881 204
4380 9279 3593 inf 881 194 880 194 880 195 879 195
4381 9307 3593 2881.25 878 186 879 186 879 187 880 187 880 188 880 189 880 190 880 191 880 192 880 193 880 194 880 195 879 195
4382 9280 3593 2881.25 876 190 877 190 878 190 878 191 878 192 878 193 878 194 879 194 879 195
4383 9261 3593 inf 878 196 879 196 879 195
4384 9271 3594 2881.25 874 189 873 189
4385 9272 3594 2881.25 872 187 872 188 872 189 873 189
4386 9280 3596 2881.25 877 190 876 190 875 190
4387 9271 3596 2881.25 873 189 874 189 875 189 875 190
4388 9278 3598 4762.5 886 202 886 203 885 203 885 204 884 204
4389 9275 3598 4762.5 883 204 884 204
4390 9291 3599 2881.25 874 185 873 185 873 186 873 187
4391 9272 3599 2881.25 872 188 872 187 873 187
4392 9278 3601 4762.5 886 203 886 202 887 202
4393 9309 3601 4762.5 892 204 892 203 891 203 890 203 889 203 888 203 887 203 887 202
4394 9290 3602 inf 882 193 882 194 881 194
4395 9279 3602 inf 880 194 881 194
4396 9286 3604 21531.3 879 210 880 210
4397 9300 3604 21531.3 880 213 880 212 880 211 880 210
4398 9304 3605 4587.5 869 226 868 226 867 226 866 226 865 226 864 226 864 227
4399 9288 3605 4587.5 863 228 863 227 864 227
4400 9301 3608 inf 884 194 884 193 883 193 882 193
4401 9290 3608 inf 882 194 882 193
4402 9299 3611 2881.25 875 185 874 185
4403 9291 3611 2881.25 873 185 874 185
4404 9323 3612 825094 878 222 877 222 876 222 875 222 874 222 873 222 872 222 871 222 870 222
4405 9294 3612 825094 869 222 870 222
4406 9310 3614 inf 888 194 887 194 886 194 885 194
4407 9301 3614 inf 884 193 884 194 885 194
4408 9305 3615 21531.3 881 214 880 214
4409 9300 3615 21531.3 880 212 880 213 880 214
4410 9299 3617 2881.25 874 185 875 185 876 185 877 185 878 185
4411 9307 3617 2881.25 879 186 878 186 878 185
4412 9309 3619 4762.5 892 203 892 204
4413 9320 3619 4762.5 894 205 893 205 892 205 892 204
4414 9332 3622 4587.5 876 227 875 227 875 226 874 226 873 226 872 226
4415 9304 3622 4587.5 868 226 869 226 870 226 871 226 872 226
4416 9333 3629 825094 881 221 881 222 880 222
4417 9323 3629 825094 877 222 878 222 879 222 880 222
4418 9338 3632 inf 894 193 893 193
4419 9310 3632 inf 887 194 888 194 888 193 889 193 890 193 891 193 892 193 893 193
4420 9365 3633 4587.5 883 230 883 229 882 229 882 228 881 228 880 228 880 227 879 227 878 227 877 227 876 227
4421 9332 3633 4587.5 875 227 876 227
4422 9335 3634 inf 901 200 901 201 902 201
4423 9340 3634 inf 903 202 902 202 902 201
4424 9343 3635 inf 901 199 901 198 900 198 899 198
4425 9345 3635 inf 901 197 901 198 900 198 899 198
4426 9339 3636 825094 884 220 883 220 883 221
4427 9333 3636 825094 881 222 881 221 882 221 883 221
4428 9344 3637 825094 886 220 885 220
4429 9339 3637 825094 883 220 884 220 885 220
4430 9346 3638 825094 890 217 889 217 888 217
4431 9305 3638 21531.3 880 214 881 214 882 214 883 214 884 214 885 214 886 214 887 214 888 214 888 215 888 216 888 217
4432 9344 3638 825094 885 220 886 220 886 219 886 218 887 218 888 218 888 217
4433 9340 3639 inf 902 202 903 202
4434 9348 3639 inf 904 203 903 203 903 202
4435 9343 3641 inf 901 198 901 199 902 199
4436 9335 3641 inf 901 201 901 200 901 199 902 199
4437 9352 3642 inf 899 193 898 193 897 193 896 193 896 192 895 192
4438 9338 3642 inf 893 193 894 193 894 192 895 192
4439 9320 3643 4762.5 893 205 894 205 895 205 896 205 896 206 896 207 897 207 897 208 898 208
4440 9347 3643 4762.5 898 209 898 208
4441 9379 3644 825094 900 216 899 216 898 216 897 216 896 216 895 216 894 216 893 216 893 217 892 217 891 217 890 217
4442 9346 3644 825094 889 217 890 217
4443 9353 3645 4762.5 899 210 898 210
4444 9347 3645 4762.5 898 208 898 209 898 210
4445 9357 3646 inf 905 205 905 204 904 204
4446 9348 3646 inf 903 203 904 203 904 204
4447 9357 3648 inf 905 204 905 205
4448 9361 3648 inf 905 207 905 206 905 205
4449 9391 3652 355333 913 197 913 196 912 196 912 195 911 195 910 195 910 194 909 194 908 194 907 194 906 194 905 194 904 194 903 194
4450 9362 3652 355333 903 193 903 194
4451 9362 3653 355333 903 194 903 193 902 193
4452 9352 3653 inf 898 193 899 193 900 193 901 193 902 193
4453 9345 3653 inf 901 198 901 197 901 196 901 195 901 194 901 193 902 193
4454 9361 3657 inf 905 206 905 207 906 207
4455 9376 3657 inf 906 209 906 208 906 207
4456 9365 3662 4587.5 883 229 883 230 884 230 885 230 886 230
4457 9382 3662 4587.5 886 231 886 230
4458 9376 3664 inf 906 208 906 209 907 209
4459 9353 3664 4762.5 898 210 899 210 900 210 900 209 901 209 902 209 903 209 904 209 905 209 906 209 907 209
4460 9387 3664 inf 908 210 907 210 907 209
4461 9380 3665 825094 900 215 900 216 900 217
4462 9379 3665 825094 899 216 900 216 900 217
4463 9398 3666 32393.7 918 204 918 203 918 202 917 202 917 201 916 201 916 200 915 200
4464 9388 3666 32393.7 915 199 915 200
4465 9388 3668 32393.7 915 200 915 199 914 199 914 198 914 197 913 197
4466 9412 3668 355333 922 198 921 198 920 198 919 198 918 198 917 198 917 197 916 197 915 197 914 197 913 197
4467 9391 3668 355333 913 196 913 197
4468 9387 3671 inf 907 210 908 210 908 211
4469 9395 3671 inf 908 213 908 212 908 211
4470 9404 3672 2837.5 893 232 892 232 891 232 891 231 890 231 889 231
4471 9390 3672 4587.5 891 228 890 228 889 228 888 228 888 229 888 230 888 231 889 231
4472 9382 3672 4587.5 886 230 886 231 887 231 888 231 889 231
4473 9397 3676 4587.5 894 228 893 228
4474 9390 3676 4587.5 890 228 891 228 892 228 893 228
4475 9407 3677 32393.7 919 206 919 205 919 204 918 204
4476 9398 3677 32393.7 918 203 918 204
4477 9400 3678 4587.5 896 227 895 227 895 228
4478 9397 3678 4587.5 893 228 894 228 895 228
4479 9395 3679 inf 908 212 908 213 909 213 909 214
4480 9380 3679 825094 900 216 900 215 901 215 902 215 903 215 904 215 905 215 906 215 907 215 908 215 909 215 909 214
4481 9406 3679 inf 909 216 909 215 909 214
4482 9410 3682 32393.7 920 206 919 206
4483 9407 3682 32393.7 919 205 919 206
4484 9416 3683 2837.5 895 233 895 232 894 232
4485 9404 3683 2837.5 892 232 893 232 894 232
4486 9431 3685 355333 930 203 929 203 929 202 928 202 927 202 927 201 926 201 926 200 925 200 924 200 924 199 923 199
4487 9415 3685 355333 923 198 923 199
4488 9415 3686 355333 923 199 923 198 922 198
4489 9412 3686 355333 921 198 922 198
4490 9406 3688 inf 909 215 909 216 910 216 910 217
4491 9421 3688 inf 910 219 910 218 910 217
4492 9410 3689 32393.7 919 206 920 206 920 207
4493 9422 3689 32393.7 921 208 920 208 920 207
4494 9427 3691 2837.5 899 233 898 233 897 233 896 233
4495 9416 3691 2837.5 895 232 895 233 896 233
4496 9420 3692 4587.5 903 226 902 226 902 227
4497 9400 3692 4587.5 895 227 896 227 897 227 898 227 899 227 900 227 901 227 902 227
4498 9424 3692 2837.5 899 232 899 231 899 230 899 229 899 228 900 228 901 228 901 227 902 227
4499 9428 3693 32393.7 922 210 922 209 921 209
4500 9422 3693 32393.7 920 208 921 208 921 209
4501 9424 3694 2837.5 899 231 899 232 899 233
4502 9427 3694 2837.5 898 233 899 233
4503 9421 3695 inf 910 218 910 219 911 219 911 220 911 221
4504 9429 3695 inf 911 222 911 221
4505 9428 3696 32393.7 922 209 922 210
4506 9435 3696 32393.7 923 212 923 211 922 211 922 210
4507 9433 3697 355333 931 203 930 203
4508 9431 3697 355333 929 203 930 203
4509 9441 3698 355333 932 205 932 204 931 204
4510 9433 3698 355333 930 203 931 203 931 204
4511 9429 3700 inf 911 221 911 222 911 223 912 223 912 224
4512 9420 3700 4587.5 902 226 903 226 904 226 905 226 906 226 907 226 908 226 909 226 910 226 911 226 912 226 912 225 912 224
4513 9445 3700 inf 912 227 912 226 912 225 912 224
4514 9450 3701 32393.7 924 216 924 215 924 214 924 213 923 213
4515 9435 3701 32393.7 923 211 923 212 923 213
4516 9443 3704 355333 933 205 932 205
4517 9441 3704 355333 932 204 932 205
4518 9443 3706 355333 932 205 933 205 933 206
4519 9453 3706 355333 933 207 933 206
4520 9455 3709 inf 913 229 912 229
4521 9445 3709 inf 912 226 912 227 912 228 912 229
4522 9456 3710 32393.7 925 217 924 217
4523 9450 3710 32393.7 924 215 924 216 924 217
4524 9453 3711 355333 933 206 933 207 934 207
4525 9459 3711 355333 935 208 934 208 934 207
4526 9456 3713 32393.7 924 217 925 217 925 218
4527 9470 3713 32393.7 927 221 926 221 926 220 925 220 925 219 925 218
4528 9455 3714 inf 912 229 913 229 913 230 914 230
4529 9463 3714 inf 914 231 914 230
4530 9464 3715 355333 936 209 935 209
4531 9459 3715 355333 934 208 935 208 935 209
4532 9482 3718 355333 938 213 937 213 937 212 937 211 936 211
4533 9464 3718 355333 935 209 936 209 936 210 936 211
4534 9472 3719 inf 915 234 914 234
4535 9463 3719 inf 914 230 914 231 914 232 914 233 914 234
4536 9477 3720 32393.7 926 224 926 223 925 223
4537 9474 3720 32393.7 926 222 926 223 925 223
4538 9473 3721 32393.7 927 222 926 222
4539 9474 3721 32393.7 926 223 926 222
4540 9470 3722 32393.7 926 221 927 221
4541 9473 3722 32393.7 926 222 927 222 927 221
4542 9498 3722 2500 933 222 932 222 931 222 930 222 929 222 928 222 927 222 927 221
4543 9484 3725 inf 916 236 916 235 915 235
4544 9494 3725 32393.7 925 228 925 229 924 229 923 229 922 229 921 229 920 229 919 229 918 229 917 229 916 229 915 229 915 230 915 231 915 232 915 233 916 233 916 234 916 235 915 235
4545 9472 3725 inf 914 234 915 234 915 235
4546 9479 3725 4106.25 911 240 910 240 910 239 910 238 910 237 910 236 911 236 911 235 912 235 913 235 914 235 915 235
4547 9485 3726 32393.7 927 225 927 224 926 224
4548 9477 3726 32393.7 926 223 926 224
4549 9479 3728 4106.25 910 240 911 240
4550 9487 3728 4106.25 911 242 911 241 911 240
4551 9482 3729 355333 937 213 938 213
4552 9486 3729 355333 938 214 938 213
4553 9484 3731 inf 916 235 916 236
4554 9489 3731 inf 916 237 916 236
4555 9495 3732 32393.7 928 226 928 225 927 225
4556 9485 3732 32393.7 927 224 927 225
4557 9487 3733 4106.25 911 241 911 242
4558 9493 3733 4106.25 911 243 911 242
4559 9489 3734 inf 916 236 916 237 917 237
4560 9500 3734 inf 917 239 917 238 917 237
4561 9499 3736 2500 937 218 936 218
4562 9503 3736 2500 934 221 935 221 936 221 936 220 936 219 936 218
4563 9505 3738 355333 939 217 939 216 938 216
4564 9486 3738 355333 938 213 938 214 938 215 938 216
4565 9495 3740 32393.7 928 225 928 226 928 227
4566 9494 3740 32393.7 925 229 925 228 925 227 926 227 927 227 928 227
4567 9508 3740 26425 929 228 928 228 928 227
4568 9503 3741 2500 935 221 934 221
4569 9498 3741 2500 932 222 933 222 934 222 934 221
4570 9510 3742 4106.25 913 245 912 245 911 245
4571 9493 3742 4106.25 911 242 911 243 911 244 911 245
4572 9520 3742 3193.75 911 248 911 247 911 246 911 245
4573 9505 3743 355333 939 216 939 217
4574 9499 3743 2500 936 218 937 218 938 218 939 218 939 217
4575 9517 3743 355333 939 219 939 218 939 217
4576 9500 3748 inf 917 238 917 239 918 239 918 240
4577 9523 3748 inf 919 241 918 241 918 240
4578 9508 3749 26425 928 228 929 228 929 229
4579 9526 3749 26425 931 230 930 230 929 230 929 229
4580 9528 3752 355333 941 221 941 220 941 219 940 219
4581 9542 3752 3437.5 947 219 946 219 945 219 944 219 943 219 942 219 941 219 940 219
4582 9517 3752 355333 939 218 939 219 940 219
4583 9529 3753 3193.75 912 251 912 250 912 249 911 249
4584 9520 3753 3193.75 911 247 911 248 911 249
4585 9523 3754 inf 918 241 919 241
4586 9530 3754 inf 920 243 919 243 919 242 919 241
4587 9531 3755 355333 941 222 940 222
4588 9534 3755 355333 940 224 940 223 940 222
4589 9528 3757 355333 941 220 941 221 942 221
4590 9531 3757 355333 940 222 941 222 942 222 942 221
4591 9539 3759 3193.75 914 252 913 252 913 251
4592 9529 3759 3193.75 912 250 912 251 913 251
4593 9534 3761 355333 940 223 940 224
4594 9538 3761 355333 940 225 940 224
4595 9530 3762 inf 919 243 920 243 920 244 920 245
4596 9510 3762 4106.25 912 245 913 245 914 245 915 245 916 245 917 245 918 245 919 245 920 245
4597 9543 3762 inf 920 247 920 246 920 245
4598 9553 3765 26425 933 237 933 236 933 235 933 234 932 234
4599 9526 3765 26425 930 230 931 230 931 231 931 232 932 232 932 233 932 234
4600 9550 3766 3193.75 916 253 915 253 914 253
4601 9539 3766 3193.75 913 252 914 252 914 253
4602 9548 3768 3437.5 949 219 948 219
4603 9542 3768 3437.5 946 219 947 219 948 219
4604 9550 3769 3193.75 915 253 916 253 916 252 917 252 918 252 919 252 920 252 920 251 920 250 921 250 921 249 921 248 920 248
4605 9565 3769 inf 923 251 923 250 922 250 921 250 921 249 921 248 920 248
4606 9543 3769 inf 920 246 920 247 920 248
4607 9538 3773 355333 940 224 940 225 940 226 941 226 941 227 941 228
4608 9554 3773 355333 941 229 941 228
4609 9556 3774 3437.5 950 220 949 220
4610 9548 3774 3437.5 948 219 949 219 949 220
4611 9553 3776 26425 933 236 933 237
4612 9561 3776 26425 934 239 933 239 933 238 933 237
4613 9562 3780 355333 942 231 942 230 941 230
4614 9554 3780 355333 941 228 941 229 941 230
4615 9556 3781 3437.5 949 220 950 220 950 221
4616 9563 3781 3437.5 950 223 950 222 950 221
4617 9570 3783 26425 935 240 935 239 934 239
4618 9561 3783 26425 933 239 934 239
4619 9571 3784 3437.5 951 224 951 223 950 223
4620 9563 3784 3437.5 950 222 950 223
4621 9569 3785 inf 923 251 923 252 922 252
4622 9579 3785 inf 923 255 923 254 923 253 922 253 922 252
4623 9565 3786 inf 923 250 923 251
4624 9569 3786 inf 923 252 923 251
4625 9570 3789 26425 935 239 935 240
4626 9583 3789 26425 938 241 937 241 936 241 935 241 935 240
4627 9581 3790 355333 943 235 943 234 942 234
4628 9604 3790 3437.5 953 233 953 234 952 234 951 234 950 234 949 234 948 234 948 233 947 233 946 233 945 233 944 233 943 233 942 233 942 234
4629 9562 3790 355333 942 230 942 231 942 232 942 233 942 234
4630 9571 3791 3437.5 951 223 951 224 952 224
4631 9577 3791 3437.5 952 225 952 224
4632 9587 3795 10356.2 925 256 925 255 924 255 923 255
4633 9579 3795 inf 923 254 923 255
4634 9592 3795 inf 923 260 923 259 923 258 923 257 923 256 923 255
4635 9577 3799 3437.5 952 224 952 225 953 225
4636 9589 3799 3437.5 953 228 953 227 953 226 953 225
4637 9593 3801 26425 941 242 940 242 939 242 938 242
4638 9583 3801 26425 937 241 938 241 938 242
4639 9581 3802 355333 943 234 943 235 943 236 943 237
4640 9594 3802 355333 944 239 943 239 943 238 943 237
4641 9601 3805 10356.2 930 257 929 257 928 257 927 257 926 257 925 257
4642 9587 3805 10356.2 925 255 925 256 925 257
4643 9589 3806 3437.5 953 227 953 228 953 229
4644 9595 3806 3437.5 953 230 953 229
4645 9594 3809 355333 943 239 944 239 944 240
4646 9598 3809 355333 944 242 944 241 944 240
4647 9598 3811 355333 944 241 944 242
4648 9593 3811 26425 940 242 941 242 942 242 943 242 944 242
4649 9603 3811 355333 944 243 944 242
4650 9595 3812 3437.5 953 229 953 230 953 231 953 232 953 233
4651 9604 3812 3437.5 953 234 953 233
4652 9608 3815 10356.2 931 258 930 258
4653 9601 3815 10356.2 929 257 930 257 930 258
4654 9608 3818 10356.2 930 258 931 258 931 259
4655 9615 3818 10356.2 931 260 931 259
4656 9603 3819 355333 944 242 944 243 945 243 945 244 945 245
4657 9618 3819 355333 946 246 945 246 945 245
4658 9616 3821 319481 943 247 943 248
4659 9626 3821 319481 943 252 943 251 943 250 943 249 943 248
4660 9628 3823 319481 937 258 937 259 936 259 935 259 934 259 933 259 932 259 932 260 932 261
4661 9615 3823 10356.2 931 259 931 260 932 260 932 261
4662 9622 3823 319481 932 262 932 261
4663 9618 3824 355333 945 246 946 246 946 247
4664 9616 3824 319481 943 248 943 247 944 247 945 247 946 247
4665 9643 3824 355333 949 255 949 254 948 254 948 253 948 252 947 252 947 251 947 250 946 250 946 249 946 248 946 247
4666 9592 3826 inf 923 259 923 260 923 261 923 262 924 262 924 263 924 264 925 264 925 265 926 265 926 266 926 267 926 268
4667 9624 3826 inf 926 269 926 268
4668 9626 3827 319481 943 251 943 252 942 252 942 253 941 253
4669 9632 3827 319481 941 258 941 257 941 256 941 255 941 254 941 253
4670 9622 3829 319481 932 261 932 262 933 262
4671 9630 3829 319481 933 264 933 263 933 262
4672 9632 3830 319481 941 257 941 258 940 258 939 258 938 258
4673 9628 3830 319481 937 259 937 258 938 258
4674 9635 3832 inf 928 272 928 271 927 271
4675 9648 3832 319481 935 271 934 271 933 271 932 271 931 271 930 271 929 271 928 271 927 271
4676 9624 3832 inf 926 268 926 269 927 269 927 270 927 271
4677 9630 3833 319481 933 263 933 264 934 264
4678 9636 3833 319481 934 266 934 265 934 264
4679 9635 3835 inf 928 271 928 272 928 273
4680 9638 3835 inf 929 274 928 274 928 273
4681 9636 3836 319481 934 265 934 266 935 266
4682 9639 3836 319481 936 268 935 268 935 267 935 266
4683 9647 3837 inf 930 276 930 275 929 275
4684 9638 3837 inf 928 274 929 274 929 275
4685 9639 3838 319481 935 268 936 268
4686 9649 3838 319481 935 270 936 270 936 269 936 268
4687 9649 3840 319481 936 270 935 270
4688 9648 3840 319481 934 271 935 271 935 270
4689 9652 3842 355333 950 257 950 256 949 256
4690 9643 3842 355333 949 254 949 255 949 256
4691 9653 3844 inf 931 277 931 276 930 276
4692 9647 3844 inf 930 275 930 276
4693 9653 3847 inf 931 276 931 277
4694 9656 3847 inf 932 278 931 278 931 277
4695 9652 3848 355333 950 256 950 257 950 258
4696 9662 3848 355333 952 263 952 262 952 261 951 261 951 260 951 259 950 259 950 258
4697 9659 3850 inf 933 279 932 279
4698 9656 3850 inf 931 278 932 278 932 279
4699 9666 3855 355333 953 267 953 266 953 265 953 264 953 263 952 263
4700 9662 3855 355333 952 262 952 263
4701 9666 3857 355333 953 266 953 267
4702 9667 3857 355333 954 268 953 268 953 267
4703 3867 0 1.72562e+08 15 153 15 152 15 151 15 150 15 149 15 148 15 147 15 146 15 145 15 144 15 143 15 142 15 141 15 140 15 139 15 138 15 137 15 136 15 135 15 134 15 133 15 132 15 131 15 130
4704 3918 0 3.38553e+06 17 121 16 121
4705 4097 0 inf 21 90 20 90
4706 9667 0 355333 953 268 954 268
4707 9659 0 inf 932 279 933 279 933 280
