9668
0 -1 -1
1 15 165
2 16 166
3 17 167
4 20 165
5 18 168
6 21 166
7 19 169
8 23 167
9 21 170
10 23 169
11 25 168
12 26 169
13 23 174
14 29 171
15 31 172
16 40 164
17 40 162
18 38 160
19 33 174
20 34 173
21 43 165
22 31 178
23 34 175
24 44 166
25 42 160
26 37 176
27 46 167
28 34 182
29 39 178
30 49 168
31 41 179
32 55 163
33 21 128
34 42 180
35 52 170
36 56 166
37 56 161
38 55 160
39 43 181
40 55 169
41 57 160
42 56 159
43 55 171
44 30 132
45 19 121
46 45 182
47 58 159
48 56 156
49 31 131
50 22 122
51 46 183
52 55 174
53 61 168
54 62 167
55 64 165
56 59 158
57 21 120
58 38 192
59 28 126
60 59 172
61 39 193
62 48 184
63 56 176
64 61 171
65 62 170
66 63 169
67 62 158
68 35 131
69 32 127
70 58 176
71 63 171
72 69 165
73 69 163
74 38 132
75 41 194
76 49 186
77 50 185
78 36 129
79 61 175
80 51 186
81 30 121
82 66 172
83 66 156
84 65 155
85 64 154
86 43 196
87 37 126
88 53 187
89 71 169
90 72 168
91 44 197
92 75 166
93 74 161
94 70 172
95 71 171
96 73 169
97 74 168
98 77 165
99 76 162
100 69 155
101 55 188
102 62 181
103 66 177
104 68 175
105 74 159
106 36 121
107 77 167
108 80 164
109 78 162
110 70 154
111 54 191
112 56 189
113 38 121
114 47 199
115 65 182
116 67 180
117 58 190
118 78 170
119 55 194
120 66 183
121 74 175
122 75 174
123 82 167
124 77 156
125 65 185
126 81 169
127 84 162
128 42 120
129 79 172
130 67 185
131 69 183
132 27 103
133 26 102
134 79 174
135 82 171
136 87 166
137 36 111
138 23 98
139 88 162
140 49 123
141 68 187
142 77 178
143 79 176
144 38 111
145 37 110
146 87 169
147 71 186
148 83 174
149 56 127
150 51 122
151 36 107
152 35 106
153 34 105
154 30 101
155 73 185
156 39 109
157 72 187
158 50 119
159 26 95
160 21 90
161 89 171
162 38 106
163 36 104
164 34 102
165 25 93
166 78 183
167 54 121
168 52 119
169 88 174
170 42 108
171 24 90
172 23 88
173 73 191
174 75 189
175 34 98
176 26 90
177 97 168
178 98 167
179 31 94
180 23 86
181 67 199
182 79 187
183 96 170
184 59 121
185 91 176
186 22 83
187 24 84
188 70 200
189 88 182
190 37 95
191 90 181
192 31 88
193 30 87
194 87 185
195 93 179
196 98 174
197 72 201
198 41 96
199 38 93
200 92 182
201 95 179
202 73 202
203 89 187
204 98 178
205 60 112
206 50 101
207 41 92
208 87 191
209 95 183
210 43 93
211 97 182
212 103 176
213 77 203
214 94 186
215 108 172
216 44 92
217 98 183
218 104 177
219 55 102
220 94 188
221 95 187
222 46 92
223 79 204
224 97 186
225 58 103
226 64 108
227 80 205
228 98 187
229 86 128
230 85 127
231 50 92
232 81 206
233 93 194
234 95 192
235 105 182
236 61 102
237 99 189
238 63 103
239 82 207
240 101 188
241 124 165
242 94 133
243 66 105
244 94 196
245 99 137
246 104 187
247 105 186
248 125 166
249 98 135
250 80 117
251 68 105
252 54 91
253 84 208
254 94 198
255 100 192
256 101 191
257 121 171
258 128 164
259 105 188
260 127 166
261 93 128
262 83 118
263 71 106
264 98 196
265 60 94
266 86 209
267 104 191
268 127 168
269 87 120
270 102 194
271 129 167
272 131 165
273 54 86
274 105 192
275 93 124
276 88 119
277 88 210
278 100 198
279 101 197
280 127 157
281 108 138
282 66 96
283 63 92
284 100 200
285 101 199
286 130 170
287 90 118
288 106 195
289 126 175
290 130 157
291 102 129
292 70 97
293 91 211
294 105 197
295 132 158
296 116 142
297 98 124
298 116 187
299 135 160
300 110 135
301 107 132
302 60 85
303 92 212
304 106 198
305 130 174
306 133 171
307 118 142
308 123 146
309 117 189
310 134 172
311 135 157
312 119 141
313 105 127
314 112 195
315 120 187
316 129 178
317 95 213
318 109 199
319 117 191
320 140 160
321 137 157
322 112 132
323 69 89
324 136 173
325 115 134
326 114 133
327 124 186
328 122 140
329 109 127
330 107 125
331 97 214
332 114 197
333 98 115
334 71 88
335 67 84
336 106 206
337 138 174
338 76 92
339 146 167
340 74 89
341 99 215
342 113 201
343 116 198
344 119 195
345 115 200
346 140 175
347 133 146
348 104 117
349 82 95
350 126 138
351 101 216
352 115 202
353 116 201
354 118 199
355 119 198
356 131 186
357 133 144
358 101 112
359 96 107
360 75 86
361 142 176
362 148 158
363 129 139
364 84 94
365 118 201
366 132 141
367 103 217
368 124 196
369 137 183
370 139 147
371 128 136
372 126 134
373 110 118
374 106 114
375 135 186
376 150 157
377 132 139
378 131 138
379 130 137
380 85 92
381 127 195
382 151 171
383 105 218
384 145 178
385 158 165
386 130 194
387 132 192
388 141 145
389 117 121
390 116 120
391 116 209
392 153 172
393 134 137
394 88 91
395 126 200
396 158 168
397 102 104
398 144 183
399 154 173
400 142 143
401 119 120
402 109 219
403 128 200
404 129 199
405 143 185
406 111 111
407 110 110
408 84 84
409 146 183
410 156 174
411 124 122
412 113 111
413 87 85
414 111 220
415 122 209
416 164 167
417 138 135
418 121 118
419 135 131
420 134 130
421 95 91
422 129 204
423 165 168
424 122 117
425 93 88
426 154 180
427 117 111
428 145 190
429 148 187
430 150 185
431 165 170
432 166 169
433 169 166
434 119 112
435 115 221
436 136 200
437 158 150
438 154 146
439 152 144
440 141 133
441 139 131
442 138 130
443 137 129
444 95 87
445 144 193
446 166 171
447 167 170
448 151 142
449 120 111
450 133 205
451 150 188
452 152 186
453 161 177
454 155 145
455 131 121
456 168 171
457 154 143
458 152 141
459 127 116
460 125 114
461 118 222
462 158 182
463 97 85
464 171 170
465 162 149
466 160 147
467 155 142
468 120 222
469 122 220
470 140 202
471 154 188
472 169 155
473 131 117
474 164 179
475 170 173
476 171 172
477 172 171
478 145 130
479 130 115
480 156 188
481 172 156
482 144 128
483 127 111
484 120 104
485 124 221
486 132 213
487 154 191
488 158 187
489 164 147
490 129 112
491 123 223
492 157 189
493 166 180
494 179 161
495 143 204
496 103 84
497 142 206
498 123 103
499 125 224
500 164 185
501 168 181
502 165 144
503 164 143
504 138 117
505 106 85
506 138 212
507 160 190
508 174 176
509 163 188
510 165 186
511 184 161
512 107 84
513 140 212
514 162 190
515 170 182
516 186 162
517 154 199
518 166 187
519 188 165
520 168 143
521 176 178
522 190 164
523 134 221
524 164 191
525 160 196
526 168 188
527 173 183
528 179 177
529 180 176
530 192 164
531 175 147
532 125 97
533 182 175
534 169 140
535 156 127
536 127 98
537 140 218
538 160 198
539 161 197
540 162 196
541 192 166
542 191 161
543 190 160
544 114 84
545 136 223
546 195 164
547 193 162
548 157 203
549 160 200
550 170 190
551 184 176
552 140 108
553 135 103
554 148 213
555 177 184
556 193 168
557 196 165
558 158 204
559 171 191
560 167 133
561 117 83
562 139 224
563 155 208
564 157 206
565 160 203
566 163 201
567 166 198
568 182 146
569 167 131
570 118 82
571 149 216
572 173 192
573 160 206
574 168 198
575 198 168
576 194 156
577 167 200
578 142 102
579 121 81
580 171 198
581 176 193
582 185 144
583 169 128
584 154 216
585 165 205
586 153 111
587 147 224
588 168 203
589 169 202
590 171 200
591 172 199
592 189 146
593 188 145
594 181 138
595 170 127
596 123 80
597 162 210
598 179 193
599 167 206
600 197 152
601 196 151
602 193 148
603 191 146
604 179 134
605 171 126
606 145 100
607 150 224
608 157 217
609 166 208
610 170 204
611 172 202
612 147 101
613 125 79
614 149 226
615 168 207
616 181 194
617 210 165
618 173 203
619 175 201
620 190 142
621 159 111
622 150 227
623 179 198
624 182 195
625 188 139
626 183 134
627 173 124
628 178 200
629 211 167
630 212 166
631 191 141
632 190 140
633 152 227
634 196 145
635 174 123
636 134 83
637 195 143
638 179 127
639 179 202
640 185 196
641 212 169
642 193 140
643 133 80
644 154 228
645 165 217
646 210 172
647 196 142
648 195 141
649 178 205
650 181 126
651 135 80
652 166 218
653 177 207
654 196 188
655 216 160
656 188 132
657 178 122
658 184 201
659 189 196
660 213 172
661 217 168
662 215 158
663 192 135
664 126 69
665 157 229
666 158 228
667 182 204
668 192 194
669 212 174
670 203 145
671 181 123
672 156 98
673 139 81
674 168 219
675 194 193
676 214 173
677 192 133
678 183 205
679 190 198
680 199 189
681 210 178
682 211 177
683 194 134
684 187 127
685 160 100
686 128 68
687 218 157
688 144 83
689 143 82
690 182 208
691 201 189
692 192 130
693 191 129
694 188 126
695 147 85
696 146 84
697 129 67
698 171 220
699 185 206
700 200 191
701 215 176
702 220 171
703 136 73
704 150 86
705 142 78
706 140 76
707 185 208
708 189 204
709 195 198
710 199 194
711 202 191
712 211 182
713 213 180
714 216 177
715 219 174
716 166 101
717 132 67
718 215 179
719 227 161
720 226 160
721 225 159
722 224 158
723 223 157
724 174 108
725 153 87
726 140 74
727 131 65
728 180 215
729 212 183
730 217 178
731 221 174
732 172 105
733 174 222
734 205 191
735 216 180
736 220 176
737 156 88
738 134 66
739 165 232
740 198 199
741 158 89
742 133 64
743 175 223
744 217 181
745 161 91
746 160 90
747 143 73
748 184 215
749 207 192
750 230 159
751 163 92
752 170 230
753 176 224
754 181 109
755 161 89
756 144 72
757 169 232
758 222 179
759 166 93
760 157 84
761 146 73
762 177 225
763 220 182
764 220 146
765 160 86
766 171 232
767 188 215
768 196 207
769 204 199
770 217 186
771 218 185
772 223 180
773 228 153
774 163 87
775 159 83
776 156 80
777 172 233
778 179 226
779 209 196
780 218 187
781 226 149
782 225 148
783 224 147
784 223 146
785 222 145
786 165 88
787 213 193
788 220 186
789 154 76
790 152 74
791 173 94
792 169 90
793 166 87
794 201 207
795 217 191
796 221 187
797 175 95
798 164 84
799 156 76
800 182 227
801 223 186
802 209 128
803 177 96
804 166 85
805 189 221
806 190 220
807 191 219
808 209 201
809 218 192
810 222 188
811 161 79
812 216 195
813 246 165
814 149 66
815 145 62
816 184 228
817 195 217
818 196 216
819 197 215
820 208 204
821 220 192
822 243 159
823 241 157
824 235 151
825 233 149
826 232 148
827 231 147
828 181 97
829 174 90
830 168 84
831 217 196
832 223 190
833 219 134
834 170 85
835 160 75
836 187 101
837 186 100
838 185 99
839 184 98
840 162 76
841 183 232
842 200 215
843 201 214
844 202 213
845 205 210
846 206 209
847 207 208
848 230 143
849 222 135
850 194 107
851 193 106
852 192 105
853 224 192
854 212 124
855 211 123
856 207 119
857 206 118
858 202 114
859 201 113
860 200 112
861 199 111
862 198 110
863 197 109
864 196 108
865 191 103
866 175 87
867 148 60
868 177 88
869 164 75
870 152 63
871 184 234
872 222 132
873 182 92
874 179 89
875 225 194
876 234 143
877 233 142
878 218 127
879 216 125
880 215 124
881 214 123
882 164 73
883 184 236
884 236 184
885 255 163
886 177 85
887 169 77
888 167 75
889 166 74
890 212 209
891 213 208
892 225 196
893 171 78
894 185 237
895 249 155
896 248 154
897 180 86
898 226 197
899 206 218
900 214 210
901 237 187
902 240 184
903 186 90
904 185 89
905 186 239
906 212 213
907 220 205
908 188 91
909 209 217
910 215 211
911 227 199
912 238 188
913 226 128
914 224 126
915 212 114
916 211 113
917 210 112
918 203 105
919 202 104
920 201 103
921 200 102
922 197 99
923 196 98
924 195 97
925 178 80
926 175 77
927 187 240
928 226 201
929 191 92
930 188 89
931 185 86
932 211 217
933 221 207
934 222 206
935 228 200
936 204 104
937 202 102
938 200 100
939 199 99
940 196 96
941 195 95
942 194 94
943 188 241
944 192 91
945 191 90
946 183 82
947 258 156
948 232 130
949 204 102
950 189 242
951 210 221
952 223 208
953 192 89
954 191 88
955 190 243
956 212 221
957 238 195
958 233 128
959 199 235
960 205 229
961 214 220
962 222 212
963 224 210
964 229 205
965 259 153
966 190 245
967 191 244
968 204 231
969 214 222
970 240 196
971 191 246
972 192 245
973 223 214
974 225 212
975 231 121
976 196 243
977 264 153
978 221 110
979 183 72
980 232 208
981 266 154
982 197 244
983 206 235
984 230 211
985 219 106
986 233 209
987 267 153
988 194 249
989 225 219
990 195 250
991 281 164
992 229 217
993 231 215
994 270 152
995 200 247
996 211 236
997 219 228
998 226 221
999 269 178
1000 207 241
1001 218 230
1002 228 220
1003 201 248
1004 212 237
1005 220 229
1006 230 219
1007 232 217
1008 197 253
1009 229 221
1010 232 219
1011 254 197
1012 276 153
1013 214 238
1014 231 221
1015 235 217
1016 238 214
1017 248 204
1018 223 230
1019 233 220
1020 250 203
1021 273 180
1022 275 178
1023 239 215
1024 252 202
1025 231 224
1026 232 223
1027 274 181
1028 276 179
1029 279 152
1030 240 216
1031 251 205
1032 271 185
1033 281 153
1034 234 223
1035 277 180
1036 210 248
1037 217 241
1038 220 238
1039 221 237
1040 232 226
1041 241 217
1042 284 154
1043 231 228
1044 261 198
1045 278 181
1046 209 251
1047 233 227
1048 235 225
1049 289 157
1050 288 156
1051 287 155
1052 204 257
1053 262 199
1054 279 182
1055 291 170
1056 210 252
1057 232 230
1058 205 258
1059 234 229
1060 236 227
1061 280 183
1062 293 158
1063 211 253
1064 225 239
1065 243 221
1066 258 206
1067 216 249
1068 237 228
1069 281 184
1070 291 174
1071 207 259
1072 234 232
1073 242 224
1074 244 222
1075 254 212
1076 237 230
1077 240 227
1078 300 161
1079 299 160
1080 208 260
1081 205 264
1082 235 234
1083 239 230
1084 243 226
1085 215 256
1086 224 247
1087 237 234
1088 239 232
1089 240 231
1090 246 225
1091 255 216
1092 259 212
1093 212 260
1094 210 263
1095 238 235
1096 283 190
1097 306 167
1098 208 267
1099 239 236
1100 307 168
1101 228 248
1102 243 233
1103 265 211
1104 258 219
1105 249 229
1106 252 226
1107 309 169
1108 231 249
1109 242 238
1110 244 236
1111 266 214
1112 253 228
1113 268 213
1114 287 194
1115 311 170
1116 217 265
1117 246 236
1118 247 235
1119 249 233
1120 233 250
1121 254 229
1122 312 171
1123 248 236
1124 268 216
1125 276 208
1126 220 265
1127 245 240
1128 251 234
1129 255 230
1130 304 181
1131 236 250
1132 248 238
1133 290 196
1134 314 172
1135 247 240
1136 252 235
1137 256 231
1138 273 214
1139 297 190
1140 222 266
1141 294 194
1142 253 236
1143 257 232
1144 292 197
1145 298 191
1146 316 173
1147 223 267
1148 250 240
1149 254 237
1150 258 233
1151 273 218
1152 295 196
1153 224 268
1154 251 241
1155 294 198
1156 318 174
1157 255 238
1158 259 234
1159 297 196
1160 315 178
1161 225 269
1162 254 240
1163 221 274
1164 251 244
1165 320 175
1166 226 270
1167 254 242
1168 266 230
1169 296 200
1170 222 275
1171 252 245
1172 276 221
1173 301 196
1174 321 176
1175 255 243
1176 273 225
1177 228 271
1178 253 246
1179 259 240
1180 268 231
1181 275 224
1182 312 187
1183 322 177
1184 220 280
1185 223 277
1186 255 245
1187 298 202
1188 299 201
1189 238 263
1190 254 247
1191 260 241
1192 269 232
1193 309 192
1194 323 178
1195 221 281
1196 224 278
1197 256 246
1198 274 228
1199 230 273
1200 241 262
1201 304 199
1202 324 179
1203 222 282
1204 260 244
1205 262 242
1206 225 280
1207 305 200
1208 310 195
1209 318 187
1210 223 283
1211 232 274
1212 260 246
1213 264 242
1214 226 281
1215 304 203
1216 223 285
1217 224 284
1218 233 275
1219 245 263
1220 261 247
1221 265 243
1222 276 233
1223 278 231
1224 281 228
1225 307 202
1226 310 199
1227 316 193
1228 326 183
1229 224 286
1230 227 283
1231 264 246
1232 266 244
1233 304 206
1234 243 268
1235 257 254
1236 263 248
1237 306 205
1238 228 284
1239 242 270
1240 246 266
1241 247 265
1242 248 264
1243 260 252
1244 265 247
1245 267 245
1246 279 233
1247 305 207
1248 312 200
1249 322 190
1250 328 184
1251 225 288
1252 250 263
1253 258 255
1254 229 285
1255 252 262
1256 260 254
1257 261 253
1258 310 204
1259 329 185
1260 265 250
1261 267 248
1262 230 286
1263 330 186
1264 233 284
1265 241 276
1266 281 236
1267 311 206
1268 239 279
1269 262 256
1270 267 251
1271 269 249
1272 265 254
1273 312 207
1274 315 204
1275 239 281
1276 243 277
1277 259 261
1278 263 257
1279 267 253
1280 270 250
1281 271 249
1282 282 238
1283 235 286
1284 236 285
1285 250 271
1286 266 255
1287 276 245
1288 246 276
1289 260 262
1290 268 254
1291 303 219
1292 327 195
1293 241 282
1294 265 258
1295 270 253
1296 288 235
1297 237 287
1298 272 252
1299 278 246
1300 334 190
1301 239 286
1302 269 256
1303 271 254
1304 293 232
1305 316 209
1306 243 283
1307 249 277
1308 267 259
1309 283 243
1310 318 208
1311 319 207
1312 320 206
1313 336 190
1314 270 257
1315 274 253
1316 280 247
1317 292 235
1318 330 197
1319 267 261
1320 268 260
1321 284 244
1322 291 237
1323 294 234
1324 240 289
1325 275 254
1326 309 220
1327 323 206
1328 336 193
1329 338 191
1330 252 278
1331 268 262
1332 277 253
1333 292 238
1334 247 284
1335 270 261
1336 273 258
1337 276 255
1338 286 245
1339 310 221
1340 324 207
1341 337 194
1342 244 288
1343 275 257
1344 292 240
1345 332 200
1346 339 193
1347 270 263
1348 274 259
1349 279 254
1350 322 211
1351 245 289
1352 276 258
1353 278 256
1354 293 241
1355 294 240
1356 340 194
1357 250 285
1358 274 261
1359 275 260
1360 280 255
1361 296 239
1362 279 257
1363 324 212
1364 341 195
1365 281 256
1366 296 241
1367 342 196
1368 254 286
1369 280 260
1370 291 249
1371 343 197
1372 281 261
1373 282 260
1374 331 211
1375 332 210
1376 344 198
1377 293 250
1378 259 286
1379 283 262
1380 295 250
1381 346 201
1382 288 260
1383 297 251
1384 264 285
1385 310 239
1386 347 202
1387 290 260
1388 348 203
1389 280 272
1390 282 270
1391 288 264
1392 289 263
1393 309 243
1394 318 234
1395 317 236
1396 322 231
1397 349 204
1398 274 280
1399 283 271
1400 292 262
1401 304 250
1402 350 205
1403 305 251
1404 314 242
1405 323 233
1406 276 281
1407 294 263
1408 320 237
1409 351 206
1410 324 234
1411 292 267
1412 294 265
1413 329 230
1414 328 232
1415 295 266
1416 309 252
1417 321 240
1418 325 236
1419 280 282
1420 296 267
1421 297 266
1422 299 264
1423 321 242
1424 326 237
1425 295 269
1426 327 238
1427 296 270
1428 301 265
1429 310 256
1430 320 246
1431 334 232
1432 350 216
1433 295 273
1434 300 268
1435 328 240
1436 312 257
1437 336 233
1438 304 266
1439 302 269
1440 320 251
1441 329 242
1442 334 237
1443 335 236
1444 337 234
1445 300 272
1446 304 268
1447 298 275
1448 302 271
1449 330 243
1450 334 239
1451 335 238
1452 336 237
1453 338 235
1454 304 270
1455 305 269
1456 326 248
1457 327 247
1458 322 253
1459 337 238
1460 339 236
1461 308 268
1462 331 245
1463 300 277
1464 302 275
1465 303 274
1466 306 271
1467 307 270
1468 323 254
1469 328 249
1470 337 240
1471 338 239
1472 322 256
1473 325 253
1474 343 235
1475 307 272
1476 357 222
1477 366 211
1478 294 286
1479 310 270
1480 332 248
1481 359 221
1482 345 236
1483 369 212
1484 295 287
1485 308 274
1486 310 272
1487 311 271
1488 360 222
1489 368 210
1490 307 276
1491 333 250
1492 370 211
1493 312 272
1494 361 223
1495 315 270
1496 333 252
1497 342 243
1498 346 239
1499 302 284
1500 363 223
1501 343 244
1502 311 277
1503 334 254
1504 348 241
1505 334 257
1506 349 243
1507 335 258
1508 345 249
1509 346 248
1510 350 245
1511 361 234
1512 372 224
1513 313 284
1514 333 264
1515 355 242
1516 370 227
1517 380 207
1518 351 247
1519 356 243
1520 381 206
1521 352 248
1522 338 263
1523 388 211
1524 348 254
1525 353 249
1526 383 205
1527 332 272
1528 340 264
1529 354 250
1530 341 265
1531 355 251
1532 376 231
1533 335 273
1534 351 257
1535 356 252
1536 368 240
1537 343 266
1538 365 244
1539 377 232
1540 336 274
1541 357 253
1542 324 287
1543 366 245
1544 369 242
1545 392 205
1546 328 284
1547 358 254
1548 367 246
1549 374 240
1550 327 288
1551 360 255
1552 382 233
1553 355 261
1554 356 260
1555 347 270
1556 353 264
1557 354 263
1558 328 290
1559 329 289
1560 365 253
1561 366 252
1562 342 277
1563 348 271
1564 363 256
1565 371 248
1566 330 290
1567 343 278
1568 345 277
1569 365 257
1570 332 291
1571 400 201
1572 351 273
1573 366 258
1574 391 233
1575 347 278
1576 334 292
1577 392 234
1578 348 279
1579 368 259
1580 369 258
1581 399 228
1582 404 223
1583 409 218
1584 354 274
1585 382 246
1586 411 207
1587 338 291
1588 336 294
1589 355 275
1590 401 229
1591 413 217
1592 412 206
1593 371 260
1594 403 228
1595 338 294
1596 340 292
1597 351 281
1598 352 280
1599 416 217
1600 414 205
1601 354 280
1602 358 276
1603 373 261
1604 418 216
1605 421 213
1606 422 212
1607 420 210
1608 342 293
1609 353 282
1610 420 215
1611 408 228
1612 412 200
1613 411 199
1614 343 294
1615 375 262
1616 423 210
1617 356 282
1618 409 229
1619 418 204
1620 345 294
1621 362 277
1622 381 259
1623 424 208
1624 420 204
1625 378 263
1626 397 244
1627 359 283
1628 364 278
1629 382 260
1630 412 230
1631 430 212
1632 425 207
1633 422 204
1634 346 297
1635 348 295
1636 414 229
1637 424 219
1638 425 218
1639 429 214
1640 380 264
1641 389 255
1642 413 231
1643 426 206
1644 366 279
1645 412 233
1646 382 264
1647 414 232
1648 431 209
1649 351 296
1650 383 265
1651 418 230
1652 432 208
1653 376 273
1654 434 215
1655 353 297
1656 381 269
1657 432 218
1658 437 211
1659 426 200
1660 375 276
1661 385 266
1662 392 259
1663 436 215
1664 433 206
1665 382 270
1666 393 260
1667 412 241
1668 435 218
1669 440 211
1670 434 205
1671 356 298
1672 424 230
1673 428 198
1674 354 301
1675 394 261
1676 441 210
1677 435 204
1678 404 252
1679 376 281
1680 380 277
1681 400 257
1682 435 222
1683 444 213
1684 393 265
1685 396 262
1686 405 253
1687 436 202
1688 431 197
1689 357 302
1690 401 258
1691 392 268
1692 394 266
1693 397 263
1694 415 245
1695 440 220
1696 430 194
1697 407 254
1698 442 219
1699 447 214
1700 438 201
1701 433 196
1702 398 264
1703 404 258
1704 430 232
1705 379 284
1706 445 218
1707 444 205
1708 439 200
1709 409 255
1710 432 192
1711 394 271
1712 399 266
1713 435 230
1714 441 199
1715 367 300
1716 400 267
1717 411 256
1718 437 194
1719 434 191
1720 395 273
1721 421 247
1722 427 241
1723 437 231
1724 401 268
1725 443 226
1726 443 198
1727 396 274
1728 436 190
1729 402 269
1730 433 238
1731 444 197
1732 440 193
1733 396 276
1734 403 270
1735 448 225
1736 443 194
1737 397 277
1738 426 248
1739 437 237
1740 446 196
1741 440 190
1742 439 189
1743 404 271
1744 388 288
1745 455 221
1746 441 189
1747 398 279
1748 401 276
1749 405 272
1750 443 234
1751 411 267
1752 420 258
1753 458 220
1754 452 227
1755 412 268
1756 437 243
1757 454 226
1758 445 189
1759 418 263
1760 422 259
1761 457 200
1762 400 282
1763 425 257
1764 459 201
1765 447 189
1766 439 244
1767 458 225
1768 449 190
1769 450 234
1770 425 260
1771 448 237
1772 461 224
1773 470 215
1774 471 214
1775 472 213
1776 452 191
1777 451 190
1778 382 304
1779 447 239
1780 456 194
1781 462 225
1782 466 221
1783 471 216
1784 472 215
1785 474 211
1786 383 305
1787 408 280
1788 416 272
1789 449 239
1790 469 219
1791 459 195
1792 458 194
1793 443 246
1794 477 212
1795 384 306
1796 386 304
1797 419 272
1798 449 242
1799 445 247
1800 468 200
1801 467 199
1802 433 260
1803 419 275
1804 447 247
1805 460 234
1806 480 214
1807 469 198
1808 468 197
1809 390 306
1810 426 271
1811 463 234
1812 479 218
1813 481 216
1814 388 310
1815 416 282
1816 452 246
1817 478 220
1818 392 307
1819 438 261
1820 472 227
1821 475 224
1822 476 223
1823 472 197
1824 478 222
1825 480 220
1826 390 311
1827 439 262
1828 460 241
1829 475 226
1830 477 224
1831 394 308
1832 396 306
1833 481 221
1834 484 218
1835 485 217
1836 485 207
1837 473 230
1838 474 229
1839 392 312
1840 432 272
1841 470 234
1842 480 224
1843 490 214
1844 491 213
1845 487 207
1846 398 307
1847 452 253
1848 454 252
1849 469 237
1850 470 236
1851 493 211
1852 466 241
1853 472 235
1854 440 268
1855 457 251
1856 464 244
1857 465 243
1858 470 238
1859 471 237
1860 489 219
1861 392 317
1862 459 250
1863 460 249
1864 476 233
1865 488 222
1866 498 212
1867 488 202
1868 464 247
1869 475 236
1870 492 219
1871 494 217
1872 394 318
1873 450 262
1874 491 221
1875 496 216
1876 496 208
1877 482 194
1878 407 306
1879 476 237
1880 490 223
1881 401 313
1882 454 260
1883 489 225
1884 490 200
1885 427 288
1886 448 267
1887 449 266
1888 487 228
1889 488 227
1890 485 194
1891 483 192
1892 406 310
1893 429 287
1894 498 219
1895 491 198
1896 399 319
1897 404 314
1898 405 313
1899 486 232
1900 496 222
1901 497 221
1902 503 209
1903 495 201
1904 485 234
1905 408 312
1906 409 311
1907 461 259
1908 484 236
1909 498 202
1910 486 190
1911 484 188
1912 483 238
1913 486 188
1914 482 241
1915 479 245
1916 480 244
1917 494 230
1918 497 227
1919 486 186
1920 416 309
1921 499 226
1922 488 187
1923 418 308
1924 419 307
1925 420 306
1926 493 191
1927 422 305
1928 423 304
1929 424 303
1930 493 234
1931 494 233
1932 496 231
1933 500 227
1934 514 211
1935 481 247
1936 505 201
1937 487 183
1938 472 257
1939 473 256
1940 474 255
1941 475 254
1942 476 253
1943 477 252
1944 492 237
1945 514 215
1946 410 320
1947 428 302
1948 429 301
1949 470 260
1950 471 259
1951 485 245
1952 490 240
1953 420 311
1954 487 244
1955 488 243
1956 505 226
1957 506 199
1958 488 181
1959 462 270
1960 463 269
1961 464 268
1962 465 267
1963 466 266
1964 471 261
1965 472 260
1966 491 183
1967 431 302
1968 433 301
1969 434 300
1970 460 274
1971 484 250
1972 507 197
1973 442 293
1974 490 179
1975 439 297
1976 440 296
1977 444 292
1978 445 291
1979 508 196
1980 447 290
1981 448 289
1982 491 178
1983 489 176
1984 509 195
1985 442 297
1986 443 296
1987 450 289
1988 498 183
1989 433 307
1990 452 288
1991 507 191
1992 502 186
1993 492 176
1994 446 296
1995 481 261
1996 483 259
1997 484 258
1998 485 257
1999 510 192
2000 509 191
2001 508 190
2002 448 295
2003 449 294
2004 450 293
2005 487 256
2006 488 255
2007 496 247
2008 493 174
2009 428 316
2010 452 292
2011 456 288
2012 462 282
2013 490 254
2014 491 253
2015 498 246
2016 499 245
2017 454 291
2018 484 261
2019 489 256
2020 510 189
2021 492 171
2022 456 290
2023 457 289
2024 486 260
2025 492 254
2026 493 170
2027 490 258
2028 494 254
2029 496 253
2030 494 169
2031 471 279
2032 472 278
2033 529 203
2034 500 174
2035 474 277
2036 534 207
2037 512 185
2038 493 166
2039 478 275
2040 501 252
2041 502 251
2042 514 239
2043 501 172
2044 494 165
2045 482 272
2046 483 271
2047 530 200
2048 529 199
2049 513 183
2050 485 270
2051 490 265
2052 492 263
2053 496 259
2054 534 203
2055 523 192
2056 500 169
2057 495 164
2058 498 258
2059 499 257
2060 505 251
2061 506 250
2062 507 249
2063 508 248
2064 536 204
2065 522 190
2066 502 170
2067 501 256
2068 523 234
2069 544 213
2070 494 161
2071 492 266
2072 493 265
2073 494 264
2074 496 262
2075 525 233
2076 526 232
2077 513 179
2078 500 166
2079 509 250
2080 510 249
2081 515 244
2082 522 237
2083 536 223
2084 502 258
2085 518 242
2086 519 241
2087 529 232
2088 543 218
2089 538 201
2090 516 246
2091 538 224
2092 501 163
2093 496 158
2094 514 249
2095 515 248
2096 500 264
2097 502 262
2098 503 261
2099 522 242
2100 523 241
2101 526 238
2102 545 219
2103 522 182
2104 528 237
2105 538 227
2106 540 199
2107 530 189
2108 516 175
2109 504 262
2110 505 261
2111 509 257
2112 510 256
2113 511 255
2114 512 254
2115 513 253
2116 515 251
2117 533 233
2118 534 232
2119 543 223
2120 532 190
2121 523 181
2122 507 260
2123 524 243
2124 497 154
2125 520 248
2126 521 247
2127 539 195
2128 533 189
2129 523 246
2130 527 242
2131 528 241
2132 529 240
2133 530 239
2134 524 179
2135 525 245
2136 526 244
2137 498 152
2138 540 193
2139 544 228
2140 545 227
2141 526 178
2142 505 157
2143 543 230
2144 555 206
2145 541 192
2146 541 233
2147 538 188
2148 527 177
2149 517 167
2150 563 212
2151 505 154
2152 556 204
2153 507 155
2154 542 189
2155 530 177
2156 565 213
2157 564 210
2158 557 203
2159 529 175
2160 508 154
2161 564 215
2162 543 188
2163 531 176
2164 518 163
2165 506 151
2166 520 260
2167 542 238
2168 559 221
2169 560 220
2170 535 179
2171 530 174
2172 528 253
2173 529 252
2174 539 242
2175 563 218
2176 532 175
2177 528 171
2178 519 162
2179 531 251
2180 543 239
2181 550 232
2182 561 221
2183 542 184
2184 533 250
2185 541 242
2186 545 238
2187 537 178
2188 532 173
2189 540 244
2190 548 236
2191 549 235
2192 551 233
2193 557 197
2194 541 181
2195 534 174
2196 542 243
2197 563 222
2198 565 204
2199 560 199
2200 530 169
2201 541 245
2202 559 227
2203 560 226
2204 561 225
2205 562 224
2206 537 175
2207 533 171
2208 558 229
2209 525 162
2210 538 250
2211 542 246
2212 553 235
2213 556 192
2214 530 166
2215 540 249
2216 556 233
2217 566 201
2218 561 195
2219 553 238
2220 554 237
2221 538 171
2222 529 162
2223 520 153
2224 508 141
2225 530 262
2226 543 249
2227 544 248
2228 552 240
2229 568 200
2230 546 247
2231 551 242
2232 509 140
2233 507 138
2234 536 258
2235 549 245
2236 550 244
2237 560 190
2238 526 156
2239 548 247
2240 569 198
2241 529 158
2242 509 138
2243 552 244
2244 548 175
2245 560 186
2246 559 185
2247 528 154
2248 507 133
2249 558 241
2250 559 240
2251 560 239
2252 561 238
2253 563 188
2254 527 152
2255 551 249
2256 562 186
2257 526 150
2258 559 182
2259 568 190
2260 525 147
2261 563 240
2262 545 166
2263 544 165
2264 563 183
2265 560 180
2266 543 163
2267 537 157
2268 509 129
2269 561 244
2270 562 180
2271 542 160
2272 510 128
2273 548 259
2274 556 252
2275 538 154
2276 565 180
2277 562 177
2278 511 126
2279 557 253
2280 568 181
2281 566 179
2282 537 150
2283 512 125
2284 563 174
2285 537 147
2286 559 256
2287 573 182
2288 540 148
2289 559 259
2290 565 171
2291 541 147
2292 568 173
2293 552 157
2294 547 152
2295 538 143
2296 516 121
2297 545 149
2298 529 133
2299 513 117
2300 542 145
2301 517 120
2302 557 159
2303 549 151
2304 536 138
2305 530 132
2306 567 168
2307 543 144
2308 539 140
2309 538 139
2310 535 136
2311 518 119
2312 514 115
2313 537 137
2314 533 133
2315 554 153
2316 549 148
2317 544 143
2318 536 135
2319 535 134
2320 515 114
2321 570 167
2322 545 142
2323 538 135
2324 537 134
2325 536 133
2326 569 165
2327 548 144
2328 558 153
2329 555 150
2330 537 132
2331 547 141
2332 534 128
2333 559 152
2334 517 110
2335 556 148
2336 548 140
2337 539 131
2338 578 169
2339 535 126
2340 518 109
2341 572 162
2342 549 139
2343 580 169
2344 568 157
2345 540 129
2346 536 125
2347 559 147
2348 550 138
2349 582 169
2350 581 168
2351 541 128
2352 572 158
2353 560 146
2354 538 124
2355 581 166
2356 570 154
2357 552 136
2358 548 132
2359 539 123
2360 584 167
2361 581 164
2362 561 144
2363 541 124
2364 522 105
2365 583 165
2366 553 135
2367 549 131
2368 540 122
2369 585 166
2370 523 104
2371 556 136
2372 545 125
2373 543 123
2374 541 121
2375 572 151
2376 563 142
2377 554 133
2378 546 124
2379 544 122
2380 542 120
2381 524 102
2382 522 100
2383 573 150
2384 564 141
2385 563 140
2386 558 135
2387 555 131
2388 547 123
2389 546 122
2390 543 119
2391 545 120
2392 592 167
2393 548 121
2394 546 119
2395 556 128
2396 594 167
2397 549 120
2398 548 119
2399 547 118
2400 528 99
2401 596 166
2402 557 126
2403 548 117
2404 576 144
2405 554 122
2406 550 118
2407 549 116
2408 517 94
2409 576 142
2410 601 165
2411 527 91
2412 558 121
2413 552 115
2414 528 90
2415 559 120
2416 553 114
2417 588 148
2418 529 89
2419 574 133
2420 560 119
2421 528 87
2422 595 153
2423 554 112
2424 543 101
2425 609 166
2426 598 155
2427 531 88
2428 520 81
2429 608 164
2430 556 112
2431 544 100
2432 607 162
2433 561 116
2434 612 166
2435 545 99
2436 534 87
2437 613 167
2438 611 163
2439 608 160
2440 578 130
2441 546 98
2442 582 133
2443 610 160
2444 579 129
2445 547 97
2446 535 85
2447 534 84
2448 531 81
2449 552 101
2450 580 128
2451 536 84
2452 532 80
2453 601 148
2454 553 100
2455 618 168
2456 603 149
2457 581 127
2458 606 151
2459 605 150
2460 554 99
2461 552 97
2462 609 153
2463 608 152
2464 582 126
2465 534 78
2466 620 169
2467 611 154
2468 565 108
2469 550 93
2470 615 157
2471 614 156
2472 583 125
2473 540 82
2474 535 77
2475 618 159
2476 617 158
2477 551 92
2478 539 80
2479 585 125
2480 567 107
2481 541 81
2482 536 76
2483 623 170
2484 625 168
2485 621 160
2486 540 79
2487 539 78
2488 623 161
2489 586 124
2490 585 123
2491 542 80
2492 537 75
2493 594 131
2494 625 171
2495 627 169
2496 596 132
2497 587 123
2498 586 122
2499 570 106
2500 543 79
2501 542 78
2502 538 74
2503 629 164
2504 588 122
2505 589 121
2506 573 105
2507 564 96
2508 544 76
2509 595 126
2510 630 173
2511 606 135
2512 590 119
2513 633 172
2514 592 119
2515 591 118
2516 546 73
2517 632 174
2518 582 108
2519 619 144
2520 618 143
2521 602 127
2522 592 117
2523 580 105
2524 547 72
2525 635 173
2526 627 151
2527 626 150
2528 625 149
2529 624 148
2530 623 147
2531 605 129
2532 604 128
2533 594 118
2534 630 153
2535 629 152
2536 617 140
2537 616 139
2538 615 138
2539 614 137
2540 610 133
2541 609 132
2542 607 130
2543 582 105
2544 633 155
2545 632 154
2546 613 135
2547 612 134
2548 595 117
2549 642 163
2550 641 162
2551 635 156
2552 638 174
2553 645 165
2554 644 164
2555 638 158
2556 640 159
2557 625 144
2558 552 71
2559 628 146
2560 597 115
2561 641 174
2562 561 78
2563 598 114
2564 555 70
2565 643 175
2566 634 148
2567 633 147
2568 614 128
2569 601 115
2570 589 102
2571 598 110
2572 552 64
2573 638 149
2574 557 68
2575 644 178
2576 649 173
2577 655 165
2578 618 128
2579 604 114
2580 657 166
2581 558 67
2582 554 63
2583 648 176
2584 620 128
2585 592 100
2586 586 94
2587 646 179
2588 655 162
2589 619 126
2590 615 122
2591 606 113
2592 588 95
2593 649 177
2594 635 141
2595 618 124
2596 617 123
2597 614 120
2598 647 180
2599 654 159
2600 609 114
2601 562 67
2602 658 170
2603 628 132
2604 648 181
2605 653 156
2606 581 82
2607 565 66
2608 653 179
2609 612 112
2610 657 176
2611 658 175
2612 622 121
2613 654 180
2614 624 122
2615 617 115
2616 568 66
2617 658 177
2618 660 175
2619 570 67
2620 655 181
2621 566 62
2622 661 176
2623 652 147
2624 627 122
2625 605 100
2626 659 179
2627 631 125
2628 623 117
2629 619 113
2630 657 182
2631 658 181
2632 621 114
2633 660 180
2634 662 178
2635 616 108
2636 659 182
2637 625 116
2638 618 109
2639 571 62
2640 661 181
2641 663 179
2642 577 67
2643 574 64
2644 660 183
2645 669 158
2646 624 113
2647 623 112
2648 642 130
2649 626 114
2650 660 185
2651 661 184
2652 679 166
2653 677 164
2654 653 140
2655 644 131
2656 641 128
2657 640 127
2658 639 126
2659 664 182
2660 676 162
2661 652 138
2662 650 136
2663 638 124
2664 592 78
2665 591 77
2666 590 76
2667 660 187
2668 680 167
2669 669 154
2670 636 121
2671 635 120
2672 634 119
2673 628 113
2674 674 158
2675 672 156
2676 668 152
2677 666 150
2678 663 186
2679 664 185
2680 665 184
2681 681 168
2682 681 164
2683 665 148
2684 652 135
2685 633 116
2686 674 176
2687 678 160
2688 664 146
2689 650 132
2690 649 131
2691 666 185
2692 682 169
2693 669 150
2694 668 149
2695 663 144
2696 617 98
2697 616 97
2698 615 96
2699 679 159
2700 650 130
2701 649 129
2702 667 186
2703 668 185
2704 684 163
2705 665 144
2706 664 143
2707 663 142
2708 652 131
2709 618 97
2710 617 96
2711 678 176
2712 684 170
2713 661 139
2714 660 138
2715 659 137
2716 648 126
2717 617 94
2718 685 171
2719 683 159
2720 682 158
2721 681 157
2722 680 156
2723 679 155
2724 619 95
2725 616 92
2726 615 91
2727 688 169
2728 691 166
2729 687 162
2730 678 153
2731 677 152
2732 676 151
2733 628 103
2734 627 102
2735 686 172
2736 690 164
2737 683 157
2738 673 147
2739 615 89
2740 614 88
2741 597 71
2742 666 193
2743 679 180
2744 689 170
2745 631 104
2746 629 102
2747 628 101
2748 627 100
2749 626 99
2750 613 86
2751 687 173
2752 674 146
2753 673 145
2754 671 143
2755 670 142
2756 669 141
2757 638 110
2758 637 109
2759 634 106
2760 633 105
2761 604 76
2762 602 74
2763 601 73
2764 690 171
2765 666 137
2766 665 136
2767 664 135
2768 667 195
2769 680 182
2770 686 156
2771 582 52
2772 689 174
2773 680 149
2774 637 106
2775 614 83
2776 613 82
2777 612 81
2778 603 72
2779 684 180
2780 694 170
2781 672 140
2782 585 53
2783 584 52
2784 668 197
2785 690 175
2786 683 150
2787 611 78
2788 610 77
2789 609 76
2790 608 75
2791 606 73
2792 684 182
2793 692 174
2794 694 172
2795 682 148
2796 678 144
2797 676 142
2798 674 140
2799 673 139
2800 668 199
2801 691 176
2802 694 159
2803 682 186
2804 695 173
2805 698 162
2806 692 156
2807 691 155
2808 690 154
2809 689 153
2810 688 152
2811 677 141
2812 674 138
2813 634 98
2814 606 70
2815 605 69
2816 604 68
2817 686 183
2818 692 177
2819 703 166
2820 702 165
2821 701 164
2822 700 163
2823 673 136
2824 670 133
2825 691 179
2826 696 174
2827 699 161
2828 698 160
2829 697 159
2830 696 158
2831 695 157
2832 690 152
2833 689 151
2834 684 146
2835 676 138
2836 640 102
2837 639 101
2838 636 98
2839 612 74
2840 611 73
2841 687 184
2842 693 178
2843 704 167
2844 694 155
2845 693 154
2846 681 142
2847 680 141
2848 667 128
2849 586 47
2850 695 177
2851 700 160
2852 699 159
2853 698 158
2854 674 134
2855 666 126
2856 699 174
2857 687 146
2858 686 145
2859 683 142
2860 682 141
2861 705 169
2862 692 150
2863 691 149
2864 690 148
2865 689 147
2866 685 143
2867 680 138
2868 672 130
2869 671 129
2870 670 128
2871 669 127
2872 668 126
2873 666 124
2874 688 187
2875 697 178
2876 701 174
2877 707 164
2878 706 163
2879 705 162
2880 688 145
2881 687 144
2882 662 119
2883 665 211
2884 695 181
2885 706 170
2886 710 166
2887 709 165
2888 685 141
2889 684 140
2890 697 180
2891 698 179
2892 702 175
2893 704 159
2894 703 158
2895 690 145
2896 677 132
2897 676 131
2898 664 119
2899 663 118
2900 696 182
2901 701 177
2902 707 171
2903 702 156
2904 701 155
2905 700 154
2906 683 137
2907 668 122
2908 666 120
2909 648 102
2910 698 181
2911 699 180
2912 703 176
2913 689 142
2914 688 141
2915 666 214
2916 697 183
2917 702 178
2918 682 134
2919 661 113
2920 699 182
2921 681 132
2922 680 131
2923 679 130
2924 677 128
2925 676 127
2926 675 126
2927 674 125
2928 673 124
2929 672 123
2930 671 122
2931 670 121
2932 669 120
2933 675 207
2934 686 196
2935 688 194
2936 703 179
2937 699 184
2938 700 183
2939 667 217
2940 702 182
2941 704 180
2942 678 207
2943 684 201
2944 701 184
2945 711 174
2946 668 219
2947 679 208
2948 686 201
2949 702 185
2950 713 175
2951 685 129
2952 669 220
2953 680 209
2954 693 196
2955 676 214
2956 692 198
2957 703 187
2958 694 197
2959 705 186
2960 697 195
2961 704 188
2962 716 176
2963 670 223
2964 679 214
2965 701 192
2966 681 213
2967 698 196
2968 717 177
2969 682 120
2970 671 224
2971 680 215
2972 693 202
2973 697 198
2974 682 214
2975 700 196
2976 706 190
2977 708 188
2978 718 178
2979 698 199
2980 699 198
2981 672 226
2982 694 204
2983 701 197
2984 704 194
2985 709 189
2986 683 216
2987 700 199
2988 708 191
2989 673 227
2990 702 198
2991 682 219
2992 684 217
2993 711 190
2994 674 228
2995 699 203
2996 700 202
2997 722 180
2998 683 220
2999 684 219
3000 702 201
3001 707 196
3002 713 191
3003 675 230
3004 684 221
3005 703 202
3006 707 198
3007 708 197
3008 724 181
3009 676 231
3010 685 222
3011 709 198
3012 715 192
3013 725 182
3014 697 212
3015 703 206
3016 696 214
3017 709 201
3018 711 199
3019 727 183
3020 685 226
3021 687 224
3022 717 194
3023 718 193
3024 678 234
3025 704 208
3026 728 184
3027 688 225
3028 710 203
3029 718 195
3030 719 194
3031 720 193
3032 707 207
3033 680 235
3034 705 210
3035 709 206
3036 730 185
3037 721 195
3038 722 194
3039 711 206
3040 713 204
3041 732 185
3042 699 219
3043 708 210
3044 722 196
3045 706 213
3046 742 177
3047 683 237
3048 700 220
3049 710 210
3050 714 206
3051 717 203
3052 722 198
3053 732 188
3054 734 186
3055 724 197
3056 747 174
3057 684 238
3058 715 207
3059 723 199
3060 734 188
3061 735 187
3062 711 212
3063 714 209
3064 727 196
3065 679 245
3066 726 198
3067 686 239
3068 705 220
3069 713 212
3070 715 210
3071 717 208
3072 725 200
3073 737 188
3074 750 175
3075 680 246
3076 712 214
3077 730 196
3078 736 190
3079 714 213
3080 716 211
3081 721 206
3082 727 200
3083 738 189
3084 688 240
3085 710 219
3086 713 216
3087 715 214
3088 717 212
3089 728 201
3090 738 191
3091 753 176
3092 682 248
3093 684 246
3094 731 199
3095 740 190
3096 690 241
3097 704 227
3098 708 223
3099 714 217
3100 716 215
3101 720 211
3102 729 202
3103 685 247
3104 723 209
3105 740 192
3106 755 177
3107 705 228
3108 707 226
3109 708 225
3110 721 212
3111 731 202
3112 732 201
3113 733 200
3114 692 242
3115 717 217
3116 719 215
3117 724 210
3118 732 203
3119 684 253
3120 700 237
3121 718 219
3122 695 243
3123 734 204
3124 744 194
3125 701 238
3126 714 225
3127 686 254
3128 710 230
3129 734 206
3130 697 244
3131 746 195
3132 687 255
3133 702 240
3134 703 239
3135 735 207
3136 756 186
3137 747 196
3138 689 255
3139 699 245
3140 720 224
3141 724 220
3142 736 208
3143 739 205
3144 757 187
3145 693 252
3146 705 240
3147 744 201
3148 689 257
3149 701 245
3150 737 209
3151 740 206
3152 749 197
3153 693 254
3154 694 253
3155 755 192
3156 714 234
3157 738 210
3158 740 208
3159 750 198
3160 761 187
3161 692 257
3162 708 241
3163 695 255
3164 704 246
3165 726 224
3166 741 209
3167 751 199
3168 764 186
3169 702 249
3170 722 229
3171 740 211
3172 719 233
3173 752 200
3174 759 193
3175 710 243
3176 725 228
3177 746 207
3178 766 187
3179 695 259
3180 707 247
3181 763 191
3182 705 250
3183 724 231
3184 726 229
3185 747 208
3186 768 187
3187 711 245
3188 712 244
3189 736 220
3190 721 236
3191 728 229
3192 735 222
3193 754 203
3194 755 202
3195 698 260
3196 737 221
3197 742 216
3198 713 246
3199 727 232
3200 736 223
3201 748 211
3202 756 203
3203 765 194
3204 701 260
3205 703 258
3206 748 213
3207 765 196
3208 705 257
3209 709 253
3210 718 244
3211 732 230
3212 738 224
3213 750 212
3214 715 248
3215 737 226
3216 748 215
3217 779 184
3218 705 259
3219 731 233
3220 732 232
3221 740 224
3222 738 227
3223 776 189
3224 719 247
3225 740 226
3226 750 216
3227 739 228
3228 714 254
3229 751 217
3230 766 202
3231 738 231
3232 740 229
3233 769 200
3234 722 248
3235 750 220
3236 767 203
3237 772 198
3238 712 259
3239 724 247
3240 760 211
3241 781 190
3242 742 230
3243 768 204
3244 720 253
3245 782 191
3246 719 255
3247 725 249
3248 761 213
3249 769 205
3250 779 195
3251 786 188
3252 722 253
3253 735 240
3254 744 231
3255 753 222
3256 768 207
3257 772 204
3258 717 260
3259 737 240
3260 762 215
3261 769 208
3262 775 202
3263 789 188
3264 724 254
3265 746 232
3266 754 224
3267 718 261
3268 719 260
3269 723 256
3270 763 216
3271 778 201
3272 790 189
3273 786 194
3274 748 233
3275 791 190
3276 720 262
3277 727 255
3278 755 227
3279 775 207
3280 793 189
3281 749 234
3282 723 261
3283 756 228
3284 778 206
3285 788 196
3286 735 250
3287 728 258
3288 755 231
3289 726 262
3290 737 251
3291 757 231
3292 772 216
3293 732 257
3294 749 240
3295 756 234
3296 758 232
3297 772 218
3298 794 196
3299 733 258
3300 751 240
3301 770 221
3302 800 191
3303 801 190
3304 740 252
3305 757 235
3306 787 205
3307 771 222
3308 773 220
3309 802 191
3310 731 263
3311 759 235
3312 770 224
3313 742 253
3314 749 246
3315 774 221
3316 804 191
3317 733 263
3318 760 236
3319 773 223
3320 778 218
3321 775 222
3322 805 192
3323 735 263
3324 774 224
3325 779 219
3326 776 223
3327 807 192
3328 736 264
3329 741 259
3330 746 254
3331 762 238
3332 774 226
3333 780 220
3334 781 219
3335 761 240
3336 777 224
3337 773 229
3338 781 221
3339 782 220
3340 740 263
3341 778 225
3342 784 219
3343 799 204
3344 783 221
3345 745 260
3346 773 232
3347 753 253
3348 786 220
3349 800 206
3350 803 203
3351 810 198
3352 744 265
3353 749 260
3354 782 228
3355 788 222
3356 811 199
3357 759 252
3358 748 264
3359 783 229
3360 786 226
3361 802 210
3362 803 209
3363 804 208
3364 771 242
3365 806 207
3366 763 251
3367 787 227
3368 788 226
3369 750 265
3370 753 262
3371 779 236
3372 785 230
3373 761 255
3374 787 229
3375 752 265
3376 757 260
3377 785 232
3378 762 256
3379 789 230
3380 757 263
3381 760 260
3382 768 252
3383 777 243
3384 786 234
3385 788 233
3386 791 231
3387 800 222
3388 822 200
3389 772 251
3390 788 235
3391 789 234
3392 794 230
3393 800 224
3394 808 216
3395 812 212
3396 776 249
3397 793 232
3398 790 236
3399 779 248
3400 797 230
3401 809 218
3402 764 264
3403 769 259
3404 802 226
3405 821 207
3406 827 201
3407 771 258
3408 778 251
3409 786 243
3410 810 220
3411 795 236
3412 804 228
3413 830 202
3414 801 232
3415 806 227
3416 817 216
3417 805 229
3418 774 261
3419 811 224
3420 832 203
3421 777 259
3422 813 223
3423 779 258
3424 790 247
3425 802 235
3426 812 225
3427 835 202
3428 824 214
3429 834 204
3430 791 248
3431 804 235
3432 780 260
3433 807 233
3434 808 232
3435 809 231
3436 837 203
3437 805 236
3438 782 260
3439 836 206
3440 792 251
3441 839 204
3442 826 218
3443 828 217
3444 829 216
3445 838 207
3446 799 248
3447 801 246
3448 839 208
3449 816 232
3450 842 206
3451 800 250
3452 802 249
3453 808 243
3454 844 207
3455 793 259
3456 847 197
3457 804 249
3458 811 242
3459 812 241
3460 794 260
3461 810 244
3462 851 199
3463 850 198
3464 815 240
3465 807 249
3466 854 200
3467 853 199
3468 850 196
3469 799 258
3470 801 256
3471 813 244
3472 814 243
3473 815 242
3474 817 240
3475 808 250
3476 811 247
3477 812 246
3478 819 239
3479 852 196
3480 851 195
3481 821 238
3482 853 195
3483 805 256
3484 816 245
3485 817 244
3486 824 237
3487 811 251
3488 812 250
3489 814 248
3490 839 223
3491 840 222
3492 858 198
3493 857 197
3494 854 193
3495 805 259
3496 816 248
3497 818 246
3498 819 245
3499 822 242
3500 854 210
3501 859 197
3502 821 244
3503 856 209
3504 855 192
3505 858 208
3506 861 205
3507 820 247
3508 821 246
3509 863 204
3510 864 203
3511 866 201
3512 861 196
3513 808 260
3514 823 245
3515 824 244
3516 825 243
3517 831 237
3518 841 227
3519 842 226
3520 860 194
3521 827 242
3522 833 236
3523 834 235
3524 848 221
3525 849 220
3526 867 200
3527 858 191
3528 857 190
3529 829 241
3530 854 216
3531 869 201
3532 860 192
3533 831 240
3534 856 215
3535 859 212
3536 860 211
3537 863 194
3538 833 239
3539 862 192
3540 859 189
3541 846 227
3542 870 199
3543 840 234
3544 841 233
3545 848 226
3546 864 210
3547 863 191
3548 860 215
3549 861 214
3550 871 198
3551 862 189
3552 861 188
3553 850 226
3554 853 223
3555 868 208
3556 866 192
3557 825 252
3558 855 222
3559 864 213
3560 864 189
3561 827 251
3562 848 230
3563 867 191
3564 862 186
3565 868 211
3566 832 248
3567 870 210
3568 874 196
3569 870 192
3570 866 188
3571 872 209
3572 876 197
3573 838 244
3574 839 243
3575 866 216
3576 874 208
3577 876 207
3578 877 206
3579 876 195
3580 870 189
3581 868 187
3582 860 224
3583 861 223
3584 878 196
3585 863 222
3586 864 221
3587 881 204
3588 868 185
3589 860 226
3590 861 225
3591 862 224
3592 880 206
3593 879 195
3594 873 189
3595 882 205
3596 875 190
3597 869 184
3598 884 204
3599 873 187
3600 867 222
3601 887 202
3602 881 194
3603 875 188
3604 880 210
3605 864 227
3606 872 219
3607 873 218
3608 882 193
3609 876 187
3610 875 186
3611 874 185
3612 870 222
3613 855 238
3614 885 194
3615 880 214
3616 876 184
3617 878 185
3618 862 234
3619 892 204
3620 886 192
3621 877 182
3622 872 226
3623 893 206
3624 880 183
3625 872 228
3626 884 217
3627 888 213
3628 889 190
3629 880 222
3630 898 204
3631 897 197
3632 893 193
3633 876 227
3634 902 201
3635 899 198
3636 883 221
3637 885 220
3638 888 217
3639 903 202
3640 904 201
3641 902 199
3642 895 192
3643 898 208
3644 890 217
3645 898 210
3646 904 204
3647 906 202
3648 905 205
3649 888 180
3650 886 178
3651 885 226
3652 903 194
3653 902 193
3654 889 179
3655 894 219
3656 899 214
3657 906 207
3658 909 197
3659 895 183
3660 893 180
3661 891 178
3662 886 230
3663 890 226
3664 907 209
3665 900 217
3666 915 200
3667 893 178
3668 913 197
3669 902 186
3670 899 183
3671 908 211
3672 889 231
3673 898 222
3674 895 177
3675 894 176
3676 893 228
3677 918 204
3678 895 228
3679 909 214
3680 898 177
3681 900 224
3682 919 206
3683 894 232
3684 924 202
3685 923 199
3686 922 198
3687 901 226
3688 910 217
3689 920 207
3690 898 230
3691 896 233
3692 902 227
3693 921 209
3694 899 233
3695 911 221
3696 922 210
3697 930 203
3698 931 204
3699 901 235
3700 912 224
3701 923 213
3702 926 210
3703 928 209
3704 932 205
3705 903 236
3706 933 206
3707 914 226
3708 931 209
3709 912 229
3710 924 217
3711 934 207
3712 933 209
3713 925 218
3714 914 230
3715 935 209
3716 940 205
3717 928 218
3718 936 211
3719 914 234
3720 925 223
3721 926 222
3722 927 221
3723 932 216
3724 908 242
3725 915 235
3726 926 224
3727 929 221
3728 911 240
3729 938 213
3730 909 243
3731 916 236
3732 927 225
3733 911 242
3734 917 237
3735 930 224
3736 936 218
3737 937 217
3738 938 216
3739 945 209
3740 928 227
3741 934 221
3742 911 245
3743 939 217
3744 946 210
3745 925 232
3746 931 226
3747 910 248
3748 918 240
3749 929 229
3750 912 247
3751 926 233
3752 940 219
3753 911 249
3754 919 241
3755 940 222
3756 927 236
3757 942 221
3758 947 216
3759 913 251
3760 915 249
3761 940 224
3762 920 245
3763 928 238
3764 929 237
3765 932 234
3766 914 253
3767 943 224
3768 948 219
3769 920 248
3770 929 239
3771 930 238
3772 915 254
3773 941 228
3774 949 220
3775 931 239
3776 933 237
3777 934 236
3778 944 226
3779 915 256
3780 941 230
3781 950 221
3782 932 240
3783 934 239
3784 950 223
3785 922 252
3786 923 251
3787 937 237
3788 932 243
3789 935 240
3790 942 234
3791 952 224
3792 934 243
3793 937 240
3794 938 239
3795 923 255
3796 924 254
3797 936 242
3798 947 231
3799 953 225
3800 935 244
3801 938 242
3802 943 237
3803 937 244
3804 955 226
3805 925 257
3806 953 229
3807 939 244
3808 938 246
3809 944 240
3810 920 266
3811 944 242
3812 953 233
3813 956 230
3814 926 262
3815 930 258
3816 957 232
3817 921 269
3818 931 259
3819 945 245
3820 952 238
3821 943 248
3822 950 242
3823 932 261
3824 946 247
3825 957 236
3826 926 268
3827 941 253
3828 953 241
3829 933 262
3830 938 258
3831 954 243
3832 927 271
3833 934 264
3834 955 244
3835 928 273
3836 935 266
3837 929 275
3838 936 268
3839 942 262
3840 935 270
3841 944 261
3842 949 256
3843 950 255
3844 930 276
3845 956 250
3846 947 260
3847 931 277
3848 950 258
3849 936 273
3850 932 279
3851 937 274
3852 939 272
3853 938 275
3854 957 256
3855 952 263
3856 957 260
3857 953 267
3858 15.5 165
3859 16.5 165
3860 17 166.5
3861 17.5 167
3862 20.5 165
3863 19 168.5
3864 20 168.5
3865 23 166.5
3866 21 169.5
3867 15 152.5
3868 23 168.5
3869 25 167.5
3870 26 168.5
3871 31 162.5
3872 23.5 174
3873 28.5 170
3874 34 165.5
3875 30.5 172
3876 36 166.5
3877 31.5 172
3878 39.5 164
3879 33.5 173
3880 41.5 165
3881 33.5 174
3882 33 174.5
3883 40 160.5
3884 39 159.5
3885 31 177.5
3886 43.5 166
3887 42 159.5
3888 36 175.5
3889 45.5 166
3890 37.5 176
3891 47.5 166
3892 33.5 181
3893 43 171.5
3894 46.5 168
3895 47 167.5
3896 49 166.5
3897 39.5 178
3898 50 167.5
3899 53.5 163
3900 46 173.5
3901 41.5 179
3902 51.5 169
3903 55 162.5
3904 20.5 128
3905 53 168.5
3906 54 167.5
3907 55.5 166
3908 55 166.5
3909 17 123.5
3910 48 174.5
3911 55.5 161
3912 54.5 160
3913 22.5 128
3914 43 180.5
3915 52.5 171
3916 55.5 160
3917 54.5 159
3918 16.5 121
3919 44 181.5
3920 55 170.5
3921 57 159.5
3922 29 131.5
3923 57.5 159
3924 56 157.5
3925 54.5 156
3926 30 131.5
3927 19.5 121
3928 44 183.5
3929 55 172.5
3930 59.5 168
3931 31 131.5
3932 17 117.5
3933 45.5 183
3934 52 176.5
3935 61.5 167
3936 64 164.5
3937 20.5 120
3938 38 191.5
3939 55 174.5
3940 58.5 171
3941 60 169.5
3942 63.5 166
3943 58.5 157
3944 32 130.5
3945 27.5 126
3946 47 183.5
3947 53 177.5
3948 59 171.5
3949 61.5 169
3950 62.5 168
3951 57 154.5
3952 29.5 127
3953 58.5 173
3954 62.5 169
3955 61.5 158
3956 34 130.5
3957 39.5 193
3958 62 170.5
3959 48.5 185
3960 62.5 171
3961 68.5 165
3962 68 162.5
3963 36.5 131
3964 25.5 120
3965 49 185.5
3966 57.5 177
3967 66 168.5
3968 38 131.5
3969 41.5 194
3970 50 185.5
3971 56 179.5
3972 61 174.5
3973 36 128.5
3974 33 125.5
3975 61 175.5
3976 65 156.5
3977 42 195.5
3978 66 171.5
3979 65.5 156
3980 33.5 124
3981 52 186.5
3982 58 180.5
3983 69.5 169
3984 72 166.5
3985 65 154.5
3986 64 153.5
3987 44 195.5
3988 59 180.5
3989 65.5 174
3990 68.5 171
3991 37 125.5
3992 53.5 187
3993 72 168.5
3994 74.5 166
3995 73.5 161
3996 39 126.5
3997 33.5 121
3998 45 196.5
3999 70.5 171
4000 72.5 169
4001 76.5 165
4002 76.5 163
4003 75.5 162
4004 74 160.5
4005 69 155.5
4006 62 180.5
4007 67.5 175
4008 74 168.5
4009 75.5 167
4010 77 165.5
4011 78 164.5
4012 73.5 159
4013 55 188.5
4014 61.5 182
4015 66 177.5
4016 78.5 165
4017 36.5 121
4018 47 197.5
4019 54 190.5
4020 62 182.5
4021 63.5 181
4022 65 179.5
4023 79.5 163
4024 70 153.5
4025 48 198.5
4026 55 191.5
4027 57 189.5
4028 63 183.5
4029 67 179.5
4030 76.5 170
4031 42 123.5
4032 75 172.5
4033 58 190.5
4034 63.5 185
4035 65.5 183
4036 65 183.5
4037 73.5 175
4038 74.5 174
4039 81.5 167
4040 81 167.5
4041 76.5 156
4042 41 120.5
4043 78 171.5
4044 83.5 162
4045 56.5 194
4046 65 185.5
4047 67 183.5
4048 69 181.5
4049 80 157.5
4050 78 155.5
4051 19.5 97
4052 81.5 170
4053 81 170.5
4054 85.5 166
4055 87 164.5
4056 26 102.5
4057 69 183.5
4058 78.5 174
4059 44.5 120
4060 20.5 96
4061 67.5 186
4062 76.5 177
4063 36.5 111
4064 28 102.5
4065 23 97.5
4066 67 187.5
4067 71.5 183
4068 78.5 176
4069 87 167.5
4070 88.5 162
4071 49.5 123
4072 38 111.5
4073 26.5 100
4074 23.5 97
4075 68 187.5
4076 73 182.5
4077 76.5 179
4078 83 172.5
4079 37.5 110
4080 36 108.5
4081 70.5 186
4082 83 173.5
4083 55 126.5
4084 39 110.5
4085 71.5 186
4086 75 182.5
4087 56.5 127
4088 51.5 122
4089 36 106.5
4090 35.5 106
4091 34 104.5
4092 30.5 101
4093 71 187.5
4094 82.5 176
4095 51 120.5
4096 38 107.5
4097 20.5 90
4098 72.5 187
4099 73 186.5
4100 88.5 171
4101 50.5 119
4102 40.5 109
4103 37 105.5
4104 30.5 99
4105 24 92.5
4106 21.5 90
4107 21 89.5
4108 77.5 183
4109 36 103.5
4110 34 101.5
4111 27.5 95
4112 26 93.5
4113 21.5 89
4114 87.5 174
4115 39.5 106
4116 25 91.5
4117 54 119.5
4118 39.5 105
4119 24.5 90
4120 23 88.5
4121 22 87.5
4122 72.5 191
4123 75 188.5
4124 44.5 109
4125 23.5 88
4126 73 191.5
4127 75 189.5
4128 98 166.5
4129 26.5 90
4130 78.5 187
4131 90.5 175
4132 96 169.5
4133 97.5 168
4134 58.5 121
4135 34 96.5
4136 30 92.5
4137 23 85.5
4138 21.5 84
4139 75 191.5
4140 33.5 95
4141 68 199.5
4142 96.5 171
4143 31 91.5
4144 23.5 84
4145 22 82.5
4146 95 173.5
4147 88 181.5
4148 85.5 185
4149 86.5 184
4150 89 181.5
4151 95.5 175
4152 38.5 96
4153 30.5 88
4154 71 200.5
4155 91 180.5
4156 98 173.5
4157 86.5 186
4158 92 180.5
4159 93.5 179
4160 38 93.5
4161 72.5 201
4162 88.5 185
4163 95 178.5
4164 86.5 188
4165 42.5 96
4166 39 92.5
4167 93.5 182
4168 98 177.5
4169 36 88.5
4170 89 187.5
4171 95 181.5
4172 60 111.5
4173 86.5 191
4174 87.5 190
4175 93 184.5
4176 99.5 178
4177 50 100.5
4178 44 94.5
4179 41.5 92
4180 83.5 195
4181 103 175.5
4182 63 112.5
4183 43.5 93
4184 76.5 203
4185 93 186.5
4186 97.5 182
4187 108 171.5
4188 94.5 143
4189 94.5 186
4190 95.5 185
4191 95 185.5
4192 55 102.5
4193 77.5 204
4194 98.5 183
4195 104.5 177
4196 59.5 106
4197 55.5 102
4198 55 101.5
4199 45.5 92
4200 95 187.5
4201 98.5 184
4202 83.5 129
4203 94 189.5
4204 97.5 186
4205 98 185.5
4206 83 127.5
4207 57 101.5
4208 46.5 91
4209 79.5 205
4210 92 135.5
4211 90.5 134
4212 59 102.5
4213 84 126.5
4214 80.5 206
4215 98 188.5
4216 99.5 187
4217 105 181.5
4218 85.5 127
4219 51 92.5
4220 93 194.5
4221 123.5 164
4222 123 164.5
4223 63.5 104
4224 62.5 103
4225 61 101.5
4226 51 91.5
4227 81.5 207
4228 95 193.5
4229 99 189.5
4230 101.5 187
4231 97 136.5
4232 77.5 117
4233 65.5 105
4234 125 163.5
4235 72 110.5
4236 68 106.5
4237 83.5 207
4238 92.5 198
4239 94.5 196
4240 104 186.5
4241 105 185.5
4242 125 165.5
4243 98 135.5
4244 97.5 135
4245 83 120.5
4246 69 106.5
4247 66 103.5
4248 65 102.5
4249 121 170.5
4250 126.5 165
4251 81 117.5
4252 67.5 104
4253 54.5 91
4254 94 198.5
4255 101 191.5
4256 126.5 166
4257 128 164.5
4258 100 193.5
4259 101.5 192
4260 101 192.5
4261 105.5 188
4262 127 166.5
4263 93 127.5
4264 71 105.5
4265 86 208.5
4266 98 196.5
4267 103.5 137
4268 93.5 127
4269 60.5 94
4270 104.5 191
4271 129 166.5
4272 131 164.5
4273 87 119.5
4274 78 110.5
4275 54 86.5
4276 101.5 195
4277 104 192.5
4278 105 191.5
4279 129 167.5
4280 100 131.5
4281 93 124.5
4282 87.5 119
4283 87.5 210
4284 99.5 198
4285 126.5 157
4286 99.5 130
4287 88.5 119
4288 101 197.5
4289 129.5 169
4290 131.5 167
4291 95.5 125
4292 87.5 117
4293 66 95.5
4294 106 193.5
4295 105 133.5
4296 103.5 132
4297 63.5 92
4298 89.5 211
4299 100 200.5
4300 101 199.5
4301 129.5 157
4302 99 126.5
4303 126.5 175
4304 130.5 157
4305 107 133.5
4306 94 120.5
4307 70.5 97
4308 59 85.5
4309 91.5 211
4310 106 196.5
4311 115.5 187
4312 135 160.5
4313 116.5 142
4314 115.5 141
4315 110 135.5
4316 105 198.5
4317 106 197.5
4318 108 195.5
4319 130 173.5
4320 132.5 171
4321 133.5 158
4322 131.5 156
4323 109 195.5
4324 130 174.5
4325 133 171.5
4326 93.5 212
4327 106 199.5
4328 111 194.5
4329 117 188.5
4330 132 154.5
4331 118.5 141
4332 105 127.5
4333 62.5 85
4334 110 196.5
4335 132 174.5
4336 135.5 157
4337 123 144.5
4338 113 194.5
4339 116.5 191
4340 120.5 187
4341 137 170.5
4342 120.5 141
4343 111.5 132
4344 106 126.5
4345 105 125.5
4346 95 115.5
4347 109 199.5
4348 136 172.5
4349 140.5 160
4350 137.5 157
4351 115 134.5
4352 114 133.5
4353 113.5 133
4354 108.5 128
4355 103.5 123
4356 73 92.5
4357 96 213.5
4358 110.5 199
4359 113.5 196
4360 133 176.5
4361 138 171.5
4362 103.5 122
4363 70.5 89
4364 115 195.5
4365 124.5 186
4366 130.5 148
4367 100 117.5
4368 71.5 89
4369 137.5 174
4370 138 154.5
4371 137 153.5
4372 127.5 144
4373 109 125.5
4374 76 92.5
4375 68 84.5
4376 98 214.5
4377 106.5 206
4378 114 198.5
4379 140 172.5
4380 76 91.5
4381 112 201.5
4382 113.5 200
4383 115.5 198
4384 115 198.5
4385 146.5 167
4386 119.5 195
4387 121 193.5
4388 139.5 175
4389 118 131.5
4390 108 121.5
4391 104 117.5
4392 73 86.5
4393 100 215.5
4394 116.5 199
4395 119 196.5
4396 131 184.5
4397 142 173.5
4398 128 140.5
4399 82.5 95
4400 78 90.5
4401 143 173.5
4402 147 158.5
4403 144 155.5
4404 143 154.5
4405 133 144.5
4406 125.5 137
4407 100.5 112
4408 96 107.5
4409 109 208.5
4410 115.5 202
4411 118 199.5
4412 119 198.5
4413 120 197.5
4414 141.5 176
4415 133.5 144
4416 108.5 119
4417 107.5 118
4418 105 115.5
4419 102 216.5
4420 116 202.5
4421 117.5 201
4422 144 174.5
4423 148 157.5
4424 132.5 142
4425 131 140.5
4426 129 138.5
4427 127.5 137
4428 127 136.5
4429 125 134.5
4430 104 113.5
4431 111 208.5
4432 124 195.5
4433 131 188.5
4434 134 185.5
4435 135 184.5
4436 137 182.5
4437 130 138.5
4438 108.5 117
4439 84 92.5
4440 118 202.5
4441 119 201.5
4442 150 157.5
4443 129 136.5
4444 104.5 217
4445 134.5 187
4446 132 138.5
4447 131 137.5
4448 127.5 134
4449 85 91.5
4450 80.5 87
4451 123 199.5
4452 138 184.5
4453 145 177.5
4454 147 175.5
4455 151.5 171
4456 157.5 165
4457 80 85.5
4458 129 194.5
4459 139.5 184
4460 140.5 145
4461 116.5 121
4462 115.5 120
4463 114 210.5
4464 130.5 194
4465 133.5 137
4466 149 176.5
4467 153.5 172
4468 141 143.5
4469 136 138.5
4470 117.5 120
4471 101.5 104
4472 108.5 218
4473 108 218.5
4474 115 211.5
4475 117.5 209
4476 126.5 200
4477 129 197.5
4478 141.5 185
4479 142.5 184
4480 144 182.5
4481 158 168.5
4482 135.5 137
4483 127 128.5
4484 120 121.5
4485 110.5 112
4486 110 111.5
4487 103 104.5
4488 89.5 91
4489 128.5 199
4490 130 197.5
4491 143 184.5
4492 150 177.5
4493 133.5 134
4494 110 110.5
4495 89 89.5
4496 88 88.5
4497 84 84.5
4498 146 182.5
4499 155 173.5
4500 111.5 111
4501 103 102.5
4502 110 219.5
4503 126 203.5
4504 127.5 202
4505 131 198.5
4506 152 150.5
4507 151 149.5
4508 132 130.5
4509 145.5 185
4510 152 178.5
4511 156.5 174
4512 164 166.5
4513 165 162.5
4514 151.5 149
4515 150.5 148
4516 138 135.5
4517 121 118.5
4518 88 85.5
4519 138.5 193
4520 161 157.5
4521 135 131.5
4522 130.5 127
4523 119 115.5
4524 128.5 204
4525 153.5 179
4526 164.5 168
4527 135 130.5
4528 122 117.5
4529 107.5 103
4530 95.5 91
4531 95 90.5
4532 121 212.5
4533 124 209.5
4534 129.5 204
4535 135 198.5
4536 138.5 195
4537 154 179.5
4538 154 148.5
4539 116.5 111
4540 114 220.5
4541 144.5 190
4542 147.5 187
4543 150 184.5
4544 164.5 170
4545 168.5 166
4546 151.5 145
4547 150.5 144
4548 149 142.5
4549 141 134.5
4550 140 133.5
4551 119 112.5
4552 94 87.5
4553 123 212.5
4554 143.5 192
4555 149 186.5
4556 165.5 170
4557 166.5 169
4558 152.5 145
4559 139.5 132
4560 138.5 131
4561 137.5 130
4562 136.5 129
4563 133 203.5
4564 150.5 186
4565 150 186.5
4566 152 184.5
4567 165.5 171
4568 168 168.5
4569 156 147.5
4570 152 143.5
4571 124 115.5
4572 120 111.5
4573 95 86.5
4574 143 194.5
4575 166.5 171
4576 154.5 145
4577 130.5 121
4578 122.5 113
4579 120 110.5
4580 117.5 221
4581 149.5 189
4582 151.5 187
4583 157 181.5
4584 161 177.5
4585 168 170.5
4586 152 141.5
4587 135 124.5
4588 126.5 116
4589 121.5 111
4590 133 206.5
4591 172.5 167
4592 158.5 147
4593 115.5 104
4594 135 205.5
4595 140 200.5
4596 148 192.5
4597 171 169.5
4598 162 149.5
4599 154.5 142
4600 154 141.5
4601 137 124.5
4602 98 85.5
4603 119.5 222
4604 121.5 220
4605 170.5 171
4606 162 148.5
4607 144.5 131
4608 130.5 117
4609 122 220.5
4610 154.5 188
4611 169.5 173
4612 171 171.5
4613 172 170.5
4614 169.5 155
4615 161.5 147
4616 142.5 128
4617 130 115.5
4618 120 105.5
4619 123 220.5
4620 129 214.5
4621 171 172.5
4622 168.5 153
4623 126.5 111
4624 143 201.5
4625 156 188.5
4626 158 186.5
4627 165 179.5
4628 172.5 156
4629 144.5 128
4630 129 112.5
4631 122.5 223
4632 130 215.5
4633 142.5 203
4634 153.5 192
4635 160.5 185
4636 171 174.5
4637 170 152.5
4638 124 222.5
4639 141 205.5
4640 157.5 189
4641 122.5 104
4642 167 180.5
4643 173 174.5
4644 175.5 172
4645 164 144.5
4646 137.5 118
4647 135.5 116
4648 103.5 84
4649 125 223.5
4650 142 206.5
4651 164 184.5
4652 164 143.5
4653 163.5 143
4654 137 212.5
4655 165 184.5
4656 181.5 160
4657 173 151.5
4658 106.5 85
4659 138.5 212
4660 159.5 191
4661 160.5 190
4662 162 188.5
4663 169 181.5
4664 174 176.5
4665 163.5 188
4666 185.5 162
4667 140 212.5
4668 154 198.5
4669 165.5 187
4670 167.5 143
4671 151.5 127
4672 149 124.5
4673 189 164.5
4674 176 150.5
4675 125 99.5
4676 109.5 84
4677 133 221.5
4678 158.5 196
4679 167 187.5
4680 172 182.5
4681 190.5 164
4682 190 163.5
4683 186.5 160
4684 164.5 191
4685 176 179.5
4686 178.5 177
4687 190 162.5
4688 174.5 147
4689 160.5 196
4690 179.5 177
4691 180.5 176
4692 192 163.5
4693 169 140.5
4694 153 124.5
4695 127 98.5
4696 126 97.5
4697 125 96.5
4698 139 218.5
4699 160 197.5
4700 161.5 196
4701 161 196.5
4702 168.5 189
4703 191.5 166
4704 190 160.5
4705 136 222.5
4706 140.5 218
4707 160 198.5
4708 184.5 174
4709 192 166.5
4710 155 124.5
4711 144 113.5
4712 127 96.5
4713 156.5 203
4714 158.5 201
4715 183.5 176
4716 194 162.5
4717 193 161.5
4718 165 133.5
4719 141 109.5
4720 134.5 103
4721 115.5 84
4722 157 203.5
4723 176.5 184
4724 195.5 165
4725 184 151.5
4726 146.5 114
4727 148.5 213
4728 153.5 208
4729 155.5 206
4730 158.5 203
4731 160 201.5
4732 165 196.5
4733 170.5 191
4734 193.5 168
4735 196 165.5
4736 190.5 157
4737 141.5 108
4738 138.5 105
4739 138.5 224
4740 161.5 201
4741 162.5 200
4742 166 196.5
4743 185 150.5
4744 167 132.5
4745 164 129.5
4746 131 96.5
4747 117.5 83
4748 154.5 209
4749 155 208.5
4750 172 191.5
4751 181.5 146
4752 149.5 216
4753 156.5 209
4754 159.5 206
4755 167 198.5
4756 194 156.5
4757 168 130.5
4758 165.5 201
4759 168.5 198
4760 198.5 168
4761 187 148.5
4762 120 81.5
4763 174.5 193
4764 175 192.5
4765 166.5 127
4766 164.5 204
4767 169.5 199
4768 171 197.5
4769 184.5 144
4770 182 141.5
4771 164 123.5
4772 142 101.5
4773 166.5 203
4774 167 202.5
4775 171 198.5
4776 186 144.5
4777 179.5 138
4778 169 127.5
4779 144 102.5
4780 140 98.5
4781 122 80.5
4782 166.5 204
4783 169 201.5
4784 171 199.5
4785 180 190.5
4786 167.5 125
4787 146.5 225
4788 155 216.5
4789 164.5 207
4790 168.5 203
4791 173 198.5
4792 177.5 194
4793 178.5 193
4794 181 190.5
4795 189.5 146
4796 188.5 145
4797 178 134.5
4798 170 126.5
4799 162 210.5
4800 163.5 209
4801 166 206.5
4802 169 203.5
4803 171 201.5
4804 179 193.5
4805 191 181.5
4806 197 152.5
4807 185 140.5
4808 175.5 131
4809 146 101.5
4810 145 100.5
4811 171 202.5
4812 196.5 151
4813 194.5 149
4814 193 147.5
4815 155.5 110
4816 146 100.5
4817 145 99.5
4818 125 79.5
4819 148.5 226
4820 150 224.5
4821 167.5 207
4822 168.5 206
4823 172 202.5
4824 210 163.5
4825 183 136.5
4826 181 134.5
4827 147.5 101
4828 149.5 226
4829 166 209.5
4830 175 200.5
4831 181.5 194
4832 184 191.5
4833 193 182.5
4834 190 142.5
4835 181.5 134
4836 172.5 125
4837 159.5 217
4838 171.5 205
4839 179 197.5
4840 210.5 166
4841 190 141.5
4842 187.5 139
4843 159.5 111
4844 150.5 227
4845 155 222.5
4846 178 199.5
4847 185 192.5
4848 198.5 149
4849 190.5 141
4850 189.5 140
4851 173 123.5
4852 171 207.5
4853 195 183.5
4854 211.5 167
4855 212.5 166
4856 195.5 145
4857 195 144.5
4858 133.5 83
4859 152.5 227
4860 179 200.5
4861 184 195.5
4862 186.5 193
4863 211 168.5
4864 179 127.5
4865 134.5 83
4866 174 206.5
4867 176.5 204
4868 197.5 145
4869 195 142.5
4870 191.5 139
4871 179 126.5
4872 173 120.5
4873 132.5 80
4874 158 223.5
4875 180.5 201
4876 210.5 171
4877 212.5 169
4878 195 141.5
4879 193.5 140
4880 192 138.5
4881 190.5 137
4882 133.5 80
4883 178.5 204
4884 194.5 188
4885 196.5 142
4886 180 125.5
4887 159 224.5
4888 165.5 218
4889 176 207.5
4890 177.5 206
4891 179 204.5
4892 183 200.5
4893 210 173.5
4894 211 172.5
4895 213 170.5
4896 216 160.5
4897 188.5 133
4898 187.5 132
4899 181.5 126
4900 176 120.5
4901 126 70.5
4902 179.5 205
4903 181.5 203
4904 190 194.5
4905 191 193.5
4906 199 185.5
4907 215 158.5
4908 195.5 139
4909 191.5 135
4910 177.5 121
4911 137 80.5
4912 156.5 229
4913 157.5 228
4914 176.5 209
4915 177 208.5
4916 178 207.5
4917 179.5 206
4918 183.5 202
4919 184.5 201
4920 188.5 197
4921 197.5 188
4922 213.5 172
4923 203.5 146
4924 192.5 135
4925 189.5 132
4926 180.5 123
4927 127 69.5
4928 162 224.5
4929 167.5 219
4930 182.5 204
4931 200.5 186
4932 212 174.5
4933 217.5 169
4934 186 127.5
4935 127 68.5
4936 182.5 205
4937 190 197.5
4938 193.5 194
4939 201 186.5
4940 210 177.5
4941 214.5 173
4942 193 133.5
4943 157 97.5
4944 141 81.5
4945 128 68.5
4946 163 225.5
4947 185 203.5
4948 195.5 193
4949 218 157.5
4950 216 155.5
4951 215 154.5
4952 203.5 143
4953 194.5 134
4954 187.5 127
4955 160.5 100
4956 134.5 74
4957 170 219.5
4958 180.5 209
4959 184.5 205
4960 201 188.5
4961 202 187.5
4962 211 178.5
4963 212.5 177
4964 193.5 132
4965 192 130.5
4966 145.5 84
4967 143.5 82
4968 137.5 76
4969 129.5 68
4970 200 190.5
4971 210.5 180
4972 215.5 175
4973 192.5 130
4974 191 128.5
4975 188 125.5
4976 146.5 84
4977 141 78.5
4978 136 73.5
4979 129.5 67
4980 171.5 220
4981 182 209.5
4982 195 196.5
4983 203 188.5
4984 215 176.5
4985 149 85.5
4986 131 67.5
4987 185 207.5
4988 199 193.5
4989 202 190.5
4990 213.5 179
4991 220.5 172
4992 151 86.5
4993 141.5 77
4994 178.5 215
4995 189.5 204
4996 194.5 199
4997 196 197.5
4998 211.5 182
4999 216.5 177
5000 219.5 174
5001 174.5 109
5002 166.5 101
5003 142.5 77
5004 141 75.5
5005 133 67.5
5006 167 227.5
5007 186 208.5
5008 189 205.5
5009 214.5 180
5010 215.5 179
5011 220 174.5
5012 227.5 161
5013 226.5 160
5014 225.5 159
5015 224.5 158
5016 223 156.5
5017 154 87.5
5018 144.5 78
5019 140 73.5
5020 134 67.5
5021 133 66.5
5022 131.5 65
5023 196.5 199
5024 212.5 183
5025 215 180.5
5026 217.5 178
5027 174.5 107
5028 172.5 105
5029 156.5 89
5030 142 74.5
5031 133 65.5
5032 165 231.5
5033 199 197.5
5034 216.5 180
5035 221.5 175
5036 171 102.5
5037 158.5 90
5038 148 79.5
5039 147 78.5
5040 135 66.5
5041 175 222.5
5042 181 216.5
5043 192.5 205
5044 197.5 200
5045 206.5 191
5046 220.5 177
5047 221.5 176
5048 160.5 91
5049 183.5 215
5050 200 198.5
5051 207 191.5
5052 217.5 181
5053 162.5 92
5054 150 79.5
5055 143 72.5
5056 167.5 232
5057 169 230.5
5058 170 229.5
5059 176 223.5
5060 230 158.5
5061 164.5 93
5062 160.5 89
5063 202 198.5
5064 218 182.5
5065 181.5 109
5066 159 86.5
5067 157.5 85
5068 155.5 83
5069 153.5 81
5070 145.5 73
5071 171 230.5
5072 177 224.5
5073 186.5 215
5074 215 186.5
5075 167.5 94
5076 157 83.5
5077 170.5 232
5078 204 198.5
5079 217.5 185
5080 222.5 180
5081 220 145.5
5082 162 87.5
5083 147.5 73
5084 171 232.5
5085 178 225.5
5086 188 215.5
5087 195.5 208
5088 197 206.5
5089 203.5 200
5090 209 194.5
5091 217.5 186
5092 220.5 183
5093 228 152.5
5094 221.5 146
5095 163 87.5
5096 161 85.5
5097 160 84.5
5098 156 80.5
5099 155 79.5
5100 205.5 199
5101 218 186.5
5102 223 181.5
5103 229.5 153
5104 225.5 149
5105 209.5 196
5106 227.5 150
5107 225 147.5
5108 224 146.5
5109 220.5 143
5110 165.5 88
5111 164.5 87
5112 163 85.5
5113 161.5 84
5114 156.5 79
5115 153.5 76
5116 180.5 226
5117 213.5 193
5118 219 187.5
5119 220 186.5
5120 223.5 145
5121 222.5 144
5122 169 90.5
5123 165.5 87
5124 158.5 80
5125 156.5 78
5126 174 94.5
5127 160 80.5
5128 155.5 76
5129 201.5 207
5130 201 207.5
5131 206 202.5
5132 210 198.5
5133 217.5 191
5134 221 187.5
5135 176.5 96
5136 165.5 85
5137 165 84.5
5138 189.5 220
5139 223 186.5
5140 209.5 128
5141 158.5 77
5142 183.5 227
5143 191 219.5
5144 218.5 192
5145 246 164.5
5146 179 96.5
5147 167.5 85
5148 149 66.5
5149 145 62.5
5150 188 223.5
5151 189 222.5
5152 195 216.5
5153 196.5 215
5154 209 202.5
5155 216.5 195
5156 222.5 189
5157 242.5 159
5158 240.5 157
5159 234.5 151
5160 232.5 149
5161 216.5 133
5162 173.5 90
5163 170.5 87
5164 167.5 84
5165 145.5 62
5166 145 61.5
5167 194.5 218
5168 195.5 217
5169 197.5 215
5170 197 215.5
5171 219.5 193
5172 232 147.5
5173 182 97.5
5174 169 84.5
5175 162 77.5
5176 159.5 75
5177 211 202.5
5178 217.5 196
5179 221 192.5
5180 223 190.5
5181 219 133.5
5182 185 99.5
5183 184.5 99
5184 171 85.5
5185 163 77.5
5186 148 62.5
5187 200 214.5
5188 202 212.5
5189 205 209.5
5190 208 206.5
5191 209 205.5
5192 219.5 195
5193 230.5 144
5194 229.5 143
5195 187 100.5
5196 175 88.5
5197 174 87.5
5198 161.5 75
5199 184 231.5
5200 197.5 218
5201 202 213.5
5202 207 208.5
5203 222 134.5
5204 211 123.5
5205 207 119.5
5206 206 118.5
5207 202.5 115
5208 201 113.5
5209 200 112.5
5210 199 111.5
5211 198.5 111
5212 197.5 110
5213 196.5 109
5214 195 107.5
5215 194 106.5
5216 192.5 105
5217 191.5 104
5218 188.5 101
5219 178 90.5
5220 167.5 80
5221 151 63.5
5222 184 232.5
5223 208.5 208
5224 212.5 124
5225 175 86.5
5226 164 75.5
5227 163.5 75
5228 224.5 193
5229 234.5 183
5230 221.5 132
5231 182 92.5
5232 177 87.5
5233 170 80.5
5234 165 75.5
5235 234 143.5
5236 233 142.5
5237 216 125.5
5238 215 124.5
5239 214 123.5
5240 179 88.5
5241 163.5 73
5242 184 235.5
5243 182 90.5
5244 164.5 73
5245 210.5 210
5246 212 208.5
5247 225 195.5
5248 236.5 184
5249 256 163.5
5250 255 162.5
5251 180 87.5
5252 172 79.5
5253 168.5 76
5254 166.5 74
5255 200 221.5
5256 213.5 208
5257 213 208.5
5258 225 196.5
5259 248.5 155
5260 247.5 154
5261 182 88.5
5262 179 85.5
5263 170.5 77
5264 185.5 237
5265 186 236.5
5266 209.5 213
5267 210 212.5
5268 212.5 210
5269 231.5 191
5270 235.5 187
5271 250 155.5
5272 248.5 154
5273 199 104.5
5274 198 103.5
5275 197 102.5
5276 173 78.5
5277 172 77.5
5278 206.5 217
5279 206 217.5
5280 214.5 209
5281 220 203.5
5282 237 186.5
5283 192 96.5
5284 184.5 89
5285 212 212.5
5286 226.5 198
5287 240.5 184
5288 205 108.5
5289 188 91.5
5290 186 89.5
5291 186.5 239
5292 210 215.5
5293 215 210.5
5294 220.5 205
5295 233 192.5
5296 223.5 126
5297 212 114.5
5298 209.5 112
5299 202.5 105
5300 201.5 104
5301 200.5 103
5302 195.5 98
5303 188 90.5
5304 185 87.5
5305 178 80.5
5306 176 78.5
5307 215.5 211
5308 222 204.5
5309 226 200.5
5310 236.5 190
5311 238.5 188
5312 225.5 127
5313 212 113.5
5314 211 112.5
5315 200 101.5
5316 197.5 99
5317 195 96.5
5318 191 92.5
5319 190 91.5
5320 187.5 89
5321 184 85.5
5322 187.5 240
5323 191 236.5
5324 210.5 217
5325 221 206.5
5326 228 199.5
5327 213.5 114
5328 203.5 104
5329 194 94.5
5330 190 90.5
5331 189 89.5
5332 187.5 88
5333 222.5 206
5334 202 101.5
5335 199.5 99
5336 196 95.5
5337 192 91.5
5338 191 90.5
5339 182.5 82
5340 188 241.5
5341 208.5 221
5342 209.5 220
5343 257.5 156
5344 232 130.5
5345 203.5 102
5346 197.5 96
5347 211 219.5
5348 221.5 209
5349 228.5 202
5350 192 89.5
5351 190.5 88
5352 189 242.5
5353 210.5 221
5354 224.5 207
5355 259 155.5
5356 210 222.5
5357 212.5 220
5358 214 218.5
5359 222 210.5
5360 223.5 209
5361 238 194.5
5362 233 128.5
5363 190 243.5
5364 199 234.5
5365 204.5 229
5366 224.5 209
5367 259.5 154
5368 203.5 231
5369 213.5 221
5370 214 220.5
5371 222.5 212
5372 239 195.5
5373 190.5 245
5374 191 244.5
5375 204.5 231
5376 217 218.5
5377 224.5 211
5378 239 196.5
5379 214 222.5
5380 240.5 196
5381 191.5 246
5382 192 245.5
5383 223.5 214
5384 225.5 212
5385 230.5 121
5386 182 72.5
5387 195.5 243
5388 218.5 220
5389 241 197.5
5390 264.5 154
5391 220.5 110
5392 218.5 108
5393 183 72.5
5394 204.5 235
5395 231.5 208
5396 218.5 107
5397 196.5 244
5398 219.5 221
5399 230.5 210
5400 204.5 237
5401 206 235.5
5402 208 233.5
5403 231 210.5
5404 232.5 209
5405 266.5 153
5406 201.5 241
5407 202 240.5
5408 230.5 212
5409 230 212.5
5410 194.5 249
5411 225 218.5
5412 278.5 163
5413 220.5 224
5414 212 233.5
5415 281.5 164
5416 276 158.5
5417 270 152.5
5418 199.5 247
5419 218.5 228
5420 221.5 225
5421 226 220.5
5422 229.5 217
5423 269 177.5
5424 211.5 236
5425 217.5 230
5426 229.5 218
5427 196.5 252
5428 200.5 248
5429 216 232.5
5430 219.5 229
5431 219 229.5
5432 228.5 220
5433 232 216.5
5434 234 214.5
5435 208.5 241
5436 212 237.5
5437 229 220.5
5438 230 219.5
5439 254 195.5
5440 204 246.5
5441 232 218.5
5442 275 152.5
5443 198 253.5
5444 223.5 228
5445 229.5 222
5446 232.5 219
5447 235 216.5
5448 238 213.5
5449 254 197.5
5450 255.5 196
5451 214 238.5
5452 222.5 230
5453 231.5 221
5454 235 217.5
5455 272.5 180
5456 274.5 178
5457 222 231.5
5458 223.5 230
5459 238.5 215
5460 248.5 205
5461 248 205.5
5462 278.5 153
5463 222.5 232
5464 231 223.5
5465 232.5 222
5466 251 203.5
5467 252 202.5
5468 273.5 181
5469 275.5 179
5470 279 152.5
5471 232.5 223
5472 234 221.5
5473 239.5 216
5474 270.5 185
5475 207 249.5
5476 223.5 233
5477 224.5 232
5478 256.5 200
5479 276.5 180
5480 282 153.5
5481 209.5 248
5482 240.5 217
5483 211 247.5
5484 218 240.5
5485 221 237.5
5486 231.5 227
5487 232.5 226
5488 234 224.5
5489 261 197.5
5490 277.5 181
5491 285 154.5
5492 208.5 251
5493 220.5 239
5494 233 226.5
5495 289.5 158
5496 288.5 157
5497 287 155.5
5498 262 198.5
5499 279 181.5
5500 209.5 252
5501 209 252.5
5502 233.5 228
5503 240.5 221
5504 291 170.5
5505 205 257.5
5506 232.5 230
5507 236 226.5
5508 280 182.5
5509 211 252.5
5510 241.5 222
5511 243 220.5
5512 258 205.5
5513 213.5 251
5514 215.5 249
5515 235.5 229
5516 236.5 228
5517 243 221.5
5518 280.5 184
5519 206.5 259
5520 212 253.5
5521 217 248.5
5522 226 239.5
5523 234.5 231
5524 253.5 212
5525 280.5 185
5526 291 174.5
5527 237 229.5
5528 239.5 227
5529 241 225.5
5530 242.5 224
5531 242 224.5
5532 300 161.5
5533 299 160.5
5534 298.5 160
5535 208 259.5
5536 244.5 223
5537 258.5 209
5538 205 263.5
5539 235.5 233
5540 235 233.5
5541 238.5 230
5542 239 229.5
5543 239 230.5
5544 243.5 226
5545 257.5 212
5546 210.5 260
5547 214.5 256
5548 223.5 247
5549 239.5 231
5550 255 215.5
5551 259.5 211
5552 209 262.5
5553 239 232.5
5554 240.5 231
5555 246 225.5
5556 212 260.5
5557 225 247.5
5558 238.5 234
5559 238 234.5
5560 254.5 218
5561 257.5 215
5562 283 189.5
5563 238 235.5
5564 306.5 167
5565 208 266.5
5566 211.5 263
5567 239.5 236
5568 265.5 210
5569 228 248.5
5570 257.5 219
5571 231 246.5
5572 242 235.5
5573 244 233.5
5574 259 218.5
5575 265 212.5
5576 266.5 211
5577 308.5 169
5578 249 229.5
5579 251.5 227
5580 259.5 219
5581 266.5 212
5582 244 235.5
5583 266.5 213
5584 286 193.5
5585 309.5 170
5586 242.5 238
5587 252.5 228
5588 248.5 233
5589 233 249.5
5590 247 235.5
5591 249 233.5
5592 311.5 171
5593 246 237.5
5594 247.5 236
5595 250 233.5
5596 253.5 230
5597 267.5 216
5598 276 207.5
5599 219.5 265
5600 234.5 250
5601 245.5 239
5602 254.5 230
5603 303.5 181
5604 220.5 265
5605 237 248.5
5606 249 236.5
5607 251 234.5
5608 290 195.5
5609 313.5 172
5610 246.5 240
5611 251 235.5
5612 255.5 231
5613 260.5 226
5614 270.5 216
5615 273 213.5
5616 296.5 190
5617 228 259.5
5618 229 258.5
5619 247.5 240
5620 291.5 196
5621 249 239.5
5622 252.5 236
5623 252 236.5
5624 256.5 232
5625 261.5 227
5626 270.5 218
5627 294 194.5
5628 297.5 191
5629 315.5 173
5630 223 266.5
5631 256.5 233
5632 273 216.5
5633 233 257.5
5634 253.5 237
5635 257.5 233
5636 293.5 197
5637 309 181.5
5638 316.5 174
5639 223.5 268
5640 250.5 241
5641 257.5 234
5642 294.5 197
5643 254.5 238
5644 295.5 197
5645 221 272.5
5646 224.5 269
5647 251 242.5
5648 259 234.5
5649 264.5 229
5650 294.5 199
5651 315.5 178
5652 315 178.5
5653 319 174.5
5654 252.5 242
5655 254 240.5
5656 271 223.5
5657 272 222.5
5658 225.5 270
5659 251 244.5
5660 252.5 243
5661 265.5 230
5662 266.5 229
5663 274.5 221
5664 221.5 275
5665 254.5 242
5666 266 230.5
5667 267 229.5
5668 275.5 221
5669 276 220.5
5670 287.5 209
5671 300.5 196
5672 317 179.5
5673 320.5 176
5674 227 270.5
5675 252 245.5
5676 258 239.5
5677 267.5 230
5678 298 199.5
5679 258 240.5
5680 267 231.5
5681 268.5 230
5682 274 224.5
5683 318 180.5
5684 321.5 177
5685 220 279.5
5686 223 276.5
5687 253.5 246
5688 254.5 245
5689 255 244.5
5690 268.5 231
5691 273.5 226
5692 298 201.5
5693 312 187.5
5694 319 180.5
5695 255.5 245
5696 259.5 241
5697 268.5 232
5698 322.5 178
5699 220.5 281
5700 224 277.5
5701 238.5 263
5702 239 262.5
5703 255.5 246
5704 269 232.5
5705 309 192.5
5706 323 178.5
5707 221.5 281
5708 230 272.5
5709 261 241.5
5710 303.5 199
5711 320.5 182
5712 221.5 282
5713 224.5 279
5714 240 263.5
5715 241.5 262
5716 259.5 244
5717 270 233.5
5718 277 226.5
5719 303.5 200
5720 304.5 199
5721 310.5 193
5722 324 179.5
5723 262 242.5
5724 302.5 202
5725 309.5 195
5726 225 280.5
5727 231.5 274
5728 259.5 246
5729 260 245.5
5730 263.5 242
5731 305 200.5
5732 318.5 187
5733 223.5 283
5734 260.5 246
5735 261.5 245
5736 223 284.5
5737 224 283.5
5738 233 274.5
5739 264.5 243
5740 275 232.5
5741 277.5 230
5742 322.5 185
5743 226.5 282
5744 228 280.5
5745 245.5 263
5746 276 232.5
5747 280.5 228
5748 309.5 199
5749 224 285.5
5750 265.5 244
5751 265 244.5
5752 304.5 205
5753 307 202.5
5754 316.5 193
5755 326 183.5
5756 225 285.5
5757 227.5 283
5758 240.5 270
5759 257 253.5
5760 263 247.5
5761 279 231.5
5762 304.5 206
5763 305 205.5
5764 306 204.5
5765 311.5 199
5766 224 287.5
5767 242.5 269
5768 246.5 265
5769 259.5 252
5770 265 246.5
5771 266.5 245
5772 266 245.5
5773 306 205.5
5774 325 186.5
5775 229.5 283
5776 241.5 271
5777 244.5 268
5778 248 264.5
5779 257.5 255
5780 308.5 204
5781 312.5 200
5782 322.5 190
5783 328 184.5
5784 229 284.5
5785 230 283.5
5786 232 281.5
5787 249.5 264
5788 258.5 255
5789 261 252.5
5790 264 249.5
5791 251.5 263
5792 252.5 262
5793 260.5 254
5794 261.5 253
5795 266.5 248
5796 266 248.5
5797 279.5 235
5798 327 187.5
5799 228 287.5
5800 230 285.5
5801 260.5 255
5802 265 250.5
5803 267.5 248
5804 272 243.5
5805 281 234.5
5806 310 205.5
5807 329.5 186
5808 234 282.5
5809 240.5 276
5810 267 249.5
5811 280 236.5
5812 309.5 207
5813 238.5 279
5814 262.5 255
5815 265 252.5
5816 268 249.5
5817 280.5 237
5818 311.5 206
5819 314 203.5
5820 328.5 189
5821 235 283.5
5822 242 276.5
5823 258 260.5
5824 263 255.5
5825 269.5 249
5826 282 236.5
5827 232.5 287
5828 236 283.5
5829 239 280.5
5830 262.5 257
5831 267 252.5
5832 235 285.5
5833 236 284.5
5834 239.5 281
5835 250 270.5
5836 259 261.5
5837 265.5 255
5838 269.5 251
5839 271 249.5
5840 275.5 245
5841 282 238.5
5842 288.5 232
5843 313.5 207
5844 316 204.5
5845 330 190.5
5846 244.5 277
5847 264.5 257
5848 266.5 255
5849 267.5 254
5850 268.5 253
5851 271 250.5
5852 303 218.5
5853 331 190.5
5854 235.5 287
5855 246.5 276
5856 260.5 262
5857 265 257.5
5858 268.5 254
5859 288 234.5
5860 327.5 195
5861 237.5 286
5862 241.5 282
5863 268.5 255
5864 270.5 253
5865 277 246.5
5866 334 189.5
5867 237.5 287
5868 239 285.5
5869 266 258.5
5870 293 231.5
5871 255 270.5
5872 270 255.5
5873 282.5 243
5874 286.5 239
5875 317 208.5
5876 318.5 207
5877 335.5 190
5878 266 260.5
5879 270 256.5
5880 271 255.5
5881 272 254.5
5882 273.5 253
5883 292.5 234
5884 293.5 233
5885 320 206.5
5886 240 287.5
5887 250.5 277
5888 274 253.5
5889 280 247.5
5890 291 236.5
5891 322.5 205
5892 330 197.5
5893 335 192.5
5894 245 283.5
5895 267 261.5
5896 268.5 260
5897 268 260.5
5898 271.5 257
5899 272 256.5
5900 275.5 253
5901 284 244.5
5902 293.5 235
5903 308.5 220
5904 273 256.5
5905 275 254.5
5906 291.5 238
5907 293.5 236
5908 309 220.5
5909 323 206.5
5910 336 193.5
5911 269 261.5
5912 291 239.5
5913 322.5 208
5914 338.5 192
5915 244 287.5
5916 270.5 261
5917 275 256.5
5918 277 254.5
5919 286 245.5
5920 310.5 221
5921 312 219.5
5922 321 210.5
5923 323 208.5
5924 325.5 206
5925 337.5 194
5926 269.5 263
5927 273.5 259
5928 274 258.5
5929 277 255.5
5930 339 193.5
5931 245 288.5
5932 249 284.5
5933 251 282.5
5934 278.5 255
5935 279 254.5
5936 292.5 241
5937 296 237.5
5938 332 201.5
5939 338 195.5
5940 274 260.5
5941 275.5 259
5942 275 259.5
5943 276.5 258
5944 291 243.5
5945 294 240.5
5946 315 219.5
5947 323 211.5
5948 340 194.5
5949 253 282.5
5950 278.5 257
5951 292 243.5
5952 294.5 241
5953 296 239.5
5954 258.5 278
5955 280.5 256
5956 280 256.5
5957 341 195.5
5958 252 285.5
5959 293 244.5
5960 325.5 212
5961 279 259.5
5962 290.5 249
5963 342.5 197
5964 273 267.5
5965 281.5 259
5966 281 260.5
5967 291.5 250
5968 331.5 210
5969 332 209.5
5970 343.5 198
5971 282.5 260
5972 282 260.5
5973 300 243.5
5974 344.5 199
5975 258.5 286
5976 283.5 261
5977 293 251.5
5978 294.5 251
5979 284.5 262
5980 332.5 214
5981 296.5 251
5982 346 201.5
5983 263 285.5
5984 309.5 239
5985 273 276.5
5986 347 202.5
5987 266 284.5
5988 280 270.5
5989 289.5 261
5990 282.5 269
5991 290 261.5
5992 316.5 235
5993 316 235.5
5994 317.5 234
5995 283 269.5
5996 288.5 264
5997 290.5 262
5998 321.5 231
5999 348.5 204
6000 281.5 272
6001 282.5 271
6002 274 280.5
6003 284 270.5
6004 291.5 263
6005 304 250.5
6006 321.5 233
6007 322.5 232
6008 349.5 205
6009 293 262.5
6010 305 250.5
6011 313.5 242
6012 305 251.5
6013 319.5 237
6014 322.5 234
6015 323 233.5
6016 350.5 206
6017 268.5 290
6018 292 266.5
6019 294 264.5
6020 309 249.5
6021 328 230.5
6022 329 229.5
6023 289 270.5
6024 294.5 265
6025 294 265.5
6026 324.5 235
6027 352 207.5
6028 279 281.5
6029 321 239.5
6030 297.5 264
6031 325.5 236
6032 294 268.5
6033 296.5 266
6034 321 241.5
6035 296.5 267
6036 298 265.5
6037 299 264.5
6038 309.5 254
6039 326.5 237
6040 295 269.5
6041 284.5 281
6042 295 270.5
6043 319.5 246
6044 333.5 232
6045 296 270.5
6046 321 245.5
6047 327.5 239
6048 350.5 216
6049 298.5 269
6050 326.5 241
6051 334.5 233
6052 295.5 273
6053 300.5 268
6054 302.5 266
6055 311.5 257
6056 311 257.5
6057 336.5 232
6058 327.5 242
6059 329 240.5
6060 333.5 236
6061 336 233.5
6062 337 232.5
6063 320 250.5
6064 327.5 243
6065 333.5 237
6066 304 267.5
6067 329.5 242
6068 334.5 237
6069 335.5 236
6070 336 235.5
6071 300 272.5
6072 303 269.5
6073 304 268.5
6074 338.5 234
6075 338 234.5
6076 298.5 275
6077 302 271.5
6078 326 247.5
6079 328.5 245
6080 334 239.5
6081 335.5 238
6082 335 238.5
6083 337 236.5
6084 304.5 270
6085 305 269.5
6086 327 247.5
6087 330.5 244
6088 337 237.5
6089 304 271.5
6090 322 253.5
6091 323 252.5
6092 340 235.5
6093 300.5 276
6094 302.5 274
6095 306.5 270
6096 323 253.5
6097 327.5 249
6098 329.5 247
6099 336.5 240
6100 338 238.5
6101 304.5 273
6102 306 271.5
6103 308 269.5
6104 321.5 256
6105 324.5 253
6106 332 245.5
6107 343 234.5
6108 349.5 228
6109 304.5 274
6110 308.5 270
6111 322 256.5
6112 366 211.5
6113 294 285.5
6114 301 278.5
6115 302.5 277
6116 304.5 275
6117 307 272.5
6118 330.5 249
6119 344.5 235
6120 357.5 222
6121 310 270.5
6122 339 241.5
6123 359.5 221
6124 368.5 212
6125 294.5 287
6126 332.5 249
6127 339.5 242
6128 345 236.5
6129 368 210.5
6130 308.5 274
6131 310.5 272
6132 311.5 271
6133 331.5 251
6134 360.5 222
6135 369.5 211
6136 307 276.5
6137 312 272.5
6138 331.5 253
6139 333 251.5
6140 361.5 223
6141 302.5 283
6142 315 270.5
6143 342.5 243
6144 346.5 239
6145 349 236.5
6146 329 257.5
6147 334 252.5
6148 343.5 243
6149 330.5 257
6150 343 244.5
6151 311 277.5
6152 348 241.5
6153 334 256.5
6154 334.5 257
6155 345.5 246
6156 349.5 243
6157 335 258.5
6158 345.5 248
6159 345 248.5
6160 346.5 247
6161 360 233.5
6162 367.5 227
6163 371 223.5
6164 350.5 245
6165 371.5 224
6166 348 248.5
6167 380 207.5
6168 333 264.5
6169 348.5 249
6170 355 242.5
6171 380 206.5
6172 314.5 284
6173 351.5 247
6174 355.5 243
6175 381 206.5
6176 349.5 250
6177 382 206.5
6178 336 264.5
6179 352.5 248
6180 388 211.5
6181 348 253.5
6182 339 263.5
6183 353.5 249
6184 383.5 205
6185 365 238.5
6186 332 272.5
6187 341 264.5
6188 354.5 251
6189 355.5 251
6190 376 230.5
6191 334.5 273
6192 351.5 256
6193 351 256.5
6194 342.5 266
6195 368.5 240
6196 377 231.5
6197 336 273.5
6198 357 252.5
6199 366 243.5
6200 369 240.5
6201 327.5 283
6202 335.5 275
6203 366 244.5
6204 372 238.5
6205 392 205.5
6206 350.5 261
6207 358 253.5
6208 325.5 287
6209 328 284.5
6210 342 270.5
6211 367 245.5
6212 329.5 284
6213 343 270.5
6214 380.5 233
6215 395 205.5
6216 359.5 255
6217 374.5 240
6218 346 269.5
6219 328 288.5
6220 354.5 262
6221 356 260.5
6222 357 259.5
6223 328.5 289
6224 345 272.5
6225 347 270.5
6226 353.5 264
6227 353 264.5
6228 362 255.5
6229 369.5 248
6230 399 205.5
6231 396.5 203
6232 395.5 202
6233 341.5 277
6234 346 272.5
6235 365 253.5
6236 366 252.5
6237 371 247.5
6238 330 289.5
6239 348 271.5
6240 366.5 253
6241 380 239.5
6242 399 203.5
6243 342.5 278
6244 343.5 277
6245 347 273.5
6246 357 263.5
6247 364 256.5
6248 331.5 291
6249 348 274.5
6250 382 240.5
6251 345.5 278
6252 349 274.5
6253 360 263.5
6254 366 257.5
6255 368 255.5
6256 383 240.5
6257 390.5 233
6258 334 290.5
6259 391 233.5
6260 410 209.5
6261 333.5 292
6262 351.5 274
6263 367 258.5
6264 370 255.5
6265 384 241.5
6266 402.5 223
6267 334.5 292
6268 335 291.5
6269 348 278.5
6270 351 275.5
6271 408 218.5
6272 369 258.5
6273 399 228.5
6274 410.5 217
6275 364 264.5
6276 369.5 259
6277 382.5 246
6278 412 207.5
6279 411 206.5
6280 337 292.5
6281 338.5 291
6282 353 276.5
6283 354.5 275
6284 413 207.5
6285 336.5 294
6286 349 281.5
6287 401 229.5
6288 402.5 228
6289 412.5 206
6290 351.5 280
6291 351 280.5
6292 356 275.5
6293 374 257.5
6294 408.5 223
6295 414.5 217
6296 340.5 292
6297 388.5 244
6298 405.5 227
6299 339.5 294
6300 372.5 261
6301 416.5 217
6302 421 212.5
6303 414.5 205
6304 351.5 283
6305 353.5 281
6306 353 281.5
6307 378.5 256
6308 419 215.5
6309 420.5 214
6310 420.5 210
6311 340.5 295
6312 342 293.5
6313 359 276.5
6314 374.5 261
6315 407.5 228
6316 416 219.5
6317 413 201.5
6318 411.5 200
6319 358 278.5
6320 423 210.5
6321 421 208.5
6322 355.5 282
6323 369 268.5
6324 378.5 259
6325 378 259.5
6326 408.5 229
6327 420.5 217
6328 420 217.5
6329 423 214.5
6330 344.5 294
6331 380 258.5
6332 409.5 229
6333 423.5 209
6334 418.5 204
6335 377 262.5
6336 396 243.5
6337 422.5 207
6338 363 277.5
6339 381 259.5
6340 409.5 231
6341 424.5 208
6342 345 296.5
6343 347 294.5
6344 358.5 283
6345 421.5 204
6346 382.5 260
6347 411 231.5
6348 413 229.5
6349 423.5 219
6350 425 206.5
6351 422 203.5
6352 380 263.5
6353 410.5 233
6354 412.5 231
6355 412 231.5
6356 413.5 230
6357 425 218.5
6358 428.5 215
6359 430 213.5
6360 347.5 297
6361 366 278.5
6362 369 275.5
6363 371.5 273
6364 389.5 255
6365 415 229.5
6366 431 210.5
6367 349.5 296
6368 381.5 264
6369 413 232.5
6370 414 231.5
6371 415.5 231
6372 430.5 208
6373 382.5 265
6374 432 208.5
6375 426 202.5
6376 352 296.5
6377 380 268.5
6378 435.5 211
6379 377 272.5
6380 384.5 265
6381 431.5 218
6382 434 215.5
6383 432.5 207
6384 375.5 275
6385 381.5 269
6386 385.5 265
6387 405.5 245
6388 411 239.5
6389 420.5 230
6390 435.5 215
6391 437 213.5
6392 375 276.5
6393 382 269.5
6394 392.5 259
6395 438.5 211
6396 433.5 206
6397 432 204.5
6398 427.5 200
6399 355 297.5
6400 370 282.5
6401 386.5 266
6402 434.5 218
6403 438.5 214
6404 432.5 204
6405 412.5 241
6406 435 218.5
6407 440.5 211
6408 434 204.5
6409 353.5 301
6410 394 260.5
6411 403 251.5
6412 442 211.5
6413 355 300.5
6414 357 298.5
6415 374.5 281
6416 391.5 264
6417 437 218.5
6418 435 203.5
6419 380 276.5
6420 395.5 261
6421 400 256.5
6422 434 201.5
6423 392.5 265
6424 393 264.5
6425 400.5 257
6426 400 257.5
6427 404.5 253
6428 435.5 222
6429 431 197.5
6430 356.5 302
6431 377 281.5
6432 380 278.5
6433 393 265.5
6434 396 262.5
6435 445 213.5
6436 435 200.5
6437 430 195.5
6438 357.5 302
6439 400.5 259
6440 442.5 217
6441 437 201.5
6442 392 268.5
6443 394.5 266
6444 394 266.5
6445 397 263.5
6446 403.5 257
6447 403 257.5
6448 406.5 254
6449 415.5 245
6450 420 240.5
6451 428.5 232
6452 437 223.5
6453 441 219.5
6454 436 199.5
6455 433 196.5
6456 430.5 194
6457 443 205.5
6458 436.5 199
6459 440 222.5
6460 443.5 219
6461 447 215.5
6462 448 214.5
6463 444.5 206
6464 443.5 205
6465 438.5 200
6466 398.5 265
6467 408.5 255
6468 442 221.5
6469 437.5 198
6470 379 285.5
6471 385 279.5
6472 424 240.5
6473 440 199.5
6474 394 271.5
6475 435 230.5
6476 444 221.5
6477 447.5 218
6478 451 214.5
6479 451.5 210
6480 435 193.5
6481 433 191.5
6482 400 266.5
6483 411 255.5
6484 413 253.5
6485 435.5 231
6486 440 226.5
6487 454 212.5
6488 436.5 194
6489 426.5 241
6490 454 213.5
6491 441.5 198
6492 395 273.5
6493 400.5 268
6494 435 190.5
6495 384 285.5
6496 443.5 226
6497 440.5 195
6498 439 193.5
6499 396 274.5
6500 401.5 269
6501 423.5 247
6502 429.5 241
6503 433 237.5
6504 443 227.5
6505 443.5 197
6506 439 192.5
6507 399 272.5
6508 437.5 190
6509 396.5 276
6510 402.5 270
6511 431 241.5
6512 444 228.5
6513 441 192.5
6514 437 236.5
6515 446 196.5
6516 443 193.5
6517 403.5 271
6518 426 248.5
6519 444.5 194
6520 440 189.5
6521 398 277.5
6522 446 194.5
6523 440.5 189
6524 388 288.5
6525 401 275.5
6526 404.5 272
6527 418.5 258
6528 421 255.5
6529 442.5 234
6530 451 225.5
6531 454.5 222
6532 441.5 189
6533 410.5 267
6534 456.5 221
6535 420.5 258
6536 422 256.5
6537 436.5 242
6538 448 230.5
6539 452 197.5
6540 411 268.5
6541 412 267.5
6542 416.5 263
6543 436 243.5
6544 449 230.5
6545 453 226.5
6546 459 220.5
6547 401.5 279
6548 463 206.5
6549 456 199.5
6550 445.5 189
6551 400 281.5
6552 413 268.5
6553 425 256.5
6554 438 243.5
6555 439 242.5
6556 457.5 200
6557 425 257.5
6558 440.5 242
6559 449 233.5
6560 457.5 225
6561 459 200.5
6562 457 198.5
6563 448.5 190
6564 401.5 282
6565 424 259.5
6566 439 244.5
6567 441 242.5
6568 444.5 239
6569 459 224.5
6570 460.5 201
6571 449.5 190
6572 448 236.5
6573 471 213.5
6574 451.5 191
6575 381.5 304
6576 428 257.5
6577 461.5 224
6578 471 214.5
6579 472.5 213
6580 453 191.5
6581 393.5 293
6582 447.5 239
6583 455 231.5
6584 462 224.5
6585 469 217.5
6586 470.5 216
6587 473 213.5
6588 456.5 194
6589 382.5 305
6590 408 279.5
6591 414.5 273
6592 420.5 267
6593 441 246.5
6594 449 238.5
6595 457 230.5
6596 467 220.5
6597 471.5 216
6598 472.5 215
6599 474.5 211
6600 458.5 195
6601 407 281.5
6602 416.5 272
6603 419.5 269
6604 430 258.5
6605 446.5 242
6606 469.5 219
6607 463 198.5
6608 384 305.5
6609 385.5 304
6610 408 281.5
6611 442 247.5
6612 473 216.5
6613 410 280.5
6614 432 258.5
6615 449 241.5
6616 477 213.5
6617 477.5 211
6618 431.5 260
6619 444.5 247
6620 444 247.5
6621 463 228.5
6622 387 305.5
6623 434 258.5
6624 467.5 199
6625 465.5 197
6626 418 275.5
6627 419 274.5
6628 445 248.5
6629 446.5 247
6630 459 234.5
6631 460.5 233
6632 469 199.5
6633 468 198.5
6634 389 305.5
6635 449 245.5
6636 461 233.5
6637 480.5 214
6638 388.5 307
6639 424 271.5
6640 435 260.5
6641 436 259.5
6642 479 216.5
6643 471.5 200
6644 468.5 197
6645 388 308.5
6646 420 276.5
6647 421 275.5
6648 451 245.5
6649 469.5 197
6650 391 306.5
6651 416 281.5
6652 450 247.5
6653 463.5 234
6654 478.5 219
6655 481.5 216
6656 452 246.5
6657 475 223.5
6658 476.5 222
6659 479.5 219
6660 486 211.5
6661 389.5 310
6662 394 305.5
6663 438.5 261
6664 472.5 227
6665 478 221.5
6666 473.5 198
6667 392.5 308
6668 426 274.5
6669 460 240.5
6670 475 225.5
6671 477.5 223
6672 480.5 220
6673 390.5 311
6674 429.5 272
6675 442 259.5
6676 443 258.5
6677 456 245.5
6678 460.5 241
6679 477.5 224
6680 484 217.5
6681 396.5 306
6682 459 243.5
6683 474 228.5
6684 479.5 223
6685 481.5 221
6686 485.5 217
6687 420 283.5
6688 473.5 230
6689 479.5 224
6690 485.5 206
6691 397.5 307
6692 431 273.5
6693 470.5 234
6694 490.5 214
6695 487 206.5
6696 395 310.5
6697 432 273.5
6698 438 267.5
6699 453 252.5
6700 469 236.5
6701 470 235.5
6702 492.5 213
6703 440 266.5
6704 468.5 238
6705 471.5 235
6706 456.5 251
6707 464.5 243
6708 466 241.5
6709 471 236.5
6710 489 218.5
6711 494 210.5
6712 392 316.5
6713 440 268.5
6714 458 250.5
6715 459 249.5
6716 469.5 239
6717 488 220.5
6718 489.5 219
6719 464 245.5
6720 475.5 234
6721 476.5 233
6722 495.5 214
6723 463.5 247
6724 474.5 236
6725 492.5 218
6726 493.5 217
6727 498 211.5
6728 394 317.5
6729 444 267.5
6730 449.5 262
6731 475.5 236
6732 488 223.5
6733 495.5 216
6734 489 201.5
6735 488.5 201
6736 400 312.5
6737 406.5 306
6738 407.5 305
6739 476 236.5
6740 490.5 222
6741 492 220.5
6742 496 207.5
6743 482.5 194
6744 447 266.5
6745 449 264.5
6746 450 263.5
6747 453.5 260
6748 489 224.5
6749 496.5 217
6750 497.5 216
6751 499 214.5
6752 483.5 194
6753 408.5 306
6754 427.5 287
6755 454.5 260
6756 477.5 237
6757 478.5 236
6758 488.5 226
6759 490 199.5
6760 396.5 319
6761 402.5 313
6762 405.5 310
6763 427 288.5
6764 448.5 267
6765 448 267.5
6766 453 262.5
6767 487.5 228
6768 485.5 194
6769 484.5 193
6770 406 310.5
6771 429.5 287
6772 430 286.5
6773 477.5 239
6774 486.5 230
6775 493.5 223
6776 494.5 222
6777 502.5 210
6778 484 191.5
6779 483.5 191
6780 404 313.5
6781 493.5 224
6782 497.5 220
6783 495.5 202
6784 491.5 198
6785 484.5 191
6786 399.5 319
6787 485.5 233
6788 496.5 222
6789 408.5 311
6790 484 235.5
6791 502.5 207
6792 408 312.5
6793 461.5 259
6794 483.5 237
6795 411 310.5
6796 487.5 190
6797 487 189.5
6798 485.5 188
6799 402.5 320
6800 483 239.5
6801 486.5 188
6802 480.5 243
6803 490.5 233
6804 494 229.5
6805 496.5 227
6806 416 308.5
6807 479.5 245
6808 488.5 236
6809 489.5 235
6810 498.5 226
6811 503.5 203
6812 502.5 202
6813 487.5 187
6814 418 307.5
6815 494 231.5
6816 493 191.5
6817 488.5 187
6818 486.5 185
6819 419.5 307
6820 421 305.5
6821 479 247.5
6822 488.5 238
6823 493.5 233
6824 495.5 231
6825 499.5 227
6826 493 190.5
6827 423 304.5
6828 424 303.5
6829 481 246.5
6830 487.5 240
6831 492.5 235
6832 515 212.5
6833 514 210.5
6834 503.5 200
6835 488.5 185
6836 426 302.5
6837 474 254.5
6838 475 253.5
6839 476.5 252
6840 410 319.5
6841 420 309.5
6842 428.5 301
6843 470 259.5
6844 471 258.5
6845 472.5 257
6846 473.5 256
6847 484.5 245
6848 490 239.5
6849 504.5 199
6850 488.5 183
6851 487.5 182
6852 486.5 244
6853 487 243.5
6854 488 242.5
6855 504.5 226
6856 505.5 199
6857 430 301.5
6858 465.5 266
6859 467 264.5
6860 471 260.5
6861 472 259.5
6862 463 269.5
6863 464 268.5
6864 465 267.5
6865 512.5 220
6866 491.5 183
6867 432 301.5
6868 462 271.5
6869 483.5 250
6870 507 197.5
6871 498.5 189
6872 497 187.5
6873 489.5 180
6874 434 300.5
6875 460 274.5
6876 507.5 197
6877 498.5 188
6878 489.5 179
6879 435.5 300
6880 440 295.5
6881 443 292.5
6882 479.5 256
6883 483 252.5
6884 484.5 251
6885 484 251.5
6886 489 177.5
6887 439.5 297
6888 445 291.5
6889 446 290.5
6890 447.5 289
6891 473.5 263
6892 475.5 261
6893 477.5 259
6894 478.5 258
6895 479.5 257
6896 515 221.5
6897 491 178.5
6898 440.5 297
6899 442 295.5
6900 443 294.5
6901 448.5 289
6902 473.5 264
6903 508.5 195
6904 490.5 177
6905 489 175.5
6906 445 293.5
6907 450 288.5
6908 507.5 193
6909 506.5 192
6910 501.5 187
6911 497.5 183
6912 491.5 177
6913 432.5 307
6914 442.5 297
6915 443.5 296
6916 512 227.5
6917 492.5 177
6918 449 291.5
6919 450 290.5
6920 507.5 191
6921 446 295.5
6922 453.5 288
6923 510 192.5
6924 509 191.5
6925 507.5 190
6926 502 184.5
6927 493.5 176
6928 492.5 175
6929 448 294.5
6930 449.5 293
6931 481.5 261
6932 481 261.5
6933 483.5 259
6934 485.5 257
6935 485 257.5
6936 508.5 190
6937 428 315.5
6938 451 292.5
6939 487.5 256
6940 488.5 255
6941 496 247.5
6942 497.5 246
6943 453 291.5
6944 456 288.5
6945 462.5 282
6946 483.5 261
6947 485 259.5
6948 490.5 254
6949 499 245.5
6950 510 189.5
6951 493.5 173
6952 454.5 291
6953 457 288.5
6954 484 261.5
6955 490 255.5
6956 491.5 254
6957 457 289.5
6958 462.5 284
6959 486 260.5
6960 492.5 254
6961 526 203.5
6962 524.5 202
6963 523.5 201
6964 492.5 170
6965 494.5 171
6966 490.5 258
6967 491 257.5
6968 495 253.5
6969 522.5 198
6970 493.5 169
6971 464 285.5
6972 471 278.5
6973 496.5 253
6974 522 196.5
6975 511 185.5
6976 508.5 183
6977 495.5 170
6978 472.5 278
6979 534 207.5
6980 494 167.5
6981 530.5 203
6982 500.5 173
6983 495.5 168
6984 477.5 275
6985 478 274.5
6986 513 184.5
6987 512.5 184
6988 511.5 183
6989 494 165.5
6990 469 284.5
6991 478.5 275
6992 482.5 271
6993 499 254.5
6994 502 251.5
6995 489.5 265
6996 503.5 251
6997 514 240.5
6998 515.5 239
6999 534 203.5
7000 530.5 200
7001 529.5 199
7002 501.5 171
7003 500.5 170
7004 495.5 165
7005 495 164.5
7006 485 270.5
7007 492 263.5
7008 496 259.5
7009 497 258.5
7010 502 253.5
7011 505 250.5
7012 536 204.5
7013 522.5 191
7014 510.5 179
7015 494 162.5
7016 491.5 265
7017 498 258.5
7018 499 257.5
7019 500.5 256
7020 506.5 250
7021 508 248.5
7022 525 192.5
7023 522 189.5
7024 513 180.5
7025 502 169.5
7026 500 167.5
7027 495.5 163
7028 494 263.5
7029 495.5 262
7030 508.5 249
7031 523 234.5
7032 544 213.5
7033 492 266.5
7034 493 265.5
7035 509 249.5
7036 525 233.5
7037 526 232.5
7038 500.5 166
7039 495.5 161
7040 502 257.5
7041 503 256.5
7042 506 253.5
7043 510.5 249
7044 517.5 242
7045 536.5 223
7046 495.5 160
7047 502 258.5
7048 513 247.5
7049 519 241.5
7050 522 238.5
7051 537.5 201
7052 525 188.5
7053 500.5 261
7054 503.5 258
7055 514.5 247
7056 515.5 246
7057 520.5 241
7058 529 232.5
7059 543 218.5
7060 496 158.5
7061 513 249.5
7062 514.5 248
7063 538 224.5
7064 520.5 182
7065 501 162.5
7066 499.5 264
7067 500.5 263
7068 502 261.5
7069 515 248.5
7070 522 241.5
7071 515.5 176
7072 512.5 173
7073 497.5 158
7074 503.5 261
7075 526 238.5
7076 537.5 227
7077 544.5 220
7078 545.5 219
7079 540 199.5
7080 530 189.5
7081 522 181.5
7082 496.5 156
7083 504.5 261
7084 505.5 260
7085 509 256.5
7086 510.5 255
7087 511 254.5
7088 512 253.5
7089 528 237.5
7090 542 223.5
7091 532 190.5
7092 507.5 259
7093 515 251.5
7094 524 242.5
7095 527.5 239
7096 529.5 237
7097 533.5 233
7098 533 233.5
7099 539 196.5
7100 497.5 155
7101 519.5 248
7102 520.5 247
7103 522 245.5
7104 525.5 242
7105 526.5 241
7106 527.5 240
7107 533 189.5
7108 523.5 180
7109 497.5 154
7110 522 246.5
7111 524.5 245
7112 526 243.5
7113 527.5 242
7114 529 240.5
7115 530 239.5
7116 539.5 194
7117 525.5 245
7118 525 178.5
7119 521.5 175
7120 543.5 228
7121 544.5 227
7122 540 192.5
7123 533.5 186
7124 499.5 152
7125 542.5 230
7126 538 189.5
7127 522.5 174
7128 517 168.5
7129 540.5 233
7130 555 205.5
7131 531 181.5
7132 526.5 177
7133 505 155.5
7134 562.5 212
7135 542.5 192
7136 539 188.5
7137 563.5 212
7138 522.5 171
7139 506.5 155
7140 562.5 210
7141 556 203.5
7142 542 189.5
7143 529.5 177
7144 527.5 175
7145 507.5 155
7146 505 152.5
7147 565 211.5
7148 530 176.5
7149 519 165.5
7150 516.5 163
7151 519 259.5
7152 564.5 214
7153 564.5 210
7154 542.5 188
7155 535.5 181
7156 517.5 163
7157 507 152.5
7158 528.5 251
7159 538 241.5
7160 539 240.5
7161 542 237.5
7162 558.5 221
7163 560 219.5
7164 534.5 179
7165 529.5 174
7166 516.5 161
7167 506.5 151
7168 528 252.5
7169 560.5 220
7170 564 216.5
7171 532 175.5
7172 531 174.5
7173 528 171.5
7174 519 162.5
7175 509 152.5
7176 530 251.5
7177 542.5 239
7178 550 231.5
7179 560.5 221
7180 532 174.5
7181 530.5 173
7182 532 250.5
7183 539 243.5
7184 541 241.5
7185 544.5 238
7186 561.5 221
7187 563 219.5
7188 564.5 206
7189 563.5 205
7190 559.5 201
7191 542.5 184
7192 536.5 178
7193 540.5 243
7194 541 242.5
7195 547.5 236
7196 549 234.5
7197 550.5 233
7198 560.5 223
7199 557 197.5
7200 543.5 184
7201 537.5 178
7202 533.5 174
7203 552 232.5
7204 541.5 181
7205 530 169.5
7206 535.5 250
7207 540.5 245
7208 550.5 235
7209 561 224.5
7210 562.5 223
7211 564.5 203
7212 536 174.5
7213 533 171.5
7214 525 163.5
7215 523.5 162
7216 518.5 157
7217 544 242.5
7218 549.5 237
7219 559.5 227
7220 560.5 226
7221 560 197.5
7222 528.5 166
7223 541.5 246
7224 552.5 235
7225 558.5 229
7226 558 194.5
7227 556 192.5
7228 525.5 162
7229 518.5 155
7230 539 249.5
7231 542 246.5
7232 553.5 235
7233 565.5 201
7234 546 181.5
7235 524.5 160
7236 523.5 159
7237 556.5 233
7238 536.5 171
7239 532 166.5
7240 530.5 165
7241 529 261.5
7242 541.5 249
7243 554 236.5
7244 567.5 201
7245 566.5 200
7246 533 166.5
7247 529 162.5
7248 520 153.5
7249 552 239.5
7250 553.5 238
7251 560 192.5
7252 539 171.5
7253 519.5 152
7254 544 248.5
7255 545.5 247
7256 552 240.5
7257 557.5 189
7258 556.5 188
7259 537 168.5
7260 526.5 158
7261 508.5 140
7262 507.5 139
7263 536 257.5
7264 548.5 245
7265 549.5 244
7266 551 242.5
7267 557.5 236
7268 542.5 173
7269 529 159.5
7270 508 138.5
7271 547.5 247
7272 569 198.5
7273 527.5 157
7274 526.5 156
7275 523.5 153
7276 509 138.5
7277 551.5 244
7278 569 197.5
7279 559 187.5
7280 555.5 184
7281 543.5 172
7282 529.5 158
7283 529.5 157
7284 548 249.5
7285 556.5 241
7286 557.5 240
7287 558.5 239
7288 561 236.5
7289 549 175.5
7290 528 154.5
7291 527.5 154
7292 507 133.5
7293 549.5 249
7294 550 248.5
7295 551 247.5
7296 556.5 242
7297 559.5 239
7298 562.5 188
7299 560 185.5
7300 544 169.5
7301 527.5 153
7302 567.5 192
7303 562.5 187
7304 557.5 182
7305 526 150.5
7306 523.5 148
7307 522.5 147
7308 562 185.5
7309 561.5 185
7310 560.5 184
7311 561.5 240
7312 562.5 239
7313 567.5 190
7314 560 182.5
7315 557.5 180
7316 525.5 148
7317 523.5 146
7318 560.5 182
7319 560 181.5
7320 544.5 166
7321 543.5 165
7322 548 168.5
7323 526.5 147
7324 546.5 258
7325 560.5 244
7326 563.5 183
7327 561.5 181
7328 560.5 180
7329 542.5 162
7330 537 156.5
7331 529 148.5
7332 526 145.5
7333 511 130.5
7334 509 128.5
7335 562 180.5
7336 560.5 179
7337 540 158.5
7338 527 145.5
7339 512 130.5
7340 561.5 179
7341 547.5 165
7342 555.5 252
7343 546.5 163
7344 537 153.5
7345 511 126.5
7346 557 252.5
7347 559 250.5
7348 545 159.5
7349 514 128.5
7350 567.5 181
7351 565.5 179
7352 562 175.5
7353 512 125.5
7354 553.5 165
7355 558.5 255
7356 565 175.5
7357 563 173.5
7358 538.5 149
7359 537 147.5
7360 572.5 182
7361 530.5 140
7362 557.5 258
7363 543.5 152
7364 558.5 258
7365 558 258.5
7366 538.5 146
7367 558.5 259
7368 540.5 147
7369 548.5 154
7370 541 146.5
7371 537.5 143
7372 527.5 133
7373 516 121.5
7374 568 172.5
7375 545 149.5
7376 552 155.5
7377 549.5 153
7378 545.5 149
7379 539.5 143
7380 517 120.5
7381 513.5 117
7382 549 151.5
7383 542.5 145
7384 539.5 142
7385 536 138.5
7386 534 136.5
7387 531.5 134
7388 529.5 132
7389 528.5 131
7390 567 168.5
7391 557.5 159
7392 539 140.5
7393 538 139.5
7394 535 136.5
7395 532 133.5
7396 518 119.5
7397 550.5 151
7398 543.5 144
7399 540.5 141
7400 536.5 137
7401 536 136.5
7402 535 135.5
7403 533 133.5
7404 518.5 119
7405 514.5 115
7406 549 148.5
7407 545.5 145
7408 533 132.5
7409 541 139.5
7410 535.5 134
7411 531.5 130
7412 515.5 114
7413 570 167.5
7414 569 166.5
7415 549.5 147
7416 546.5 144
7417 544.5 142
7418 541.5 139
7419 538 135.5
7420 537 134.5
7421 536.5 134
7422 555 151.5
7423 548.5 145
7424 538 134.5
7425 537 133.5
7426 536.5 133
7427 531.5 128
7428 546 141.5
7429 542.5 138
7430 535.5 131
7431 555 149.5
7432 548 142.5
7433 576.5 170
7434 558.5 152
7435 558 151.5
7436 549 142.5
7437 547 140.5
7438 538 131.5
7439 517.5 111
7440 548 139.5
7441 535 126.5
7442 518 109.5
7443 572 162.5
7444 557.5 148
7445 535.5 126
7446 518.5 109
7447 578 167.5
7448 549.5 139
7449 540 129.5
7450 580.5 169
7451 569 157.5
7452 540 128.5
7453 539 127.5
7454 581.5 169
7455 559 146.5
7456 537 124.5
7457 581 167.5
7458 579 165.5
7459 571.5 158
7460 552.5 139
7461 551 137.5
7462 541 127.5
7463 581.5 167
7464 570 155.5
7465 560 145.5
7466 538.5 124
7467 581 165.5
7468 579 163.5
7469 553.5 138
7470 552.5 136
7471 548.5 132
7472 539.5 123
7473 584.5 167
7474 582 164.5
7475 561 143.5
7476 541 123.5
7477 522 104.5
7478 584 165.5
7479 549.5 131
7480 556 136.5
7481 555.5 136
7482 553.5 134
7483 541 121.5
7484 523 103.5
7485 572 151.5
7486 556 135.5
7487 545 124.5
7488 543 122.5
7489 541 120.5
7490 542.5 121
7491 588.5 166
7492 573 150.5
7493 564 141.5
7494 562.5 140
7495 558 135.5
7496 557 134.5
7497 550 127.5
7498 546 123.5
7499 544.5 122
7500 522.5 100
7501 564.5 141
7502 563 139.5
7503 554.5 131
7504 551.5 128
7505 543.5 120
7506 546 121.5
7507 543.5 119
7508 588 162.5
7509 547 121.5
7510 545 119.5
7511 556 129.5
7512 547 120.5
7513 548.5 121
7514 546.5 119
7515 593.5 167
7516 590 161.5
7517 537 108.5
7518 528 99.5
7519 574.5 145
7520 556.5 127
7521 549 119.5
7522 548 118.5
7523 547.5 118
7524 596 166.5
7525 552.5 122
7526 555 123.5
7527 548.5 117
7528 595.5 163
7529 576 143.5
7530 575 142.5
7531 554.5 122
7532 550 117.5
7533 549.5 117
7534 542 109.5
7535 517.5 94
7536 557 123.5
7537 549.5 116
7538 599.5 165
7539 599 163.5
7540 584 148.5
7541 602.5 166
7542 601 164.5
7543 575 138.5
7544 527.5 91
7545 589 151.5
7546 552 114.5
7547 559 120.5
7548 556 117.5
7549 528.5 90
7550 593 153.5
7551 592 152.5
7552 576.5 137
7553 553 113.5
7554 594 153.5
7555 559.5 119
7556 529.5 89
7557 596.5 155
7558 594.5 153
7559 574 132.5
7560 528.5 87
7561 595.5 153
7562 590.5 148
7563 543 100.5
7564 531 88.5
7565 520 81.5
7566 608.5 165
7567 607 163.5
7568 603 159.5
7569 555.5 112
7570 610.5 166
7571 561 116.5
7572 556.5 112
7573 544 99.5
7574 543.5 99
7575 533 88.5
7576 531.5 87
7577 612 166.5
7578 608 161.5
7579 611 163.5
7580 610.5 163
7581 610 162.5
7582 545.5 98
7583 534 86.5
7584 578.5 130
7585 611 161.5
7586 609.5 160
7587 605 155.5
7588 582 132.5
7589 563 113.5
7590 546.5 97
7591 531 81.5
7592 607 156.5
7593 579.5 129
7594 534.5 84
7595 615.5 168
7596 552.5 101
7597 548.5 97
7598 547 95.5
7599 535.5 84
7600 532 80.5
7601 601 148.5
7602 580 127.5
7603 532.5 80
7604 613 159.5
7605 553.5 100
7606 618.5 168
7607 615 160.5
7608 605.5 151
7609 603.5 149
7610 590 135.5
7611 581 126.5
7612 554.5 99
7613 533.5 78
7614 611 154.5
7615 609.5 153
7616 608.5 152
7617 607.5 151
7618 582.5 126
7619 553 96.5
7620 538.5 82
7621 592 134.5
7622 555 97.5
7623 550 92.5
7624 537.5 80
7625 535 77.5
7626 621 169.5
7627 614.5 156
7628 577 118.5
7629 566 107.5
7630 550.5 92
7631 540 81.5
7632 618 158.5
7633 617 157.5
7634 584.5 125
7635 539 79.5
7636 625 164.5
7637 620 159.5
7638 585 124.5
7639 541 80.5
7640 540 79.5
7641 539 78.5
7642 536.5 76
7643 623 170.5
7644 625.5 168
7645 622.5 161
7646 585 123.5
7647 540.5 79
7648 540 78.5
7649 537 75.5
7650 625.5 169
7651 586.5 124
7652 569 106.5
7653 628 164.5
7654 595.5 132
7655 594 130.5
7656 543 79.5
7657 627.5 169
7658 628.5 164
7659 587.5 123
7660 586.5 122
7661 542 77.5
7662 538.5 74
7663 626.5 171
7664 544 78.5
7665 543 77.5
7666 588.5 122
7667 572 105.5
7668 557.5 91
7669 593.5 126
7670 564 96.5
7671 608 139.5
7672 581.5 113
7673 624.5 155
7674 595.5 126
7675 594.5 125
7676 564 94.5
7677 632 161.5
7678 620 149.5
7679 590 119.5
7680 631.5 172
7681 606 134.5
7682 605.5 133
7683 595 122.5
7684 591.5 119
7685 591 118.5
7686 545.5 73
7687 632.5 173
7688 632 173.5
7689 633.5 172
7690 596 122.5
7691 592.5 119
7692 592 118.5
7693 592 117.5
7694 581 106.5
7695 579.5 105
7696 549 74.5
7697 546.5 72
7698 624.5 149
7699 623 147.5
7700 620 144.5
7701 618.5 143
7702 617.5 142
7703 603 127.5
7704 597 121.5
7705 580.5 105
7706 628.5 152
7707 627 150.5
7708 626 149.5
7709 616.5 140
7710 615 138.5
7711 606 129.5
7712 605 128.5
7713 548.5 72
7714 631.5 154
7715 630 152.5
7716 614.5 137
7717 613 135.5
7718 612 134.5
7719 611 133.5
7720 609.5 132
7721 608 130.5
7722 599 121.5
7723 594.5 117
7724 637 173.5
7725 634 155.5
7726 633 154.5
7727 645 165.5
7728 644 164.5
7729 642.5 163
7730 641.5 162
7731 640.5 161
7732 637.5 158
7733 624.5 145
7734 600 120.5
7735 639.5 159
7736 628 147.5
7737 625 144.5
7738 559.5 79
7739 639.5 174
7740 629 147.5
7741 596.5 115
7742 625 142.5
7743 597.5 115
7744 575 92.5
7745 560.5 78
7746 553 70.5
7747 598.5 115
7748 631 146.5
7749 599 114.5
7750 562.5 78
7751 642.5 175
7752 633.5 148
7753 632.5 147
7754 613.5 128
7755 588 102.5
7756 601.5 115
7757 555.5 69
7758 635.5 148
7759 552 64.5
7760 598.5 110
7761 644 177.5
7762 646 175.5
7763 638.5 149
7764 618 128.5
7765 598 108.5
7766 593 103.5
7767 557.5 68
7768 649.5 173
7769 656.5 166
7770 600 109.5
7771 619.5 128
7772 618.5 127
7773 615 123.5
7774 614 122.5
7775 605 113.5
7776 592 100.5
7777 586 94.5
7778 554.5 63
7779 646 178.5
7780 655 162.5
7781 635 142.5
7782 614 121.5
7783 613 120.5
7784 594 101.5
7785 588 95.5
7786 649 176.5
7787 654 160.5
7788 627.5 134
7789 624.5 131
7790 619 125.5
7791 617.5 124
7792 616 122.5
7793 613.5 120
7794 647 179.5
7795 657.5 169
7796 635.5 141
7797 615 120.5
7798 614.5 120
7799 608 113.5
7800 598 103.5
7801 561.5 67
7802 650 177.5
7803 648 180.5
7804 654 157.5
7805 628.5 132
7806 609.5 113
7807 563.5 66
7808 658 172.5
7809 604.5 106
7810 603 104.5
7811 650.5 181
7812 581.5 82
7813 657 175.5
7814 581.5 81
7815 654 179.5
7816 657 176.5
7817 658.5 175
7818 623 121.5
7819 622 120.5
7820 567.5 66
7821 655.5 179
7822 658 176.5
7823 652 149.5
7824 617 114.5
7825 569 66.5
7826 565 62.5
7827 655 180.5
7828 658.5 177
7829 659.5 176
7830 660.5 175
7831 624.5 121
7832 659.5 177
7833 668.5 168
7834 626 121.5
7835 617.5 113
7836 656 181.5
7837 668.5 169
7838 630.5 125
7839 622 116.5
7840 619.5 114
7841 605 99.5
7842 657 181.5
7843 658.5 180
7844 659.5 179
7845 660.5 178
7846 661.5 177
7847 628.5 122
7848 628 121.5
7849 627 120.5
7850 569.5 63
7851 657 182.5
7852 664.5 157
7853 630 122.5
7854 659.5 181
7855 659 181.5
7856 661.5 153
7857 651.5 143
7858 632.5 124
7859 625 116.5
7860 623 114.5
7861 621 112.5
7862 617 108.5
7863 574 65.5
7864 571 62.5
7865 661 180.5
7866 662.5 179
7867 660.5 151
7868 625.5 116
7869 617 107.5
7870 616.5 107
7871 660 182.5
7872 662.5 180
7873 660 149.5
7874 659.5 149
7875 623 112.5
7876 619.5 109
7877 577 66.5
7878 659 184.5
7879 661.5 182
7880 662 181.5
7881 663 180.5
7882 669.5 158
7883 625 113.5
7884 661 183.5
7885 677 164.5
7886 652 139.5
7887 644.5 132
7888 642.5 130
7889 641 128.5
7890 640 127.5
7891 639.5 127
7892 621 108.5
7893 660.5 185
7894 679 166.5
7895 676.5 163
7896 675.5 162
7897 639 125.5
7898 637.5 124
7899 627 113.5
7900 623 109.5
7901 661 185.5
7902 665.5 181
7903 635.5 121
7904 633 118.5
7905 592 77.5
7906 590.5 76
7907 660 187.5
7908 680.5 165
7909 679 163.5
7910 673.5 158
7911 668.5 153
7912 651.5 136
7913 635 119.5
7914 626 110.5
7915 664.5 184
7916 665 183.5
7917 680.5 168
7918 672 155.5
7919 668 151.5
7920 665.5 149
7921 652 135.5
7922 650 133.5
7923 634 117.5
7924 629.5 113
7925 592 75.5
7926 663 186.5
7927 664.5 185
7928 674 175.5
7929 683 166.5
7930 669 151.5
7931 665 147.5
7932 653.5 136
7933 642.5 125
7934 640.5 123
7935 635 117.5
7936 665.5 185
7937 681.5 169
7938 682 163.5
7939 678.5 160
7940 663 144.5
7941 650 131.5
7942 649.5 131
7943 640 121.5
7944 633 114.5
7945 669 149.5
7946 668 148.5
7947 664 144.5
7948 663 143.5
7949 653 133.5
7950 649 129.5
7951 617.5 98
7952 615.5 96
7953 666 186.5
7954 667 185.5
7955 683 169.5
7956 685 167.5
7957 679 158.5
7958 665 144.5
7959 651.5 131
7960 617.5 97
7961 617 96.5
7962 667 186.5
7963 668 185.5
7964 684 162.5
7965 672.5 151
7966 665 143.5
7967 664 142.5
7968 663 141.5
7969 652.5 131
7970 652 130.5
7971 648 126.5
7972 618.5 97
7973 678.5 176
7974 671 148.5
7975 670 147.5
7976 665 142.5
7977 661 138.5
7978 660 137.5
7979 659.5 137
7980 651.5 129
7981 649.5 127
7982 649 126.5
7983 648 125.5
7984 618 95.5
7985 685 170.5
7986 687 168.5
7987 682.5 159
7988 681.5 158
7989 680.5 157
7990 619 95.5
7991 618 94.5
7992 616 92.5
7993 615 91.5
7994 685.5 171
7995 687 169.5
7996 686.5 162
7997 680 155.5
7998 678.5 154
7999 677.5 153
8000 620 95.5
8001 619 94.5
8002 690.5 165
8003 689 163.5
8004 683 157.5
8005 677 151.5
8006 675.5 150
8007 628 102.5
8008 627.5 102
8009 618.5 93
8010 617.5 92
8011 616.5 91
8012 615 89.5
8013 614.5 89
8014 679 179.5
8015 673 146.5
8016 628.5 102
8017 613 86.5
8018 597 70.5
8019 666.5 193
8020 687 172.5
8021 689 170.5
8022 673.5 146
8023 672.5 145
8024 637.5 110
8025 636.5 109
8026 633.5 106
8027 632.5 105
8028 631 103.5
8029 628 100.5
8030 627 99.5
8031 671 142.5
8032 670 141.5
8033 669 140.5
8034 665.5 137
8035 604.5 76
8036 602.5 74
8037 601.5 73
8038 600.5 72
8039 679.5 182
8040 688 173.5
8041 690 171.5
8042 695.5 166
8043 685.5 156
8044 665 135.5
8045 582 52.5
8046 667 195.5
8047 680.5 182
8048 689.5 159
8049 688.5 158
8050 684 153.5
8051 680 149.5
8052 670.5 140
8053 664 133.5
8054 636.5 106
8055 614 83.5
8056 613.5 83
8057 612 81.5
8058 603 72.5
8059 584 53.5
8060 582.5 52
8061 684 179.5
8062 689 174.5
8063 694 169.5
8064 688 156.5
8065 585 53.5
8066 690.5 174
8067 694 170.5
8068 697 167.5
8069 682.5 150
8070 681.5 149
8071 676.5 144
8072 673.5 141
8073 612 79.5
8074 610.5 78
8075 606 73.5
8076 585 52.5
8077 684 181.5
8078 672.5 139
8079 653.5 120
8080 610 76.5
8081 609 75.5
8082 668 198.5
8083 690.5 176
8084 693.5 173
8085 686.5 152
8086 676 141.5
8087 653 118.5
8088 604 69.5
8089 602.5 68
8090 681.5 186
8091 685 182.5
8092 686.5 181
8093 686 181.5
8094 694.5 173
8095 694 173.5
8096 698.5 169
8097 694 158.5
8098 692.5 157
8099 691.5 156
8100 690.5 155
8101 689 153.5
8102 688.5 153
8103 677 141.5
8104 674 138.5
8105 637.5 102
8106 634 98.5
8107 606 70.5
8108 604.5 69
8109 682.5 186
8110 691.5 177
8111 701.5 165
8112 700 163.5
8113 699 162.5
8114 687 150.5
8115 685.5 149
8116 673 136.5
8117 671 134.5
8118 670 133.5
8119 691 178.5
8120 695.5 174
8121 695 174.5
8122 698.5 171
8123 703 165.5
8124 698.5 161
8125 698 160.5
8126 691 153.5
8127 689 151.5
8128 688 150.5
8129 683.5 146
8130 675.5 138
8131 670 132.5
8132 665.5 128
8133 639 101.5
8134 612 74.5
8135 610.5 73
8136 686.5 184
8137 692.5 178
8138 703.5 167
8139 698.5 160
8140 698 159.5
8141 697.5 159
8142 697 158.5
8143 695.5 157
8144 694 155.5
8145 690 151.5
8146 689 150.5
8147 684.5 146
8148 680.5 142
8149 679.5 141
8150 673.5 135
8151 667 128.5
8152 640.5 102
8153 636.5 98
8154 586 47.5
8155 694.5 177
8156 699.5 160
8157 698 158.5
8158 693.5 154
8159 681.5 142
8160 680.5 141
8161 676 136.5
8162 667 127.5
8163 665.5 126
8164 696.5 176
8165 704.5 168
8166 693 152.5
8167 672 131.5
8168 669 128.5
8169 695.5 178
8170 699 174.5
8171 705.5 168
8172 706.5 165
8173 706 164.5
8174 705 163.5
8175 703.5 162
8176 691 149.5
8177 687 145.5
8178 686.5 145
8179 685.5 144
8180 683 141.5
8181 679.5 138
8182 671.5 130
8183 670.5 129
8184 688 186.5
8185 700.5 174
8186 701 173.5
8187 705 169.5
8188 705.5 163
8189 690.5 148
8190 689.5 147
8191 688.5 146
8192 686.5 144
8193 685 142.5
8194 684.5 142
8195 684 141.5
8196 682.5 140
8197 682 139.5
8198 681 138.5
8199 670 127.5
8200 669 126.5
8201 668 125.5
8202 665.5 123
8203 661.5 119
8204 666 209.5
8205 695 180.5
8206 701.5 174
8207 709.5 166
8208 708.5 165
8209 666 122.5
8210 664.5 121
8211 698 178.5
8212 699.5 177
8213 701.5 175
8214 706.5 170
8215 703.5 159
8216 703 158.5
8217 690 145.5
8218 688.5 144
8219 685 140.5
8220 683.5 139
8221 677 132.5
8222 675.5 131
8223 668.5 124
8224 663.5 119
8225 648 103.5
8226 647 102.5
8227 666 211.5
8228 695.5 182
8229 696.5 181
8230 697.5 180
8231 702 156.5
8232 701 155.5
8233 699.5 154
8234 689.5 144
8235 688.5 143
8236 677.5 132
8237 676.5 131
8238 667.5 122
8239 664.5 119
8240 663.5 118
8241 673.5 205
8242 697.5 181
8243 699 179.5
8244 702.5 176
8245 707.5 171
8246 688.5 142
8247 687 140.5
8248 683 136.5
8249 676.5 130
8250 659.5 113
8251 688 191.5
8252 696.5 183
8253 700.5 179
8254 701.5 178
8255 681 133.5
8256 670.5 123
8257 698.5 182
8258 702 178.5
8259 680 131.5
8260 679 130.5
8261 678.5 130
8262 673 124.5
8263 672 123.5
8264 671 122.5
8265 669.5 121
8266 669 120.5
8267 667 214.5
8268 670.5 211
8269 697.5 184
8270 698 183.5
8271 701.5 180
8272 677 127.5
8273 676 126.5
8274 674.5 125
8275 675.5 207
8276 699.5 183
8277 699 183.5
8278 670.5 213
8279 686 197.5
8280 699.5 184
8281 700.5 183
8282 702.5 181
8283 703.5 180
8284 667.5 217
8285 677.5 207
8286 688 196.5
8287 702 182.5
8288 706 178.5
8289 713 160.5
8290 671.5 214
8291 684 201.5
8292 701.5 184
8293 704 181.5
8294 711.5 174
8295 673 119.5
8296 668.5 219
8297 679 208.5
8298 705 182.5
8299 685 129.5
8300 679.5 209
8301 686 202.5
8302 693 195.5
8303 713.5 175
8304 691.5 198
8305 703 186.5
8306 676.5 214
8307 703.5 187
8308 705 185.5
8309 670 221.5
8310 692.5 199
8311 694.5 197
8312 697 194.5
8313 705.5 186
8314 673.5 219
8315 698 194.5
8316 701 191.5
8317 681.5 121
8318 670.5 223
8319 679.5 214
8320 692.5 201
8321 700.5 193
8322 705.5 188
8323 716.5 177
8324 681 213.5
8325 693.5 201
8326 697 197.5
8327 699.5 195
8328 671.5 224
8329 674.5 221
8330 680.5 215
8331 697.5 198
8332 699.5 196
8333 706 189.5
8334 717.5 178
8335 682 214.5
8336 693.5 203
8337 697.5 199
8338 699 197.5
8339 700.5 196
8340 675.5 222
8341 695 202.5
8342 703.5 194
8343 709 188.5
8344 672.5 226
8345 675.5 223
8346 682 216.5
8347 698.5 200
8348 700.5 198
8349 700 198.5
8350 701.5 197
8351 708 190.5
8352 683 216.5
8353 710.5 189
8354 673 227.5
8355 682.5 219
8356 684 217.5
8357 699 202.5
8358 700 201.5
8359 701 200.5
8360 706.5 195
8361 721.5 180
8362 677.5 225
8363 683.5 219
8364 700 202.5
8365 702 200.5
8366 706.5 196
8367 712 190.5
8368 675 228.5
8369 683.5 220
8370 678.5 226
8371 702.5 202
8372 706.5 198
8373 707.5 197
8374 723.5 181
8375 678.5 227
8376 713.5 192
8377 714 191.5
8378 724.5 181
8379 724 181.5
8380 676 230.5
8381 684.5 222
8382 703 203.5
8383 708.5 198
8384 685.5 222
8385 695.5 212
8386 707.5 201
8387 726 182.5
8388 678 231.5
8389 681 228.5
8390 696 213.5
8391 698 211.5
8392 710.5 199
8393 716 193.5
8394 703.5 207
8395 708.5 202
8396 712 198.5
8397 717.5 193
8398 727.5 183
8399 685.5 226
8400 721 190.5
8401 687.5 225
8402 710 202.5
8403 718.5 194
8404 718 194.5
8405 719.5 193
8406 688 225.5
8407 729 184.5
8408 680 234.5
8409 705 209.5
8410 706.5 208
8411 708.5 206
8412 719 195.5
8413 721.5 193
8414 710.5 205
8415 721.5 194
8416 730.5 185
8417 698.5 218
8418 712.5 204
8419 721 195.5
8420 730 186.5
8421 696.5 221
8422 706 211.5
8423 707.5 210
8424 723 194.5
8425 732 185.5
8426 709.5 209
8427 713.5 205
8428 682.5 237
8429 699.5 220
8430 700 219.5
8431 713.5 206
8432 717 202.5
8433 722 197.5
8434 727 192.5
8435 742 177.5
8436 683 237.5
8437 697.5 223
8438 701 219.5
8439 724 196.5
8440 732.5 188
8441 746.5 174
8442 704 217.5
8443 715 206.5
8444 723 198.5
8445 728 193.5
8446 734 187.5
8447 679 243.5
8448 684 238.5
8449 688 234.5
8450 711 211.5
8451 713.5 209
8452 725.5 197
8453 726.5 196
8454 734 188.5
8455 748 174.5
8456 699 224.5
8457 702.5 221
8458 715 208.5
8459 724 199.5
8460 736 187.5
8461 748.5 175
8462 680 244.5
8463 705.5 219
8464 711.5 213
8465 712.5 212
8466 714.5 210
8467 716.5 208
8468 729.5 195
8469 686.5 239
8470 726 199.5
8471 727 198.5
8472 737 188.5
8473 750 175.5
8474 713.5 213
8475 715.5 211
8476 721 205.5
8477 726.5 200
8478 729.5 197
8479 737.5 189
8480 681 246.5
8481 682 245.5
8482 712.5 215
8483 718 209.5
8484 727.5 200
8485 737 190.5
8486 691.5 237
8487 701 227.5
8488 709.5 219
8489 714.5 214
8490 716.5 212
8491 752.5 176
8492 683 246.5
8493 684 245.5
8494 689 240.5
8495 707.5 222
8496 707 222.5
8497 716.5 213
8498 718.5 211
8499 719.5 210
8500 730.5 199
8501 684 246.5
8502 685 245.5
8503 713.5 217
8504 715.5 215
8505 729 201.5
8506 739 191.5
8507 740.5 190
8508 753.5 177
8509 703 228.5
8510 704.5 227
8511 707 224.5
8512 719.5 212
8513 722.5 209
8514 686 246.5
8515 691 241.5
8516 705 227.5
8517 707 225.5
8518 720.5 212
8519 730.5 202
8520 731.5 201
8521 732.5 200
8522 734 198.5
8523 704 229.5
8524 717 216.5
8525 718.5 215
8526 724 209.5
8527 741 192.5
8528 724 210.5
8529 732 202.5
8530 687 248.5
8531 693 242.5
8532 717.5 218
8533 738.5 197
8534 684 252.5
8535 716.5 220
8536 732.5 204
8537 700 237.5
8538 736.5 201
8539 685 253.5
8540 707 231.5
8541 709.5 229
8542 714 224.5
8543 717.5 221
8544 690 249.5
8545 696 243.5
8546 698 241.5
8547 713.5 226
8548 718 221.5
8549 728.5 211
8550 733.5 206
8551 745.5 194
8552 687 253.5
8553 702.5 238
8554 702 238.5
8555 687 254.5
8556 691 250.5
8557 719 222.5
8558 729.5 212
8559 734.5 207
8560 746 195.5
8561 754.5 187
8562 688.5 254
8563 690.5 252
8564 698.5 244
8565 702.5 240
8566 709.5 233
8567 710 232.5
8568 739.5 203
8569 756 186.5
8570 690 253.5
8571 704 239.5
8572 719.5 224
8573 723.5 220
8574 736 207.5
8575 738.5 205
8576 739.5 204
8577 756 187.5
8578 693 251.5
8579 699.5 245
8580 717 227.5
8581 747.5 197
8582 689 256.5
8583 694 251.5
8584 726.5 219
8585 737 208.5
8586 739.5 206
8587 744.5 201
8588 693.5 253
8589 693 253.5
8590 745.5 201
8591 749.5 197
8592 754.5 192
8593 758 188.5
8594 690 257.5
8595 695 252.5
8596 702.5 245
8597 706.5 241
8598 713 234.5
8599 717 230.5
8600 737.5 210
8601 740 207.5
8602 760.5 187
8603 718 230.5
8604 726.5 222
8605 693 256.5
8606 695.5 254
8607 695 254.5
8608 701 248.5
8609 726 223.5
8610 739 210.5
8611 740 209.5
8612 741 208.5
8613 751 198.5
8614 763.5 186
8615 692.5 258
8616 705 245.5
8617 708.5 242
8618 719 231.5
8619 726 224.5
8620 741.5 209
8621 747.5 203
8622 757 193.5
8623 764.5 186
8624 703 248.5
8625 718.5 233
8626 727 224.5
8627 741.5 210
8628 752 199.5
8629 724.5 228
8630 758 194.5
8631 761.5 191
8632 764 188.5
8633 707 246.5
8634 728.5 225
8635 742.5 211
8636 746.5 207
8637 766.5 187
8638 695.5 259
8639 711.5 243
8640 724 230.5
8641 725.5 229
8642 698 257.5
8643 706 249.5
8644 710.5 245
8645 711.5 244
8646 720 235.5
8647 721 234.5
8648 711.5 245
8649 727.5 229
8650 735 221.5
8651 750 206.5
8652 754 202.5
8653 755 201.5
8654 700 257.5
8655 721 236.5
8656 726 231.5
8657 735 222.5
8658 736.5 221
8659 742 215.5
8660 747 210.5
8661 764.5 193
8662 768 189.5
8663 698.5 260
8664 712.5 246
8665 755.5 203
8666 715.5 244
8667 736.5 223
8668 742.5 217
8669 748 211.5
8670 765.5 194
8671 730.5 230
8672 703.5 258
8673 714.5 247
8674 743.5 218
8675 748 213.5
8676 764.5 197
8677 765.5 196
8678 705.5 257
8679 709.5 253
8680 715 247.5
8681 718 244.5
8682 729.5 233
8683 732 230.5
8684 738 224.5
8685 750 212.5
8686 703.5 260
8687 705 258.5
8688 737 226.5
8689 739.5 224
8690 744.5 219
8691 774.5 189
8692 779 184.5
8693 705 259.5
8694 731.5 233
8695 749 215.5
8696 753.5 211
8697 713 252.5
8698 734.5 231
8699 738 227.5
8700 739 226.5
8701 766 199.5
8702 720 246.5
8703 735 231.5
8704 750 216.5
8705 754.5 212
8706 766.5 200
8707 719.5 248
8708 738 229.5
8709 765.5 202
8710 715 253.5
8711 736 232.5
8712 739.5 229
8713 750.5 218
8714 751 217.5
8715 755.5 213
8716 766.5 202
8717 768 200.5
8718 731 238.5
8719 739 230.5
8720 750.5 219
8721 779.5 190
8722 722.5 248
8723 732 238.5
8724 750 220.5
8725 755.5 215
8726 760 210.5
8727 767.5 203
8728 770.5 200
8729 773 197.5
8730 779 191.5
8731 712 259.5
8732 717 254.5
8733 722.5 249
8734 741.5 230
8735 718 254.5
8736 719.5 253
8737 725.5 247
8738 733 239.5
8739 768 204.5
8740 781.5 191
8741 715 258.5
8742 742.5 231
8743 743 230.5
8744 760.5 213
8745 773 200.5
8746 720 254.5
8747 721.5 253
8748 725.5 249
8749 767.5 207
8750 768.5 206
8751 769 205.5
8752 772 202.5
8753 780 194.5
8754 783.5 191
8755 786 188.5
8756 722.5 253
8757 723 252.5
8758 734.5 241
8759 735.5 240
8760 771 204.5
8761 735 241.5
8762 737 239.5
8763 745 231.5
8764 753 223.5
8765 762 214.5
8766 769.5 207
8767 769 207.5
8768 776 200.5
8769 717.5 260
8770 722 255.5
8771 789.5 188
8772 719 259.5
8773 725 253.5
8774 737 241.5
8775 762.5 216
8776 718.5 261
8777 724 255.5
8778 747.5 232
8779 754 225.5
8780 778 201.5
8781 790.5 189
8782 790 189.5
8783 719.5 261
8784 726 254.5
8785 790 190.5
8786 791.5 189
8787 720.5 261
8788 728 253.5
8789 746.5 235
8790 748 233.5
8791 778 203.5
8792 781 200.5
8793 786 195.5
8794 792 189.5
8795 721 261.5
8796 755 227.5
8797 776 206.5
8798 791.5 191
8799 723 260.5
8800 749 234.5
8801 793 190.5
8802 794 189.5
8803 723 261.5
8804 759.5 225
8805 778.5 206
8806 790 194.5
8807 724 261.5
8808 728.5 257
8809 756.5 229
8810 783 202.5
8811 755.5 231
8812 790.5 196
8813 729.5 258
8814 731 256.5
8815 736.5 251
8816 748 240.5
8817 751 237.5
8818 772 216.5
8819 727 262.5
8820 732.5 257
8821 749.5 240
8822 757.5 232
8823 769 220.5
8824 734 256.5
8825 739 251.5
8826 749 241.5
8827 756.5 234
8828 772 218.5
8829 794.5 196
8830 799 191.5
8831 751 240.5
8832 752.5 239
8833 800.5 191
8834 801 190.5
8835 757.5 235
8836 770.5 222
8837 772.5 220
8838 777 215.5
8839 736.5 257
8840 741 252.5
8841 759 234.5
8842 770 223.5
8843 802.5 191
8844 773.5 221
8845 777.5 217
8846 732.5 263
8847 749 246.5
8848 759.5 236
8849 772.5 223
8850 775 221.5
8851 777.5 219
8852 804.5 192
8853 805 191.5
8854 734.5 263
8855 744.5 253
8856 774 223.5
8857 775.5 222
8858 779 218.5
8859 805 192.5
8860 735.5 263
8861 761.5 237
8862 779.5 219
8863 806.5 192
8864 736.5 263
8865 741 258.5
8866 774 225.5
8867 776 223.5
8868 779 220.5
8869 780.5 219
8870 807 192.5
8871 761 239.5
8872 762 238.5
8873 776.5 224
8874 741 260.5
8875 780.5 221
8876 781.5 220
8877 799 202.5
8878 800 201.5
8879 769 233.5
8880 773.5 229
8881 777.5 225
8882 783.5 219
8883 743.5 260
8884 745.5 258
8885 769.5 234
8886 782.5 221
8887 797.5 206
8888 799 204.5
8889 801 202.5
8890 802 201.5
8891 745 259.5
8892 774 230.5
8893 801 203.5
8894 752.5 253
8895 785.5 220
8896 753 253.5
8897 754 252.5
8898 743.5 265
8899 744 264.5
8900 780.5 228
8901 787 221.5
8902 751 258.5
8903 793.5 216
8904 807 202.5
8905 810.5 199
8906 784.5 226
8907 788 222.5
8908 796 214.5
8909 802.5 208
8910 746.5 265
8911 748 263.5
8912 759.5 252
8913 769 242.5
8914 782.5 229
8915 802 209.5
8916 803 208.5
8917 752 260.5
8918 776.5 236
8919 806 206.5
8920 759 254.5
8921 786.5 227
8922 806 207.5
8923 750 264.5
8924 784.5 230
8925 788 226.5
8926 750.5 265
8927 756 259.5
8928 760 255.5
8929 773 242.5
8930 761.5 255
8931 781 235.5
8932 785 231.5
8933 787 229.5
8934 754.5 263
8935 763 254.5
8936 766 251.5
8937 788.5 230
8938 818.5 200
8939 759.5 260
8940 761 258.5
8941 768 251.5
8942 786 233.5
8943 787 232.5
8944 792 227.5
8945 777 243.5
8946 782 238.5
8947 760 261.5
8948 762 259.5
8949 788.5 233
8950 802.5 219
8951 773 249.5
8952 788 234.5
8953 791 231.5
8954 792.5 230
8955 800 222.5
8956 785 238.5
8957 791.5 232
8958 808 215.5
8959 811.5 212
8960 822.5 201
8961 789 235.5
8962 794.5 230
8963 799 225.5
8964 766 259.5
8965 767 258.5
8966 786 239.5
8967 794 231.5
8968 804.5 221
8969 778.5 248
8970 788 238.5
8971 801 225.5
8972 808.5 218
8973 764 263.5
8974 769.5 258
8975 770 257.5
8976 802 226.5
8977 803 225.5
8978 821.5 207
8979 779 250.5
8980 786 243.5
8981 804.5 225
8982 805.5 224
8983 806.5 223
8984 810 219.5
8985 791 239.5
8986 795 235.5
8987 828.5 202
8988 795 236.5
8989 807.5 224
8990 772.5 260
8991 772 260.5
8992 773.5 259
8993 801 231.5
8994 803.5 229
8995 804 228.5
8996 807.5 225
8997 817 215.5
8998 794 239.5
8999 800 233.5
9000 806 227.5
9001 830.5 203
9002 804.5 230
9003 809.5 225
9004 811 223.5
9005 778 257.5
9006 788.5 247
9007 802.5 233
9008 812.5 223
9009 833.5 202
9010 778 258.5
9011 801.5 235
9012 811.5 225
9013 811 225.5
9014 790 247.5
9015 802.5 235
9016 824 213.5
9017 833.5 204
9018 778 260.5
9019 779 259.5
9020 787.5 251
9021 803 235.5
9022 804.5 234
9023 813 225.5
9024 835.5 203
9025 835 203.5
9026 781.5 258
9027 791.5 248
9028 805 234.5
9029 807 232.5
9030 808 231.5
9031 804 236.5
9032 805 235.5
9033 780.5 261
9034 783 258.5
9035 807 234.5
9036 809 232.5
9037 836 205.5
9038 838 203.5
9039 805 237.5
9040 826 216.5
9041 795.5 248
9042 837 206.5
9043 838 205.5
9044 784.5 260
9045 788 256.5
9046 822.5 222
9047 827.5 217
9048 828.5 216
9049 831 213.5
9050 829.5 216
9051 838 207.5
9052 800 246.5
9053 826.5 220
9054 797.5 250
9055 799.5 248
9056 841 206.5
9057 816 232.5
9058 842 207.5
9059 793 257.5
9060 801.5 249
9061 807.5 243
9062 843.5 207
9063 847 198.5
9064 846 197.5
9065 805.5 246
9066 808.5 243
9067 795 257.5
9068 803.5 249
9069 808.5 244
9070 811 241.5
9071 842 210.5
9072 793.5 260
9073 809 244.5
9074 810 243.5
9075 813.5 240
9076 845 208.5
9077 805.5 249
9078 809 245.5
9079 811.5 243
9080 853.5 201
9081 853 200.5
9082 852 199.5
9083 851.5 199
9084 851 198.5
9085 850 197.5
9086 848.5 196
9087 803.5 252
9088 811 244.5
9089 813 242.5
9090 815.5 240
9091 801 255.5
9092 807.5 249
9093 813.5 243
9094 815 241.5
9095 817.5 239
9096 853.5 199
9097 851 196.5
9098 810.5 247
9099 811.5 246
9100 813 244.5
9101 850.5 195
9102 800 258.5
9103 820 238.5
9104 853.5 197
9105 852 195.5
9106 804 255.5
9107 811.5 248
9108 814.5 245
9109 856.5 199
9110 852.5 195
9111 804 256.5
9112 813.5 247
9113 819 241.5
9114 823 237.5
9115 858 199.5
9116 811.5 250
9117 811 250.5
9118 813 248.5
9119 816.5 245
9120 817 244.5
9121 821 240.5
9122 857 197.5
9123 852.5 193
9124 815.5 247
9125 825.5 237
9126 839 223.5
9127 817 246.5
9128 818 245.5
9129 821 242.5
9130 840.5 223
9131 841.5 222
9132 859 197.5
9133 855 193.5
9134 820.5 244
9135 824.5 240
9136 854.5 210
9137 856 208.5
9138 855 192.5
9139 815 250.5
9140 818.5 247
9141 818 247.5
9142 820 245.5
9143 823.5 242
9144 861 197.5
9145 860 196.5
9146 820 246.5
9147 858.5 208
9148 861.5 205
9149 863 203.5
9150 808 259.5
9151 811 256.5
9152 821.5 246
9153 827 240.5
9154 831 236.5
9155 841 226.5
9156 844 223.5
9157 865.5 202
9158 866.5 201
9159 862 196.5
9160 859.5 194
9161 857.5 192
9162 857 191.5
9163 823.5 245
9164 825 243.5
9165 826 242.5
9166 842 226.5
9167 848.5 220
9168 849 219.5
9169 858 210.5
9170 857 190.5
9171 828.5 241
9172 830 239.5
9173 831 238.5
9174 834 235.5
9175 846 223.5
9176 863 195.5
9177 860 192.5
9178 830.5 240
9179 847 223.5
9180 854.5 216
9181 858.5 212
9182 861 209.5
9183 869 200.5
9184 868 199.5
9185 859.5 191
9186 831.5 240
9187 833 238.5
9188 849 222.5
9189 860 211.5
9190 862 192.5
9191 859.5 190
9192 836.5 236
9193 863 192.5
9194 860 189.5
9195 846 227.5
9196 853 220.5
9197 854 219.5
9198 859 214.5
9199 863.5 210
9200 870.5 199
9201 862 190.5
9202 841 233.5
9203 847.5 227
9204 848.5 226
9205 855 219.5
9206 860.5 214
9207 864.5 192
9208 861.5 189
9209 861 188.5
9210 857 218.5
9211 866.5 193
9212 825 251.5
9213 853 223.5
9214 854.5 222
9215 863.5 213
9216 868 208.5
9217 864 189.5
9218 827 250.5
9219 850 227.5
9220 866.5 191
9221 863.5 188
9222 862 186.5
9223 848 230.5
9224 862 216.5
9225 875 203.5
9226 873.5 197
9227 869 192.5
9228 868 191.5
9229 831.5 248
9230 832.5 247
9231 867.5 212
9232 869.5 210
9233 874.5 197
9234 866 188.5
9235 833 247.5
9236 837 243.5
9237 871.5 209
9238 877 203.5
9239 870.5 192
9240 868.5 190
9241 839 242.5
9242 873 208.5
9243 874.5 207
9244 876.5 197
9245 875 195.5
9246 838.5 244
9247 865.5 217
9248 867 215.5
9249 868 187.5
9250 859.5 224
9251 860.5 223
9252 862 221.5
9253 876 207.5
9254 877 206.5
9255 876.5 195
9256 872 190.5
9257 870.5 189
9258 868 186.5
9259 863.5 221
9260 880.5 204
9261 878.5 196
9262 868 185.5
9263 859.5 226
9264 860.5 225
9265 862 223.5
9266 879.5 206
9267 868 184.5
9268 860 226.5
9269 861.5 225
9270 881.5 205
9271 873.5 189
9272 872 187.5
9273 869 184.5
9274 862 225.5
9275 883.5 204
9276 869.5 184
9277 866.5 222
9278 886 202.5
9279 880.5 194
9280 876.5 190
9281 875 188.5
9282 874 187.5
9283 867 222.5
9284 870.5 219
9285 878.5 211
9286 879.5 210
9287 881 208.5
9288 863 227.5
9289 872.5 218
9290 882 193.5
9291 873.5 185
9292 853.5 238
9293 854 237.5
9294 869.5 222
9295 883 208.5
9296 889 199.5
9297 876.5 187
9298 875 185.5
9299 874.5 185
9300 880 212.5
9301 884 193.5
9302 891 199.5
9303 876 184.5
9304 868.5 226
9305 880.5 214
9306 885 192.5
9307 878.5 186
9308 862 233.5
9309 892 203.5
9310 887.5 194
9311 876.5 183
9312 869 227.5
9313 889 207.5
9314 877.5 183
9315 894.5 203
9316 887.5 192
9317 878.5 183
9318 864.5 234
9319 870 228.5
9320 893.5 205
9321 893 205.5
9322 871.5 228
9323 877.5 222
9324 893 206.5
9325 880.5 183
9326 893 207.5
9327 889 190.5
9328 878 223.5
9329 884.5 217
9330 888 213.5
9331 898 203.5
9332 875.5 227
9333 881 221.5
9334 898 204.5
9335 901 200.5
9336 898 197.5
9337 897 196.5
9338 893.5 193
9339 883.5 220
9340 902.5 202
9341 903.5 201
9342 902 199.5
9343 901 198.5
9344 885.5 220
9345 901 197.5
9346 889.5 217
9347 898 208.5
9348 903.5 203
9349 905 201.5
9350 892.5 215
9351 904.5 203
9352 898.5 193
9353 898.5 210
9354 887 180.5
9355 896.5 213
9356 905.5 204
9357 905 204.5
9358 885.5 178
9359 884.5 226
9360 905.5 206
9361 905 206.5
9362 903 193.5
9363 890.5 181
9364 888.5 179
9365 883 229.5
9366 893.5 219
9367 898 214.5
9368 890 223.5
9369 900 213.5
9370 908.5 197
9371 895 183.5
9372 892.5 181
9373 892 180.5
9374 889.5 178
9375 900 214.5
9376 906 208.5
9377 891 178.5
9378 889.5 226
9379 899.5 216
9380 900 215.5
9381 910 196.5
9382 886 230.5
9383 902 187.5
9384 893 178.5
9385 890.5 227
9386 891 226.5
9387 907.5 210
9388 915 199.5
9389 899 183.5
9390 890.5 228
9391 913 196.5
9392 894.5 178
9393 891 229.5
9394 898.5 222
9395 908 212.5
9396 894.5 176
9397 893.5 228
9398 918 203.5
9399 896.5 177
9400 895.5 227
9401 900 222.5
9402 914.5 208
9403 898 177.5
9404 892.5 232
9405 895 229.5
9406 909 215.5
9407 919 205.5
9408 900.5 225
9409 901.5 224
9410 919.5 206
9411 923.5 202
9412 921.5 198
9413 896 230.5
9414 924.5 202
9415 923 198.5
9416 895 232.5
9417 898 229.5
9418 901.5 226
9419 898 230.5
9420 902.5 226
9421 910 218.5
9422 920.5 208
9423 925.5 203
9424 899 231.5
9425 924.5 206
9426 926 204.5
9427 898.5 233
9428 922 209.5
9429 911 221.5
9430 918.5 214
9431 929.5 203
9432 924.5 209
9433 930.5 203
9434 919.5 215
9435 923 211.5
9436 901 234.5
9437 924.5 211
9438 926.5 209
9439 919.5 217
9440 930.5 206
9441 932 204.5
9442 927.5 210
9443 932.5 205
9444 902.5 236
9445 912 226.5
9446 913.5 225
9447 920.5 218
9448 925.5 213
9449 905 234.5
9450 924 215.5
9451 930.5 209
9452 931 208.5
9453 933 206.5
9454 914 226.5
9455 912.5 229
9456 924.5 217
9457 921.5 221
9458 933.5 209
9459 934.5 208
9460 921.5 222
9461 926.5 217
9462 931.5 212
9463 914 230.5
9464 935.5 209
9465 939.5 205
9466 927.5 218
9467 908.5 238
9468 909.5 237
9469 925 222.5
9470 926.5 221
9471 932.5 215
9472 914.5 234
9473 926.5 222
9474 926 222.5
9475 931.5 217
9476 908 241.5
9477 926 223.5
9478 908.5 242
9479 910.5 240
9480 923.5 227
9481 929 221.5
9482 937.5 213
9483 909.5 242
9484 916 235.5
9485 927 224.5
9486 938 213.5
9487 911 241.5
9488 912.5 240
9489 916 236.5
9490 928.5 224
9491 909.5 244
9492 910.5 243
9493 911 242.5
9494 925 228.5
9495 928 225.5
9496 933 220.5
9497 937 216.5
9498 932.5 222
9499 936.5 218
9500 917 238.5
9501 926 229.5
9502 931 224.5
9503 934.5 221
9504 938.5 217
9505 939 216.5
9506 945.5 210
9507 925 231.5
9508 928.5 228
9509 933.5 223
9510 912.5 245
9511 925.5 232
9512 926.5 231
9513 931 226.5
9514 933.5 224
9515 936 221.5
9516 939.5 218
9517 939 218.5
9518 946 211.5
9519 910.5 248
9520 911 247.5
9521 935 223.5
9522 912 247.5
9523 918.5 241
9524 925.5 235
9525 927 233.5
9526 930.5 230
9527 939 221.5
9528 941 220.5
9529 912 250.5
9530 919.5 243
9531 940.5 222
9532 946.5 216
9533 915 248.5
9534 940 223.5
9535 947.5 216
9536 914.5 250
9537 928 236.5
9538 940 224.5
9539 913.5 252
9540 928.5 237
9541 942.5 223
9542 946.5 219
9543 920 246.5
9544 928.5 239
9545 929.5 238
9546 930.5 237
9547 947.5 220
9548 948.5 219
9549 914.5 254
9550 915.5 253
9551 927.5 242
9552 933.5 236
9553 933 236.5
9554 941 228.5
9555 943.5 226
9556 949.5 220
9557 915 255.5
9558 931.5 239
9559 948.5 223
9560 932.5 240
9561 933.5 239
9562 942 230.5
9563 950 222.5
9564 922 251.5
9565 923 250.5
9566 935 238.5
9567 936.5 237
9568 949.5 224
9569 923 251.5
9570 935 239.5
9571 951 223.5
9572 932.5 243
9573 934 242.5
9574 936.5 240
9575 937.5 239
9576 947 229.5
9577 952 224.5
9578 923.5 254
9579 923 254.5
9580 936 241.5
9581 943 234.5
9582 935 243.5
9583 937.5 241
9584 946.5 232
9585 936.5 243
9586 953.5 226
9587 925 255.5
9588 937.5 243
9589 953 227.5
9590 923.5 258
9591 938.5 243
9592 923 259.5
9593 940.5 242
9594 943.5 239
9595 953 229.5
9596 925 259.5
9597 938.5 246
9598 944 241.5
9599 956 229.5
9600 920.5 266
9601 929.5 257
9602 940.5 246
9603 944 242.5
9604 953 233.5
9605 939 248.5
9606 953.5 234
9607 956 231.5
9608 930.5 258
9609 930 258.5
9610 955.5 233
9611 926 263.5
9612 951.5 238
9613 956.5 233
9614 921.5 269
9615 931 259.5
9616 943 247.5
9617 949.5 241
9618 945.5 246
9619 953 238.5
9620 955.5 236
9621 949.5 243
9622 932 261.5
9623 952.5 241
9624 926 268.5
9625 931.5 263
9626 943 251.5
9627 953.5 241
9628 937 258.5
9629 931.5 265
9630 933 263.5
9631 956.5 241
9632 941 257.5
9633 944.5 254
9634 954.5 244
9635 928 271.5
9636 934 265.5
9637 955 245.5
9638 928.5 274
9639 935.5 268
9640 940.5 263
9641 942 261.5
9642 943.5 260
9643 949 254.5
9644 943 261.5
9645 945 259.5
9646 949.5 255
9647 930 275.5
9648 934.5 271
9649 935.5 270
9650 955.5 250
9651 946.5 260
9652 950 256.5
9653 931 276.5
9654 947.5 260
9655 935.5 273
9656 931.5 278
9657 936.5 273
9658 938.5 272
9659 932.5 279
9660 937 274.5
9661 938 275.5
9662 952 262.5
9663 957 258.5
9664 957 260.5
9665 947 271.5
9666 953 266.5
9667 953.5 268
1338
0 3858 1 1.72562e+08 16 165 15 165
1 3867 1 1.72562e+08 15 152 15 153 15 154 15 155 15 156 15 157 15 158 15 159 15 160 15 161 15 162 15 163 15 164 15 165
2 3859 2 1.72562e+08 17 165 16 165 16 166
3 3858 2 1.72562e+08 15 165 16 165 16 166
4 3862 4 1.72562e+08 21 165 20 165
5 3859 4 1.72562e+08 16 165 17 165 18 165 19 165 20 165
6 3865 6 1.72562e+08 23 167 23 166 22 166 21 166
7 3862 6 1.72562e+08 20 165 21 165 21 166
8 3869 8 1.72562e+08 25 168 25 167 24 167 23 167
9 3865 8 1.72562e+08 23 166 23 167
10 3870 11 1.72562e+08 26 169 26 168 25 168
11 3869 11 1.72562e+08 25 167 25 168
12 3873 12 1.72562e+08 29 170 28 170 27 170 27 169 26 169
13 3870 12 1.72562e+08 26 168 26 169
14 3875 14 1.72562e+08 31 172 30 172 30 171 29 171
15 3873 14 1.72562e+08 28 170 29 170 29 171
16 3877 15 1.72562e+08 32 172 31 172
17 3875 15 1.72562e+08 30 172 31 172
18 3877 19 1.72562e+08 31 172 32 172 32 173 33 173 33 174
19 3882 19 1.72562e+08 33 175 33 174
20 3888 23 1.72562e+08 36 176 36 175 35 175 34 175
21 3882 23 1.72562e+08 33 174 33 175 34 175
22 3890 26 1.72562e+08 38 176 37 176
23 3888 26 1.72562e+08 36 175 36 176 37 176
24 3897 29 1.72562e+08 40 178 39 178
25 3890 29 1.72562e+08 37 176 38 176 38 177 39 177 39 178
26 3901 31 1.72562e+08 42 179 41 179
27 3897 31 1.72562e+08 39 178 40 178 40 179 41 179
28 3914 34 1.72562e+08 43 181 43 180 42 180
29 3901 34 1.72562e+08 41 179 42 179 42 180
30 3919 39 1.72562e+08 44 182 44 181 43 181
31 3914 39 1.72562e+08 43 180 43 181
32 3919 46 1.72562e+08 44 181 44 182 45 182
33 3928 46 1.72562e+08 44 184 44 183 44 182 45 182
34 3946 51 1.72562e+08 47 184 47 183 46 183
35 3928 51 1.72562e+08 44 183 44 184 45 184 46 184 46 183
36 3946 62 1.72562e+08 47 183 47 184 48 184
37 3959 62 1.72562e+08 49 185 48 185 48 184
38 3959 77 1.72562e+08 48 185 49 185 50 185
39 3970 77 1.72562e+08 50 186 50 185
40 3981 80 1.72562e+08 52 187 52 186 51 186
41 3970 80 1.72562e+08 50 185 50 186 51 186
42 3992 88 1.72562e+08 54 187 53 187
43 3981 88 1.72562e+08 52 186 52 187 53 187
44 3992 101 1.72562e+08 53 187 54 187 54 188 55 188
45 4013 101 1.72562e+08 55 189 55 188
46 4027 112 1.72562e+08 57 190 57 189 56 189
47 4013 112 1.72562e+08 55 188 55 189 56 189
48 4027 117 1.72562e+08 57 189 57 190 58 190
49 4033 117 1.72562e+08 58 191 58 190
50 4106 160 inf 22 90 21 90
51 4097 160 inf 20 90 21 90
52 4119 171 inf 25 90 24 90
53 4106 171 inf 21 90 22 90 23 90 24 90
54 4129 176 inf 27 90 26 90
55 4119 176 inf 24 90 25 90 26 90
56 4143 179 inf 31 91 31 92 31 93 31 94
57 4140 179 inf 34 95 33 95 32 95 31 95 31 94
58 4141 181 1.72562e+08 68 200 68 199 67 199
59 4033 181 1.72562e+08 58 190 58 191 59 191 60 191 60 192 61 192 61 193 61 194 62 194 62 195 62 196 63 196 63 197 64 197 64 198 65 198 66 198 66 199 67 199
60 4154 188 1.72562e+08 71 201 71 200 70 200
61 4141 188 1.72562e+08 68 199 68 200 69 200 70 200
62 4152 190 inf 39 96 38 96 38 95 37 95
63 4140 190 inf 33 95 34 95 35 95 36 95 37 95
64 4153 192 inf 30 88 31 88
65 4143 192 inf 31 92 31 91 31 90 31 89 31 88
66 4129 193 inf 26 90 27 90 28 90 28 89 29 89 29 88 29 87 30 87
67 4153 193 inf 31 88 30 88 30 87
68 4161 197 1.72562e+08 73 201 72 201
69 4154 197 1.72562e+08 71 200 71 201 72 201
70 4165 198 inf 43 96 42 96 41 96
71 4152 198 inf 38 96 39 96 40 96 41 96
72 4184 202 1.72562e+08 77 203 76 203 75 203 75 202 74 202 73 202
73 4161 202 1.72562e+08 72 201 73 201 73 202
74 4184 213 1.72562e+08 76 203 77 203
75 4193 213 1.72562e+08 78 204 77 204 77 203
76 4193 223 1.72562e+08 77 204 78 204 79 204
77 4209 223 1.72562e+08 80 205 79 205 79 204
78 4209 227 1.72562e+08 79 205 80 205
79 4214 227 1.72562e+08 81 206 80 206 80 205
80 4214 232 1.72562e+08 80 206 81 206
81 4227 232 1.72562e+08 82 207 81 207 81 206
82 4237 239 1.72562e+08 84 207 83 207 82 207
83 4227 239 1.72562e+08 81 207 82 207
84 4265 253 1.72562e+08 86 209 86 208 85 208 84 208
85 4237 253 1.72562e+08 83 207 84 207 84 208
86 4269 265 inf 61 94 60 94
87 4165 265 inf 42 96 43 96 44 96 45 96 46 96 47 96 48 96 49 96 50 96 51 96 52 96 53 96 54 96 55 96 55 95 56 95 57 95 58 95 59 95 59 94 60 94
88 4283 266 1.72562e+08 88 210 87 210 87 209 86 209
89 4265 266 1.72562e+08 86 208 86 209
90 4298 277 1.72562e+08 90 211 89 211 89 210 88 210
91 4283 277 1.72562e+08 87 210 88 210
92 4297 283 inf 64 92 63 92
93 4269 283 inf 60 94 61 94 61 93 62 93 63 93 63 92
94 4309 293 1.72562e+08 92 211 91 211
95 4298 293 1.72562e+08 89 211 90 211 91 211
96 4326 303 1.72562e+08 94 212 93 212 92 212
97 4309 303 1.72562e+08 91 211 92 211 92 212
98 4357 317 1.72562e+08 96 214 96 213 95 213
99 4326 317 1.72562e+08 93 212 94 212 94 213 95 213
100 4363 323 inf 71 89 70 89 69 89
101 4297 323 inf 63 92 64 92 65 92 65 91 66 91 66 90 67 90 67 89 68 89 69 89
102 4376 331 1.72562e+08 98 215 98 214 97 214
103 4357 331 1.72562e+08 96 213 96 214 97 214
104 4363 334 inf 70 89 71 89 71 88
105 4368 334 inf 72 89 71 89 71 88
106 4400 340 inf 78 91 78 90 77 90 76 90 76 89 75 89 74 89
107 4368 340 inf 71 89 72 89 73 89 74 89
108 4393 341 1.72562e+08 100 216 100 215 99 215
109 4376 341 1.72562e+08 98 214 98 215 99 215
110 4419 351 1.72562e+08 102 217 102 216 101 216
111 4393 351 1.72562e+08 100 215 100 216 101 216
112 4444 367 1.72562e+08 105 217 104 217 103 217
113 4419 367 1.72562e+08 102 216 102 217 103 217
114 4449 380 inf 85 91 85 92
115 4400 380 inf 78 90 78 91 78 92 79 92 80 92 81 92 82 92 83 92 84 92 85 92
116 4472 383 1.72562e+08 109 218 108 218 107 218 106 218 105 218
117 4444 383 1.72562e+08 104 217 105 217 105 218
118 4488 394 inf 90 91 89 91 88 91
119 4449 394 inf 85 92 85 91 86 91 87 91 88 91
120 4502 402 1.72562e+08 110 220 110 219 109 219
121 4472 402 1.72562e+08 108 218 109 218 109 219
122 4540 414 1.72562e+08 114 221 114 220 113 220 112 220 111 220
123 4502 414 1.72562e+08 110 219 110 220 111 220
124 4552 425 inf 94 87 94 88 93 88
125 4488 425 inf 89 91 90 91 91 91 92 91 93 91 93 90 93 89 93 88
126 4580 435 1.72562e+08 118 221 117 221 116 221 115 221
127 4540 435 1.72562e+08 114 220 114 221 115 221
128 4573 444 inf 95 86 95 87
129 4552 444 inf 94 88 94 87 95 87
130 4603 461 1.72562e+08 120 222 119 222 118 222
131 4580 461 1.72562e+08 117 221 118 221 118 222
132 4602 463 inf 98 86 98 85 97 85
133 4573 463 inf 95 87 95 86 95 85 96 85 97 85
134 4631 468 1.72562e+08 123 223 122 223 122 222 121 222 120 222
135 4603 468 1.72562e+08 119 222 120 222
136 4677 485 1.72562e+08 133 221 133 222 132 222 131 222 130 222 129 222 129 221 128 221 127 221 126 221 125 221 124 221
137 4638 485 1.72562e+08 124 223 124 222 124 221
138 4638 491 1.72562e+08 124 222 124 223 123 223
139 4631 491 1.72562e+08 122 223 123 223
140 4658 505 inf 107 85 106 85
141 4602 505 inf 98 85 98 86 99 86 100 86 100 87 101 87 102 87 102 86 103 86 103 85 104 85 105 85 106 85
142 4676 512 inf 110 84 109 84 108 84 107 84
143 4658 512 inf 106 85 107 85 107 84
144 4705 523 1.72562e+08 136 223 136 222 135 222 135 221 134 221
145 4677 523 1.72562e+08 133 222 133 221 134 221
146 4706 537 1.72562e+08 141 218 140 218
147 4698 537 1.72562e+08 139 219 139 218 140 218
148 4721 544 inf 116 84 115 84 114 84
149 4676 544 inf 109 84 110 84 111 84 112 84 113 84 114 84
150 4698 545 1.72562e+08 139 218 139 219 139 220 138 220 138 221 138 222 138 223 137 223 136 223
151 4705 545 1.72562e+08 136 222 136 223
152 4747 561 inf 118 83 117 83
153 4721 561 inf 115 84 116 84 116 83 117 83
154 4762 570 inf 120 81 120 82 119 82 118 82
155 4747 570 inf 117 83 118 83 118 82
156 4752 571 1.72562e+08 150 216 149 216
157 4706 571 1.72562e+08 140 218 141 218 142 218 143 218 144 218 144 217 144 216 145 216 146 216 147 216 148 216 149 216
158 4781 579 inf 122 80 122 81 121 81
159 4762 579 inf 120 82 120 81 121 81
160 4788 584 1.72562e+08 155 217 155 216 154 216
161 4752 584 1.72562e+08 149 216 150 216 151 216 152 216 153 216 154 216
162 4818 596 inf 125 79 125 80 124 80 123 80
163 4781 596 inf 122 81 122 80 123 80
164 4837 608 1.72562e+08 160 217 159 217 158 217 157 217
165 4788 608 1.72562e+08 155 216 155 217 156 217 157 217
166 4873 613 inf 133 80 132 80 131 80 130 80 130 79 129 79 128 79 127 79 126 79 125 79
167 4818 613 inf 125 80 125 79
168 4882 643 inf 134 80 133 80
169 4873 643 inf 132 80 133 80
170 4837 645 1.72562e+08 159 217 160 217 161 217 162 217 163 217 164 217 165 217
171 4888 645 1.72562e+08 166 218 165 218 165 217
172 4911 651 inf 137 81 137 80 136 80 135 80
173 4882 651 inf 133 80 134 80 135 80
174 4929 652 1.72562e+08 168 219 167 219 167 218 166 218
175 4888 652 1.72562e+08 165 218 166 218
176 4907 661 inf 215 158 215 159 215 160 215 161 215 162 215 163 215 164 215 165 216 165 216 166 216 167 216 168 217 168
177 4933 661 inf 218 169 217 169 217 168
178 4950 662 inf 216 155 216 156 215 156 215 157 215 158
179 4907 662 inf 215 159 215 158
180 4944 673 inf 141 82 141 81 140 81 139 81
181 4911 673 inf 137 80 137 81 138 81 139 81
182 4957 674 1.72562e+08 170 220 170 219 169 219 168 219
183 4929 674 1.72562e+08 167 219 168 219
184 4966 688 inf 146 84 145 84 145 83 144 83
185 4967 688 inf 143 82 144 82 144 83
186 4967 689 inf 144 82 143 82
187 4944 689 inf 141 81 141 82 142 82 143 82
188 4985 695 inf 149 86 149 85 148 85 147 85
189 4976 695 inf 146 84 147 84 147 85
190 4976 696 inf 147 84 146 84
191 4966 696 inf 145 84 146 84
192 4980 698 1.72562e+08 172 220 171 220
193 4957 698 1.72562e+08 170 219 170 220 171 220
194 4933 702 inf 217 169 218 169 218 170 219 170 220 170 220 171
195 4991 702 inf 221 172 220 172 220 171
196 4992 704 inf 151 87 151 86 150 86
197 4985 704 inf 149 85 149 86 150 86
198 5017 725 inf 154 88 154 87 153 87
199 4992 725 inf 151 86 151 87 152 87 153 87
200 4991 731 inf 220 172 221 172 221 173 221 174
201 5011 731 inf 220 175 220 174 221 174
202 5041 733 1.72562e+08 175 223 175 222 174 222
203 4980 733 1.72562e+08 171 220 172 220 172 221 173 221 173 222 174 222
204 5011 736 inf 220 174 220 175 220 176
205 5046 736 inf 221 177 220 177 220 176
206 5017 737 inf 154 87 154 88 155 88 156 88
207 5029 737 inf 157 89 156 89 156 88
208 5029 741 inf 156 89 157 89 158 89
209 5037 741 inf 159 90 158 90 158 89
210 5059 743 1.72562e+08 176 224 176 223 175 223
211 5041 743 1.72562e+08 175 222 175 223
212 5053 745 inf 163 92 162 92 162 91 161 91
213 5048 745 inf 160 91 161 91
214 5037 746 inf 158 90 159 90 160 90
215 5048 746 inf 161 91 160 91 160 90
216 5061 751 inf 165 93 164 93 164 92 163 92
217 5053 751 inf 162 92 163 92
218 5072 753 1.72562e+08 177 225 177 224 176 224
219 5059 753 1.72562e+08 176 223 176 224
220 5046 758 inf 220 177 221 177 222 177 222 178 222 179
221 5080 758 inf 223 180 222 180 222 179
222 5075 759 inf 168 94 167 94 167 93 166 93
223 5061 759 inf 164 93 165 93 166 93
224 5085 762 1.72562e+08 178 226 178 225 177 225
225 5072 762 1.72562e+08 177 224 177 225
226 5080 772 inf 222 180 223 180
227 5102 772 inf 223 182 223 181 223 180
228 5116 778 1.72562e+08 181 226 180 226 179 226
229 5085 778 1.72562e+08 178 225 178 226 179 226
230 5107 782 inf 225 147 225 148
231 4950 782 inf 216 156 216 155 217 155 217 154 218 154 219 154 220 154 221 154 222 154 223 154 223 153 223 152 223 151 223 150 224 150 225 150 225 149 225 148
232 5107 783 inf 225 148 225 147 224 147
233 5108 783 inf 224 146 224 147
234 5108 784 inf 224 147 224 146 223 146
235 5120 784 inf 224 145 223 145 223 146
236 5126 791 inf 174 95 174 94 173 94
237 5075 791 inf 167 94 168 94 169 94 170 94 171 94 172 94 173 94
238 5135 797 inf 177 96 176 96 176 95 175 95
239 5126 797 inf 174 94 174 95 175 95
240 5142 800 1.72562e+08 184 227 183 227 182 227
241 5116 800 1.72562e+08 180 226 181 226 181 227 182 227
242 5102 801 inf 223 181 223 182 223 183 223 184 223 185 223 186
243 5139 801 inf 223 187 223 186
244 5146 803 inf 179 97 179 96 178 96 177 96
245 5135 803 inf 176 96 177 96
246 5139 810 inf 223 186 223 187 223 188 222 188
247 5156 810 inf 223 189 222 189 222 188
248 5145 813 8.47227e+07 246 164 246 165
249 5474 813 8.47227e+07 271 185 270 185 270 184 269 184 269 183 268 183 267 183 266 183 266 182 266 181 265 181 264 181 263 181 263 180 263 179 262 179 261 179 260 179 259 179 258 179 258 178 258 177 258 176 257 176 256 176 255 176 255 175 254 175 254 174 253 174 252 174 252 173 251 173 251 172 250 172 250 171 249 171 249 170 248 170 248 169 247 169 247 168 247 167 247 166 246 166 246 165
250 5142 816 1.72562e+08 183 227 184 227 184 228
251 5199 816 1.72562e+08 184 232 184 231 184 230 184 229 184 228
252 5157 822 8.47227e+07 242 159 243 159
253 5145 822 8.47227e+07 246 165 246 164 245 164 244 164 244 163 244 162 244 161 244 160 243 160 243 159
254 5158 823 8.47227e+07 240 157 241 157
255 5157 823 8.47227e+07 243 159 242 159 242 158 241 158 241 157
256 5158 824 8.47227e+07 241 157 240 157 240 156 239 156 239 155 238 155 238 154 238 153 237 153 237 152 236 152 236 151 235 151
257 5159 824 8.47227e+07 234 151 235 151
258 5160 825 8.47227e+07 232 149 233 149
259 5159 825 8.47227e+07 235 151 234 151 234 150 233 150 233 149
260 5172 826 8.47227e+07 232 147 232 148
261 5160 826 8.47227e+07 233 149 232 149 232 148
262 5172 827 8.47227e+07 232 148 232 147 231 147
263 5193 827 8.47227e+07 230 144 231 144 231 145 231 146 231 147
264 5173 828 inf 182 98 182 97 181 97
265 5146 828 inf 179 96 179 97 180 97 181 97
266 5156 832 inf 222 189 223 189 223 190
267 5180 832 inf 223 191 223 190
268 5218 836 inf 189 101 188 101 187 101
269 5195 836 inf 187 100 187 101
270 5195 837 inf 187 101 187 100 186 100
271 5182 837 inf 185 99 185 100 186 100
272 5183 838 inf 184 99 185 99
273 5182 838 inf 185 100 185 99
274 5173 839 inf 182 97 182 98 183 98 184 98
275 5183 839 inf 185 99 184 99 184 98
276 5222 841 1.72562e+08 184 233 184 232 183 232
277 5199 841 1.72562e+08 184 231 184 232 183 232
278 5194 848 8.47227e+07 229 143 230 143
279 5193 848 8.47227e+07 231 144 230 144 230 143
280 5203 849 inf 222 134 222 135
281 5120 849 inf 223 145 224 145 224 144 224 143 224 142 224 141 224 140 225 140 225 139 225 138 225 137 225 136 224 136 223 136 222 136 222 135
282 5194 849 8.47227e+07 230 143 229 143 229 142 228 142 228 141 228 140 227 140 226 140 226 139 226 138 225 138 225 137 225 136 224 136 223 136 222 136 222 135
283 5214 850 inf 195 108 195 107 194 107
284 5215 850 inf 194 106 194 107
285 5215 851 inf 194 107 194 106 193 106
286 5216 851 inf 192 105 193 105 193 106
287 5216 852 inf 193 105 192 105
288 5217 852 inf 191 104 192 104 192 105
289 5180 853 inf 223 190 223 191 224 191 224 192
290 5228 853 inf 225 193 224 193 224 192
291 5224 854 inf 213 124 212 124
292 5204 854 inf 211 123 211 124 212 124
293 5205 855 inf 207 119 207 120 208 120 209 120 209 121 210 121 210 122 211 122 211 123
294 5204 855 inf 211 124 211 123
295 5206 856 inf 206 118 206 119 207 119
296 5205 856 inf 207 120 207 119
297 5207 857 inf 202 115 203 115 203 116 204 116 204 117 205 117 205 118 206 118
298 5206 857 inf 206 119 206 118
299 5208 858 inf 201 113 201 114 202 114
300 5207 858 inf 203 115 202 115 202 114
301 5209 859 inf 200 112 200 113 201 113
302 5208 859 inf 201 114 201 113
303 5210 860 inf 199 111 199 112 200 112
304 5209 860 inf 200 113 200 112
305 5211 861 inf 198 111 199 111
306 5210 861 inf 199 112 199 111
307 5212 862 inf 197 110 198 110
308 5211 862 inf 199 111 198 111 198 110
309 5213 863 inf 196 109 197 109
310 5212 863 inf 198 110 197 110 197 109
311 5214 864 inf 195 107 195 108 196 108
312 5213 864 inf 197 109 196 109 196 108
313 5218 865 inf 188 101 189 101 190 101 190 102 191 102 191 103
314 5217 865 inf 192 104 191 104 191 103
315 5265 871 1.72562e+08 186 237 186 236 186 235 185 235 185 234 184 234
316 5222 871 1.72562e+08 184 232 184 233 184 234
317 5230 872 inf 221 132 222 132
318 5203 872 inf 222 135 222 134 222 133 222 132
319 5228 875 inf 224 193 225 193 225 194
320 5247 875 inf 225 196 225 195 225 194
321 5237 878 inf 216 125 216 126 217 126 217 127 218 127
322 5230 878 inf 222 132 221 132 221 131 220 131 220 130 219 130 218 130 218 129 218 128 218 127
323 5238 879 inf 215 124 215 125 216 125
324 5237 879 inf 216 126 216 125
325 5224 880 inf 212 124 213 124 214 124 215 124
326 5238 880 inf 215 125 215 124
327 5247 892 inf 225 195 225 196
328 5258 892 inf 225 197 225 196
329 5258 898 inf 225 196 225 197 226 197
330 5286 898 inf 227 198 226 198 226 197
331 5291 905 1.72562e+08 187 239 186 239
332 5265 905 1.72562e+08 186 236 186 237 186 238 186 239
333 5326 911 inf 228 200 228 199 227 199
334 5286 911 inf 226 198 227 198 227 199
335 5322 927 1.72562e+08 188 240 187 240
336 5291 927 1.72562e+08 186 239 187 239 187 240
337 5326 935 inf 228 199 228 200
338 5349 935 inf 229 202 228 202 228 201 228 200
339 5322 943 1.72562e+08 187 240 188 240 188 241
340 5340 943 1.72562e+08 188 242 188 241
341 5340 950 1.72562e+08 188 241 188 242 189 242
342 5352 950 1.72562e+08 189 243 189 242
343 5352 955 1.72562e+08 189 242 189 243 190 243
344 5363 955 1.72562e+08 190 244 190 243
345 5349 964 inf 228 202 229 202 229 203 229 204 229 205
346 5403 964 inf 231 211 231 210 231 209 231 208 231 207 230 207 230 206 229 206 229 205
347 5363 967 1.72562e+08 190 243 190 244 191 244
348 5374 967 1.72562e+08 191 245 191 244
349 5374 972 1.72562e+08 191 244 191 245 192 245
350 5382 972 1.72562e+08 192 246 192 245
351 5403 984 inf 231 210 231 211 230 211
352 5409 984 inf 230 213 230 212 230 211
353 5410 988 1.72562e+08 195 249 194 249
354 5382 988 1.72562e+08 192 245 192 246 192 247 193 247 193 248 194 248 194 249
355 5427 990 1.72562e+08 197 252 196 252 196 251 196 250 195 250
356 5410 990 1.72562e+08 194 249 195 249 195 250
357 5409 993 inf 230 212 230 213 231 213 231 214 231 215
358 5433 993 inf 232 217 232 216 231 216 231 215
359 5433 1007 inf 232 216 232 217
360 5441 1007 inf 232 219 232 218 232 217
361 5443 1008 1.72562e+08 198 254 198 253 197 253
362 5427 1008 1.72562e+08 196 252 197 252 197 253
363 5446 1010 inf 233 219 232 219
364 5441 1010 inf 232 218 232 219
365 5446 1019 inf 232 219 233 219 233 220
366 5472 1019 inf 234 222 234 221 233 221 233 220
367 5562 1032 8.47227e+07 283 190 283 189 283 188 282 188 281 188 280 188 280 187 279 187 279 186 279 185 278 185 277 185 276 185 275 185 274 185 273 185 272 185 271 185
368 5474 1032 8.47227e+07 270 185 271 185
369 5472 1034 inf 234 221 234 222 234 223
370 5488 1034 inf 234 225 234 224 234 223
371 5488 1048 inf 234 224 234 225 235 225
372 5507 1048 inf 236 227 236 226 235 226 235 225
373 5505 1052 1.72562e+08 205 258 205 257 204 257
374 5443 1052 1.72562e+08 198 253 198 254 199 254 199 255 200 255 201 255 202 255 202 256 203 256 203 257 204 257
375 5519 1058 1.72562e+08 207 259 206 259 206 258 205 258
376 5505 1058 1.72562e+08 205 257 205 258
377 5507 1060 inf 236 226 236 227
378 5516 1060 inf 237 228 236 228 236 227
379 5516 1068 inf 236 228 237 228
380 5542 1068 inf 239 230 239 229 238 229 237 229 237 228
381 5535 1071 1.72562e+08 208 260 208 259 207 259
382 5519 1071 1.72562e+08 206 259 207 259
383 5552 1080 1.72562e+08 209 263 209 262 209 261 209 260 208 260
384 5535 1080 1.72562e+08 208 259 208 260
385 5542 1083 inf 239 229 239 230
386 5543 1083 inf 239 231 239 230
387 5543 1088 inf 239 230 239 231 239 232
388 5553 1088 inf 239 233 239 232
389 5566 1094 1.72562e+08 212 263 211 263 210 263
390 5552 1094 1.72562e+08 209 262 209 263 210 263
391 5584 1096 8.47227e+07 286 194 286 193 286 192 286 191 286 190 285 190 284 190 283 190
392 5562 1096 8.47227e+07 283 189 283 190
393 5573 1102 inf 244 234 244 233 243 233
394 5553 1102 inf 239 232 239 233 240 233 241 233 242 233 243 233
395 5608 1114 8.47227e+07 290 196 290 195 289 195 288 195 288 194 287 194
396 5584 1114 8.47227e+07 286 193 286 194 287 194
397 5599 1116 1.72562e+08 220 265 219 265 218 265 217 265
398 5566 1116 1.72562e+08 211 263 212 263 213 263 214 263 215 263 216 263 216 264 217 264 217 265
399 5573 1117 inf 244 233 244 234 245 234 246 234 246 235 246 236
400 5593 1117 inf 246 238 246 237 246 236
401 5604 1126 1.72562e+08 221 265 220 265
402 5599 1126 1.72562e+08 219 265 220 265
403 5593 1132 inf 246 237 246 238 247 238 248 238
404 5621 1132 inf 249 240 249 239 248 239 248 238
405 5620 1133 8.47227e+07 292 196 291 196 290 196
406 5608 1133 8.47227e+07 290 195 290 196
407 5630 1140 1.72562e+08 223 267 223 266 222 266
408 5604 1140 1.72562e+08 220 265 221 265 221 266 222 266
409 5636 1144 8.47227e+07 294 197 293 197 292 197
410 5620 1144 8.47227e+07 291 196 292 196 292 197
411 5630 1147 1.72562e+08 223 266 223 267
412 5639 1147 1.72562e+08 224 268 223 268 223 267
413 5621 1148 inf 249 239 249 240 250 240
414 5640 1148 inf 251 241 250 241 250 240
415 5639 1153 1.72562e+08 223 268 224 268
416 5646 1153 1.72562e+08 225 269 224 269 224 268
417 5640 1154 inf 250 241 251 241
418 5647 1154 inf 251 243 251 242 251 241
419 5636 1155 8.47227e+07 293 197 294 197 294 198
420 5650 1155 8.47227e+07 295 199 294 199 294 198
421 5646 1161 1.72562e+08 224 269 225 269
422 5658 1161 1.72562e+08 226 270 225 270 225 269
423 5647 1164 inf 251 242 251 243 251 244
424 5659 1164 inf 251 245 251 244
425 5674 1166 1.72562e+08 227 271 227 270 226 270
426 5658 1166 1.72562e+08 225 270 226 270
427 5678 1169 8.47227e+07 298 200 298 199 297 199 296 199 296 200
428 5650 1169 8.47227e+07 294 199 295 199 295 200 296 200
429 5659 1171 inf 251 244 251 245 252 245
430 5675 1171 inf 252 246 252 245
431 5716 1175 inf 260 244 259 244 258 244 257 244 256 244 256 243 255 243
432 5689 1175 inf 255 245 255 244 255 243
433 5708 1177 1.72562e+08 230 273 230 272 229 272 229 271 228 271
434 5674 1177 1.72562e+08 227 270 227 271 228 271
435 5687 1178 inf 254 246 253 246
436 5675 1178 inf 252 245 252 246 253 246
437 5689 1186 inf 255 244 255 245
438 5688 1186 inf 254 245 255 245
439 5724 1188 8.47227e+07 303 202 302 202 301 202 300 202 300 201 299 201
440 5678 1188 8.47227e+07 298 199 298 200 299 200 299 201
441 5688 1190 inf 255 245 254 245 254 246 254 247
442 5687 1190 inf 253 246 254 246 254 247
443 5727 1199 1.72562e+08 232 274 231 274 231 273 230 273
444 5708 1199 1.72562e+08 230 272 230 273
445 5716 1204 inf 259 244 260 244
446 5729 1204 inf 260 246 260 245 260 244
447 5738 1211 1.72562e+08 233 275 233 274 232 274
448 5727 1211 1.72562e+08 231 274 232 274
449 5734 1212 inf 261 246 260 246
450 5729 1212 inf 260 245 260 246
451 5763 1215 8.47227e+07 305 206 305 205 305 204 305 203 304 203
452 5724 1215 8.47227e+07 302 202 303 202 304 202 304 203
453 5813 1218 1.72562e+08 239 279 238 279 238 278 237 278 237 277 236 277 235 277 235 276 234 276 234 275 233 275
454 5738 1218 1.72562e+08 233 274 233 275
455 5735 1220 inf 262 245 261 245 261 246 261 247
456 5734 1220 inf 260 246 261 246 261 247
457 5770 1231 inf 265 247 265 246 264 246
458 5735 1231 inf 261 245 262 245 263 245 263 246 264 246
459 5796 1244 inf 266 249 266 248 266 247 265 247
460 5770 1244 inf 265 246 265 247
461 5812 1247 8.47227e+07 310 207 309 207 308 207 308 208 307 208 306 208 306 207 305 207
462 5763 1247 8.47227e+07 305 205 305 206 305 207
463 5813 1268 1.72562e+08 238 279 239 279
464 5829 1268 1.72562e+08 239 281 239 280 239 279
465 5796 1270 inf 266 248 266 249 266 250 266 251 267 251
466 5831 1270 inf 267 253 267 252 267 251
467 5843 1273 8.47227e+07 314 207 313 207 312 207
468 5812 1273 8.47227e+07 309 207 310 207 311 207 312 207
469 5834 1275 1.72562e+08 240 281 239 281
470 5829 1275 1.72562e+08 239 280 239 281
471 5831 1279 inf 267 252 267 253
472 5849 1279 inf 268 254 267 254 267 253
473 5849 1290 inf 267 254 268 254
474 5863 1290 inf 269 255 268 255 268 254
475 5862 1293 1.72562e+08 242 282 241 282
476 5834 1293 1.72562e+08 239 281 240 281 240 282 241 282
477 5879 1302 inf 270 257 270 256 269 256
478 5863 1302 inf 268 255 269 255 269 256
479 5922 1305 8.47227e+07 321 211 321 210 320 210 319 210 318 210 317 210 317 209 316 209
480 5843 1305 8.47227e+07 313 207 314 207 314 208 315 208 315 209 316 209
481 5894 1306 1.72562e+08 245 284 245 283 244 283 243 283
482 5862 1306 1.72562e+08 241 282 242 282 242 283 243 283
483 5898 1314 inf 272 257 271 257 270 257
484 5879 1314 inf 270 256 270 257
485 5932 1334 1.72562e+08 249 285 249 284 248 284 247 284
486 5894 1334 1.72562e+08 245 283 245 284 246 284 247 284
487 5898 1336 inf 271 257 272 257 272 258 273 258
488 5927 1336 inf 274 259 273 259 273 258
489 5941 1348 inf 276 259 275 259 274 259
490 5927 1348 inf 273 259 274 259
491 5947 1350 8.47227e+07 323 212 323 211 322 211
492 5922 1350 8.47227e+07 321 210 321 211 322 211
493 5943 1352 inf 277 258 276 258
494 5941 1352 inf 275 259 276 259 276 258
495 5943 1353 inf 276 258 277 258 278 258 278 257 278 256
496 5950 1353 inf 279 257 278 257 278 256
497 5958 1357 1.72562e+08 252 286 252 285 251 285 250 285
498 5932 1357 1.72562e+08 249 284 249 285 250 285
499 5965 1362 inf 282 259 281 259 281 258 280 258 280 257 279 257
500 5950 1362 inf 278 257 279 257
501 5960 1363 8.47227e+07 326 212 325 212 324 212
502 5947 1363 8.47227e+07 323 211 323 212 324 212
503 5975 1368 1.72562e+08 259 286 258 286 257 286 256 286 255 286 254 286
504 5958 1368 1.72562e+08 252 285 252 286 253 286 254 286
505 5971 1373 inf 283 260 282 260
506 5965 1373 inf 281 259 282 259 282 260
507 5968 1374 8.47227e+07 332 210 331 210 331 211
508 5960 1374 8.47227e+07 325 212 326 212 327 212 328 212 329 212 330 212 330 211 331 211
509 5969 1375 8.47227e+07 332 209 332 210
510 5968 1375 8.47227e+07 331 210 332 210
511 5983 1378 1.72562e+08 263 285 263 286 262 286 261 286 260 286 259 286
512 5975 1378 1.72562e+08 258 286 259 286
513 5971 1382 inf 282 260 283 260 284 260 285 260 286 260 287 260 288 260
514 5989 1382 inf 290 261 289 261 288 261 288 260
515 5987 1384 1.72562e+08 266 284 266 285 265 285 264 285
516 5983 1384 1.72562e+08 263 286 263 285 264 285
517 5989 1387 inf 289 261 290 261 290 260
518 5991 1387 inf 290 262 290 261 290 260
519 6004 1392 inf 292 263 291 263 290 263 289 263
520 5991 1392 inf 290 261 290 262 290 263 289 263
521 6009 1400 inf 293 263 293 262 292 262
522 6004 1400 inf 291 263 292 263 292 262
523 6028 1406 1.72562e+08 279 282 279 281 278 281 277 281 276 281
524 5987 1406 1.72562e+08 266 285 266 284 267 284 268 284 269 284 270 284 271 284 272 284 273 284 273 283 273 282 273 281 274 281 275 281 276 281
525 6030 1407 inf 298 264 297 264 296 264 296 263 295 263 294 263
526 6009 1407 inf 293 262 293 263 294 263
527 6041 1419 1.72562e+08 285 281 284 281 284 282 283 282 282 282 281 282 280 282
528 6028 1419 1.72562e+08 279 281 279 282 280 282
529 6030 1422 inf 297 264 298 264 299 264
530 6037 1422 inf 299 265 299 264
531 6037 1428 inf 299 264 299 265 300 265 301 265
532 6054 1428 inf 303 266 302 266 301 266 301 265
533 6048 1432 8.47227e+07 351 216 350 216
534 5969 1432 8.47227e+07 332 210 332 209 333 209 334 209 335 209 336 209 337 209 338 209 339 209 340 209 341 209 342 209 342 210 343 210 343 211 344 211 344 212 345 212 346 212 346 213 347 213 347 214 347 215 348 215 349 215 349 216 350 216
535 6054 1438 inf 302 266 303 266 304 266
536 6066 1438 inf 304 268 304 267 304 266
537 6066 1446 inf 304 267 304 268
538 6073 1446 inf 304 269 304 268
539 6076 1447 1.72562e+08 299 275 298 275
540 6041 1447 1.72562e+08 284 281 285 281 286 281 287 281 288 281 288 280 289 280 290 280 290 279 290 278 290 277 290 276 291 276 292 276 292 275 293 275 294 275 295 275 296 275 296 274 297 274 298 274 298 275
541 6073 1454 inf 304 268 304 269 304 270
542 6089 1454 inf 304 272 304 271 304 270
543 6093 1463 1.72562e+08 301 276 300 276 300 277
544 6076 1463 1.72562e+08 298 275 299 275 299 276 300 276 300 277
545 6094 1464 1.72562e+08 303 274 302 274 302 275
546 6093 1464 1.72562e+08 300 276 301 276 302 276 302 275
547 6116 1465 inf 305 275 304 275 304 274 303 274
548 6089 1465 inf 304 271 304 272 304 273 304 274 303 274
549 6094 1465 1.72562e+08 302 274 303 274
550 6123 1481 8.47227e+07 360 221 359 221
551 6048 1481 8.47227e+07 350 216 351 216 351 217 352 217 352 218 353 218 354 218 354 219 355 219 355 220 356 220 356 221 357 221 358 221 359 221
552 6134 1488 8.47227e+07 361 222 360 222
553 6123 1488 8.47227e+07 359 221 360 221 360 222
554 6116 1490 inf 304 275 305 275 305 276 306 276 307 276
555 6136 1490 inf 307 277 307 276
556 6140 1494 8.47227e+07 362 223 361 223
557 6134 1494 8.47227e+07 360 222 361 222 361 223
558 6162 1500 8.47227e+07 368 227 367 227 367 226 367 225 367 224 366 224 365 224 364 224 364 223 363 223
559 6140 1500 8.47227e+07 361 223 362 223 363 223
560 6190 1516 8.47227e+07 376 231 376 230 375 230 374 230 374 229 374 228 373 228 372 228 371 228 371 227 370 227
561 6162 1516 8.47227e+07 367 227 368 227 369 227 370 227
562 6196 1532 8.47227e+07 377 232 377 231 376 231
563 6190 1532 8.47227e+07 376 230 376 231
564 6241 1539 8.47227e+07 380 240 380 239 380 238 380 237 380 236 380 235 380 234 380 233 380 232 379 232 378 232 377 232
565 6196 1539 8.47227e+07 377 231 377 232
566 6208 1542 inf 326 287 325 287 324 287
567 6136 1542 inf 307 276 307 277 307 278 308 278 309 278 310 278 310 279 310 280 310 281 311 281 312 281 313 281 314 281 315 281 316 281 317 281 317 282 318 282 319 282 319 283 320 283 320 284 321 284 321 285 321 286 322 286 323 286 323 287 324 287
568 6219 1550 inf 328 289 328 288 327 288
569 6208 1550 inf 325 287 326 287 326 288 327 288
570 6223 1558 inf 329 289 328 289 328 290
571 6219 1558 inf 328 288 328 289 328 290
572 6238 1559 inf 330 290 330 289 329 289
573 6223 1559 inf 328 289 329 289
574 6248 1566 inf 332 291 331 291 331 290 330 290
575 6238 1566 inf 330 289 330 290
576 6261 1570 inf 334 292 333 292 333 291 332 291
577 6248 1570 inf 331 291 332 291
578 6267 1576 inf 335 292 334 292
579 6261 1576 inf 333 292 334 292
580 6277 1585 8.47227e+07 383 246 382 246
581 6241 1585 8.47227e+07 380 239 380 240 380 241 380 242 380 243 380 244 380 245 381 245 381 246 382 246
582 6285 1588 inf 337 294 336 294
583 6267 1588 inf 334 292 335 292 335 293 335 294 336 294
584 6285 1595 inf 336 294 337 294 338 294
585 6311 1595 inf 341 295 340 295 339 295 338 295 338 294
586 6330 1614 inf 345 294 344 294 343 294
587 6311 1614 inf 340 295 341 295 341 294 342 294 343 294
588 6343 1620 inf 347 295 347 294 346 294 345 294
589 6330 1620 inf 344 294 345 294
590 6367 1635 inf 350 296 349 296 349 295 348 295
591 6343 1635 inf 347 294 347 295 348 295
592 6364 1641 8.47227e+07 390 255 389 255
593 6277 1641 8.47227e+07 382 246 383 246 384 246 384 247 385 247 385 248 385 249 386 249 386 250 386 251 387 251 387 252 388 252 388 253 388 254 389 254 389 255
594 6376 1649 inf 352 297 352 296 351 296
595 6367 1649 inf 349 296 350 296 351 296
596 6399 1655 inf 355 298 355 297 354 297 353 297
597 6376 1655 inf 352 296 352 297 353 297
598 6394 1662 8.47227e+07 393 259 392 259
599 6364 1662 8.47227e+07 389 255 390 255 390 256 390 257 391 257 391 258 392 258 392 259
600 6410 1666 8.47227e+07 394 261 394 260 393 260
601 6394 1666 8.47227e+07 392 259 393 259 393 260
602 6414 1671 inf 357 299 357 298 356 298
603 6399 1671 inf 355 297 355 298 356 298
604 6420 1675 8.47227e+07 396 261 395 261 394 261
605 6410 1675 8.47227e+07 394 260 394 261
606 6420 1685 8.47227e+07 395 261 396 261 396 262
607 6434 1685 8.47227e+07 396 263 396 262
608 6434 1693 8.47227e+07 396 262 396 263 397 263
609 6445 1693 8.47227e+07 397 264 397 263
610 6445 1702 8.47227e+07 397 263 397 264 398 264
611 6466 1702 8.47227e+07 399 265 398 265 398 264
612 6482 1712 8.47227e+07 400 267 400 266 399 266
613 6466 1712 8.47227e+07 398 265 399 265 399 266
614 6575 1715 inf 382 304 381 304 381 303 380 303 380 302 379 302 378 302 377 302 376 302 375 302 374 302 373 302 373 301 372 301 371 301 371 300 370 300 369 300 368 300 367 300
615 6414 1715 inf 357 298 357 299 358 299 359 299 360 299 361 299 362 299 363 299 364 299 365 299 366 299 367 299 367 300
616 6482 1716 8.47227e+07 400 266 400 267
617 6493 1716 8.47227e+07 401 268 400 268 400 267
618 6493 1724 8.47227e+07 400 268 401 268
619 6500 1724 8.47227e+07 402 269 401 269 401 268
620 6500 1729 8.47227e+07 401 269 402 269
621 6510 1729 8.47227e+07 403 270 402 270 402 269
622 6510 1734 8.47227e+07 402 270 403 270
623 6517 1734 8.47227e+07 404 271 403 271 403 270
624 6517 1743 8.47227e+07 403 271 404 271
625 6526 1743 8.47227e+07 405 272 404 272 404 271
626 6613 1749 8.47227e+07 410 281 410 280 410 279 410 278 410 277 410 276 409 276 409 275 408 275 408 274 407 274 407 273 406 273 406 272 405 272
627 6526 1749 8.47227e+07 404 272 405 272
628 6575 1778 inf 381 304 382 304
629 6589 1778 inf 383 305 382 305 382 304
630 6609 1786 inf 386 304 385 304 385 305 384 305 383 305
631 6589 1786 inf 382 305 383 305
632 6634 1796 inf 389 306 389 305 388 305 387 305 387 304 386 304
633 6609 1796 inf 385 304 386 304
634 6650 1809 inf 391 307 391 306 390 306
635 6634 1809 inf 389 305 389 306 390 306
636 6650 1818 inf 391 306 391 307 392 307
637 6667 1818 inf 393 308 392 308 392 307
638 6736 1831 inf 400 313 400 312 400 311 400 310 400 309 399 309 398 309 398 308 397 308 396 308 395 308 394 308
639 6667 1831 inf 392 308 393 308 394 308
640 6711 1851 inf 494 210 494 211 493 211
641 6725 1851 inf 492 218 493 218 493 217 493 216 493 215 493 214 493 213 493 212 493 211
642 6725 1870 inf 493 218 492 218 492 219
643 6741 1870 inf 492 221 492 220 492 219
644 6741 1874 inf 492 220 492 221 491 221
645 6740 1874 inf 490 222 491 222 491 221
646 6742 1876 inf 496 207 496 208
647 6711 1876 inf 494 211 494 210 495 210 495 209 496 209 496 208
648 6740 1880 inf 491 222 490 222 490 223
649 6748 1880 inf 489 225 489 224 490 224 490 223
650 6761 1881 inf 403 313 402 313 401 313
651 6736 1881 inf 400 312 400 313 401 313
652 6748 1883 inf 489 224 489 225
653 6758 1883 inf 488 226 489 226 489 225
654 6767 1888 inf 488 228 487 228
655 6774 1888 inf 486 230 487 230 487 229 487 228
656 6758 1889 inf 489 226 488 226 488 227
657 6767 1889 inf 487 228 488 228 488 227
658 6792 1898 inf 408 312 408 313 407 313 406 313 405 313
659 6761 1898 inf 402 313 403 313 404 313 405 313
660 6774 1899 inf 487 230 486 230 486 231 486 232
661 6787 1899 inf 485 233 486 233 486 232
662 6787 1904 inf 486 233 485 233 485 234
663 6790 1904 inf 484 236 484 235 485 235 485 234
664 6789 1905 inf 409 311 408 311 408 312
665 6792 1905 inf 408 313 408 312
666 6795 1906 inf 411 310 411 311 410 311 409 311
667 6789 1906 inf 408 311 409 311
668 6790 1908 inf 484 235 484 236
669 6794 1908 inf 483 237 484 237 484 236
670 6877 1909 inf 498 188 499 188 499 189 499 190 499 191 499 192 499 193 500 193 500 194 500 195 500 196 500 197 500 198 499 198 499 199 499 200 499 201 498 201 498 202
671 6742 1909 inf 496 208 496 207 496 206 496 205 497 205 497 204 497 203 498 203 498 202
672 6794 1912 inf 484 237 483 237 483 238
673 6800 1912 inf 483 240 483 239 483 238
674 6800 1914 inf 483 239 483 240 482 240 482 241
675 6802 1914 inf 480 243 481 243 481 242 482 242 482 241
676 6807 1915 inf 480 245 479 245
677 6821 1915 inf 479 248 479 247 479 246 479 245
678 6802 1916 inf 481 243 480 243 480 244
679 6807 1916 inf 479 245 480 245 480 244
680 6806 1920 inf 416 308 416 309
681 6795 1920 inf 411 311 411 310 412 310 413 310 414 310 414 309 415 309 416 309
682 6814 1923 inf 418 307 418 308
683 6806 1923 inf 416 309 416 308 417 308 418 308
684 6819 1924 inf 420 307 419 307
685 6814 1924 inf 418 308 418 307 419 307
686 6820 1925 inf 421 305 421 306 420 306
687 6819 1925 inf 419 307 420 307 420 306
688 6827 1927 inf 423 304 423 305 422 305
689 6820 1927 inf 421 306 421 305 422 305
690 6828 1928 inf 424 303 424 304 423 304
691 6827 1928 inf 423 305 423 304
692 6836 1929 inf 426 302 426 303 425 303 424 303
693 6613 1929 8.47227e+07 410 280 410 281 410 282 410 283 410 284 410 285 410 286 411 286 412 286 413 286 413 287 414 287 415 287 416 287 417 287 417 288 417 289 417 290 418 290 418 291 418 292 418 293 418 294 418 295 418 296 418 297 418 298 418 299 419 299 420 299 420 300 421 300 422 300 423 300 424 300 424 301 424 302 424 303
694 6828 1929 inf 424 304 424 303
695 6845 1938 inf 473 257 472 257
696 6844 1938 inf 471 259 471 258 472 258 472 257
697 6846 1939 inf 474 256 473 256
698 6845 1939 inf 472 257 473 257 473 256
699 6837 1940 inf 474 254 474 255
700 6846 1940 inf 473 256 474 256 474 255
701 6838 1941 inf 475 253 475 254
702 6837 1941 inf 474 255 474 254 475 254
703 6839 1942 inf 477 252 476 252 476 253
704 6838 1942 inf 475 254 475 253 476 253
705 6821 1943 inf 479 247 479 248 479 249 479 250 478 250 478 251 477 251 477 252
706 6839 1943 inf 476 252 477 252
707 6842 1947 inf 429 301 428 301 428 302
708 6836 1947 inf 426 303 426 302 427 302 428 302
709 6857 1948 inf 430 302 430 301 429 301
710 6842 1948 inf 428 301 429 301
711 6843 1949 inf 470 259 470 260
712 6859 1949 inf 467 265 467 264 468 264 468 263 468 262 469 262 469 261 470 261 470 260
713 6844 1950 inf 471 258 471 259
714 6843 1950 inf 470 260 470 259 471 259
715 6862 1959 inf 463 269 463 270 462 270
716 6868 1959 inf 462 272 462 271 462 270
717 6863 1960 inf 464 268 464 269 463 269
718 6862 1960 inf 463 270 463 269
719 6864 1961 inf 465 267 465 268 464 268
720 6863 1961 inf 464 269 464 268
721 6858 1962 inf 466 266 465 266 465 267
722 6864 1962 inf 465 268 465 267
723 6859 1963 inf 467 264 467 265 466 265 466 266
724 6858 1963 inf 465 266 466 266
725 6867 1967 inf 432 301 432 302 431 302
726 6857 1967 inf 430 301 430 302 431 302
727 6874 1968 inf 434 300 434 301 433 301
728 6867 1968 inf 432 302 432 301 433 301
729 6879 1969 inf 436 300 435 300 434 300
730 6874 1969 inf 434 301 434 300
731 6881 1973 inf 443 292 443 293 442 293
732 6880 1973 inf 440 296 440 295 440 294 441 294 441 293 442 293
733 6887 1975 inf 440 297 439 297
734 6879 1975 inf 435 300 436 300 436 299 437 299 437 298 438 298 439 298 439 297
735 6880 1976 inf 440 295 440 296
736 6887 1976 inf 439 297 440 297 440 296
737 6888 1977 inf 445 291 445 292 444 292
738 6881 1977 inf 443 293 443 292 444 292
739 6889 1978 inf 446 290 446 291 445 291
740 6888 1978 inf 445 292 445 291
741 6890 1980 inf 448 289 447 289 447 290
742 6889 1980 inf 446 291 446 290 447 290
743 6901 1981 inf 449 289 448 289
744 6890 1981 inf 447 289 448 289
745 6907 1987 inf 450 288 450 289
746 6901 1987 inf 448 289 449 289 450 289
747 6911 1988 inf 497 183 498 183
748 6877 1988 inf 499 188 498 188 498 187 498 186 498 185 498 184 498 183
749 6922 1990 inf 454 288 453 288 452 288
750 6907 1990 inf 450 289 450 288 451 288 452 288
751 6953 2011 inf 457 289 457 288 456 288
752 6922 2011 inf 453 288 454 288 455 288 456 288
753 6958 2023 inf 463 284 462 284 462 285 461 285 461 286 461 287 461 288 460 288 459 288 459 289 458 289 457 289
754 6953 2023 inf 457 288 457 289
755 6972 2031 1.23372e+08 471 278 471 279
756 6868 2031 inf 462 271 462 272 462 273 462 274 462 275 462 276 462 277 462 278 462 279 462 280 462 281 463 281 464 281 465 281 466 281 467 281 467 280 468 280 469 280 470 280 470 279 471 279
757 6958 2031 inf 462 284 463 284 463 283 464 283 464 282 465 282 466 282 466 281 467 281 467 280 468 280 469 280 470 280 470 279 471 279
758 6978 2032 1.23372e+08 473 278 472 278
759 6972 2032 1.23372e+08 471 279 471 278 472 278
760 6982 2034 inf 501 173 500 173 500 174
761 6911 2034 inf 498 183 497 183 497 182 497 181 498 181 498 180 498 179 498 178 499 178 499 177 499 176 499 175 500 175 500 174
762 6984 2035 1.23372e+08 478 275 477 275 477 276 476 276 475 276 474 276 474 277
763 6978 2035 1.23372e+08 472 278 473 278 473 277 474 277
764 6991 2039 1.23372e+08 479 275 478 275
765 6984 2039 1.23372e+08 477 275 478 275
766 7002 2043 inf 502 171 501 171 501 172
767 6982 2043 inf 500 173 501 173 501 172
768 6992 2045 1.23372e+08 483 271 482 271 482 272
769 6991 2045 1.23372e+08 478 275 479 275 479 274 480 274 480 273 481 273 481 272 482 272
770 7006 2046 1.23372e+08 485 270 485 271 484 271 483 271
771 6992 2046 1.23372e+08 482 271 483 271
772 6995 2050 1.23372e+08 490 265 489 265 489 266 489 267 489 268 488 268 488 269 487 269 487 270 486 270 485 270
773 7006 2050 1.23372e+08 485 271 485 270
774 7007 2051 1.23372e+08 492 263 492 264 491 264 490 264 490 265
775 6995 2051 1.23372e+08 489 265 490 265
776 7029 2052 1.23372e+08 496 262 495 262 494 262 493 262 493 263 492 263
777 7007 2052 1.23372e+08 492 264 492 263
778 7025 2066 inf 502 169 502 170
779 7002 2066 inf 501 171 502 171 502 170
780 7053 2074 1.23372e+08 501 261 500 261 499 261 498 261 497 261 497 262 496 262
781 7029 2074 1.23372e+08 495 262 496 262
782 7044 2081 1.23372e+08 518 242 517 242 517 243 516 243 516 244 515 244
783 7048 2081 1.23372e+08 513 248 513 247 513 246 514 246 514 245 515 245 515 244
784 7049 2085 1.23372e+08 519 241 519 242 518 242
785 7044 2085 1.23372e+08 517 242 518 242
786 7057 2086 1.23372e+08 521 241 520 241 519 241
787 7049 2086 1.23372e+08 519 242 519 241
788 7048 2094 1.23372e+08 513 247 513 248 513 249 514 249
789 7061 2094 1.23372e+08 513 250 513 249 514 249
790 7074 2098 1.23372e+08 504 261 503 261
791 7053 2098 1.23372e+08 500 261 501 261 502 261 503 261
792 7075 2100 1.23372e+08 526 238 526 239 526 240 525 240 524 240 524 241 523 241
793 7057 2100 1.23372e+08 520 241 521 241 522 241 523 241
794 7089 2101 1.23372e+08 528 237 528 238 527 238 526 238
795 7075 2101 1.23372e+08 526 239 526 238
796 7078 2102 1.23372e+08 546 219 545 219
797 7077 2102 1.23372e+08 544 220 545 220 545 219
798 7096 2104 1.23372e+08 530 237 529 237 528 237
799 7089 2104 1.23372e+08 528 238 528 237
800 7090 2105 1.23372e+08 542 223 542 224 541 224 540 224 540 225 539 225 539 226 538 226 538 227
801 7076 2105 1.23372e+08 537 227 538 227
802 7083 2109 1.23372e+08 505 261 504 261 504 262
803 7074 2109 1.23372e+08 503 261 504 261 504 262
804 7084 2110 1.23372e+08 506 260 505 260 505 261
805 7083 2110 1.23372e+08 504 261 505 261
806 7085 2111 1.23372e+08 509 256 509 257
807 7092 2111 1.23372e+08 507 259 508 259 508 258 509 258 509 257
808 7086 2112 1.23372e+08 511 255 510 255 510 256
809 7085 2112 1.23372e+08 509 257 509 256 510 256
810 7087 2113 1.23372e+08 511 254 511 255
811 7086 2113 1.23372e+08 510 255 511 255
812 7088 2114 1.23372e+08 512 253 512 254
813 7087 2114 1.23372e+08 511 255 511 254 512 254
814 7061 2115 1.23372e+08 513 249 513 250 513 251 513 252 513 253
815 7088 2115 1.23372e+08 512 254 512 253 513 253
816 7097 2117 1.23372e+08 534 233 533 233
817 7098 2117 1.23372e+08 533 234 533 233
818 7076 2118 1.23372e+08 538 227 537 227 537 228 537 229 536 229 536 230 535 230 535 231 535 232 534 232
819 7097 2118 1.23372e+08 533 233 534 233 534 232
820 7077 2119 1.23372e+08 545 220 544 220 544 221 544 222 544 223 543 223
821 7090 2119 1.23372e+08 542 224 542 223 543 223
822 7092 2122 1.23372e+08 508 259 507 259 507 260
823 7084 2122 1.23372e+08 505 260 506 260 507 260
824 7098 2133 1.23372e+08 533 233 533 234 532 234 532 235 532 236 531 236 531 237 531 238 531 239 530 239
825 7096 2133 1.23372e+08 529 237 530 237 530 238 530 239
826 7133 2142 inf 505 155 505 156 505 157
827 7025 2142 inf 502 170 502 169 502 168 502 167 503 167 503 166 503 165 503 164 503 163 503 162 504 162 504 161 504 160 504 159 504 158 505 158 505 157
828 7130 2144 1.23372e+08 555 205 555 206
829 7078 2144 1.23372e+08 545 219 546 219 546 218 547 218 548 218 548 217 549 217 550 217 550 216 551 216 551 215 551 214 552 214 552 213 552 212 552 211 553 211 553 210 553 209 554 209 554 208 554 207 555 207 555 206
830 7146 2151 inf 505 152 505 153 505 154
831 7133 2151 inf 505 156 505 155 505 154
832 7141 2152 1.23372e+08 556 203 556 204
833 7130 2152 1.23372e+08 555 206 555 205 556 205 556 204
834 7199 2158 1.23372e+08 557 197 557 198 557 199 557 200 557 201 557 202 557 203
835 7141 2158 1.23372e+08 556 204 556 203 557 203
836 7167 2165 inf 507 151 506 151
837 7146 2165 inf 505 153 505 152 506 152 506 151
838 7226 2193 1.23372e+08 558 194 558 195 557 195 557 196 557 197
839 7199 2193 1.23372e+08 557 198 557 197
840 7251 2218 1.23372e+08 560 192 560 193 561 193 561 194 561 195
841 7226 2218 1.23372e+08 558 195 558 194 559 194 560 194 561 194 561 195
842 7167 2224 inf 506 151 507 151 507 150 507 149 507 148 508 148 508 147 508 146 509 146 509 145 509 144 509 143 509 142 509 141 508 141
843 7261 2224 inf 509 140 508 140 508 141
844 7276 2232 inf 509 138 509 139 509 140
845 7261 2232 inf 508 140 509 140
846 7279 2237 1.23372e+08 559 187 559 188 560 188 560 189 560 190
847 7251 2237 1.23372e+08 560 193 560 192 560 191 560 190
848 7349 2242 inf 514 128 514 129 514 130 514 131 514 132 514 133 513 133 513 134 512 134 512 135 512 136 511 136 511 137 510 137 510 138 509 138
849 7276 2242 inf 509 139 509 138
850 7309 2246 1.23372e+08 562 185 561 185 560 185 559 185
851 7279 2246 1.23372e+08 559 188 559 187 559 186 559 185
852 7326 2264 1.23372e+08 564 183 563 183
853 7309 2264 1.23372e+08 561 185 562 185 562 184 563 184 563 183
854 7349 2272 inf 514 129 514 128 514 127 513 127 512 127 511 127 510 127 510 128
855 7345 2272 inf 511 126 511 127 510 127 510 128
856 7356 2276 1.23372e+08 565 175 565 176 565 177 565 178 565 179 565 180
857 7326 2276 1.23372e+08 563 183 564 183 564 182 564 181 565 181 565 180
858 7353 2278 inf 512 125 512 126 511 126
859 7345 2278 inf 511 127 511 126
860 7373 2283 inf 516 121 516 122 515 122 515 123 514 123 514 124 513 124 513 125 512 125
861 7353 2283 inf 512 126 512 125
862 7390 2290 1.23372e+08 567 168 567 169 567 170 567 171 566 171 565 171
863 7356 2290 1.23372e+08 565 176 565 175 565 174 565 173 565 172 565 171
864 7380 2296 inf 517 120 517 121 516 121
865 7373 2296 inf 516 122 516 121
866 7396 2301 inf 518 119 518 120 517 120
867 7380 2301 inf 517 121 517 120
868 7414 2306 1.23372e+08 569 166 569 167 569 168 568 168 567 168
869 7390 2306 1.23372e+08 567 169 567 168
870 7404 2311 inf 519 119 518 119
871 7396 2311 inf 518 120 518 119
872 7451 2326 1.23372e+08 569 157 569 158 569 159 569 160 569 161 569 162 569 163 569 164 569 165
873 7414 2326 1.23372e+08 569 167 569 166 569 165
874 7451 2344 1.23372e+08 569 158 569 157 568 157
875 7464 2344 1.23372e+08 570 155 570 156 569 156 569 157 568 157
876 7485 2356 1.23372e+08 572 151 572 152 572 153 571 153 571 154 570 154
877 7464 2356 1.23372e+08 570 156 570 155 570 154
878 7477 2364 inf 522 104 522 105
879 7404 2364 inf 518 119 519 119 519 118 520 118 520 117 520 116 521 116 521 115 521 114 521 113 521 112 521 111 521 110 521 109 521 108 521 107 521 106 522 106 522 105
880 7484 2370 inf 523 103 523 104
881 7477 2370 inf 522 105 522 104 523 104
882 7492 2375 1.23372e+08 573 150 573 151 572 151
883 7485 2375 1.23372e+08 572 152 572 151
884 7518 2381 inf 528 99 528 100 527 100 526 100 525 100 525 101 525 102 524 102
885 7484 2381 inf 523 104 523 103 524 103 524 102
886 7519 2383 1.23372e+08 575 145 574 145 574 146 574 147 574 148 574 149 573 149 573 150
887 7492 2383 1.23372e+08 573 151 573 150
888 7575 2400 inf 533 88 533 89 532 89 532 90 532 91 532 92 531 92 531 93 531 94 530 94 530 95 529 95 529 96 529 97 528 97 528 98 528 99
889 7518 2400 inf 528 100 528 99
890 7530 2404 1.23372e+08 575 142 575 143 575 144 576 144
891 7519 2404 1.23372e+08 574 145 575 145 575 144 576 144
892 7543 2409 1.23372e+08 575 138 575 139 575 140 575 141 576 141 576 142
893 7530 2409 1.23372e+08 575 143 575 142 576 142
894 7559 2419 1.23372e+08 574 132 574 133
895 7543 2419 1.23372e+08 575 139 575 138 575 137 575 136 575 135 575 134 574 134 574 133
896 7583 2436 inf 534 86 534 87
897 7575 2436 inf 533 89 533 88 534 88 534 87
898 7584 2440 1.23372e+08 579 130 578 130
899 7559 2440 1.23372e+08 574 133 574 132 575 132 576 132 577 132 577 131 578 131 578 130
900 7593 2444 1.23372e+08 580 129 579 129
901 7584 2444 1.23372e+08 578 130 579 130 579 129
902 7599 2446 inf 536 84 535 84 535 85
903 7583 2446 inf 534 87 534 86 535 86 535 85
904 7602 2450 1.23372e+08 580 127 580 128
905 7593 2450 1.23372e+08 579 129 580 129 580 128
906 7620 2451 inf 539 82 538 82 538 83 537 83 536 83 536 84
907 7599 2451 inf 535 84 536 84
908 7611 2457 1.23372e+08 581 126 581 127
909 7602 2457 1.23372e+08 580 128 580 127 581 127
910 7618 2464 1.23372e+08 583 126 582 126
911 7611 2464 1.23372e+08 581 127 581 126 582 126
912 7634 2472 1.23372e+08 585 125 584 125 583 125
913 7618 2472 1.23372e+08 582 126 583 126 583 125
914 7631 2473 inf 540 81 540 82
915 7620 2473 inf 538 82 539 82 540 82
916 7638 2479 1.23372e+08 585 124 585 125
917 7634 2479 1.23372e+08 584 125 585 125
918 7639 2481 inf 541 80 541 81
919 7631 2481 inf 540 82 540 81 541 81
920 7651 2489 1.23372e+08 587 124 586 124
921 7638 2489 1.23372e+08 585 125 585 124 586 124
922 7656 2491 inf 543 79 543 80 542 80
923 7639 2491 inf 541 81 541 80 542 80
924 7659 2497 1.23372e+08 588 123 587 123
925 7651 2497 1.23372e+08 586 124 587 124 587 123
926 7664 2500 inf 544 78 544 79 543 79
927 7656 2500 inf 543 80 543 79
928 7666 2504 1.23372e+08 589 122 588 122
929 7659 2504 1.23372e+08 587 123 588 123 588 122
930 7679 2505 1.23372e+08 590 119 590 120 589 120 589 121
931 7666 2505 1.23372e+08 588 122 589 122 589 121
932 7686 2508 inf 546 73 545 73 545 74 544 74 544 75 544 76
933 7664 2508 inf 544 79 544 78 544 77 544 76
934 7684 2512 1.23372e+08 592 119 591 119 590 119
935 7679 2512 1.23372e+08 590 120 590 119
936 7691 2514 1.23372e+08 593 119 592 119
937 7684 2514 1.23372e+08 591 119 592 119
938 7697 2516 inf 547 72 546 72 546 73
939 7686 2516 inf 545 73 546 73
940 7713 2524 inf 549 72 548 72 547 72
941 7697 2524 inf 546 72 547 72
942 7723 2533 1.23372e+08 595 117 594 117 594 118
943 7691 2533 1.23372e+08 592 119 593 119 593 118 594 118
944 7741 2548 1.23372e+08 597 115 596 115 596 116 595 116 595 117
945 7723 2548 1.23372e+08 594 117 595 117
946 7746 2558 inf 553 70 553 71 552 71
947 7713 2558 inf 548 72 549 72 550 72 551 72 551 71 552 71
948 7743 2560 1.23372e+08 598 115 597 115
949 7741 2560 1.23372e+08 596 115 597 115
950 7743 2563 1.23372e+08 597 115 598 115 598 114
951 7747 2563 1.23372e+08 599 115 598 115 598 114
952 7757 2564 inf 556 69 555 69 555 70
953 7746 2564 inf 553 71 553 70 554 70 555 70
954 7756 2569 1.23372e+08 602 115 601 115
955 7747 2569 1.23372e+08 598 115 599 115 600 115 601 115
956 7767 2574 inf 558 68 557 68
957 7757 2574 inf 555 69 556 69 556 68 557 68
958 7780 2577 inf 655 162 655 163 655 164 655 165
959 7795 2577 inf 658 169 657 169 656 169 656 168 656 167 655 167 655 166 655 165
960 7775 2579 1.23372e+08 605 113 605 114 604 114
961 7756 2579 1.23372e+08 601 115 602 115 602 114 603 114 604 114
962 7801 2581 inf 562 67 561 67 560 67 559 67 558 67
963 7767 2581 inf 557 68 558 68 558 67
964 7787 2588 inf 654 160 654 161 655 161 655 162
965 7780 2588 inf 655 163 655 162
966 7799 2591 1.23372e+08 608 114 608 113 607 113 606 113
967 7775 2591 1.23372e+08 605 114 605 113 606 113
968 7804 2599 inf 654 157 654 158 654 159
969 7787 2599 inf 654 161 654 160 654 159
970 7806 2600 1.23372e+08 610 113 609 113 609 114
971 7799 2600 1.23372e+08 608 113 608 114 609 114
972 7807 2601 inf 564 66 563 66 563 67 562 67
973 7801 2601 inf 561 67 562 67
974 7795 2602 inf 657 169 658 169 658 170
975 7808 2602 inf 658 173 658 172 658 171 658 170
976 7823 2605 inf 652 149 652 150 652 151 653 151 653 152 653 153 653 154 653 155 653 156
977 7804 2605 inf 654 158 654 157 653 157 653 156
978 7820 2607 inf 568 66 567 66 566 66 565 66
979 7807 2607 inf 563 66 564 66 565 66
980 7835 2609 1.23372e+08 618 113 617 113 616 113 615 113 614 113 614 112 613 112 612 112
981 7806 2609 1.23372e+08 609 113 610 113 611 113 611 112 612 112
982 7813 2610 inf 657 175 657 176
983 7816 2610 inf 657 177 657 176
984 7808 2611 inf 658 172 658 173 658 174 658 175
985 7813 2611 inf 657 176 657 175 658 175
986 7825 2616 inf 569 67 569 66 568 66
987 7820 2616 inf 567 66 568 66
988 7828 2617 inf 659 177 658 177
989 7816 2617 inf 657 176 657 177 658 177
990 8018 2619 inf 597 71 597 70 596 70 595 70 595 69 594 69 594 68 593 68 592 68 591 68 591 67 590 67 589 67 588 67 587 67 586 67 586 66 585 66 584 66 584 65 583 65 582 65 582 64 581 64 580 64 579 64 578 64 577 64 577 65 577 66 576 66 575 66 574 66 574 67 573 67 572 67 571 67 570 67
991 7825 2619 inf 569 66 569 67 570 67
992 7857 2623 inf 651 143 652 143 652 144 652 145 652 146 652 147
993 7823 2623 inf 652 150 652 149 652 148 652 147
994 7844 2626 inf 660 179 659 179
995 7828 2626 inf 658 177 659 177 659 178 659 179
996 7835 2629 1.23372e+08 617 113 618 113 619 113
997 7840 2629 1.23372e+08 620 114 619 114 619 113
998 7861 2632 1.23372e+08 621 112 621 113 621 114
999 7840 2632 1.23372e+08 619 114 620 114 621 114
1000 7865 2633 inf 661 181 661 180 660 180
1001 7844 2633 inf 659 179 660 179 660 180
1002 7865 2640 inf 661 180 661 181
1003 7879 2640 inf 662 182 661 182 661 181
1004 7883 2646 1.23372e+08 625 114 625 113 624 113
1005 7875 2646 1.23372e+08 623 112 623 113 624 113
1006 7861 2647 1.23372e+08 621 113 621 112 622 112 623 112
1007 7875 2647 1.23372e+08 623 113 623 112
1008 7899 2649 1.23372e+08 627 113 627 114 626 114
1009 7883 2649 1.23372e+08 625 113 625 114 626 114
1010 7879 2659 inf 661 182 662 182 663 182 664 182
1011 7916 2659 inf 665 184 665 183 664 183 664 182
1012 7912 2661 inf 651 136 652 136 652 137 652 138
1013 7857 2661 inf 652 143 651 143 651 142 651 141 651 140 651 139 652 139 652 138
1014 7912 2662 inf 652 136 651 136 650 136
1015 7922 2662 inf 650 133 650 134 650 135 650 136
1016 7924 2673 1.23372e+08 630 113 629 113 628 113
1017 7899 2673 1.23372e+08 627 114 627 113 628 113
1018 7916 2680 inf 665 183 665 184
1019 7936 2680 inf 666 185 665 185 665 184
1020 7941 2689 inf 650 131 650 132
1021 7922 2689 inf 650 134 650 133 650 132
1022 7936 2691 inf 665 185 666 185
1023 7953 2691 inf 666 187 666 186 666 185
1024 7950 2700 inf 649 129 649 130 650 130
1025 7941 2700 inf 650 132 650 131 650 130
1026 7971 2701 inf 648 126 648 127 649 127 649 128 649 129
1027 7950 2701 inf 649 130 649 129
1028 7983 2716 inf 648 125 648 126
1029 7971 2716 inf 648 127 648 126
1030 7991 2717 inf 618 95 618 94 617 94
1031 7992 2717 inf 616 92 616 93 617 93 617 94
1032 7991 2724 inf 618 94 618 95 619 95
1033 7990 2724 inf 619 96 619 95
1034 7993 2725 inf 615 91 615 92 616 92
1035 7992 2725 inf 616 93 616 92
1036 8012 2726 inf 615 89 615 90 615 91
1037 7993 2726 inf 615 92 615 91
1038 8028 2733 inf 631 104 631 103 630 103 629 103 628 103
1039 8007 2733 inf 628 102 628 103
1040 8013 2739 inf 614 89 615 89
1041 8012 2739 inf 615 90 615 89
1042 8017 2740 inf 613 86 613 87 614 87 614 88
1043 8013 2740 inf 615 89 614 89 614 88
1044 8038 2741 inf 601 72 600 72 599 72 599 71 598 71 597 71
1045 8018 2741 inf 597 70 597 71
1046 8019 2742 inf 667 193 666 193
1047 7953 2742 inf 666 186 666 187 666 188 666 189 666 190 666 191 666 192 666 193
1048 8027 2745 inf 633 105 632 105 632 104 631 104
1049 8028 2745 inf 631 103 631 104
1050 7924 2745 1.23372e+08 629 113 630 113 631 113 631 112 631 111 631 110 631 109 631 108 631 107 631 106 631 105 631 104
1051 8029 2747 inf 628 100 628 101
1052 8007 2747 inf 628 103 628 102 628 101
1053 8029 2748 inf 628 101 628 100 627 100
1054 8030 2748 inf 627 99 627 100
1055 8030 2749 inf 627 100 627 99 626 99
1056 7990 2749 inf 619 95 619 96 620 96 621 96 621 97 622 97 623 97 624 97 625 97 625 98 626 98 626 99
1057 8055 2750 inf 614 83 614 84 614 85 613 85 613 86
1058 8017 2750 inf 613 87 613 86
1059 7983 2757 inf 648 126 648 125 649 125 649 124 650 124 651 124 651 123 652 123 652 122 652 121 652 120 652 119 651 119 650 119 650 118 649 118 648 118 648 117 648 116 647 116 647 115 646 115 646 114 645 114 644 114 644 113 643 113 643 112 642 112 641 112 641 111 640 111 639 111 639 110 638 110
1060 8024 2757 inf 637 110 638 110
1061 8025 2758 inf 636 109 637 109
1062 8024 2758 inf 638 110 637 110 637 109
1063 8026 2759 inf 633 106 634 106
1064 8025 2759 inf 637 109 636 109 636 108 635 108 635 107 634 107 634 106
1065 8027 2760 inf 632 105 633 105
1066 8026 2760 inf 634 106 633 106 633 105
1067 8019 2768 inf 666 193 667 193 667 194 667 195
1068 8046 2768 inf 667 196 667 195
1069 8056 2775 inf 613 83 614 83
1070 8055 2775 inf 614 84 614 83
1071 8057 2776 inf 612 81 612 82 613 82
1072 8056 2776 inf 614 83 613 83 613 82
1073 8073 2777 inf 612 79 612 80 612 81
1074 8057 2777 inf 612 82 612 81
1075 8038 2778 inf 600 72 601 72 602 72 603 72
1076 8058 2778 inf 603 73 603 72
1077 8046 2784 inf 667 195 667 196 668 196 668 197
1078 8082 2784 inf 668 199 668 198 668 197
1079 8074 2787 inf 610 78 611 78
1080 8073 2787 inf 612 80 612 79 611 79 611 78
1081 8080 2788 inf 610 76 610 77
1082 8074 2788 inf 611 78 610 78 610 77
1083 8080 2789 inf 610 77 610 76 609 76
1084 8081 2789 inf 609 75 609 76
1085 8081 2790 inf 609 76 609 75 608 75
1086 8075 2790 inf 606 73 606 74 607 74 608 74 608 75
1087 8058 2791 inf 603 72 603 73 604 73 605 73 606 73
1088 8075 2791 inf 606 74 606 73
1089 8082 2800 inf 668 198 668 199
1090 8204 2800 inf 666 210 666 209 666 208 666 207 666 206 666 205 666 204 666 203 666 202 667 202 668 202 668 201 668 200 668 199
1091 8227 2883 inf 666 212 666 211 665 211
1092 8204 2883 inf 666 209 666 210 665 210 665 211
1093 8267 2915 inf 667 215 667 214 666 214
1094 8227 2915 inf 666 211 666 212 666 213 666 214
1095 8284 2939 inf 668 217 667 217
1096 8267 2939 inf 667 214 667 215 667 216 667 217
1097 8296 2946 inf 669 219 668 219
1098 8284 2946 inf 667 217 668 217 668 218 668 219
1099 8296 2952 inf 668 219 669 219 669 220
1100 8309 2952 inf 670 222 670 221 669 221 669 220
1101 8318 2963 inf 671 223 670 223
1102 8309 2963 inf 670 221 670 222 670 223
1103 8328 2970 inf 672 224 671 224
1104 8318 2970 inf 670 223 671 223 671 224
1105 8344 2981 inf 673 226 672 226
1106 8328 2981 inf 671 224 672 224 672 225 672 226
1107 8344 2989 inf 672 226 673 226 673 227
1108 8354 2989 inf 673 228 673 227
1109 8368 2994 inf 675 229 675 228 674 228
1110 8354 2994 inf 673 227 673 228 674 228
1111 8380 3003 inf 676 231 676 230 675 230
1112 8368 3003 inf 675 228 675 229 675 230
1113 8388 3009 inf 678 232 678 231 677 231 676 231
1114 8380 3009 inf 676 230 676 231
1115 8408 3024 inf 680 235 680 234 679 234 678 234
1116 8388 3024 inf 678 231 678 232 678 233 678 234
1117 8428 3033 inf 683 237 682 237 682 236 681 236 681 235 680 235
1118 8408 3033 inf 680 234 680 235
1119 8428 3047 inf 682 237 683 237
1120 8436 3047 inf 683 238 683 237
1121 8436 3057 inf 683 237 683 238 684 238
1122 8448 3057 inf 684 239 684 238
1123 8469 3067 inf 687 239 686 239
1124 8448 3067 inf 684 238 684 239 685 239 686 239
1125 8494 3084 inf 689 241 689 240 688 240
1126 8469 3084 inf 686 239 687 239 687 240 688 240
1127 8515 3096 inf 691 242 691 241 690 241
1128 8494 3096 inf 689 240 689 241 690 241
1129 8531 3114 inf 693 243 693 242 692 242
1130 8515 3114 inf 691 241 691 242 692 242
1131 8545 3122 inf 696 244 696 243 695 243
1132 8531 3122 inf 693 242 693 243 694 243 695 243
1133 8564 3130 inf 699 244 698 244 697 244
1134 8545 3130 inf 696 243 696 244 697 244
1135 8579 3139 inf 700 245 699 245
1136 8564 3139 inf 698 244 699 244 699 245
1137 8597 3146 inf 707 241 706 241 706 240 705 240
1138 8616 3146 inf 705 246 705 245 705 244 705 243 705 242 705 241 705 240
1139 8596 3149 inf 703 245 702 245 701 245
1140 8579 3149 inf 699 245 700 245 701 245
1141 8597 3162 inf 706 241 707 241 708 241
1142 8617 3162 inf 709 242 708 242 708 241
1143 8616 3164 inf 705 245 705 246 704 246
1144 8596 3164 inf 702 245 703 245 703 246 704 246
1145 8639 3175 inf 712 243 711 243 710 243
1146 8617 3175 inf 708 242 709 242 709 243 710 243
1147 8639 3188 inf 711 243 712 243 712 244
1148 8664 3188 inf 713 246 712 246 712 245 712 244
1149 8673 3198 inf 715 247 714 247 714 246 713 246
1150 8664 3198 inf 712 246 713 246
1151 8673 3224 inf 714 247 715 247 716 247 717 247 718 247 719 247
1152 8707 3224 inf 720 248 719 248 719 247
1153 8707 3234 inf 719 248 720 248 721 248 722 248
1154 8733 3234 inf 723 249 722 249 722 248
1155 8748 3247 inf 726 249 725 249
1156 8733 3247 inf 722 249 723 249 724 249 725 249
1157 8815 3286 inf 737 251 736 251 736 250 735 250
1158 8748 3286 inf 725 249 726 249 726 248 727 248 728 248 729 248 730 248 730 249 731 249 732 249 733 249 733 250 734 250 735 250
1159 8825 3290 inf 739 252 739 251 738 251 737 251
1160 8815 3290 inf 736 251 737 251
1161 8840 3304 inf 741 253 741 252 740 252
1162 8825 3304 inf 739 251 739 252 740 252
1163 8855 3313 inf 745 253 744 253 743 253 742 253
1164 8840 3313 inf 741 252 741 253 742 253
1165 8894 3330 inf 753 253 752 253 751 253 751 254 751 255 750 255 749 255 748 255 747 255 747 254 746 254
1166 8855 3330 inf 744 253 745 253 745 254 746 254
1167 8897 3347 inf 754 252 754 253 753 253
1168 8894 3347 inf 752 253 753 253
1169 8912 3357 inf 760 252 759 252
1170 8897 3357 inf 754 253 754 252 755 252 756 252 757 252 758 252 759 252
1171 8936 3366 inf 766 252 766 251 765 251 764 251 763 251
1172 8912 3366 inf 759 252 760 252 760 251 761 251 762 251 763 251
1173 8941 3382 inf 768 251 768 252
1174 8936 3382 inf 766 251 766 252 767 252 768 252
1175 8951 3389 inf 773 249 773 250 772 250 772 251
1176 8941 3389 inf 768 252 768 251 769 251 770 251 771 251 772 251
1177 8969 3396 inf 779 248 778 248 778 249 777 249 776 249
1178 8951 3396 inf 773 250 773 249 774 249 775 249 776 249
1179 9006 3399 inf 789 247 788 247 787 247 786 247 785 247 784 247 783 247 783 248 782 248 781 248 780 248 779 248
1180 8969 3399 inf 778 248 779 248
1181 9006 3424 inf 788 247 789 247 790 247
1182 9014 3424 inf 790 248 790 247
1183 9027 3430 inf 792 248 791 248
1184 9014 3430 inf 790 247 790 248 791 248
1185 9054 3440 inf 798 250 797 250 796 250 795 250 794 250 793 250 792 250 792 251
1186 9027 3440 inf 791 248 792 248 792 249 792 250 792 251
1187 9060 3451 inf 802 249 801 249 800 249 800 250
1188 9054 3451 inf 797 250 798 250 799 250 800 250
1189 9068 3452 inf 804 249 803 249 802 249
1190 9060 3452 inf 801 249 802 249
1191 9077 3457 inf 806 249 805 249 804 249
1192 9068 3457 inf 803 249 804 249
1193 9070 3458 inf 811 241 811 242
1194 9074 3458 inf 810 244 810 243 810 242 811 242
1195 9075 3459 inf 814 240 813 240 813 241 812 241
1196 9070 3459 inf 811 242 811 241 812 241
1197 9088 3461 inf 811 245 811 244 810 244
1198 9074 3461 inf 810 243 810 244
1199 9090 3464 inf 816 240 815 240
1200 9075 3464 inf 813 240 814 240 815 240
1201 9092 3465 inf 808 249 807 249
1202 9077 3465 inf 805 249 806 249 807 249
1203 9095 3474 inf 818 239 817 239 817 240
1204 9090 3474 inf 815 240 816 240 817 240
1205 9098 3475 inf 811 247 810 247 810 248 809 248 809 249 809 250 808 250
1206 9092 3475 inf 807 249 808 249 808 250
1207 9088 3476 inf 811 244 811 245 811 246 811 247
1208 9098 3476 inf 810 247 811 247
1209 9103 3478 inf 820 238 820 239 819 239
1210 9095 3478 inf 817 239 818 239 819 239
1211 9114 3481 inf 823 237 823 238 822 238 821 238
1212 9103 3481 inf 820 239 820 238 821 238
1213 9125 3486 inf 826 237 825 237 824 237
1214 9114 3486 inf 823 238 823 237 824 237
1215 9147 3505 inf 859 208 858 208
1216 9169 3505 inf 858 211 858 210 858 209 858 208
1217 9148 3506 inf 862 205 861 205
1218 9147 3506 inf 858 208 859 208 859 207 860 207 860 206 860 205 861 205
1219 9149 3509 inf 863 203 863 204
1220 9148 3509 inf 861 205 862 205 862 204 863 204
1221 9157 3510 inf 866 202 865 202 865 203 864 203
1222 9149 3510 inf 863 204 863 203 864 203
1223 9158 3511 inf 867 201 866 201
1224 9157 3511 inf 865 202 866 202 866 201
1225 9154 3517 inf 831 236 831 237
1226 9125 3517 inf 825 237 826 237 827 237 828 237 829 237 830 237 831 237
1227 9174 3522 inf 834 235 834 236 833 236
1228 9154 3522 inf 831 237 831 236 832 236 833 236
1229 9192 3523 inf 837 236 836 236 835 236 835 235 834 235
1230 9174 3523 inf 834 236 834 235
1231 9167 3524 inf 849 220 848 220 848 221
1232 9156 3524 inf 844 224 844 223 845 223 845 222 846 222 847 222 847 221 848 221
1233 9168 3525 inf 849 219 849 220
1234 9167 3525 inf 848 220 849 220
1235 9184 3526 inf 868 199 868 200 867 200
1236 9158 3526 inf 866 201 867 201 867 200
1237 9180 3530 inf 855 216 854 216
1238 9168 3530 inf 849 220 849 219 849 218 850 218 850 217 851 217 852 217 853 217 853 216 854 216
1239 9169 3534 inf 858 210 858 211 858 212 858 213 857 213 857 214 856 214 856 215
1240 9180 3534 inf 854 216 855 216 855 215 856 215
1241 9200 3542 inf 871 199 870 199
1242 9184 3542 inf 868 200 868 199 869 199 870 199
1243 9202 3543 inf 841 233 841 234 840 234
1244 9192 3543 inf 836 236 837 236 838 236 839 236 839 235 840 235 840 234
1245 9156 3544 inf 844 223 844 224 844 225 844 226 844 227 845 227 845 228 845 229 845 230 845 231 845 232 844 232 843 232 843 233 842 233 841 233
1246 9202 3544 inf 841 234 841 233
1247 9226 3550 inf 874 197 873 197 873 198 872 198 871 198
1248 9200 3550 inf 870 199 871 199 871 198
1249 9226 3568 inf 873 197 874 197 874 196
1250 9233 3568 inf 875 197 874 197 874 196
1251 9244 3572 inf 877 197 876 197
1252 9233 3572 inf 874 197 875 197 876 197
1253 9261 3584 inf 879 196 878 196
1254 9244 3584 inf 876 197 877 197 877 196 878 196
1255 9279 3593 inf 881 194 880 194 880 195 879 195
1256 9261 3593 inf 878 196 879 196 879 195
1257 9290 3602 inf 882 193 882 194 881 194
1258 9279 3602 inf 880 194 881 194
1259 9301 3608 inf 884 194 884 193 883 193 882 193
1260 9290 3608 inf 882 194 882 193
1261 9310 3614 inf 888 194 887 194 886 194 885 194
1262 9301 3614 inf 884 193 884 194 885 194
1263 9338 3632 inf 894 193 893 193
1264 9310 3632 inf 887 194 888 194 888 193 889 193 890 193 891 193 892 193 893 193
1265 9335 3634 inf 901 200 901 201 902 201
1266 9340 3634 inf 903 202 902 202 902 201
1267 9343 3635 inf 901 199 901 198 900 198 899 198
1268 9345 3635 inf 901 197 901 198 900 198 899 198
1269 9340 3639 inf 902 202 903 202
1270 9348 3639 inf 904 203 903 203 903 202
1271 9343 3641 inf 901 198 901 199 902 199
1272 9335 3641 inf 901 201 901 200 901 199 902 199
1273 9352 3642 inf 899 193 898 193 897 193 896 193 896 192 895 192
1274 9338 3642 inf 893 193 894 193 894 192 895 192
1275 9357 3646 inf 905 205 905 204 904 204
1276 9348 3646 inf 903 203 904 203 904 204
1277 9357 3648 inf 905 204 905 205
1278 9361 3648 inf 905 207 905 206 905 205
1279 9352 3653 inf 898 193 899 193 900 193 901 193 902 193
1280 9345 3653 inf 901 198 901 197 901 196 901 195 901 194 901 193 902 193
1281 9361 3657 inf 905 206 905 207 906 207
1282 9376 3657 inf 906 209 906 208 906 207
1283 9376 3664 inf 906 208 906 209 907 209
1284 9387 3664 inf 908 210 907 210 907 209
1285 9387 3671 inf 907 210 908 210 908 211
1286 9395 3671 inf 908 213 908 212 908 211
1287 9395 3679 inf 908 212 908 213 909 213 909 214
1288 9406 3679 inf 909 216 909 215 909 214
1289 9406 3688 inf 909 215 909 216 910 216 910 217
1290 9421 3688 inf 910 219 910 218 910 217
1291 9421 3695 inf 910 218 910 219 911 219 911 220 911 221
1292 9429 3695 inf 911 222 911 221
1293 9429 3700 inf 911 221 911 222 911 223 912 223 912 224
1294 9445 3700 inf 912 227 912 226 912 225 912 224
1295 9455 3709 inf 913 229 912 229
1296 9445 3709 inf 912 226 912 227 912 228 912 229
1297 9455 3714 inf 912 229 913 229 913 230 914 230
1298 9463 3714 inf 914 231 914 230
1299 9472 3719 inf 915 234 914 234
1300 9463 3719 inf 914 230 914 231 914 232 914 233 914 234
1301 9484 3725 inf 916 236 916 235 915 235
1302 9472 3725 inf 914 234 915 234 915 235
1303 9484 3731 inf 916 235 916 236
1304 9489 3731 inf 916 237 916 236
1305 9489 3734 inf 916 236 916 237 917 237
1306 9500 3734 inf 917 239 917 238 917 237
1307 9500 3748 inf 917 238 917 239 918 239 918 240
1308 9523 3748 inf 919 241 918 241 918 240
1309 9523 3754 inf 918 241 919 241
1310 9530 3754 inf 920 243 919 243 919 242 919 241
1311 9530 3762 inf 919 243 920 243 920 244 920 245
1312 9543 3762 inf 920 247 920 246 920 245
1313 9565 3769 inf 923 251 923 250 922 250 921 250 921 249 921 248 920 248
1314 9543 3769 inf 920 246 920 247 920 248
1315 9569 3785 inf 923 251 923 252 922 252
1316 9579 3785 inf 923 255 923 254 923 253 922 253 922 252
1317 9565 3786 inf 923 250 923 251
1318 9569 3786 inf 923 252 923 251
1319 9579 3795 inf 923 254 923 255
1320 9592 3795 inf 923 260 923 259 923 258 923 257 923 256 923 255
1321 9592 3826 inf 923 259 923 260 923 261 923 262 924 262 924 263 924 264 925 264 925 265 926 265 926 266 926 267 926 268
1322 9624 3826 inf 926 269 926 268
1323 9635 3832 inf 928 272 928 271 927 271
1324 9624 3832 inf 926 268 926 269 927 269 927 270 927 271
1325 9635 3835 inf 928 271 928 272 928 273
1326 9638 3835 inf 929 274 928 274 928 273
1327 9647 3837 inf 930 276 930 275 929 275
1328 9638 3837 inf 928 274 929 274 929 275
1329 9653 3844 inf 931 277 931 276 930 276
1330 9647 3844 inf 930 275 930 276
1331 9653 3847 inf 931 276 931 277
1332 9656 3847 inf 932 278 931 278 931 277
1333 9659 3850 inf 933 279 932 279
1334 9656 3850 inf 931 278 932 278 932 279
1335 3867 0 1.72562e+08 15 153 15 152 15 151 15 150 15 149 15 148 15 147 15 146 15 145 15 144 15 143 15 142 15 141 15 140 15 139 15 138 15 137 15 136 15 135 15 134 15 133 15 132 15 131 15 130
1336 4097 0 inf 21 90 20 90
1337 9659 0 inf 932 279 933 279 933 280
