9278
0 -1 -1
1 18 168
2 20 169
3 23 170
4 15 150
5 32 164
6 30 162
7 16 145
8 25 175
9 35 165
10 22 150
11 15 143
12 18 145
13 26 176
14 36 166
15 37 165
16 38 166
17 40 164
18 34 158
19 28 177
20 38 161
21 30 177
22 40 167
23 26 147
24 29 179
25 30 180
26 32 178
27 40 170
28 42 169
29 31 181
30 34 179
31 42 171
32 43 170
33 35 180
34 44 171
35 34 182
36 46 171
37 35 183
38 53 165
39 48 171
40 38 182
41 37 184
42 49 172
43 18 125
44 38 185
45 40 183
46 50 173
47 22 127
48 39 186
49 51 175
50 62 164
51 25 127
52 40 187
53 19 120
54 52 176
55 22 121
56 18 117
57 53 178
58 62 159
59 30 126
60 22 118
61 44 189
62 54 180
63 45 190
64 32 125
65 22 115
66 30 122
67 46 191
68 71 166
69 34 125
70 22 113
71 54 184
72 68 158
73 26 116
74 66 173
75 37 126
76 28 117
77 48 192
78 56 185
79 72 169
80 73 168
81 71 171
82 70 156
83 42 128
84 28 114
85 50 193
86 65 178
87 69 174
88 70 173
89 78 165
90 38 123
91 30 115
92 64 180
93 77 167
94 79 163
95 77 161
96 74 158
97 51 194
98 75 170
99 76 169
100 76 159
101 42 125
102 73 173
103 74 172
104 78 160
105 63 184
106 77 158
107 45 126
108 66 182
109 82 162
110 79 159
111 54 195
112 64 185
113 71 178
114 66 184
115 80 170
116 79 157
117 56 195
118 50 127
119 46 123
120 38 115
121 87 165
122 88 164
123 84 160
124 79 155
125 44 119
126 41 116
127 86 160
128 72 183
129 73 182
130 89 162
131 78 151
132 86 158
133 82 154
134 53 125
135 90 161
136 78 180
137 88 170
138 87 157
139 77 182
140 91 160
141 52 121
142 72 188
143 87 173
144 85 153
145 58 126
146 26 94
147 64 197
148 86 175
149 92 159
150 90 157
151 28 95
152 85 177
153 97 163
154 58 124
155 84 179
156 70 135
157 28 93
158 66 198
159 76 188
160 32 96
161 78 187
162 67 199
163 97 159
164 90 152
165 74 136
166 22 84
167 78 189
168 89 178
169 62 123
170 58 119
171 83 185
172 92 176
173 93 175
174 74 134
175 23 83
176 82 187
177 87 182
178 76 135
179 80 190
180 100 170
181 82 140
182 71 200
183 78 193
184 94 177
185 106 163
186 84 140
187 78 134
188 72 201
189 81 192
190 95 178
191 77 132
192 61 116
193 40 95
194 32 87
195 87 187
196 97 177
197 101 173
198 86 140
199 82 136
200 66 120
201 65 119
202 82 193
203 109 162
204 74 202
205 96 180
206 111 163
207 84 136
208 98 179
209 102 175
210 90 141
211 82 196
212 82 132
213 48 98
214 93 186
215 99 180
216 113 162
217 92 141
218 69 118
219 96 184
220 86 134
221 71 119
222 77 204
223 95 186
224 94 141
225 66 113
226 68 114
227 52 98
228 78 205
229 100 183
230 87 132
231 54 99
232 40 85
233 82 126
234 52 96
235 92 135
236 90 133
237 80 206
238 93 193
239 101 185
240 94 135
241 77 118
242 81 207
243 96 136
244 81 121
245 79 119
246 75 115
247 58 98
248 95 134
249 94 133
250 84 123
251 83 122
252 105 143
253 97 135
254 86 124
255 56 94
256 83 208
257 62 99
258 100 136
259 84 209
260 101 192
261 109 144
262 98 133
263 100 194
264 92 126
265 91 125
266 90 124
267 89 123
268 62 96
269 100 133
270 60 93
271 48 81
272 86 210
273 124 172
274 103 135
275 102 134
276 90 122
277 105 136
278 104 194
279 107 137
280 90 120
281 88 211
282 101 198
283 126 174
284 127 173
285 108 136
286 95 123
287 94 122
288 93 121
289 106 195
290 115 142
291 110 137
292 106 133
293 68 95
294 64 91
295 90 212
296 108 195
297 118 143
298 65 90
299 91 213
300 130 174
301 130 154
302 115 139
303 114 138
304 98 122
305 68 92
306 60 84
307 100 205
308 117 140
309 110 133
310 66 89
311 122 144
312 119 141
313 112 134
314 93 214
315 115 136
316 114 135
317 122 142
318 118 138
319 98 118
320 126 145
321 96 115
322 95 114
323 106 204
324 118 136
325 66 84
326 96 215
327 86 103
328 100 116
329 116 197
330 118 195
331 135 178
332 126 141
333 98 216
334 128 142
335 108 122
336 107 121
337 100 114
338 80 94
339 118 197
340 130 143
341 76 89
342 105 211
343 126 138
344 106 118
345 101 113
346 138 179
347 152 165
348 134 145
349 104 115
350 101 217
351 107 117
352 102 112
353 81 91
354 150 169
355 134 143
356 131 140
357 76 85
358 154 166
359 138 146
360 133 141
361 109 117
362 150 171
363 104 111
364 103 110
365 118 204
366 155 167
367 146 152
368 108 114
369 86 92
370 79 85
371 151 172
372 108 112
373 102 106
374 121 204
375 153 173
376 158 168
377 146 148
378 82 84
379 150 151
380 104 105
381 97 98
382 126 126
383 84 84
384 130 199
385 145 184
386 155 174
387 132 198
388 164 162
389 152 150
390 146 144
391 99 97
392 92 90
393 126 205
394 146 185
395 166 163
396 148 145
397 107 104
398 94 91
399 118 214
400 150 146
401 154 149
402 114 220
403 128 206
404 158 176
405 162 172
406 170 164
407 130 124
408 110 104
409 113 222
410 136 199
411 130 206
412 159 177
413 136 128
414 112 104
415 115 222
416 124 213
417 164 173
418 166 171
419 146 137
420 145 136
421 132 206
422 150 188
423 138 128
424 114 104
425 128 211
426 161 178
427 173 162
428 172 161
429 171 160
430 170 159
431 158 147
432 157 146
433 100 89
434 96 85
435 117 223
436 140 200
437 166 174
438 163 151
439 161 149
440 142 130
441 120 221
442 165 152
443 158 145
444 155 142
445 154 141
446 150 137
447 135 122
448 130 212
449 163 179
450 178 164
451 176 162
452 171 157
453 170 156
454 130 116
455 174 158
456 142 126
457 100 84
458 132 213
459 138 207
460 154 191
461 165 180
462 180 165
463 145 128
464 138 121
465 124 222
466 158 140
467 134 116
468 118 100
469 106 88
470 171 176
471 181 166
472 182 165
473 167 148
474 166 147
475 165 146
476 160 141
477 144 125
478 135 213
479 140 208
480 167 181
481 162 142
482 147 127
483 140 120
484 136 116
485 120 100
486 108 88
487 154 133
488 126 105
489 150 200
490 160 190
491 184 166
492 158 136
493 156 134
494 158 193
495 159 192
496 169 182
497 152 129
498 142 119
499 138 115
500 107 84
501 162 190
502 185 167
503 130 106
504 150 203
505 168 143
506 167 142
507 166 141
508 165 140
509 154 129
510 145 209
511 175 179
512 186 168
513 171 145
514 140 114
515 154 201
516 128 101
517 132 224
518 154 126
519 146 118
520 141 113
521 112 84
522 177 180
523 148 210
524 156 202
525 177 147
526 176 146
527 175 145
528 174 144
529 173 143
530 172 142
531 170 139
532 143 112
533 162 198
534 178 182
535 176 143
536 162 129
537 178 184
538 159 125
539 145 111
540 138 225
541 174 189
542 178 143
543 117 82
544 158 206
545 167 197
546 161 125
547 140 226
548 184 182
549 194 172
550 201 165
551 193 155
552 178 140
553 177 139
554 148 110
555 119 81
556 174 135
557 154 115
558 128 89
559 122 83
560 192 152
561 197 156
562 167 126
563 178 192
564 182 188
565 195 175
566 203 161
567 202 160
568 199 157
569 196 154
570 122 80
571 195 152
572 192 149
573 177 134
574 170 127
575 152 109
576 201 157
577 198 154
578 157 216
579 200 155
580 197 152
581 196 151
582 192 147
583 191 146
584 124 79
585 202 156
586 199 153
587 190 144
588 154 108
589 208 161
590 201 154
591 198 151
592 197 150
593 159 217
594 188 188
595 198 178
596 199 177
597 206 158
598 200 152
599 196 148
600 195 147
601 193 145
602 192 144
603 191 143
604 126 78
605 202 153
606 150 228
607 193 143
608 188 138
609 187 137
610 162 217
611 176 203
612 214 165
613 213 162
614 204 153
615 199 148
616 195 144
617 130 79
618 152 228
619 179 201
620 185 195
621 188 192
622 209 157
623 201 180
624 214 161
625 203 150
626 202 149
627 189 136
628 188 135
629 162 109
630 132 79
631 178 204
632 180 202
633 186 196
634 192 190
635 207 175
636 213 159
637 208 154
638 194 140
639 193 139
640 192 138
641 186 132
642 214 169
643 198 143
644 197 142
645 196 141
646 138 83
647 136 81
648 153 231
649 164 220
650 202 182
651 208 176
652 218 166
653 216 160
654 191 135
655 190 134
656 178 122
657 135 79
658 199 186
659 194 137
660 193 136
661 180 123
662 154 97
663 209 177
664 201 143
665 182 124
666 126 68
667 168 219
668 169 218
669 196 191
670 200 187
671 204 183
672 208 179
673 219 168
674 203 144
675 189 130
676 184 125
677 139 80
678 167 221
679 210 178
680 191 131
681 156 96
682 141 81
683 136 76
684 134 74
685 169 220
686 170 219
687 191 198
688 194 195
689 197 192
690 207 182
691 209 180
692 215 174
693 187 126
694 160 99
695 143 82
696 158 232
697 201 189
698 205 185
699 158 96
700 198 193
701 204 187
702 210 181
703 165 102
704 163 100
705 162 99
706 160 97
707 135 72
708 196 196
709 194 130
710 189 125
711 167 103
712 202 191
713 211 182
714 219 174
715 149 84
716 132 67
717 216 178
718 227 161
719 226 160
720 170 104
721 151 85
722 141 75
723 137 71
724 203 192
725 209 186
726 212 183
727 215 180
728 153 86
729 143 76
730 163 233
731 174 223
732 187 210
733 208 189
734 213 184
735 215 182
736 180 111
737 177 108
738 176 107
739 156 87
740 144 75
741 204 194
742 183 113
743 182 112
744 158 88
745 142 72
746 136 66
747 134 64
748 189 210
749 214 185
750 216 183
751 219 180
752 192 121
753 191 120
754 160 89
755 144 73
756 190 118
757 189 117
758 186 114
759 185 113
760 184 112
761 183 111
762 182 110
763 163 91
764 162 90
765 155 82
766 154 81
767 177 225
768 215 187
769 188 114
770 160 86
771 138 64
772 178 103
773 176 101
774 175 100
775 196 208
776 197 207
777 198 206
778 219 143
779 166 90
780 150 74
781 179 226
782 193 212
783 195 210
784 214 191
785 216 189
786 226 149
787 225 148
788 221 144
789 165 88
790 164 87
791 161 84
792 160 83
793 157 80
794 152 75
795 228 150
796 224 146
797 182 104
798 181 103
799 168 90
800 156 78
801 180 227
802 185 222
803 212 195
804 166 87
805 152 73
806 171 91
807 154 74
808 186 223
809 202 207
810 217 192
811 220 139
812 162 81
813 176 234
814 216 195
815 174 91
816 166 83
817 160 77
818 183 229
819 188 224
820 218 194
821 229 183
822 176 92
823 158 74
824 190 223
825 241 156
826 240 155
827 239 154
828 233 148
829 184 230
830 230 184
831 244 158
832 230 144
833 179 93
834 172 86
835 162 76
836 158 72
837 218 197
838 219 196
839 247 160
840 246 159
841 212 125
842 252 164
843 219 131
844 216 128
845 214 126
846 182 94
847 176 88
848 241 152
849 210 121
850 204 115
851 203 114
852 202 113
853 201 112
854 200 111
855 199 110
856 198 109
857 197 108
858 185 96
859 184 95
860 180 91
861 160 71
862 219 199
863 227 137
864 196 106
865 195 105
866 194 104
867 193 103
868 188 98
869 172 82
870 170 80
871 168 78
872 233 142
873 232 141
874 218 127
875 217 126
876 216 125
877 215 124
878 192 101
879 191 100
880 190 99
881 178 87
882 170 78
883 162 70
884 156 64
885 232 189
886 237 184
887 248 155
888 247 154
889 246 153
890 245 152
891 242 149
892 195 102
893 178 85
894 167 74
895 201 221
896 240 182
897 170 76
898 174 79
899 221 203
900 241 183
901 242 182
902 250 174
903 187 91
904 240 186
905 242 184
906 200 102
907 199 101
908 174 76
909 172 74
910 244 183
911 251 176
912 195 96
913 191 92
914 189 90
915 188 89
916 225 203
917 231 197
918 241 187
919 187 87
920 244 185
921 245 184
922 229 128
923 184 83
924 178 77
925 242 188
926 225 123
927 202 100
928 197 95
929 196 94
930 192 90
931 190 88
932 254 177
933 256 175
934 258 155
935 201 98
936 200 97
937 199 96
938 181 78
939 215 217
940 223 209
941 226 206
942 241 191
943 243 189
944 188 84
945 183 79
946 234 199
947 206 101
948 205 100
949 191 243
950 210 224
951 227 121
952 202 96
953 201 95
954 192 86
955 224 211
956 225 210
957 227 208
958 211 225
959 228 209
960 242 195
961 246 191
962 252 185
963 259 178
964 215 223
965 226 212
966 258 180
967 263 153
968 217 107
969 222 217
970 229 211
971 270 170
972 269 157
973 190 78
974 186 74
975 244 197
976 260 181
977 194 248
978 224 218
979 230 212
980 246 196
981 271 171
982 267 153
983 223 220
984 243 200
985 195 249
986 254 190
987 266 178
988 272 172
989 192 253
990 206 239
991 242 203
992 248 197
993 263 182
994 196 250
995 201 245
996 255 191
997 267 179
998 270 152
999 208 239
1000 231 216
1001 244 203
1002 264 183
1003 247 201
1004 266 182
1005 202 247
1006 225 224
1007 228 221
1008 245 204
1009 265 184
1010 211 239
1011 264 186
1012 270 180
1013 278 172
1014 203 248
1015 231 220
1016 245 206
1017 251 200
1018 260 191
1019 277 174
1020 271 181
1021 279 173
1022 275 151
1023 233 220
1024 234 219
1025 243 210
1026 246 207
1027 247 206
1028 270 183
1029 204 250
1030 244 211
1031 279 176
1032 281 174
1033 279 152
1034 216 240
1035 260 196
1036 230 227
1037 249 208
1038 279 178
1039 282 175
1040 232 226
1041 245 213
1042 248 210
1043 274 184
1044 231 228
1045 276 183
1046 278 181
1047 280 179
1048 285 154
1049 234 226
1050 262 198
1051 287 155
1052 204 257
1053 232 229
1054 233 228
1055 279 182
1056 281 180
1057 289 156
1058 221 241
1059 263 199
1060 285 177
1061 291 157
1062 205 258
1063 233 230
1064 234 229
1065 279 184
1066 236 228
1067 264 200
1068 295 159
1069 211 254
1070 235 230
1071 248 217
1072 249 216
1073 274 191
1074 277 188
1075 283 182
1076 299 162
1077 207 259
1078 238 228
1079 265 201
1080 286 180
1081 292 174
1082 212 255
1083 234 233
1084 235 232
1085 236 231
1086 275 192
1087 283 184
1088 289 178
1089 208 260
1090 225 243
1091 255 213
1092 266 202
1093 235 234
1094 236 233
1095 237 232
1096 250 219
1097 268 201
1098 276 193
1099 290 179
1100 287 183
1101 236 235
1102 280 191
1103 285 186
1104 291 180
1105 209 263
1106 221 251
1107 288 184
1108 241 232
1109 306 167
1110 238 236
1111 279 195
1112 211 264
1113 290 185
1114 239 237
1115 278 198
1116 308 168
1117 212 265
1118 250 227
1119 281 196
1120 290 187
1121 291 186
1122 240 238
1123 309 169
1124 243 236
1125 245 234
1126 251 228
1127 281 198
1128 291 188
1129 292 187
1130 283 197
1131 242 239
1132 246 235
1133 292 189
1134 293 188
1135 311 170
1136 245 237
1137 283 199
1138 284 198
1139 248 235
1140 288 195
1141 293 190
1142 294 189
1143 247 238
1144 266 219
1145 286 199
1146 289 196
1147 293 192
1148 295 190
1149 220 266
1150 230 256
1151 250 236
1152 249 238
1153 265 222
1154 288 199
1155 294 193
1156 296 191
1157 251 237
1158 287 201
1159 290 198
1160 300 188
1161 217 272
1162 222 267
1163 289 200
1164 294 195
1165 295 194
1166 308 181
1167 252 238
1168 288 202
1169 223 268
1170 269 223
1171 289 203
1172 275 218
1173 229 265
1174 230 264
1175 248 246
1176 270 224
1177 298 196
1178 301 193
1179 253 242
1180 233 263
1181 234 262
1182 279 217
1183 302 194
1184 319 177
1185 254 243
1186 222 276
1187 237 261
1188 250 248
1189 251 247
1190 253 245
1191 258 240
1192 278 220
1193 294 204
1194 303 195
1195 255 244
1196 273 226
1197 301 198
1198 240 260
1199 252 248
1200 254 246
1201 257 243
1202 300 200
1203 224 277
1204 251 250
1205 256 245
1206 260 241
1207 302 199
1208 220 282
1209 253 249
1210 255 247
1211 258 244
1212 299 203
1213 231 272
1214 257 246
1215 260 243
1216 302 201
1217 303 200
1218 244 260
1219 259 245
1220 262 242
1221 276 228
1222 281 223
1223 300 204
1224 305 199
1225 256 249
1226 258 247
1227 304 201
1228 221 285
1229 263 243
1230 282 224
1231 301 205
1232 306 200
1233 325 181
1234 253 254
1235 255 252
1236 257 250
1237 259 248
1238 262 245
1239 250 258
1240 283 225
1241 302 206
1242 304 204
1243 307 201
1244 326 182
1245 254 255
1246 224 286
1247 257 253
1248 284 226
1249 303 207
1250 305 205
1251 308 202
1252 255 256
1253 252 260
1254 258 254
1255 261 251
1256 266 246
1257 285 227
1258 304 208
1259 309 203
1260 328 184
1261 256 257
1262 281 232
1263 291 222
1264 226 288
1265 259 255
1266 263 251
1267 267 247
1268 310 204
1269 329 185
1270 257 258
1271 258 257
1272 308 207
1273 240 276
1274 260 256
1275 262 254
1276 264 252
1277 287 229
1278 311 205
1279 239 278
1280 266 251
1281 269 248
1282 307 210
1283 331 186
1284 256 262
1285 263 255
1286 268 250
1287 288 230
1288 270 249
1289 308 211
1290 332 187
1291 233 287
1292 264 256
1293 269 251
1294 267 254
1295 289 232
1296 309 212
1297 312 209
1298 270 252
1299 286 236
1300 235 288
1301 266 257
1302 268 255
1303 290 233
1304 265 259
1305 271 253
1306 267 258
1307 269 256
1308 316 209
1309 317 208
1310 334 191
1311 266 260
1312 268 259
1313 272 255
1314 315 212
1315 335 192
1316 270 258
1317 268 261
1318 269 260
1319 274 255
1320 263 267
1321 317 213
1322 320 210
1323 338 193
1324 270 262
1325 273 259
1326 276 256
1327 319 214
1328 254 280
1329 271 263
1330 279 255
1331 292 242
1332 324 210
1333 341 194
1334 272 264
1335 279 257
1336 280 256
1337 342 195
1338 272 266
1339 308 231
1340 275 266
1341 327 214
1342 296 246
1343 300 242
1344 326 216
1345 301 243
1346 327 217
1347 299 246
1348 279 267
1349 329 217
1350 272 275
1351 286 261
1352 305 242
1353 331 216
1354 280 268
1355 330 218
1356 279 270
1357 274 276
1358 288 262
1359 331 219
1360 336 215
1361 337 214
1362 348 203
1363 281 271
1364 273 280
1365 276 277
1366 290 263
1367 349 204
1368 282 272
1369 339 216
1370 350 205
1371 286 270
1372 313 243
1373 346 210
1374 293 264
1375 288 270
1376 336 222
1377 317 242
1378 341 218
1379 295 265
1380 290 271
1381 342 219
1382 295 267
1383 290 273
1384 291 272
1385 296 268
1386 283 282
1387 291 274
1388 292 273
1389 316 249
1390 321 244
1391 297 269
1392 345 221
1393 294 273
1394 301 266
1395 356 211
1396 298 270
1397 332 236
1398 346 222
1399 301 268
1400 303 266
1401 299 271
1402 358 212
1403 302 269
1404 359 213
1405 281 292
1406 303 270
1407 352 222
1408 360 214
1409 282 293
1410 291 284
1411 300 275
1412 299 277
1413 301 276
1414 354 223
1415 285 293
1416 307 271
1417 308 270
1418 287 292
1419 342 237
1420 289 291
1421 330 252
1422 368 210
1423 337 246
1424 331 253
1425 336 248
1426 361 224
1427 333 254
1428 329 259
1429 334 255
1430 353 236
1431 321 269
1432 365 225
1433 354 237
1434 336 256
1435 340 253
1436 367 226
1437 338 257
1438 356 239
1439 312 284
1440 369 228
1441 338 261
1442 341 258
1443 357 242
1444 370 229
1445 382 206
1446 358 244
1447 372 230
1448 383 205
1449 351 252
1450 338 266
1451 364 240
1452 359 246
1453 366 239
1454 374 231
1455 341 265
1456 345 261
1457 348 258
1458 351 255
1459 350 257
1460 340 268
1461 341 267
1462 359 249
1463 360 248
1464 368 240
1465 323 286
1466 348 262
1467 361 249
1468 360 251
1469 392 205
1470 325 287
1471 398 214
1472 356 257
1473 362 251
1474 370 244
1475 327 288
1476 362 253
1477 352 264
1478 401 216
1479 333 285
1480 362 256
1481 363 255
1482 364 254
1483 331 289
1484 362 258
1485 335 286
1486 364 258
1487 375 247
1488 333 290
1489 400 201
1490 376 248
1491 410 214
1492 365 260
1493 376 250
1494 378 248
1495 406 204
1496 366 262
1497 376 252
1498 377 251
1499 406 202
1500 358 271
1501 338 292
1502 367 263
1503 377 253
1504 344 287
1505 405 198
1506 382 250
1507 403 229
1508 418 210
1509 340 293
1510 376 257
1511 392 241
1512 410 201
1513 349 285
1514 378 257
1515 393 242
1516 342 294
1517 412 200
1518 411 199
1519 370 267
1520 409 228
1521 371 268
1522 427 213
1523 358 283
1524 371 270
1525 372 269
1526 429 212
1527 370 272
1528 424 218
1529 355 288
1530 348 296
1531 362 282
1532 373 271
1533 427 217
1534 356 289
1535 407 238
1536 429 216
1537 349 297
1538 374 272
1539 412 234
1540 432 215
1541 351 298
1542 368 281
1543 354 296
1544 382 268
1545 422 228
1546 377 274
1547 428 201
1548 439 213
1549 354 299
1550 371 282
1551 378 275
1552 379 274
1553 384 269
1554 416 237
1555 419 234
1556 441 212
1557 418 236
1558 430 224
1559 438 208
1560 428 198
1561 380 275
1562 435 220
1563 436 219
1564 386 270
1565 408 248
1566 430 198
1567 429 196
1568 387 271
1569 436 222
1570 437 221
1571 440 218
1572 381 278
1573 423 236
1574 427 232
1575 445 210
1576 394 266
1577 430 194
1578 430 231
1579 444 217
1580 446 209
1581 435 198
1582 383 279
1583 446 216
1584 431 193
1585 391 272
1586 423 240
1587 424 239
1588 425 238
1589 448 215
1590 384 280
1591 450 214
1592 445 205
1593 432 192
1594 387 278
1595 433 232
1596 453 212
1597 437 196
1598 364 302
1599 385 281
1600 433 191
1601 394 273
1602 414 253
1603 429 238
1604 438 195
1605 389 279
1606 435 233
1607 455 211
1608 370 299
1609 438 231
1610 435 190
1611 406 264
1612 456 210
1613 440 194
1614 371 300
1615 388 283
1616 373 299
1617 392 280
1618 437 189
1619 372 301
1620 431 242
1621 432 241
1622 441 232
1623 448 225
1624 449 224
1625 450 223
1626 452 221
1627 453 220
1628 458 209
1629 394 280
1630 434 240
1631 443 231
1632 442 192
1633 420 255
1634 421 254
1635 448 227
1636 449 226
1637 455 220
1638 459 208
1639 391 285
1640 452 224
1641 453 223
1642 375 302
1643 395 282
1644 416 261
1645 457 204
1646 421 257
1647 462 216
1648 396 283
1649 417 262
1650 426 253
1651 439 240
1652 454 225
1653 457 222
1654 460 219
1655 461 218
1656 464 215
1657 450 195
1658 394 286
1659 450 230
1660 451 229
1661 468 212
1662 459 203
1663 399 282
1664 418 263
1665 423 258
1666 453 228
1667 454 227
1668 459 222
1669 396 286
1670 428 254
1671 434 248
1672 461 221
1673 462 220
1674 460 202
1675 454 196
1676 380 303
1677 401 282
1678 419 264
1679 464 219
1680 465 218
1681 467 216
1682 468 215
1683 469 214
1684 470 213
1685 471 212
1686 403 281
1687 425 259
1688 448 236
1689 449 235
1690 381 304
1691 430 255
1692 445 240
1693 451 234
1694 452 233
1695 453 232
1696 455 230
1697 472 211
1698 462 201
1699 450 189
1700 399 287
1701 453 191
1702 452 190
1703 402 285
1704 417 270
1705 421 266
1706 447 240
1707 462 199
1708 455 192
1709 383 305
1710 400 288
1711 425 263
1712 432 256
1713 446 242
1714 475 211
1715 464 200
1716 459 195
1717 458 194
1718 457 193
1719 389 300
1720 422 267
1721 458 231
1722 386 304
1723 402 288
1724 430 260
1725 433 257
1726 449 241
1727 455 235
1728 476 210
1729 475 209
1730 385 306
1731 464 197
1732 412 280
1733 434 258
1734 449 243
1735 477 209
1736 476 208
1737 442 251
1738 466 227
1739 468 199
1740 407 287
1741 469 225
1742 478 208
1743 477 207
1744 389 306
1745 392 303
1746 434 261
1747 436 259
1748 453 242
1749 455 241
1750 457 239
1751 478 206
1752 410 287
1753 474 223
1754 388 310
1755 430 268
1756 480 206
1757 479 205
1758 400 299
1759 424 275
1760 389 311
1761 414 286
1762 430 270
1763 463 237
1764 473 197
1765 411 290
1766 481 204
1767 401 301
1768 414 288
1769 470 232
1770 486 216
1771 479 201
1772 440 263
1773 488 215
1774 485 219
1775 480 200
1776 393 312
1777 403 302
1778 443 262
1779 488 217
1780 406 300
1781 442 264
1782 486 220
1783 435 272
1784 471 236
1785 481 198
1786 445 263
1787 449 259
1788 482 226
1789 483 225
1790 396 313
1791 409 300
1792 419 290
1793 480 229
1794 481 228
1795 483 198
1796 405 305
1797 446 264
1798 497 211
1799 482 196
1800 422 289
1801 496 215
1802 497 214
1803 489 202
1804 477 235
1805 498 210
1806 409 304
1807 485 228
1808 495 218
1809 404 310
1810 412 302
1811 460 254
1812 475 239
1813 462 253
1814 474 241
1815 493 222
1816 494 221
1817 490 199
1818 483 192
1819 406 310
1820 428 288
1821 467 249
1822 468 248
1823 473 243
1824 492 224
1825 452 265
1826 470 247
1827 471 246
1828 472 245
1829 490 227
1830 500 207
1831 408 310
1832 488 230
1833 502 208
1834 484 190
1835 404 315
1836 486 233
1837 487 232
1838 502 217
1839 491 196
1840 501 205
1841 483 238
1842 484 237
1843 485 236
1844 486 235
1845 407 315
1846 482 240
1847 504 218
1848 492 194
1849 485 186
1850 428 296
1851 459 266
1852 481 244
1853 503 222
1854 503 202
1855 502 201
1856 479 247
1857 480 246
1858 514 212
1859 493 191
1860 478 249
1861 509 206
1862 432 296
1863 477 251
1864 514 214
1865 506 202
1866 504 200
1867 487 183
1868 476 253
1869 516 213
1870 515 210
1871 514 216
1872 513 207
1873 505 199
1874 504 198
1875 494 188
1876 488 182
1877 429 302
1878 430 301
1879 515 208
1880 433 299
1881 434 298
1882 520 212
1883 516 217
1884 515 206
1885 512 203
1886 432 302
1887 506 228
1888 495 185
1889 514 203
1890 507 196
1891 435 301
1892 444 292
1893 445 291
1894 513 201
1895 447 290
1896 519 218
1897 518 205
1898 509 196
1899 507 194
1900 496 183
1901 440 298
1902 441 297
1903 449 289
1904 451 288
1905 518 203
1906 442 298
1907 508 232
1908 493 177
1909 518 201
1910 509 192
1911 445 297
1912 446 296
1913 447 295
1914 448 294
1915 450 292
1916 507 235
1917 514 228
1918 517 199
1919 513 195
1920 501 242
1921 505 238
1922 510 191
1923 453 291
1924 456 288
1925 504 240
1926 514 230
1927 515 229
1928 516 228
1929 496 176
1930 507 238
1931 456 290
1932 457 289
1933 493 253
1934 494 252
1935 495 251
1936 501 245
1937 503 243
1938 504 242
1939 505 241
1940 496 174
1941 459 288
1942 460 287
1943 468 279
1944 497 250
1945 511 188
1946 491 257
1947 532 216
1948 535 211
1949 492 168
1950 502 247
1951 518 231
1952 530 219
1953 531 218
1954 535 214
1955 533 208
1956 471 279
1957 496 254
1958 504 246
1959 529 221
1960 536 210
1961 520 194
1962 493 167
1963 476 275
1964 477 274
1965 538 211
1966 513 186
1967 479 273
1968 526 226
1969 512 184
1970 494 166
1971 481 272
1972 488 265
1973 535 218
1974 536 217
1975 537 208
1976 535 206
1977 514 185
1978 467 287
1979 468 286
1980 469 285
1981 490 264
1982 512 242
1983 518 236
1984 530 224
1985 495 165
1986 493 262
1987 503 252
1988 529 226
1989 494 163
1990 499 257
1991 505 251
1992 506 250
1993 515 241
1994 530 198
1995 484 273
1996 485 272
1997 508 249
1998 536 203
1999 529 196
2000 495 162
2001 496 262
2002 500 258
2003 503 255
2004 510 248
2005 508 251
2006 509 250
2007 519 240
2008 522 237
2009 537 202
2010 499 164
2011 495 265
2012 496 264
2013 497 263
2014 499 261
2015 504 256
2016 515 245
2017 516 244
2018 518 242
2019 526 234
2020 527 233
2021 516 180
2022 507 254
2023 513 248
2024 514 247
2025 520 241
2026 522 239
2027 529 232
2028 504 258
2029 524 238
2030 526 236
2031 528 235
2032 541 202
2033 517 178
2034 500 264
2035 531 233
2036 532 232
2037 529 189
2038 550 215
2039 551 214
2040 515 174
2041 531 235
2042 532 234
2043 538 228
2044 544 222
2045 549 217
2046 552 210
2047 517 175
2048 534 233
2049 535 232
2050 537 230
2051 547 220
2052 548 219
2053 536 193
2054 539 229
2055 543 225
2056 546 222
2057 556 212
2058 545 224
2059 555 210
2060 554 209
2061 540 195
2062 537 192
2063 518 173
2064 511 260
2065 538 191
2066 498 151
2067 556 208
2068 528 180
2069 525 177
2070 513 260
2071 514 259
2072 499 150
2073 562 212
2074 555 205
2075 528 178
2076 518 167
2077 561 215
2078 556 204
2079 528 176
2080 506 154
2081 524 253
2082 526 252
2083 531 177
2084 529 175
2085 519 165
2086 556 224
2087 528 172
2088 564 207
2089 540 183
2090 533 176
2091 535 177
2092 535 175
2093 526 166
2094 564 203
2095 546 185
2096 536 250
2097 569 207
2098 536 174
2099 567 204
2100 566 222
2101 556 192
2102 537 173
2103 506 142
2104 539 250
2105 540 249
2106 556 190
2107 537 171
2108 507 141
2109 541 250
2110 564 227
2111 568 200
2112 565 197
2113 541 173
2114 524 156
2115 507 139
2116 544 249
2117 562 231
2118 563 230
2119 540 171
2120 518 149
2121 546 248
2122 569 199
2123 507 137
2124 555 240
2125 557 238
2126 559 236
2127 560 235
2128 561 234
2129 526 155
2130 553 243
2131 554 242
2132 559 187
2133 550 247
2134 551 246
2135 552 245
2136 530 157
2137 554 244
2138 555 243
2139 556 242
2140 558 184
2141 553 246
2142 566 191
2143 541 166
2144 529 154
2145 556 244
2146 559 182
2147 542 165
2148 530 152
2149 514 136
2150 560 181
2151 543 162
2152 516 135
2153 509 128
2154 555 251
2155 548 259
2156 559 176
2157 542 159
2158 510 127
2159 552 256
2160 569 185
2161 534 149
2162 511 126
2163 510 125
2164 524 138
2165 566 179
2166 562 175
2167 536 148
2168 524 134
2169 559 256
2170 538 147
2171 539 146
2172 559 259
2173 572 178
2174 527 133
2175 512 118
2176 575 180
2177 565 169
2178 541 145
2179 546 149
2180 513 116
2181 574 176
2182 530 132
2183 528 129
2184 517 118
2185 574 174
2186 514 114
2187 567 166
2188 532 131
2189 576 174
2190 566 163
2191 530 127
2192 515 112
2193 567 162
2194 535 130
2195 516 111
2196 546 140
2197 532 126
2198 579 172
2199 536 129
2200 517 110
2201 567 157
2202 538 128
2203 580 169
2204 579 168
2205 570 159
2206 535 123
2207 550 137
2208 567 151
2209 522 106
2210 581 164
2211 584 165
2212 552 133
2213 587 166
2214 581 160
2215 568 147
2216 564 143
2217 523 100
2218 583 159
2219 568 144
2220 565 141
2221 542 118
2222 591 166
2223 571 146
2224 585 159
2225 550 124
2226 570 143
2227 569 142
2228 566 139
2229 556 129
2230 593 167
2231 544 116
2232 591 162
2233 571 142
2234 587 157
2235 567 137
2236 545 115
2237 518 96
2238 590 159
2239 572 141
2240 586 154
2241 576 143
2242 572 139
2243 517 94
2244 600 166
2245 571 137
2246 548 114
2247 577 142
2248 570 135
2249 549 113
2250 589 152
2251 578 140
2252 604 167
2253 577 138
2254 575 136
2255 571 132
2256 551 112
2257 528 89
2258 592 152
2259 589 149
2260 574 134
2261 519 85
2262 607 166
2263 552 111
2264 572 130
2265 519 83
2266 607 164
2267 590 147
2268 579 136
2269 575 132
2270 520 81
2271 609 167
2272 592 148
2273 574 130
2274 521 79
2275 573 128
2276 523 78
2277 610 168
2278 612 166
2279 608 162
2280 607 161
2281 594 148
2282 580 134
2283 576 130
2284 603 156
2285 596 149
2286 556 109
2287 526 79
2288 613 167
2289 611 163
2290 532 84
2291 557 108
2292 581 131
2293 576 126
2294 612 161
2295 596 145
2296 533 82
2297 559 107
2298 532 80
2299 582 129
2300 580 127
2301 578 125
2302 576 123
2303 534 81
2304 533 79
2305 578 123
2306 577 122
2307 561 106
2308 535 80
2309 601 145
2310 565 109
2311 534 78
2312 619 170
2313 619 162
2314 614 157
2315 613 156
2316 612 155
2317 611 154
2318 610 153
2319 608 151
2320 600 143
2321 599 142
2322 583 126
2323 581 124
2324 536 79
2325 563 105
2326 535 77
2327 622 163
2328 599 140
2329 597 138
2330 582 123
2331 537 78
2332 602 142
2333 578 118
2334 569 109
2335 626 165
2336 605 144
2337 598 137
2338 584 123
2339 583 122
2340 570 108
2341 558 96
2342 539 77
2343 619 156
2344 622 158
2345 585 121
2346 582 118
2347 581 117
2348 540 76
2349 625 172
2350 629 164
2351 595 130
2352 572 107
2353 587 120
2354 627 173
2355 601 133
2356 600 132
2357 598 130
2358 629 172
2359 621 152
2360 620 151
2361 608 139
2362 607 138
2363 596 127
2364 588 119
2365 584 115
2366 583 114
2367 628 174
2368 632 162
2369 624 154
2370 623 153
2371 619 149
2372 618 148
2373 617 147
2374 616 146
2375 615 145
2376 614 144
2377 613 143
2378 612 142
2379 611 141
2380 606 136
2381 604 134
2382 550 80
2383 626 155
2384 587 116
2385 630 158
2386 600 128
2387 597 125
2388 552 80
2389 629 156
2390 591 118
2391 612 138
2392 607 133
2393 614 139
2394 611 136
2395 609 134
2396 606 131
2397 616 140
2398 608 132
2399 590 114
2400 557 80
2401 635 157
2402 608 130
2403 592 114
2404 587 109
2405 636 175
2406 637 157
2407 636 156
2408 622 142
2409 594 114
2410 588 108
2411 580 100
2412 625 144
2413 624 143
2414 609 128
2415 607 126
2416 590 109
2417 562 81
2418 638 176
2419 623 141
2420 613 131
2421 648 165
2422 617 134
2423 609 126
2424 606 123
2425 565 82
2426 628 144
2427 626 142
2428 625 141
2429 624 140
2430 596 112
2431 646 161
2432 614 129
2433 611 126
2434 608 123
2435 568 83
2436 553 68
2437 620 134
2438 597 111
2439 570 84
2440 626 139
2441 625 138
2442 572 85
2443 554 67
2444 645 157
2445 628 140
2446 642 153
2447 630 141
2448 627 138
2449 624 135
2450 654 164
2451 626 136
2452 611 121
2453 645 154
2454 642 151
2455 630 139
2456 629 138
2457 628 137
2458 615 124
2459 625 133
2460 657 168
2461 644 151
2462 641 148
2463 630 137
2464 629 136
2465 617 124
2466 614 121
2467 582 89
2468 557 64
2469 648 154
2470 620 126
2471 616 122
2472 651 156
2473 641 146
2474 577 82
2475 557 62
2476 649 179
2477 649 153
2478 615 119
2479 594 98
2480 648 151
2481 599 102
2482 579 82
2483 650 180
2484 663 165
2485 621 123
2486 618 120
2487 560 62
2488 664 167
2489 644 145
2490 616 117
2491 665 165
2492 662 162
2493 639 139
2494 578 78
2495 665 168
2496 667 166
2497 664 163
2498 661 160
2499 654 153
2500 643 142
2501 573 72
2502 648 146
2503 641 139
2504 582 80
2505 563 61
2506 666 163
2507 660 157
2508 640 137
2509 639 136
2510 638 135
2511 573 70
2512 668 164
2513 662 158
2514 663 174
2515 618 113
2516 577 72
2517 671 165
2518 665 159
2519 661 155
2520 636 130
2521 626 120
2522 567 61
2523 668 171
2524 669 170
2525 667 160
2526 624 117
2527 623 116
2528 569 62
2529 667 173
2530 672 168
2531 671 163
2532 665 157
2533 644 136
2534 639 131
2535 626 118
2536 609 101
2537 668 159
2538 660 151
2539 664 178
2540 667 175
2541 666 156
2542 637 127
2543 632 122
2544 614 104
2545 671 160
2546 664 153
2547 636 125
2548 635 124
2549 634 123
2550 572 61
2551 669 175
2552 677 165
2553 616 104
2554 667 178
2555 615 102
2556 573 60
2557 669 177
2558 679 167
2559 673 159
2560 667 153
2561 666 152
2562 660 146
2563 617 103
2564 665 150
2565 645 130
2566 621 106
2567 667 181
2568 677 161
2569 616 100
2570 669 180
2571 676 173
2572 680 169
2573 682 167
2574 682 165
2575 667 150
2576 666 149
2577 664 147
2578 663 146
2579 655 138
2580 624 107
2581 618 101
2582 615 98
2583 614 97
2584 679 161
2585 677 159
2586 662 144
2587 630 112
2588 627 109
2589 681 170
2590 685 166
2591 660 141
2592 669 183
2593 672 180
2594 654 134
2595 653 133
2596 616 96
2597 679 158
2598 671 150
2599 670 184
2600 675 153
2601 669 147
2602 662 140
2603 660 138
2604 652 130
2605 641 119
2606 640 118
2607 624 102
2608 672 183
2609 656 133
2610 651 128
2611 650 127
2612 618 95
2613 617 94
2614 577 54
2615 674 182
2616 678 154
2617 647 123
2618 671 186
2619 691 166
2620 688 163
2621 668 143
2622 662 137
2623 661 136
2624 649 124
2625 646 121
2626 645 120
2627 644 119
2628 643 118
2629 652 126
2630 648 122
2631 642 116
2632 641 115
2633 615 89
2634 587 61
2635 681 178
2636 683 176
2637 692 167
2638 691 164
2639 688 161
2640 683 156
2641 682 155
2642 661 134
2643 660 133
2644 659 132
2645 628 101
2646 627 100
2647 665 195
2648 690 162
2649 670 142
2650 669 141
2651 668 140
2652 667 139
2653 657 129
2654 651 123
2655 650 122
2656 646 118
2657 625 97
2658 590 62
2659 675 186
2660 687 174
2661 693 168
2662 695 166
2663 694 165
2664 689 160
2665 685 156
2666 682 153
2667 674 145
2668 656 127
2669 655 126
2670 654 125
2671 649 120
2672 644 115
2673 643 114
2674 666 196
2675 688 158
2676 680 150
2677 679 149
2678 678 148
2679 670 140
2680 593 63
2681 582 52
2682 674 189
2683 682 181
2684 686 177
2685 692 161
2686 676 145
2687 656 125
2688 655 124
2689 653 122
2690 652 121
2691 651 120
2692 645 114
2693 644 113
2694 595 64
2695 681 183
2696 696 168
2697 686 154
2698 681 149
2699 678 146
2700 643 111
2701 642 110
2702 613 81
2703 597 65
2704 692 159
2705 691 158
2706 684 151
2707 683 150
2708 674 141
2709 654 121
2710 653 120
2711 652 119
2712 651 118
2713 612 79
2714 606 73
2715 605 72
2716 599 66
2717 586 53
2718 668 198
2719 682 184
2720 700 166
2721 694 160
2722 688 154
2723 671 137
2724 668 134
2725 646 112
2726 645 111
2727 624 90
2728 610 76
2729 609 75
2730 608 74
2731 603 69
2732 602 68
2733 601 67
2734 667 200
2735 698 169
2736 692 157
2737 691 156
2738 690 155
2739 670 135
2740 689 179
2741 701 167
2742 701 165
2743 686 150
2744 685 149
2745 684 148
2746 680 144
2747 679 143
2748 677 141
2749 644 108
2750 607 71
2751 606 70
2752 605 69
2753 604 68
2754 676 193
2755 686 183
2756 688 181
2757 688 151
2758 676 139
2759 675 138
2760 666 129
2761 665 128
2762 666 204
2763 704 166
2764 699 161
2765 698 160
2766 673 135
2767 670 132
2768 668 130
2769 643 105
2770 637 99
2771 636 98
2772 677 194
2773 702 169
2774 701 162
2775 696 157
2776 695 156
2777 694 155
2778 693 154
2779 692 153
2780 691 152
2781 679 140
2782 678 139
2783 677 138
2784 675 136
2785 672 133
2786 639 100
2787 586 47
2788 699 159
2789 698 158
2790 689 149
2791 684 144
2792 683 143
2793 653 113
2794 667 206
2795 703 170
2796 706 167
2797 671 130
2798 670 129
2799 669 128
2800 668 127
2801 664 123
2802 663 122
2803 662 121
2804 651 110
2805 650 109
2806 649 108
2807 685 189
2808 690 184
2809 691 183
2810 680 138
2811 678 136
2812 677 135
2813 660 118
2814 655 113
2815 684 191
2816 700 175
2817 706 169
2818 707 168
2819 707 164
2820 690 147
2821 689 146
2822 671 128
2823 670 127
2824 667 124
2825 659 116
2826 650 107
2827 649 106
2828 648 105
2829 645 102
2830 675 201
2831 709 167
2832 700 156
2833 695 151
2834 694 150
2835 693 149
2836 688 144
2837 676 132
2838 688 189
2839 690 187
2840 711 166
2841 691 146
2842 667 122
2843 668 210
2844 692 186
2845 694 184
2846 708 170
2847 710 168
2848 700 154
2849 699 153
2850 698 152
2851 697 151
2852 694 148
2853 686 140
2854 664 118
2855 648 102
2856 691 188
2857 704 175
2858 712 167
2859 707 160
2860 703 156
2861 683 136
2862 650 103
2863 693 187
2864 707 173
2865 709 161
2866 694 146
2867 693 145
2868 692 144
2869 689 141
2870 668 120
2871 653 105
2872 652 104
2873 686 195
2874 696 185
2875 705 176
2876 712 163
2877 711 162
2878 706 157
2879 691 142
2880 662 113
2881 661 112
2882 657 108
2883 656 107
2884 655 106
2885 668 214
2886 684 198
2887 690 140
2888 664 114
2889 660 110
2890 659 109
2891 697 186
2892 704 179
2893 675 124
2894 694 190
2895 707 177
2896 710 174
2897 711 173
2898 670 215
2899 696 189
2900 705 180
2901 681 205
2902 704 182
2903 709 177
2904 711 175
2905 713 173
2906 695 192
2907 697 190
2908 706 181
2909 670 218
2910 682 206
2911 708 180
2912 710 178
2913 712 176
2914 714 174
2915 715 173
2916 685 129
2917 684 128
2918 705 184
2919 706 183
2920 686 205
2921 697 194
2922 672 220
2923 683 209
2924 714 178
2925 715 177
2926 716 176
2927 685 208
2928 698 195
2929 707 186
2930 712 181
2931 718 175
2932 684 210
2933 673 222
2934 699 196
2935 700 195
2936 701 194
2937 708 187
2938 687 209
2939 672 225
2940 686 211
2941 699 198
2942 700 197
2943 701 196
2944 702 195
2945 709 188
2946 716 181
2947 718 179
2948 674 224
2949 720 178
2950 722 176
2951 673 226
2952 717 182
2953 721 179
2954 688 213
2955 702 199
2956 718 183
2957 720 181
2958 723 178
2959 725 177
2960 676 227
2961 721 182
2962 723 180
2963 724 179
2964 704 200
2965 712 192
2966 720 184
2967 676 229
2968 723 182
2969 724 181
2970 725 180
2971 689 217
2972 690 216
2973 713 193
2974 722 184
2975 677 230
2976 705 202
2977 724 183
2978 690 218
2979 714 194
2980 722 186
2981 723 185
2982 726 182
2983 725 184
2984 678 232
2985 707 203
2986 715 195
2987 723 187
2988 724 186
2989 728 182
2990 692 219
2991 726 185
2992 729 183
2993 730 182
2994 680 233
2995 709 204
2996 717 196
2997 724 189
2998 693 221
2999 710 205
3000 730 185
3001 694 222
3002 718 198
3003 726 190
3004 729 187
3005 732 184
3006 740 177
3007 682 236
3008 712 206
3009 727 191
3010 728 190
3011 732 186
3012 734 184
3013 736 182
3014 720 199
3015 683 237
3016 713 207
3017 729 191
3018 736 184
3019 716 205
3020 721 200
3021 733 188
3022 714 208
3023 688 235
3024 740 183
3025 743 180
3026 744 179
3027 685 239
3028 723 201
3029 730 194
3030 731 193
3031 732 192
3032 698 227
3033 709 216
3034 716 209
3035 745 180
3036 686 240
3037 732 194
3038 735 191
3039 713 214
3040 724 203
3041 747 180
3042 687 241
3043 711 217
3044 718 210
3045 736 192
3046 742 186
3047 733 196
3048 745 184
3049 748 181
3050 726 204
3051 737 193
3052 738 192
3053 743 187
3054 734 197
3055 735 196
3056 746 185
3057 690 242
3058 706 226
3059 721 211
3060 727 205
3061 738 194
3062 709 224
3063 735 198
3064 736 197
3065 745 188
3066 751 182
3067 713 221
3068 716 218
3069 722 212
3070 728 206
3071 748 186
3072 692 243
3073 740 195
3074 752 183
3075 717 219
3076 728 208
3077 729 207
3078 736 200
3079 743 193
3080 685 252
3081 694 243
3082 724 213
3083 741 196
3084 750 187
3085 705 233
3086 729 209
3087 730 208
3088 738 200
3089 744 194
3090 754 184
3091 756 182
3092 693 246
3093 716 223
3094 742 197
3095 686 254
3096 688 252
3097 696 244
3098 706 234
3099 730 210
3100 752 188
3101 758 182
3102 759 181
3103 727 214
3104 732 209
3105 749 192
3106 687 255
3107 695 247
3108 715 227
3109 753 189
3110 756 186
3111 760 182
3112 698 245
3113 721 222
3114 723 220
3115 740 203
3116 694 250
3117 716 228
3118 758 186
3119 762 182
3120 700 245
3121 741 204
3122 755 190
3123 757 188
3124 689 257
3125 746 200
3126 696 251
3127 735 212
3128 758 189
3129 702 246
3130 725 223
3131 742 206
3132 762 186
3133 691 258
3134 697 252
3135 719 230
3136 727 222
3137 737 212
3138 759 190
3139 765 184
3140 726 224
3141 748 202
3142 754 196
3143 698 253
3144 720 231
3145 738 213
3146 758 193
3147 705 247
3148 722 230
3149 729 223
3150 694 259
3151 699 254
3152 750 203
3153 753 200
3154 706 248
3155 727 227
3156 740 214
3157 745 209
3158 760 194
3159 768 186
3160 724 231
3161 731 224
3162 732 223
3163 751 204
3164 741 215
3165 746 210
3166 756 200
3167 764 192
3168 697 260
3169 762 195
3170 709 249
3171 733 225
3172 734 224
3173 736 222
3174 742 216
3175 758 200
3176 703 256
3177 725 234
3178 754 205
3179 710 250
3180 736 224
3181 755 206
3182 702 260
3183 705 257
3184 761 201
3185 766 196
3186 774 188
3187 712 251
3188 756 207
3189 746 218
3190 768 196
3191 775 189
3192 761 204
3193 709 257
3194 740 226
3195 741 225
3196 758 208
3197 764 202
3198 773 193
3199 781 185
3200 715 252
3201 720 247
3202 710 258
3203 742 226
3204 778 190
3205 759 210
3206 718 253
3207 723 248
3208 760 211
3209 764 207
3210 780 191
3211 750 222
3212 785 187
3213 716 257
3214 725 249
3215 768 206
3216 771 203
3217 715 260
3218 717 258
3219 752 223
3220 766 209
3221 774 202
3222 722 255
3223 723 254
3224 728 249
3225 783 194
3226 754 224
3227 777 201
3228 778 200
3229 767 212
3230 780 199
3231 720 260
3232 749 231
3233 772 208
3234 774 206
3235 768 213
3236 727 256
3237 783 200
3238 730 254
3239 779 205
3240 780 204
3241 781 203
3242 782 202
3243 770 215
3244 789 196
3245 730 256
3246 732 254
3247 767 219
3248 781 205
3249 772 215
3250 774 213
3251 784 204
3252 726 263
3253 765 224
3254 786 203
3255 774 216
3256 788 202
3257 735 256
3258 766 225
3259 771 220
3260 729 263
3261 799 193
3262 776 217
3263 778 215
3264 772 222
3265 732 263
3266 777 218
3267 779 216
3268 758 238
3269 802 194
3270 739 258
3271 778 219
3272 779 218
3273 741 257
3274 770 228
3275 798 200
3276 780 219
3277 804 195
3278 746 254
3279 759 241
3280 760 242
3281 782 220
3282 786 216
3283 802 200
3284 806 196
3285 740 263
3286 796 209
3287 808 197
3288 749 258
3289 750 257
3290 785 222
3291 809 198
3292 771 239
3293 772 238
3294 811 199
3295 813 200
3296 755 259
3297 773 241
3298 758 257
3299 786 229
3300 796 220
3301 793 224
3302 798 219
3303 783 235
3304 788 230
3305 790 228
3306 762 257
3307 776 243
3308 761 261
3309 815 207
3310 782 241
3311 804 219
3312 779 245
3313 769 256
3314 771 255
3315 784 242
3316 814 212
3317 825 201
3318 763 264
3319 821 206
3320 785 243
3321 808 220
3322 813 215
3323 774 255
3324 775 254
3325 799 230
3326 777 253
3327 823 207
3328 779 252
3329 787 244
3330 810 221
3331 814 217
3332 772 260
3333 773 259
3334 832 201
3335 799 235
3336 813 221
3337 826 208
3338 815 220
3339 817 218
3340 780 258
3341 827 211
3342 785 254
3343 787 252
3344 803 237
3345 810 230
3346 837 204
3347 784 258
3348 789 253
3349 791 252
3350 830 213
3351 841 202
3352 787 257
3353 808 236
3354 842 200
3355 781 264
3356 840 205
3357 783 264
3358 795 252
3359 810 237
3360 836 211
3361 842 206
3362 815 234
3363 816 233
3364 788 263
3365 795 257
3366 820 232
3367 802 251
3368 822 231
3369 838 216
3370 839 215
3371 840 214
3372 800 255
3373 814 241
3374 815 240
3375 816 239
3376 806 251
3377 805 254
3378 809 250
3379 812 249
3380 816 248
3381 825 239
3382 840 224
3383 829 236
3384 830 235
3385 831 234
3386 835 230
3387 836 229
3388 837 228
3389 838 227
3390 839 226
3391 843 222
3392 844 221
3393 845 220
3394 861 204
3395 847 219
3396 848 218
3397 849 217
3398 850 216
3399 851 215
3400 852 214
3401 866 201
3402 823 246
3403 842 227
3404 847 222
3405 848 221
3406 856 213
3407 867 200
3408 825 245
3409 811 260
3410 827 244
3411 828 243
3412 830 242
3413 836 236
3414 844 228
3415 847 225
3416 848 224
3417 869 199
3418 818 255
3419 832 241
3420 833 240
3421 839 234
3422 840 233
3423 841 232
3424 849 225
3425 850 224
3426 855 219
3427 856 218
3428 870 198
3429 854 221
3430 852 224
3431 871 197
3432 824 253
3433 838 239
3434 849 228
3435 850 227
3436 851 226
3437 826 252
3438 827 251
3439 836 242
3440 862 216
3441 873 205
3442 874 204
3443 872 196
3444 842 237
3445 843 236
3446 856 223
3447 859 220
3448 845 235
3449 846 234
3450 865 215
3451 866 214
3452 858 223
3453 859 222
3454 868 214
3455 875 195
3456 836 247
3457 861 222
3458 863 220
3459 864 219
3460 838 246
3461 856 228
3462 866 218
3463 868 217
3464 884 202
3465 878 209
3466 878 192
3467 886 203
3468 877 213
3469 887 204
3470 881 192
3471 891 202
3472 886 208
3473 884 191
3474 893 203
3475 862 235
3476 867 231
3477 886 190
3478 880 219
3479 886 214
3480 890 210
3481 896 205
3482 891 192
3483 901 201
3484 900 200
3485 899 199
3486 874 229
3487 886 218
3488 882 180
3489 895 192
3490 880 226
3491 898 208
3492 904 202
3493 904 200
3494 902 198
3495 897 193
3496 899 209
3497 905 203
3498 906 200
3499 878 231
3500 883 226
3501 907 202
3502 873 237
3503 898 212
3504 900 210
3505 884 227
3506 904 194
3507 898 215
3508 906 207
3509 911 202
3510 909 198
3511 908 206
3512 878 237
3513 881 234
3514 907 208
3515 905 192
3516 903 190
3517 883 233
3518 900 216
3519 909 208
3520 913 204
3521 911 208
3522 911 194
3523 885 235
3524 906 214
3525 910 210
3526 914 206
3527 917 204
3528 891 232
3529 893 230
3530 911 212
3531 887 237
3532 915 209
3533 918 206
3534 914 211
3535 920 205
3536 895 231
3537 913 215
3538 916 212
3539 891 238
3540 897 232
3541 912 217
3542 923 206
3543 893 238
3544 914 217
3545 917 215
3546 895 238
3547 900 233
3548 929 204
3549 915 219
3550 924 210
3551 901 234
3552 902 233
3553 916 220
3554 903 234
3555 917 221
3556 902 237
3557 904 235
3558 914 225
3559 926 213
3560 930 209
3561 901 239
3562 914 227
3563 924 217
3564 932 209
3565 907 236
3566 927 216
3567 919 225
3568 929 215
3569 928 217
3570 936 209
3571 930 216
3572 914 233
3573 917 230
3574 929 218
3575 934 213
3576 937 210
3577 940 208
3578 926 223
3579 931 218
3580 935 214
3581 943 207
3582 931 220
3583 935 216
3584 939 212
3585 932 222
3586 940 214
3587 937 218
3588 917 240
3589 941 216
3590 933 225
3591 935 223
3592 918 242
3593 942 218
3594 934 227
3595 918 244
3596 921 241
3597 943 220
3598 927 238
3599 944 223
3600 928 240
3601 934 234
3602 920 250
3603 921 249
3604 945 225
3605 922 250
3606 929 243
3607 945 227
3608 919 254
3609 936 237
3610 923 251
3611 933 241
3612 940 234
3613 946 228
3614 927 248
3615 935 240
3616 928 249
3617 935 242
3618 921 257
3619 947 232
3620 923 258
3621 929 252
3622 935 246
3623 930 254
3624 948 236
3625 934 251
3626 925 261
3627 939 247
3628 931 256
3629 924 264
3630 926 262
3631 949 239
3632 939 250
3633 932 258
3634 934 257
3635 933 259
3636 950 243
3637 948 246
3638 936 259
3639 926 271
3640 936 261
3641 939 258
3642 928 270
3643 934 264
3644 951 247
3645 935 265
3646 939 262
3647 949 252
3648 936 266
3649 938 265
3650 940 263
3651 930 274
3652 937 267
3653 940 265
3654 952 253
3655 938 268
3656 950 256
3657 941 266
3658 946 261
3659 932 276
3660 939 270
3661 941 269
3662 943 267
3663 940 271
3664 946 265
3665 933 279
3666 942 270
3667 944 268
3668 945 269
3669 950 264
3670 15 157.5
3671 18.5 160
3672 19.5 169
3673 23 162.5
3674 24.5 163
3675 27 164.5
3676 22.5 170
3677 24 170.5
3678 15 147.5
3679 32 163.5
3680 30 161.5
3681 33 163.5
3682 20.5 150
3683 19 148.5
3684 31.5 168
3685 34.5 165
3686 15.5 144
3687 25.5 175
3688 21 148.5
3689 36.5 165
3690 36 165.5
3691 18 144.5
3692 33.5 159
3693 27 176.5
3694 37.5 166
3695 39.5 164
3696 37.5 162
3697 15 139.5
3698 26 149.5
3699 29.5 176
3700 35 170.5
3701 28.5 178
3702 39.5 167
3703 41 165.5
3704 29.5 178
3705 30.5 177
3706 35 155.5
3707 26 146.5
3708 29.5 179
3709 40 169.5
3710 37.5 173
3711 42 168.5
3712 31 180.5
3713 32.5 179
3714 42 170.5
3715 43 169.5
3716 32.5 181
3717 33 181.5
3718 34.5 180
3719 43.5 171
3720 40 175.5
3721 46.5 169
3722 34 182.5
3723 40.5 176
3724 45.5 171
3725 46 170.5
3726 52.5 165
3727 36 183.5
3728 37 182.5
3729 48.5 171
3730 36.5 145
3731 16 124.5
3732 43 177.5
3733 39 182.5
3734 49.5 172
3735 37.5 185
3736 17.5 123
3737 38 185.5
3738 40 183.5
3739 45 178.5
3740 47 176.5
3741 22.5 127
3742 20 124.5
3743 19 123.5
3744 46.5 178
3745 50.5 174
3746 23.5 127
3747 21 124.5
3748 39 186.5
3749 61.5 164
3750 51.5 175
3751 25.5 127
3752 25 126.5
3753 23.5 125
3754 18.5 120
3755 18 119.5
3756 17 118.5
3757 40.5 187
3758 20 120.5
3759 17.5 117
3760 53 177.5
3761 61.5 159
3762 27 124.5
3763 20 116.5
3764 22 117.5
3765 44.5 189
3766 54 179.5
3767 27.5 122
3768 25 119.5
3769 31.5 125
3770 28 121.5
3771 27 120.5
3772 25.5 119
3773 19.5 113
3774 45.5 190
3775 54 182.5
3776 65.5 171
3777 71 165.5
3778 33.5 125
3779 33 124.5
3780 29 120.5
3781 24 115.5
3782 64.5 173
3783 70.5 167
3784 67 157.5
3785 47 191.5
3786 54 184.5
3787 55 183.5
3788 68 157.5
3789 36.5 126
3790 63 176.5
3791 70.5 169
3792 73 166.5
3793 36 124.5
3794 28 116.5
3795 27 115.5
3796 25 113.5
3797 48.5 192
3798 55 185.5
3799 63 177.5
3800 38.5 126
3801 70.5 171
3802 73 168.5
3803 76.5 165
3804 69.5 156
3805 36 122.5
3806 32 118.5
3807 65 177.5
3808 68.5 174
3809 72 170.5
3810 71.5 157
3811 29 114.5
3812 62.5 181
3813 64 179.5
3814 70 173.5
3815 71 172.5
3816 76.5 167
3817 77.5 166
3818 79 163.5
3819 76.5 161
3820 43 127.5
3821 19 103.5
3822 51 193.5
3823 73.5 171
3824 75.5 169
3825 79 162.5
3826 75.5 159
3827 51.5 194
3828 62.5 183
3829 72.5 173
3830 73.5 172
3831 75 170.5
3832 77.5 160
3833 41.5 124
3834 63.5 183
3835 66 180.5
3836 73.5 173
3837 76.5 158
3838 44.5 126
3839 33.5 115
3840 21 102.5
3841 63 184.5
3842 72.5 175
3843 81.5 162
3844 42.5 123
3845 66 182.5
3846 70.5 178
3847 79 158.5
3848 47 126.5
3849 45 124.5
3850 54.5 195
3851 64 185.5
3852 79.5 170
3853 78.5 157
3854 47 125.5
3855 41 119.5
3856 25 103.5
3857 70.5 180
3858 77 154.5
3859 86.5 165
3860 83.5 160
3861 78.5 155
3862 49 125.5
3863 27 103.5
3864 57.5 195
3865 65.5 187
3866 87.5 165
3867 88 163.5
3868 43.5 119
3869 40.5 116
3870 20.5 96
3871 57 196.5
3872 73 180.5
3873 85.5 160
3874 45 119.5
3875 72 182.5
3876 73 181.5
3877 80.5 154
3878 77.5 151
3879 52 125.5
3880 31 104.5
3881 89 161.5
3882 85.5 158
3883 55 127.5
3884 52 124.5
3885 77.5 179
3886 89.5 161
3887 33 104.5
3888 86.5 171
3889 87.5 170
3890 89.5 160
3891 86.5 157
3892 55.5 126
3893 51 121.5
3894 49 119.5
3895 48 118.5
3896 76.5 182
3897 86.5 172
3898 90.5 160
3899 87.5 157
3900 83 152.5
3901 51.5 121
3902 50 119.5
3903 20.5 90
3904 71.5 188
3905 78 181.5
3906 84.5 175
3907 85.5 174
3908 85 153.5
3909 26 94.5
3910 84.5 176
3911 87 173.5
3912 91.5 159
3913 89 156.5
3914 85 152.5
3915 21.5 89
3916 96.5 163
3917 90 156.5
3918 58 124.5
3919 26 92.5
3920 65.5 197
3921 83.5 179
3922 86 176.5
3923 98.5 164
3924 87 152.5
3925 69.5 135
3926 29.5 95
3927 75.5 188
3928 76 187.5
3929 77 186.5
3930 85 178.5
3931 97.5 166
3932 70.5 135
3933 29 93.5
3934 28 92.5
3935 66 198.5
3936 76 188.5
3937 77.5 187
3938 56 119.5
3939 32.5 96
3940 22.5 86
3941 96.5 159
3942 89.5 152
3943 75 137.5
3944 30 92.5
3945 21.5 84
3946 88.5 178
3947 74 135.5
3948 62 123.5
3949 58 119.5
3950 57 118.5
3951 23.5 85
3952 22.5 84
3953 81.5 186
3954 82.5 185
3955 86.5 181
3956 91.5 176
3957 92.5 175
3958 97.5 170
3959 97.5 158
3960 76 136.5
3961 24 84.5
3962 22 82.5
3963 100 168.5
3964 95 154.5
3965 47 106.5
3966 77 192.5
3967 79.5 190
3968 92.5 177
3969 76 134.5
3970 74 132.5
3971 33 91.5
3972 70.5 200
3973 79 191.5
3974 97.5 173
3975 101 169.5
3976 82.5 140
3977 79 136.5
3978 80 191.5
3979 81 190.5
3980 94.5 177
3981 96.5 175
3982 100.5 171
3983 77 133.5
3984 72 200.5
3985 92.5 180
3986 101.5 171
3987 107.5 163
3988 106 161.5
3989 84.5 140
3990 81 136.5
3991 63 118.5
3992 60.5 116
3993 81.5 192
3994 86.5 187
3995 88 185.5
3996 86.5 141
3997 81 135.5
3998 79 133.5
3999 77 131.5
4000 66 120.5
4001 65.5 120
4002 64 118.5
4003 40.5 95
4004 97 177.5
4005 101 173.5
4006 82.5 136
4007 73.5 202
4008 79.5 196
4009 89 186.5
4010 96 179.5
4011 99.5 176
4012 109 161.5
4013 84 136.5
4014 97.5 179
4015 111.5 163
4016 110 161.5
4017 83 134.5
4018 82 195.5
4019 91.5 186
4020 102.5 175
4021 90.5 141
4022 67.5 118
4023 81.5 197
4024 82 196.5
4025 91.5 187
4026 93.5 185
4027 99 179.5
4028 81.5 131
4029 70 119.5
4030 48.5 98
4031 113 161.5
4032 92.5 141
4033 70.5 119
4034 64.5 113
4035 76.5 204
4036 85.5 195
4037 95.5 185
4038 99.5 181
4039 100 180.5
4040 114 161.5
4041 86 133.5
4042 77.5 204
4043 97.5 184
4044 85.5 132
4045 67 113.5
4046 101.5 181
4047 92 137.5
4048 91 136.5
4049 90 135.5
4050 89.5 135
4051 52 97.5
4052 40 85.5
4053 118.5 163
4054 88 132.5
4055 82 126.5
4056 54 98.5
4057 79 205.5
4058 91.5 193
4059 101 183.5
4060 87 130.5
4061 94.5 191
4062 92 134.5
4063 77 119.5
4064 66 108.5
4065 65 107.5
4066 53.5 96
4067 93.5 135
4068 89 130.5
4069 81 206.5
4070 94.5 193
4071 101.5 186
4072 102.5 185
4073 95 135.5
4074 92.5 133
4075 84 124.5
4076 79 119.5
4077 77.5 118
4078 92.5 196
4079 97 136.5
4080 96.5 136
4081 94.5 134
4082 86 125.5
4083 85 124.5
4084 83.5 123
4085 82 121.5
4086 77 116.5
4087 75 114.5
4088 58 97.5
4089 104.5 143
4090 96 134.5
4091 85 123.5
4092 82.5 208
4093 94.5 196
4094 58.5 96
4095 57.5 95
4096 95.5 196
4097 99.5 136
4098 62 98.5
4099 84 208.5
4100 108.5 144
4101 100 135.5
4102 98 133.5
4103 97 132.5
4104 101 192.5
4105 92 126.5
4106 91 125.5
4107 89.5 124
4108 88.5 123
4109 57.5 92
4110 100.5 194
4111 123 171.5
4112 103 136.5
4113 99.5 133
4114 62 95.5
4115 47.5 81
4116 86 209.5
4117 92.5 203
4118 100.5 133
4119 89.5 122
4120 49 81.5
4121 106 137.5
4122 103 134.5
4123 65.5 97
4124 87 210.5
4125 100.5 197
4126 103.5 194
4127 104.5 193
4128 108 138.5
4129 107 137.5
4130 106 136.5
4131 105 135.5
4132 90 120.5
4133 78 108.5
4134 93.5 205
4135 104.5 194
4136 105 193.5
4137 125.5 173
4138 115 144.5
4139 110 139.5
4140 107.5 137
4141 83 112.5
4142 65.5 95
4143 94 205.5
4144 101 198.5
4145 126.5 173
4146 128 171.5
4147 108.5 137
4148 107 135.5
4149 94.5 123
4150 92.5 121
4151 63 91.5
4152 89 211.5
4153 117 144.5
4154 107.5 135
4155 105.5 133
4156 94 121.5
4157 62.5 90
4158 129 172.5
4159 118.5 145
4160 115 141.5
4161 69 95.5
4162 64 90.5
4163 95.5 207
4164 106 196.5
4165 107.5 195
4166 128.5 174
4167 116 141.5
4168 115.5 141
4169 112.5 138
4170 69.5 95
4171 68 93.5
4172 59 84.5
4173 91 212.5
4174 108.5 195
4175 129 153.5
4176 118.5 143
4177 108.5 133
4178 97.5 122
4179 66.5 91
4180 65.5 90
4181 131 173.5
4182 117 140.5
4183 115.5 139
4184 115 138.5
4185 112 135.5
4186 111 134.5
4187 92 213.5
4188 131 153.5
4189 115 137.5
4190 111 133.5
4191 61.5 84
4192 109 197.5
4193 122 143.5
4194 113 134.5
4195 97.5 119
4196 98 209.5
4197 103 204.5
4198 133 174.5
4199 121 141.5
4200 118 138.5
4201 117 137.5
4202 114.5 135
4203 95.5 116
4204 125.5 145
4205 116 135.5
4206 115.5 135
4207 95.5 115
4208 94.5 114
4209 69.5 89
4210 95 214.5
4211 83.5 101
4212 66.5 84
4213 107.5 204
4214 134 177.5
4215 125 141.5
4216 99.5 116
4217 115 197.5
4218 118 194.5
4219 107.5 123
4220 86 101.5
4221 98 215.5
4222 116.5 197
4223 130.5 145
4224 127 141.5
4225 99.5 114
4226 117 197.5
4227 118 196.5
4228 136 178.5
4229 129 142.5
4230 124.5 138
4231 108 121.5
4232 107 120.5
4233 77 90.5
4234 130.5 143
4235 129 141.5
4236 128 140.5
4237 127 139.5
4238 126 138.5
4239 122.5 135
4240 116 128.5
4241 105.5 118
4242 100.5 113
4243 81.5 94
4244 75 87.5
4245 105 211.5
4246 118 198.5
4247 119 197.5
4248 151.5 165
4249 133 144.5
4250 117 128.5
4251 103.5 115
4252 101 216.5
4253 139 178.5
4254 106.5 117
4255 101.5 112
4256 81 91.5
4257 121 197.5
4258 150 168.5
4259 135 144.5
4260 131 140.5
4261 81.5 91
4262 153.5 166
4263 137.5 146
4264 133.5 142
4265 108.5 117
4266 98.5 107
4267 149.5 171
4268 144.5 152
4269 104 111.5
4270 103 110.5
4271 155 166.5
4272 123 129.5
4273 114.5 121
4274 107.5 114
4275 99.5 106
4276 80.5 87
4277 79 85.5
4278 150.5 172
4279 142.5 148
4280 102 107.5
4281 87.5 93
4282 147 151.5
4283 125 129.5
4284 107.5 112
4285 81 85.5
4286 111 213.5
4287 120.5 204
4288 142.5 182
4289 156.5 168
4290 81 84.5
4291 152.5 173
4292 103 105.5
4293 113 213.5
4294 144 182.5
4295 149 150.5
4296 103 104.5
4297 87.5 89
4298 123 204.5
4299 144 183.5
4300 154 173.5
4301 160 167.5
4302 105 105.5
4303 97.5 98
4304 84 84.5
4305 83.5 84
4306 132 196.5
4307 146 145.5
4308 145 144.5
4309 144.5 144
4310 141.5 141
4311 126 125.5
4312 131 198.5
4313 155 174.5
4314 148 146.5
4315 147 145.5
4316 106.5 105
4317 105 103.5
4318 116 214.5
4319 131 199.5
4320 145.5 185
4321 165 162.5
4322 164 161.5
4323 152 149.5
4324 151.5 149
4325 151 148.5
4326 147.5 145
4327 106.5 104
4328 99 96.5
4329 95.5 93
4330 92.5 90
4331 132 199.5
4332 134 197.5
4333 166.5 163
4334 149.5 146
4335 107 103.5
4336 113 219.5
4337 117 215.5
4338 118.5 214
4339 127 205.5
4340 152 147.5
4341 93 88.5
4342 135 198.5
4343 136 197.5
4344 161.5 172
4345 136 130.5
4346 135 129.5
4347 110 104.5
4348 95 89.5
4349 113 221.5
4350 128.5 206
4351 135 199.5
4352 158 176.5
4353 164.5 170
4354 170.5 164
4355 169 162.5
4356 130.5 124
4357 113.5 222
4358 148 187.5
4359 135.5 128
4360 112 104.5
4361 115 221.5
4362 130.5 206
4363 163.5 173
4364 165.5 171
4365 145.5 137
4366 144.5 136
4367 138 199.5
4368 160 177.5
4369 156 146.5
4370 139 129.5
4371 137.5 128
4372 113.5 104
4373 117 221.5
4374 125.5 213
4375 160 149.5
4376 159 148.5
4377 157 146.5
4378 141.5 131
4379 112 101.5
4380 128.5 211
4381 129 210.5
4382 139 200.5
4383 165.5 174
4384 173.5 162
4385 172 160.5
4386 171 159.5
4387 170 158.5
4388 165 153.5
4389 162 150.5
4390 160.5 149
4391 148.5 137
4392 119.5 221
4393 134.5 206
4394 142 198.5
4395 152.5 188
4396 162 178.5
4397 164.5 152
4398 158 145.5
4399 155 142.5
4400 154 141.5
4401 114 101.5
4402 101.5 89
4403 97.5 85
4404 140 201.5
4405 170.5 157
4406 166 152.5
4407 154.5 141
4408 154 140.5
4409 141.5 128
4410 130 116.5
4411 142 200.5
4412 144 198.5
4413 151.5 191
4414 176.5 162
4415 172 157.5
4416 143 128.5
4417 136 121.5
4418 101.5 87
4419 131.5 212
4420 164 179.5
4421 175 159.5
4422 158 142.5
4423 155.5 140
4424 143 127.5
4425 141.5 126
4426 100 84.5
4427 145 199.5
4428 168 176.5
4429 171 173.5
4430 179.5 165
4431 161 144.5
4432 160 143.5
4433 152 135.5
4434 145 128.5
4435 117 100.5
4436 123.5 222
4437 134 211.5
4438 138 207.5
4439 165.5 148
4440 164.5 147
4441 163.5 146
4442 162.5 145
4443 162 144.5
4444 145.5 128
4445 143 125.5
4446 134 116.5
4447 170.5 176
4448 181.5 165
4449 167 148.5
4450 159 140.5
4451 155 136.5
4452 148 129.5
4453 147 128.5
4454 145 126.5
4455 143.5 125
4456 139 120.5
4457 134.5 116
4458 125.5 107
4459 134.5 213
4460 146.5 201
4461 166.5 181
4462 181.5 166
4463 167 147.5
4464 166 146.5
4465 165 145.5
4466 161 141.5
4467 157 137.5
4468 119.5 100
4469 118 98.5
4470 107.5 88
4471 106 86.5
4472 155.5 193
4473 159 189.5
4474 183 165.5
4475 153.5 133
4476 137 116.5
4477 126 105.5
4478 131 218.5
4479 141.5 208
4480 158.5 191
4481 160 189.5
4482 159 137.5
4483 155 133.5
4484 137 115.5
4485 160 190.5
4486 168.5 182
4487 184 166.5
4488 158 135.5
4489 148 125.5
4490 142 119.5
4491 121 98.5
4492 150 201.5
4493 159 192.5
4494 160.5 191
4495 176 175.5
4496 168.5 145
4497 155 131.5
4498 151 127.5
4499 139 115.5
4500 133 219.5
4501 152.5 200
4502 163 189.5
4503 185 167.5
4504 171 146.5
4505 170 145.5
4506 164.5 140
4507 153.5 129
4508 150.5 126
4509 139 114.5
4510 130.5 106
4511 114.5 90
4512 150 203.5
4513 152 201.5
4514 164 189.5
4515 174.5 179
4516 170.5 145
4517 168 142.5
4518 167 141.5
4519 165.5 140
4520 163 137.5
4521 128 102.5
4522 127 101.5
4523 154 200.5
4524 154 127.5
4525 151 124.5
4526 144.5 118
4527 141 114.5
4528 140 113.5
4529 110.5 84
4530 131.5 224
4531 146.5 209
4532 165 190.5
4533 179 176.5
4534 186.5 169
4535 186.5 159
4536 156.5 129
4537 129 101.5
4538 155 201.5
4539 156 200.5
4540 176.5 180
4541 174.5 146
4542 141.5 113
4543 129 100.5
4544 137 220.5
4545 155 202.5
4546 174.5 145
4547 173.5 144
4548 172.5 143
4549 171 141.5
4550 153 123.5
4551 171.5 187
4552 177 146.5
4553 173.5 143
4554 172 141.5
4555 169.5 139
4556 148 117.5
4557 122.5 92
4558 149 210.5
4559 162 197.5
4560 177 182.5
4561 175 143.5
4562 145 113.5
4563 114.5 83
4564 177.5 183
4565 183 150.5
4566 175.5 143
4567 156 123.5
4568 146 113.5
4569 144 111.5
4570 136.5 225
4571 158 203.5
4572 177.5 184
4573 181.5 148
4574 158.5 125
4575 179 144.5
4576 177.5 143
4577 160 125.5
4578 147 112.5
4579 157 206.5
4580 167 196.5
4581 184 179.5
4582 181.5 146
4583 160.5 125
4584 139 225.5
4585 167 197.5
4586 185 179.5
4587 180.5 144
4588 178 141.5
4589 148 111.5
4590 147 110.5
4591 118.5 82
4592 183.5 182
4593 178.5 141
4594 161 123.5
4595 140.5 226
4596 181 185.5
4597 194 172.5
4598 201 165.5
4599 177.5 139
4600 176.5 138
4601 174 135.5
4602 186.5 181
4603 193.5 154
4604 178.5 139
4605 178 138.5
4606 163 123.5
4607 156 116.5
4608 128 88.5
4609 121.5 82
4610 177.5 191
4611 199.5 159
4612 199 158.5
4613 193 152.5
4614 192.5 152
4615 192 151.5
4616 166.5 126
4617 121 80.5
4618 179.5 190
4619 202.5 161
4620 197.5 156
4621 171.5 130
4622 157 115.5
4623 151 109.5
4624 143 101.5
4625 123 81.5
4626 173.5 197
4627 185.5 185
4628 186.5 184
4629 195 175.5
4630 202.5 160
4631 200 157.5
4632 199.5 157
4633 196.5 154
4634 195 152.5
4635 177 134.5
4636 169.5 127
4637 153 110.5
4638 183.5 188
4639 198.5 155
4640 195 151.5
4641 192 148.5
4642 123.5 80
4643 200 155.5
4644 198 153.5
4645 193.5 149
4646 191 146.5
4647 177 132.5
4648 208.5 165
4649 208 162.5
4650 206.5 161
4651 202 156.5
4652 199 153.5
4653 197.5 152
4654 196 150.5
4655 192.5 147
4656 190.5 145
4657 173.5 128
4658 154 108.5
4659 201.5 155
4660 201 154.5
4661 199.5 153
4662 198.5 152
4663 197.5 151
4664 191.5 145
4665 190 143.5
4666 155 108.5
4667 139 92.5
4668 158.5 217
4669 205.5 158
4670 201 153.5
4671 196.5 149
4672 131 83.5
4673 125.5 78
4674 171 205.5
4675 199 177.5
4676 207 158.5
4677 201.5 153
4678 199.5 151
4679 195.5 147
4680 193.5 145
4681 192.5 144
4682 191 142.5
4683 161.5 216
4684 175 202.5
4685 198.5 179
4686 199.5 178
4687 150.5 228
4688 184.5 194
4689 188 190.5
4690 213.5 165
4691 207 156.5
4692 206.5 156
4693 205.5 155
4694 204.5 154
4695 203.5 153
4696 199 148.5
4697 195 144.5
4698 194 143.5
4699 193 142.5
4700 188.5 138
4701 187 136.5
4702 159.5 109
4703 129 78.5
4704 154 225.5
4705 176 203.5
4706 179 200.5
4707 188 191.5
4708 209 157.5
4709 201.5 150
4710 130.5 79
4711 176.5 204
4712 177 203.5
4713 179 201.5
4714 185.5 195
4715 191.5 189
4716 214 166.5
4717 213.5 161
4718 213 160.5
4719 205.5 153
4720 204.5 152
4721 201.5 149
4722 198.5 146
4723 196 143.5
4724 163 110.5
4725 133 80.5
4726 178 203.5
4727 201 180.5
4728 207 153.5
4729 204.5 151
4730 202 148.5
4731 189.5 136
4732 188.5 135
4733 163 219.5
4734 180.5 202
4735 207.5 175
4736 217.5 165
4737 215 160.5
4738 213 158.5
4739 209.5 155
4740 204 149.5
4741 203 148.5
4742 196 141.5
4743 194.5 140
4744 193.5 139
4745 193 138.5
4746 192 137.5
4747 186 131.5
4748 163.5 109
4749 137 82.5
4750 135 80.5
4751 153 230.5
4752 179 204.5
4753 191.5 192
4754 214 169.5
4755 197.5 142
4756 194.5 139
4757 134.5 79
4758 165.5 219
4759 194.5 190
4760 207 177.5
4761 208.5 176
4762 218 166.5
4763 208.5 152
4764 193.5 137
4765 191.5 135
4766 190 133.5
4767 138 81.5
4768 137 80.5
4769 154.5 231
4770 159 226.5
4771 168 217.5
4772 199.5 186
4773 203 182.5
4774 206 179.5
4775 217.5 168
4776 218.5 161
4777 217 159.5
4778 200.5 143
4779 197 139.5
4780 192 134.5
4781 179.5 122
4782 154.5 97
4783 140 82.5
4784 127 69.5
4785 209 177.5
4786 217.5 169
4787 201.5 143
4788 199 140.5
4789 198 139.5
4790 188.5 130
4791 182.5 124
4792 181.5 123
4793 139 80.5
4794 132.5 74
4795 127.5 69
4796 167 220.5
4797 168.5 219
4798 169 218.5
4799 200.5 187
4800 205.5 182
4801 208.5 179
4802 196 136.5
4803 195 135.5
4804 190.5 131
4805 184.5 125
4806 137 77.5
4807 135.5 76
4808 167 221.5
4809 169 219.5
4810 191 197.5
4811 194 194.5
4812 196.5 192
4813 205.5 183
4814 207.5 181
4815 210.5 178
4816 204.5 144
4817 191.5 131
4818 190.5 130
4819 159 98.5
4820 156.5 96
4821 155.5 95
4822 141.5 81
4823 128.5 68
4824 163 226.5
4825 169 220.5
4826 170.5 219
4827 184 205.5
4828 194 195.5
4829 198 191.5
4830 201 188.5
4831 205 184.5
4832 209 180.5
4833 210 179.5
4834 219 170.5
4835 160.5 99
4836 160 98.5
4837 158.5 97
4838 156.5 95
4839 139 77.5
4840 134 72.5
4841 129 67.5
4842 158.5 232
4843 197.5 193
4844 201 189.5
4845 205 185.5
4846 207.5 183
4847 163 100.5
4848 137 74.5
4849 186 205.5
4850 195 196.5
4851 198.5 193
4852 210.5 181
4853 216.5 175
4854 216 175.5
4855 188.5 125
4856 165.5 102
4857 162.5 99
4858 161 97.5
4859 158 94.5
4860 141 77.5
4861 136.5 73
4862 129.5 66
4863 165 227.5
4864 196.5 196
4865 202.5 190
4866 205 187.5
4867 194 129.5
4868 167.5 103
4869 160 95.5
4870 148 83.5
4871 202 191.5
4872 209 184.5
4873 211.5 182
4874 215.5 178
4875 219 174.5
4876 226.5 161
4877 196.5 131
4878 150.5 85
4879 144.5 79
4880 144 78.5
4881 136.5 71
4882 132.5 67
4883 189 205.5
4884 216.5 178
4885 196.5 130
4886 189 122.5
4887 185 118.5
4888 170.5 104
4889 152 85.5
4890 141 74.5
4891 138.5 72
4892 131.5 65
4893 163 232.5
4894 180.5 215
4895 203.5 192
4896 209 186.5
4897 212.5 183
4898 215 180.5
4899 226 158.5
4900 194.5 127
4901 190.5 123
4902 188.5 121
4903 154 86.5
4904 147 79.5
4905 143.5 76
4906 142.5 75
4907 139 71.5
4908 180.5 216
4909 176 107.5
4910 132.5 64
4911 174 223.5
4912 187.5 210
4913 187 210.5
4914 208.5 189
4915 213 184.5
4916 214 183.5
4917 215.5 182
4918 182 112.5
4919 181 111.5
4920 178 108.5
4921 157 87.5
4922 144.5 75
4923 136 66.5
4924 134 64.5
4925 204.5 194
4926 218.5 180
4927 183.5 113
4928 175 104.5
4929 159 88.5
4930 151.5 81
4931 192.5 121
4932 190 118.5
4933 183 111.5
4934 182 110.5
4935 161 89.5
4936 154 82.5
4937 153 81.5
4938 151 79.5
4939 144 72.5
4940 190.5 210
4941 214.5 186
4942 219 181.5
4943 191.5 119
4944 189.5 117
4945 186.5 114
4946 185.5 113
4947 184.5 112
4948 163 90.5
4949 157.5 85
4950 155.5 83
4951 155 82.5
4952 139 66.5
4953 216.5 185
4954 188 114.5
4955 159.5 86
4956 155 81.5
4957 153 79.5
4958 146.5 73
4959 177.5 225
4960 177 102.5
4961 175 100.5
4962 174.5 100
4963 165.5 91
4964 163.5 89
4965 161.5 87
4966 160 85.5
4967 156.5 82
4968 155.5 81
4969 138.5 64
4970 198 205.5
4971 200 203.5
4972 215.5 188
4973 178.5 103
4974 173 231.5
4975 195.5 209
4976 197 207.5
4977 198 206.5
4978 221 144.5
4979 220 143.5
4980 219 142.5
4981 177 100.5
4982 166.5 90
4983 165 88.5
4984 164 87.5
4985 160 83.5
4986 156 79.5
4987 151.5 75
4988 193 212.5
4989 194.5 211
4990 199.5 206
4991 214 191.5
4992 228.5 151
4993 227 149.5
4994 225.5 148
4995 225 147.5
4996 221 143.5
4997 181 103.5
4998 162 84.5
4999 158 80.5
5000 155 77.5
5001 148.5 71
5002 179.5 227
5003 216.5 190
5004 229 150.5
5005 182.5 104
5006 169 90.5
5007 165.5 87
5008 153 74.5
5009 151.5 73
5010 175 232.5
5011 212.5 195
5012 224 144.5
5013 159 79.5
5014 153 73.5
5015 185 223.5
5016 186 222.5
5017 200.5 208
5018 162 81.5
5019 152 71.5
5020 175.5 234
5021 186 223.5
5022 202.5 207
5023 217.5 192
5024 220 138.5
5025 160 78.5
5026 155.5 74
5027 187 223.5
5028 198.5 212
5029 174.5 92
5030 173.5 91
5031 170 87.5
5032 169 86.5
5033 168.5 86
5034 166 83.5
5035 160 77.5
5036 159 76.5
5037 182.5 229
5038 188.5 223
5039 216.5 195
5040 229.5 183
5041 240.5 156
5042 239.5 155
5043 238.5 154
5044 161 76.5
5045 158 73.5
5046 184 229.5
5047 190.5 223
5048 218 195.5
5049 244.5 159
5050 243 157.5
5051 230 144.5
5052 177.5 92
5053 174.5 89
5054 161 75.5
5055 230.5 184
5056 246.5 160
5057 179.5 93
5058 173.5 87
5059 169.5 83
5060 165 78.5
5061 218 197.5
5062 219 196.5
5063 230 142.5
5064 212.5 125
5065 168 80.5
5066 167 79.5
5067 163 75.5
5068 158.5 71
5069 252 163.5
5070 240.5 152
5071 219 130.5
5072 214.5 126
5073 210 121.5
5074 204 115.5
5075 203 114.5
5076 202 113.5
5077 200 111.5
5078 199 110.5
5079 198 109.5
5080 197 108.5
5081 182.5 94
5082 179.5 91
5083 179 90.5
5084 176.5 88
5085 172 83.5
5086 226 191.5
5087 231.5 142
5088 226.5 137
5089 218 128.5
5090 201.5 112
5091 196.5 107
5092 195 105.5
5093 194.5 105
5094 193 103.5
5095 192.5 103
5096 187 97.5
5097 185 95.5
5098 167 77.5
5099 232 141.5
5100 217 126.5
5101 216 125.5
5102 215 124.5
5103 191.5 101
5104 190 99.5
5105 188.5 98
5106 181.5 91
5107 170.5 80
5108 168.5 78
5109 161 70.5
5110 173.5 82
5111 171 79.5
5112 156 64.5
5113 231.5 189
5114 237 183.5
5115 248 155.5
5116 245.5 153
5117 245 152.5
5118 241.5 149
5119 195 102.5
5120 178 85.5
5121 232.5 189
5122 238.5 183
5123 240 181.5
5124 247 153.5
5125 173 79.5
5126 170 76.5
5127 169.5 76
5128 167 73.5
5129 242 180.5
5130 191.5 97
5131 221 202.5
5132 241.5 182
5133 186.5 91
5134 174.5 79
5135 171.5 76
5136 242 182.5
5137 251 173.5
5138 194 97.5
5139 170.5 74
5140 240 185.5
5141 242 183.5
5142 199.5 102
5143 176 78.5
5144 172.5 75
5145 188 238.5
5146 224 202.5
5147 229.5 197
5148 244 182.5
5149 199.5 101
5150 190.5 92
5151 189 90.5
5152 188 89.5
5153 183 84.5
5154 174.5 76
5155 241 186.5
5156 252 175.5
5157 199 99.5
5158 195 95.5
5159 191 91.5
5160 189.5 90
5161 188 88.5
5162 206.5 222
5163 207 221.5
5164 225 203.5
5165 231.5 197
5166 241 187.5
5167 242 186.5
5168 245 183.5
5169 254 174.5
5170 228.5 128
5171 189 88.5
5172 187 86.5
5173 224.5 205
5174 244.5 185
5175 256 173.5
5176 257.5 156
5177 257 155.5
5178 230 128.5
5179 225 123.5
5180 196 94.5
5181 192 90.5
5182 189 87.5
5183 179 77.5
5184 222.5 208
5185 243 187.5
5186 257 173.5
5187 200.5 98
5188 199 96.5
5189 198 95.5
5190 181 78.5
5191 215.5 216
5192 234 197.5
5193 241 190.5
5194 243 188.5
5195 255 176.5
5196 202 98.5
5197 189 85.5
5198 187.5 84
5199 183 79.5
5200 226 206.5
5201 259 154.5
5202 205.5 101
5203 204.5 100
5204 199.5 95
5205 191 86.5
5206 190.5 86
5207 216.5 217
5208 224 209.5
5209 234 199.5
5210 235 198.5
5211 227 121.5
5212 202 96.5
5213 201 95.5
5214 195 89.5
5215 191 85.5
5216 191.5 243
5217 211.5 223
5218 211 224.5
5219 224.5 211
5220 225 210.5
5221 227.5 208
5222 242 194.5
5223 245.5 191
5224 252 184.5
5225 257 179.5
5226 259 177.5
5227 215.5 107
5228 212.5 225
5229 228 209.5
5230 215 223.5
5231 226.5 212
5232 263.5 153
5233 222.5 217
5234 269.5 170
5235 268.5 157
5236 190 78.5
5237 186 74.5
5238 229.5 211
5239 237.5 203
5240 243.5 197
5241 260 180.5
5242 244.5 197
5243 270.5 171
5244 194.5 248
5245 224.5 218
5246 243 199.5
5247 247 195.5
5248 253.5 189
5249 238.5 205
5250 262 181.5
5251 265.5 178
5252 271.5 172
5253 195 249.5
5254 199 245.5
5255 205.5 239
5256 223.5 221
5257 224.5 220
5258 230 214.5
5259 231 213.5
5260 248 196.5
5261 192.5 253
5262 200.5 245
5263 211.5 234
5264 242.5 203
5265 255 190.5
5266 266.5 179
5267 275 157.5
5268 269.5 152
5269 196 250.5
5270 200 246.5
5271 207.5 239
5272 244 202.5
5273 264 182.5
5274 266 181.5
5275 202 246.5
5276 209.5 239
5277 245 203.5
5278 248 200.5
5279 265 183.5
5280 276.5 172
5281 272.5 152
5282 225.5 224
5283 228 221.5
5284 231 218.5
5285 264 185.5
5286 269.5 180
5287 280 158.5
5288 202.5 248
5289 245 205.5
5290 251 199.5
5291 276.5 174
5292 278 172.5
5293 233 218.5
5294 260 191.5
5295 270.5 181
5296 231 221.5
5297 233.5 219
5298 243 209.5
5299 246.5 206
5300 246 206.5
5301 261 191.5
5302 270 182.5
5303 279.5 173
5304 283 158.5
5305 276 151.5
5306 204 249.5
5307 217 236.5
5308 232.5 221
5309 243 210.5
5310 261.5 192
5311 278 175.5
5312 286 160.5
5313 285 159.5
5314 215 239.5
5315 259 195.5
5316 279.5 175
5317 204 251.5
5318 243.5 212
5319 244.5 211
5320 279 176.5
5321 289 161.5
5322 288 160.5
5323 219 237.5
5324 244 212.5
5325 248.5 208
5326 248 208.5
5327 273.5 183
5328 280.5 176
5329 282 174.5
5330 280.5 152
5331 220 237.5
5332 230.5 227
5333 231 226.5
5334 273.5 184
5335 274.5 183
5336 279 178.5
5337 292.5 165
5338 232.5 226
5339 245.5 213
5340 245 213.5
5341 261 197.5
5342 263.5 195
5343 277.5 181
5344 279 179.5
5345 285 154.5
5346 231 228.5
5347 233.5 226
5348 293.5 166
5349 289.5 158
5350 287 155.5
5351 219.5 241
5352 232 228.5
5353 278.5 182
5354 280 180.5
5355 281 179.5
5356 208 253.5
5357 232.5 229
5358 262.5 199
5359 281 180.5
5360 285 176.5
5361 204.5 258
5362 232.5 230
5363 234 228.5
5364 263 199.5
5365 264.5 198
5366 278.5 184
5367 284 178.5
5368 234 229.5
5369 235.5 228
5370 264.5 199
5371 272.5 191
5372 276.5 187
5373 276 187.5
5374 294.5 159
5375 235 229.5
5376 248.5 216
5377 248 216.5
5378 282.5 182
5379 299.5 163
5380 298.5 162
5381 206.5 259
5382 211 254.5
5383 234.5 231
5384 235 230.5
5385 237.5 228
5386 264.5 201
5387 282 183.5
5388 211.5 255
5389 225 241.5
5390 236 230.5
5391 275 191.5
5392 283.5 183
5393 283 183.5
5394 286 180.5
5395 288.5 178
5396 292 174.5
5397 207.5 260
5398 225 242.5
5399 234.5 233
5400 255 212.5
5401 266 201.5
5402 282.5 185
5403 235 233.5
5404 236.5 232
5405 236 232.5
5406 250 218.5
5407 266.5 202
5408 276 192.5
5409 277 191.5
5410 289.5 179
5411 208.5 261
5412 235 234.5
5413 268.5 201
5414 279 190.5
5415 283.5 186
5416 287 183.5
5417 290.5 180
5418 221 250.5
5419 237 234.5
5420 239.5 232
5421 279 192.5
5422 285.5 186
5423 237 235.5
5424 277.5 195
5425 280 192.5
5426 282.5 190
5427 288 184.5
5428 300 172.5
5429 301 172.5
5430 306.5 167
5431 210.5 264
5432 241.5 233
5433 220 255.5
5434 238.5 237
5435 242 233.5
5436 278 197.5
5437 279.5 196
5438 290 185.5
5439 212 264.5
5440 249.5 227
5441 290 186.5
5442 240 237.5
5443 243 234.5
5444 281.5 196
5445 291.5 186
5446 308.5 169
5447 213.5 265
5448 241 237.5
5449 250.5 228
5450 255.5 223
5451 243.5 236
5452 281.5 198
5453 291.5 188
5454 242.5 238
5455 242 238.5
5456 245 235.5
5457 246 234.5
5458 283 197.5
5459 292.5 188
5460 293 187.5
5461 310.5 170
5462 246 235.5
5463 265 216.5
5464 283 198.5
5465 286.5 195
5466 292.5 189
5467 293.5 188
5468 245 237.5
5469 247.5 235
5470 288 194.5
5471 285 198.5
5472 293.5 190
5473 293 190.5
5474 249 235.5
5475 294.5 190
5476 249 236.5
5477 267.5 218
5478 289.5 196
5479 293.5 192
5480 295 190.5
5481 248.5 238
5482 265 221.5
5483 285.5 201
5484 286 200.5
5485 287.5 199
5486 287 199.5
5487 306.5 180
5488 221 266.5
5489 231 256.5
5490 250.5 237
5491 288.5 199
5492 288 199.5
5493 289.5 198
5494 294.5 193
5495 268.5 220
5496 287 201.5
5497 290.5 198
5498 300 188.5
5499 217.5 272
5500 222.5 267
5501 252 237.5
5502 264 225.5
5503 294.5 195
5504 295.5 194
5505 308.5 181
5506 288 202.5
5507 289 201.5
5508 290 200.5
5509 297 193.5
5510 308.5 182
5511 265 226.5
5512 268.5 223
5513 298.5 193
5514 227.5 265
5515 247 245.5
5516 249.5 243
5517 249 243.5
5518 275 217.5
5519 290.5 202
5520 292 200.5
5521 309.5 183
5522 252 241.5
5523 269.5 224
5524 290 203.5
5525 229.5 265
5526 230.5 264
5527 248.5 247
5528 249 246.5
5529 250 245.5
5530 253 242.5
5531 278.5 217
5532 301.5 194
5533 318.5 177
5534 233.5 263
5535 256.5 240
5536 256 240.5
5537 298.5 198
5538 301 195.5
5539 236 261.5
5540 250 247.5
5541 251 246.5
5542 278 219.5
5543 302.5 195
5544 319.5 178
5545 251.5 247
5546 251 247.5
5547 253.5 245
5548 254.5 244
5549 255.5 243
5550 257.5 241
5551 272.5 226
5552 294.5 204
5553 223.5 276
5554 239 260.5
5555 250.5 249
5556 254 245.5
5557 273 226.5
5558 301 198.5
5559 302.5 197
5560 224 276.5
5561 229 271.5
5562 252.5 248
5563 255.5 245
5564 257.5 243
5565 259.5 241
5566 259 241.5
5567 220 281.5
5568 252 249.5
5569 254.5 247
5570 260 241.5
5571 301 200.5
5572 302 199.5
5573 252 250.5
5574 253.5 249
5575 255 247.5
5576 256.5 246
5577 261 241.5
5578 299.5 203
5579 243.5 260
5580 256.5 247
5581 259 244.5
5582 260 243.5
5583 261 242.5
5584 276 227.5
5585 281 222.5
5586 300 203.5
5587 302 201.5
5588 303 200.5
5589 304.5 199
5590 257.5 247
5591 257 247.5
5592 271 233.5
5593 303.5 201
5594 221 284.5
5595 245.5 260
5596 260.5 245
5597 263 242.5
5598 282 223.5
5599 305.5 200
5600 253 253.5
5601 257 249.5
5602 258.5 248
5603 259.5 247
5604 263.5 243
5605 301.5 205
5606 325 181.5
5607 255.5 252
5608 259 248.5
5609 283 224.5
5610 302.5 205
5611 306.5 201
5612 250.5 258
5613 258.5 250
5614 263.5 245
5615 283 225.5
5616 302.5 206
5617 304.5 204
5618 224 285.5
5619 254.5 255
5620 257 252.5
5621 303.5 206
5622 307.5 202
5623 254.5 256
5624 257 253.5
5625 303.5 207
5626 308 202.5
5627 326.5 184
5628 224.5 287
5629 252.5 259
5630 285 226.5
5631 324 187.5
5632 253 259.5
5633 258 254.5
5634 261.5 251
5635 291 221.5
5636 304.5 208
5637 308 204.5
5638 309 203.5
5639 256.5 257
5640 266.5 247
5641 281.5 232
5642 306 207.5
5643 328.5 185
5644 226.5 288
5645 259.5 255
5646 263 251.5
5647 307.5 207
5648 238 277.5
5649 239.5 276
5650 257.5 258
5651 258.5 257
5652 263 252.5
5653 267 248.5
5654 287 228.5
5655 310.5 205
5656 310 205.5
5657 329.5 186
5658 260.5 256
5659 262.5 254
5660 309 207.5
5661 327 189.5
5662 240 277.5
5663 256 261.5
5664 266 251.5
5665 285 232.5
5666 288 229.5
5667 240.5 278
5668 265.5 253
5669 269.5 249
5670 269 249.5
5671 307.5 211
5672 309 209.5
5673 331.5 187
5674 233 286.5
5675 242 277.5
5676 243 276.5
5677 264 255.5
5678 269 250.5
5679 288.5 231
5680 263 257.5
5681 266 254.5
5682 308.5 212
5683 310 210.5
5684 265 256.5
5685 267.5 254
5686 269.5 252
5687 312.5 209
5688 234.5 288
5689 236 286.5
5690 268 254.5
5691 270 252.5
5692 289.5 233
5693 265 258.5
5694 269 254.5
5695 310.5 213
5696 334 189.5
5697 237.5 287
5698 265.5 259
5699 266.5 258
5700 267.5 257
5701 271 253.5
5702 284.5 240
5703 315 209.5
5704 316.5 208
5705 265.5 260
5706 269 256.5
5707 270 255.5
5708 316 209.5
5709 332.5 193
5710 267.5 259
5711 267 259.5
5712 335 191.5
5713 268.5 259
5714 272.5 255
5715 317 210.5
5716 335.5 192
5717 268.5 260
5718 272 256.5
5719 262.5 267
5720 268.5 261
5721 289.5 240
5722 316.5 213
5723 319.5 210
5724 263.5 267
5725 275 255.5
5726 269.5 262
5727 273.5 258
5728 273 258.5
5729 287.5 244
5730 288.5 243
5731 320 211.5
5732 338.5 193
5733 292 240.5
5734 318.5 214
5735 322.5 210
5736 270.5 263
5737 277 256.5
5738 278 255.5
5739 288 245.5
5740 271.5 264
5741 289 246.5
5742 341 194.5
5743 279.5 257
5744 280 256.5
5745 326 210.5
5746 271.5 266
5747 299 238.5
5748 321.5 216
5749 342 196.5
5750 274 265.5
5751 307.5 232
5752 325 214.5
5753 293 247.5
5754 300.5 240
5755 295.5 246
5756 276 266.5
5757 296 246.5
5758 300 242.5
5759 326 216.5
5760 329 214.5
5761 299.5 246
5762 305 240.5
5763 328.5 217
5764 330 215.5
5765 331.5 214
5766 272 274.5
5767 279.5 267
5768 299 247.5
5769 329.5 217
5770 278 269.5
5771 280.5 267
5772 304.5 243
5773 331.5 216
5774 331 216.5
5775 287 261.5
5776 269.5 280
5777 274 275.5
5778 330.5 219
5779 333 217.5
5780 281 270.5
5781 289 262.5
5782 337 214.5
5783 348 203.5
5784 336.5 216
5785 273 280.5
5786 276.5 277
5787 349 204.5
5788 283 271.5
5789 286 269.5
5790 291.5 264
5791 313 242.5
5792 339 216.5
5793 346 209.5
5794 350 205.5
5795 346.5 210
5796 336 221.5
5797 347 210.5
5798 289 269.5
5799 316.5 242
5800 289 270.5
5801 290 269.5
5802 294.5 265
5803 296 263.5
5804 341.5 218
5805 286 275.5
5806 290.5 271
5807 294.5 267
5808 292 270.5
5809 295.5 267
5810 295 267.5
5811 287 276.5
5812 290.5 273
5813 291.5 272
5814 344 219.5
5815 283 281.5
5816 288 276.5
5817 294 270.5
5818 297 267.5
5819 316 248.5
5820 291.5 274
5821 292.5 273
5822 297 268.5
5823 310 255.5
5824 321 244.5
5825 295.5 271
5826 330.5 236
5827 294.5 273
5828 297.5 270
5829 298 269.5
5830 299 268.5
5831 301 266.5
5832 346 221.5
5833 356 211.5
5834 298 270.5
5835 312 256.5
5836 291 278.5
5837 301 268.5
5838 303 266.5
5839 333.5 236
5840 292 278.5
5841 299 271.5
5842 348.5 222
5843 302.5 269
5844 358.5 213
5845 281 291.5
5846 301.5 271
5847 315 257.5
5848 359 213.5
5849 282 291.5
5850 296 277.5
5851 316 258.5
5852 352 222.5
5853 294.5 281
5854 300.5 275
5855 305 270.5
5856 317 258.5
5857 361 214.5
5858 299.5 277
5859 301 275.5
5860 285 292.5
5861 293.5 284
5862 301 276.5
5863 306 271.5
5864 287 291.5
5865 290 288.5
5866 307 271.5
5867 308 270.5
5868 319 259.5
5869 342 236.5
5870 320 259.5
5871 356.5 223
5872 329 251.5
5873 321 260.5
5874 334.5 248
5875 369 210.5
5876 331 252.5
5877 337.5 246
5878 344.5 239
5879 351 232.5
5880 337 247.5
5881 332 253.5
5882 362 224.5
5883 328.5 259
5884 320.5 268
5885 333.5 255
5886 353.5 236
5887 321 269.5
5888 336 255.5
5889 340 251.5
5890 357 234.5
5891 366 225.5
5892 355 237.5
5893 337 256.5
5894 341 254.5
5895 368.5 227
5896 336 260.5
5897 339.5 257
5898 356.5 240
5899 313.5 284
5900 369.5 228
5901 380 206.5
5902 338 260.5
5903 382 206.5
5904 341 259.5
5905 358 242.5
5906 371 229.5
5907 372.5 228
5908 346.5 256
5909 350.5 252
5910 358.5 244
5911 337 266.5
5912 364 239.5
5913 373 230.5
5914 384.5 205
5915 338.5 266
5916 366 238.5
5917 344.5 261
5918 351 254.5
5919 359 246.5
5920 387.5 206
5921 348 258.5
5922 351 255.5
5923 341 266.5
5924 343 264.5
5925 349.5 258
5926 368 239.5
5927 340 268.5
5928 341 267.5
5929 347 261.5
5930 359.5 249
5931 360 248.5
5932 391 205.5
5933 324 286.5
5934 360 251.5
5935 361 250.5
5936 392.5 205
5937 325.5 287
5938 356 257.5
5939 362 251.5
5940 370 243.5
5941 398 215.5
5942 348 266.5
5943 357 257.5
5944 350.5 265
5945 352 264.5
5946 362 254.5
5947 400.5 216
5948 332.5 285
5949 362 255.5
5950 395.5 202
5951 364 254.5
5952 330.5 289
5953 334 285.5
5954 363 256.5
5955 334 286.5
5956 362.5 258
5957 400 203.5
5958 332 289.5
5959 335.5 286
5960 344 277.5
5961 374.5 247
5962 401 202.5
5963 364.5 259
5964 373.5 250
5965 375.5 248
5966 409.5 214
5967 334 290.5
5968 403 202.5
5969 376 249.5
5970 377.5 248
5971 406 204.5
5972 365.5 261
5973 376.5 250
5974 376 250.5
5975 376 251.5
5976 406 202.5
5977 366.5 262
5978 375.5 253
5979 357 272.5
5980 376.5 253
5981 406.5 201
5982 338 292.5
5983 343.5 287
5984 367 263.5
5985 417 210.5
5986 343.5 288
5987 352 279.5
5988 377 254.5
5989 381.5 250
5990 402.5 229
5991 409 201.5
5992 405.5 198
5993 375.5 257
5994 391.5 241
5995 419 210.5
5996 340.5 293
5997 404 229.5
5998 410 200.5
5999 349 285.5
6000 377.5 257
6001 393 241.5
6002 359.5 276
6003 407.5 228
6004 413 201.5
6005 411.5 200
6006 421 215.5
6007 370 267.5
6008 351.5 287
6009 423.5 215
6010 425.5 213
6011 427.5 212
6012 352.5 288
6013 353.5 287
6014 372 268.5
6015 345.5 296
6016 358 283.5
6017 371.5 270
6018 423.5 218
6019 429 212.5
6020 360.5 282
6021 370.5 272
6022 372.5 270
6023 425 217.5
6024 355.5 288
6025 348 296.5
6026 406.5 238
6027 427.5 217
6028 374 271.5
6029 411 234.5
6030 431 215.5
6031 357 290.5
6032 382 265.5
6033 392.5 255
6034 351 297.5
6035 352.5 296
6036 429.5 219
6037 428 203.5
6038 368 281.5
6039 381.5 268
6040 381 268.5
6041 390.5 259
6042 391.5 258
6043 392 257.5
6044 433 216.5
6045 354.5 296
6046 376.5 274
6047 382.5 268
6048 422 228.5
6049 353.5 298
6050 360 291.5
6051 369.5 282
6052 417 234.5
6053 436 215.5
6054 438 213.5
6055 436.5 209
6056 378 274.5
6057 415.5 237
6058 420.5 232
6059 440.5 212
6060 428 199.5
6061 354.5 299
6062 371.5 282
6063 379 274.5
6064 417 236.5
6065 429.5 224
6066 438 215.5
6067 439 214.5
6068 438 208.5
6069 379.5 275
6070 385 269.5
6071 407 247.5
6072 419 235.5
6073 435 219.5
6074 365 290.5
6075 422.5 233
6076 441 214.5
6077 442 210.5
6078 429.5 198
6079 429 197.5
6080 437.5 219
6081 443 213.5
6082 441 208.5
6083 387 270.5
6084 422 235.5
6085 434.5 223
6086 436 221.5
6087 437.5 220
6088 445 212.5
6089 381 277.5
6090 438 220.5
6091 441 217.5
6092 430 195.5
6093 393 266.5
6094 394 265.5
6095 382 278.5
6096 388 272.5
6097 424.5 236
6098 428.5 232
6099 444.5 216
6100 446 209.5
6101 434.5 198
6102 430.5 194
6103 421.5 240
6104 424 237.5
6105 438 223.5
6106 443 205.5
6107 390.5 272
6108 423 239.5
6109 425 237.5
6110 447 215.5
6111 383.5 280
6112 425 238.5
6113 429.5 234
6114 449 214.5
6115 448.5 209
6116 431.5 192
6117 427 237.5
6118 433 231.5
6119 436.5 196
6120 432.5 192
6121 385 280.5
6122 387 278.5
6123 392 273.5
6124 426.5 239
6125 428 237.5
6126 433.5 232
6127 452 213.5
6128 364.5 302
6129 393.5 273
6130 414 252.5
6131 454.5 212
6132 437.5 195
6133 388.5 279
6134 430 237.5
6135 436 231.5
6136 452 215.5
6137 434.5 191
6138 454 214.5
6139 455 213.5
6140 439 194.5
6141 406 263.5
6142 456 210.5
6143 370.5 300
6144 388 282.5
6145 436.5 190
6146 429.5 242
6147 432 239.5
6148 446.5 225
6149 441 193.5
6150 371.5 301
6151 392 280.5
6152 431.5 241
6153 440.5 232
6154 447 225.5
6155 448 224.5
6156 449.5 223
6157 451 221.5
6158 458 209.5
6159 373 300.5
6160 393.5 280
6161 433 240.5
6162 442.5 231
6163 452.5 221
6164 416 258.5
6165 419.5 255
6166 420.5 254
6167 420 254.5
6168 434.5 240
6169 448.5 226
6170 449 225.5
6171 454.5 220
6172 459 208.5
6173 375 300.5
6174 390.5 285
6175 394.5 281
6176 421 254.5
6177 448 227.5
6178 449 226.5
6179 451 224.5
6180 452.5 223
6181 455.5 220
6182 460.5 209
6183 451 199.5
6184 394.5 282
6185 453.5 223
6186 449 196.5
6187 443 190.5
6188 395 282.5
6189 416.5 261
6190 417.5 260
6191 424 253.5
6192 457.5 204
6193 451 197.5
6194 442.5 189
6195 393 285.5
6196 395.5 283
6197 397.5 281
6198 421.5 257
6199 425.5 253
6200 438.5 240
6201 451 227.5
6202 457.5 221
6203 459 219.5
6204 461.5 217
6205 462.5 216
6206 450 195.5
6207 449 194.5
6208 396.5 283
6209 417.5 262
6210 424.5 255
6211 441 238.5
6212 442 237.5
6213 443 236.5
6214 452 227.5
6215 453 226.5
6216 454.5 225
6217 460.5 219
6218 464 215.5
6219 459 203.5
6220 379 301.5
6221 394.5 286
6222 398 282.5
6223 427 253.5
6224 440.5 240
6225 448.5 232
6226 451 229.5
6227 452.5 228
6228 453 227.5
6229 468 212.5
6230 378.5 303
6231 399.5 282
6232 418 263.5
6233 433.5 248
6234 450 231.5
6235 459.5 222
6236 420.5 262
6237 426 256.5
6238 428.5 254
6239 428 254.5
6240 461.5 221
6241 463 219.5
6242 466 216.5
6243 467 215.5
6244 468.5 214
6245 461 202.5
6246 460.5 202
6247 454.5 196
6248 380.5 303
6249 397 286.5
6250 402.5 281
6251 425 258.5
6252 447 236.5
6253 448 235.5
6254 465 218.5
6255 470.5 213
6256 470 213.5
6257 462 202.5
6258 401 283.5
6259 419.5 265
6260 429 255.5
6261 449.5 235
6262 451 233.5
6263 452.5 232
6264 454 230.5
6265 472 211.5
6266 450.5 190
6267 430.5 255
6268 472.5 211
6269 463 201.5
6270 453.5 192
6271 452.5 191
6272 399 287.5
6273 401.5 285
6274 417 269.5
6275 430 256.5
6276 445 241.5
6277 446.5 240
6278 446 240.5
6279 449 237.5
6280 464 201.5
6281 463 200.5
6282 455.5 193
6283 382.5 305
6284 421 266.5
6285 425 262.5
6286 460 227.5
6287 462 198.5
6288 458.5 195
6289 457.5 194
6290 385.5 303
6291 431 257.5
6292 448 240.5
6293 453.5 235
6294 453 235.5
6295 457.5 231
6296 475.5 211
6297 464.5 200
6298 460.5 196
6299 389 300.5
6300 401.5 288
6301 430 259.5
6302 432.5 257
6303 448 241.5
6304 463 226.5
6305 464 225.5
6306 465 224.5
6307 464.5 199
6308 385 305.5
6309 386 304.5
6310 455 235.5
6311 466 224.5
6312 467 223.5
6313 476.5 210
6314 475.5 209
6315 467 200.5
6316 403.5 288
6317 434 257.5
6318 440.5 251
6319 449 242.5
6320 468 223.5
6321 469 222.5
6322 466 198.5
6323 453.5 239
6324 470 222.5
6325 471 221.5
6326 476 207.5
6327 406.5 287
6328 412 281.5
6329 433 260.5
6330 435 258.5
6331 466 227.5
6332 468 225.5
6333 472 221.5
6334 478 208.5
6335 477.5 208
6336 467 197.5
6337 388.5 306
6338 391.5 303
6339 436 258.5
6340 452.5 242
6341 453.5 241
6342 460 234.5
6343 462 232.5
6344 469.5 225
6345 477 206.5
6346 436 259.5
6347 479 207.5
6348 469.5 198
6349 387 309.5
6350 388 308.5
6351 429 267.5
6352 430 266.5
6353 456 240.5
6354 474 222.5
6355 478 205.5
6356 410 287.5
6357 388 310.5
6358 399.5 299
6359 424 274.5
6360 469 229.5
6361 480 205.5
6362 479.5 205
6363 473 198.5
6364 423 276.5
6365 424 275.5
6366 430 269.5
6367 462.5 237
6368 470.5 229
6369 401.5 299
6370 414 286.5
6371 430.5 270
6372 447 253.5
6373 479 202.5
6374 400.5 301
6375 401.5 300
6376 411 290.5
6377 439 262.5
6378 471.5 230
6379 487 214.5
6380 481.5 204
6381 391 311.5
6382 414 288.5
6383 470 232.5
6384 474 228.5
6385 486.5 216
6386 480 201.5
6387 455 248.5
6388 487 216.5
6389 402 302.5
6390 441 263.5
6391 442.5 262
6392 442 262.5
6393 485 219.5
6394 486 218.5
6395 403.5 302
6396 443 262.5
6397 487.5 218
6398 480.5 199
6399 404 302.5
6400 406.5 300
6401 493.5 213
6402 449 258.5
6403 471 236.5
6404 483 224.5
6405 492.5 215
6406 494.5 211
6407 481.5 198
6408 395.5 313
6409 404.5 304
6410 419 289.5
6411 435.5 273
6412 469.5 239
6413 470.5 238
6414 480 228.5
6415 481 227.5
6416 482.5 226
6417 494.5 210
6418 483 198.5
6419 405 304.5
6420 409.5 300
6421 419 290.5
6422 446 263.5
6423 491.5 218
6424 497 211.5
6425 482 196.5
6426 405 305.5
6427 409 301.5
6428 462 248.5
6429 490.5 220
6430 495.5 209
6431 405.5 306
6432 422.5 289
6433 477 234.5
6434 489.5 222
6435 497 214.5
6436 498 210.5
6437 489 201.5
6438 485 227.5
6439 495.5 217
6440 496.5 208
6441 404 309.5
6442 406.5 307
6443 409.5 304
6444 442 271.5
6445 485.5 228
6446 494.5 219
6447 498.5 209
6448 496.5 207
6449 483.5 194
6450 412.5 302
6451 452 262.5
6452 460.5 254
6453 462 252.5
6454 475.5 239
6455 493.5 221
6456 405.5 310
6457 443 272.5
6458 473.5 242
6459 474.5 241
6460 491 224.5
6461 492.5 223
6462 497.5 206
6463 490.5 199
6464 484.5 193
6465 406.5 310
6466 428 288.5
6467 451.5 265
6468 467.5 249
6469 469 247.5
6470 470 246.5
6471 471.5 245
6472 473 243.5
6473 489.5 227
6474 484 191.5
6475 483.5 191
6476 403 314.5
6477 408 309.5
6478 501.5 208
6479 446 272.5
6480 488 230.5
6481 502 216.5
6482 484.5 190
6483 487 232.5
6484 501 205.5
6485 491.5 196
6486 407 313.5
6487 447 273.5
6488 484.5 236
6489 485 235.5
6490 486 234.5
6491 406.5 315
6492 455.5 266
6493 484 237.5
6494 504 217.5
6495 449 273.5
6496 461 261.5
6497 482.5 240
6498 510.5 212
6499 463 260.5
6500 464 259.5
6501 471 252.5
6502 481 242.5
6503 502.5 203
6504 500.5 201
6505 492.5 193
6506 485.5 186
6507 428.5 296
6508 467 257.5
6509 470.5 254
6510 503 221.5
6511 502 201.5
6512 479 246.5
6513 481 244.5
6514 478 248.5
6515 513.5 211
6516 510.5 208
6517 505 202.5
6518 503 200.5
6519 431 296.5
6520 477 250.5
6521 509.5 218
6522 514.5 213
6523 514 213.5
6524 514.5 211
6525 513.5 210
6526 508.5 205
6527 505.5 202
6528 432.5 296
6529 462.5 266
6530 476 252.5
6531 493.5 189
6532 514 215.5
6533 515 209.5
6534 505 199.5
6535 488 182.5
6536 429.5 301
6537 458 272.5
6538 459 271.5
6539 513 217.5
6540 510.5 204
6541 504.5 198
6542 432.5 299
6543 503.5 228
6544 515 207.5
6545 513 205.5
6546 433.5 299
6547 434.5 298
6548 515.5 217
6549 515 217.5
6550 516.5 216
6551 519 213.5
6552 520 212.5
6553 519 210.5
6554 515 206.5
6555 503.5 195
6556 494.5 186
6557 489.5 181
6558 431.5 302
6559 506 227.5
6560 515 205.5
6561 474 260.5
6562 512 201.5
6563 506.5 196
6564 506 195.5
6565 433.5 302
6566 435 300.5
6567 444.5 291
6568 502.5 233
6569 503.5 232
6570 506.5 229
6571 513.5 202
6572 495 183.5
6573 441 295.5
6574 446 290.5
6575 481.5 255
6576 482.5 254
6577 491.5 245
6578 492.5 244
6579 493.5 243
6580 501.5 235
6581 517.5 205
6582 513 200.5
6583 508.5 196
6584 440 297.5
6585 448 289.5
6586 519 218.5
6587 444.5 294
6588 446 292.5
6589 450 288.5
6590 518 203.5
6591 517.5 203
6592 509 194.5
6593 508 193.5
6594 507 192.5
6595 441.5 298
6596 442.5 297
6597 448 291.5
6598 449 290.5
6599 516.5 201
6600 511.5 196
6601 450 290.5
6602 452.5 288
6603 511.5 229
6604 506.5 190
6605 493 176.5
6606 445 296.5
6607 446.5 295
6608 508 233.5
6609 496 178.5
6610 447.5 295
6611 450 292.5
6612 500.5 242
6613 507 235.5
6614 514.5 228
6615 517 198.5
6616 513 194.5
6617 509.5 191
6618 493.5 175
6619 451.5 292
6620 501.5 242
6621 505 238.5
6622 453.5 291
6623 455 289.5
6624 461 283.5
6625 504 240.5
6626 515 229.5
6627 516 228.5
6628 511 190.5
6629 496 175.5
6630 456.5 289
6631 493 252.5
6632 499 246.5
6633 503 242.5
6634 507 238.5
6635 515 230.5
6636 458.5 288
6637 459.5 287
6638 462 284.5
6639 492 254.5
6640 493 253.5
6641 501 245.5
6642 503 243.5
6643 504.5 242
6644 468.5 279
6645 490.5 257
6646 491 256.5
6647 494 253.5
6648 495 252.5
6649 496.5 251
6650 534.5 211
6651 497 173.5
6652 492 256.5
6653 497 251.5
6654 498.5 250
6655 506.5 242
6656 530 218.5
6657 532 216.5
6658 534.5 214
6659 533 208.5
6660 512 187.5
6661 492.5 168
6662 471 278.5
6663 493 256.5
6664 502.5 247
6665 502 247.5
6666 510.5 239
6667 518 231.5
6668 535.5 210
6669 519.5 194
6670 513.5 188
6671 495.5 170
6672 476 274.5
6673 496.5 254
6674 529 221.5
6675 530 220.5
6676 537.5 211
6677 478.5 273
6678 504 247.5
6679 525.5 226
6680 493.5 166
6681 465.5 287
6682 468 284.5
6683 480.5 272
6684 528.5 224
6685 536.5 208
6686 535 206.5
6687 513.5 185
6688 512.5 184
6689 494 165.5
6690 467.5 286
6691 468.5 285
6692 488 265.5
6693 489.5 264
6694 527 226.5
6695 534.5 219
6696 536 217.5
6697 494.5 165
6698 482.5 272
6699 482 272.5
6700 497 257.5
6701 502 252.5
6702 503 251.5
6703 518 236.5
6704 529.5 199
6705 528.5 198
6706 496.5 166
6707 493 262.5
6708 505 250.5
6709 512 243.5
6710 513.5 242
6711 513 242.5
6712 529 226.5
6713 536 204.5
6714 530.5 199
6715 528.5 197
6716 515 183.5
6717 484.5 272
6718 493 263.5
6719 494.5 262
6720 499.5 257
6721 507 249.5
6722 515.5 241
6723 531 198.5
6724 529 196.5
6725 495 162.5
6726 504 253.5
6727 508.5 249
6728 508 249.5
6729 510.5 177
6730 496.5 163
6731 496 262.5
6732 497.5 261
6733 500 258.5
6734 503 255.5
6735 521 237.5
6736 537 202.5
6737 494.5 265
6738 503.5 256
6739 506 253.5
6740 509.5 250
6741 509 250.5
6742 518.5 241
6743 499.5 164
6744 497.5 162
6745 496 264.5
6746 497 263.5
6747 499 261.5
6748 503.5 257
6749 512.5 248
6750 513 247.5
6751 514.5 246
6752 516 244.5
6753 517.5 243
6754 519.5 241
6755 522 238.5
6756 523 237.5
6757 526.5 234
6758 528.5 232
6759 541.5 205
6760 540.5 204
6761 531.5 195
6762 506.5 255
6763 508 253.5
6764 522 239.5
6765 523.5 238
6766 528 233.5
6767 529.5 232
6768 529 232.5
6769 539.5 202
6770 511.5 174
6771 498.5 264
6772 504 258.5
6773 526 236.5
6774 527.5 235
6775 528.5 190
6776 516.5 178
6777 531 232.5
6778 529.5 235
6779 532 232.5
6780 534.5 230
6781 552 212.5
6782 541.5 201
6783 529 188.5
6784 517 176.5
6785 515 174.5
6786 533.5 232
6787 533 232.5
6788 549.5 216
6789 551 214.5
6790 540.5 199
6791 531.5 235
6792 533 233.5
6793 534.5 232
6794 535.5 231
6795 537 229.5
6796 544.5 222
6797 544 222.5
6798 547 219.5
6799 548.5 218
6800 536 193.5
6801 532 189.5
6802 535.5 232
6803 538.5 229
6804 539.5 228
6805 546.5 221
6806 555.5 212
6807 554.5 211
6808 553 209.5
6809 533 189.5
6810 517.5 174
6811 512.5 169
6812 539.5 229
6813 544.5 224
6814 545.5 223
6815 540 195.5
6816 537.5 193
6817 510 259.5
6818 555 209.5
6819 554 208.5
6820 537 191.5
6821 527.5 181
6822 524.5 178
6823 499.5 153
6824 511.5 260
6825 514 257.5
6826 538.5 191
6827 513 259.5
6828 513.5 165
6829 499 150.5
6830 556 206.5
6831 528 178.5
6832 518 168.5
6833 562 211.5
6834 561.5 211
6835 526.5 176
6836 560.5 215
6837 556 204.5
6838 529 177.5
6839 513.5 162
6840 500.5 149
6841 524.5 252
6842 524 252.5
6843 526 250.5
6844 506 153.5
6845 529.5 176
6846 529 175.5
6847 518.5 165
6848 514.5 160
6849 556 223.5
6850 532 176.5
6851 528 172.5
6852 564 206.5
6853 540.5 183
6854 534.5 177
6855 556 197.5
6856 562.5 203
6857 534.5 175
6858 525.5 166
6859 535.5 249
6860 566.5 206
6861 535 174.5
6862 527 166.5
6863 569 207.5
6864 546.5 185
6865 569 206.5
6866 564 201.5
6867 563.5 201
6868 537.5 175
6869 536 173.5
6870 537.5 250
6871 566 221.5
6872 567 203.5
6873 539.5 249
6874 563.5 199
6875 556 191.5
6876 537 172.5
6877 527 162.5
6878 516.5 152
6879 506.5 142
6880 563 226.5
6881 567 201.5
6882 537.5 172
6883 541.5 249
6884 541 249.5
6885 567.5 201
6886 507 140.5
6887 560 231.5
6888 564.5 227
6889 555 187.5
6890 540 172.5
6891 523.5 156
6892 516.5 149
6893 553 239.5
6894 556.5 236
6895 556 236.5
6896 557.5 235
6897 558.5 234
6898 563 229.5
6899 563.5 195
6900 557 188.5
6901 545 248.5
6902 550.5 243
6903 551.5 242
6904 562.5 231
6905 569 199.5
6906 565.5 196
6907 541 171.5
6908 525 155.5
6909 519 149.5
6910 507 137.5
6911 561 233.5
6912 543.5 173
6913 518 147.5
6914 555 240.5
6915 557 238.5
6916 558.5 237
6917 560 235.5
6918 561 234.5
6919 569 197.5
6920 528.5 157
6921 549 247.5
6922 552.5 244
6923 554 242.5
6924 527.5 155
6925 527 154.5
6926 550.5 247
6927 552 245.5
6928 554.5 243
6929 554 243.5
6930 555.5 242
6931 541 167.5
6932 552.5 246
6933 527 152.5
6934 556 243.5
6935 566 190.5
6936 560.5 185
6937 559 183.5
6938 541.5 166
6939 529 152.5
6940 514 137.5
6941 559.5 182
6942 509 131.5
6943 553 249.5
6944 557.5 179
6945 542 163.5
6946 530 151.5
6947 560.5 181
6948 533 153.5
6949 510 130.5
6950 546.5 258
6951 515.5 135
6952 509.5 128
6953 569 186.5
6954 542.5 160
6955 540.5 158
6956 552 255.5
6957 568.5 185
6958 559.5 176
6959 523.5 139
6960 511 126.5
6961 510.5 126
6962 569 183.5
6963 562 176.5
6964 510.5 125
6965 543 156.5
6966 535 148.5
6967 524.5 138
6968 524 137.5
6969 558 254.5
6970 562.5 174
6971 537 147.5
6972 523.5 133
6973 557.5 258
6974 572 180.5
6975 512 120.5
6976 558 258.5
6977 559 257.5
6978 539 146.5
6979 525.5 133
6980 525 132.5
6981 558.5 259
6982 571.5 178
6983 546.5 152
6984 526 131.5
6985 512.5 118
6986 575 179.5
6987 573.5 178
6988 571.5 176
6989 565 169.5
6990 540.5 145
6991 545.5 149
6992 528.5 132
6993 526.5 129
6994 516 118.5
6995 564 165.5
6996 548.5 150
6997 514 115.5
6998 574 174.5
6999 528 128.5
7000 517 117.5
7001 576 175.5
7002 574 173.5
7003 567 166.5
7004 531.5 131
7005 527 126.5
7006 566 164.5
7007 516.5 115
7008 515 113.5
7009 566.5 163
7010 533.5 130
7011 530 126.5
7012 516.5 113
7013 515.5 112
7014 577 172.5
7015 578.5 173
7016 546 140.5
7017 529 123.5
7018 516 110.5
7019 535.5 129
7020 532 125.5
7021 579 171.5
7022 530 122.5
7023 517.5 109
7024 567 157.5
7025 545 135.5
7026 537.5 128
7027 579.5 169
7028 569.5 159
7029 549.5 139
7030 578.5 167
7031 550 138.5
7032 549.5 137
7033 535 122.5
7034 550.5 137
7035 532.5 119
7036 577.5 163
7037 567 151.5
7038 533.5 118
7039 551 133.5
7040 584 165.5
7041 583 164.5
7042 552 132.5
7043 581 160.5
7044 579.5 159
7045 571 150.5
7046 568 147.5
7047 564.5 144
7048 552.5 131
7049 537 115.5
7050 585 162.5
7051 582.5 160
7052 581 158.5
7053 570.5 148
7054 568.5 146
7055 565.5 143
7056 564.5 142
7057 538 115.5
7058 567.5 144
7059 565.5 142
7060 523.5 100
7061 590.5 166
7062 542 117.5
7063 591.5 166
7064 584.5 159
7065 569 143.5
7066 568.5 143
7067 565.5 140
7068 550 124.5
7069 570 143.5
7070 569 142.5
7071 554.5 128
7072 591 163.5
7073 590 162.5
7074 556.5 129
7075 541 113.5
7076 571 142.5
7077 569 140.5
7078 567.5 139
7079 566.5 138
7080 591 161.5
7081 587 157.5
7082 572 142.5
7083 545 115.5
7084 542.5 113
7085 518.5 96
7086 589.5 159
7087 571.5 141
7088 597.5 166
7089 585.5 154
7090 572 140.5
7091 568.5 137
7092 567.5 136
7093 546 114.5
7094 542.5 111
7095 518 94.5
7096 575.5 143
7097 569 136.5
7098 527 94.5
7099 571 137.5
7100 542.5 109
7101 589 154.5
7102 576.5 142
7103 570 135.5
7104 548 113.5
7105 592 156.5
7106 591.5 156
7107 571.5 136
7108 570.5 135
7109 518.5 90
7110 602.5 166
7111 596 159.5
7112 595.5 159
7113 589 152.5
7114 588.5 152
7115 570 133.5
7116 577.5 140
7117 575 137.5
7118 572 134.5
7119 550 112.5
7120 604 166.5
7121 589 150.5
7122 578 139.5
7123 576.5 138
7124 573.5 135
7125 604.5 167
7126 592 152.5
7127 574.5 135
7128 571 131.5
7129 528.5 89
7130 522 82.5
7131 518 86.5
7132 589 148.5
7133 572.5 132
7134 557 116.5
7135 551.5 111
7136 522.5 82
7137 578.5 137
7138 576 134.5
7139 574 132.5
7140 520 82.5
7141 519 83.5
7142 608 166.5
7143 590.5 148
7144 521 80.5
7145 607.5 164
7146 603 159.5
7147 590 146.5
7148 574.5 131
7149 573.5 130
7150 573 129.5
7151 521.5 79
7152 610.5 166
7153 608.5 164
7154 608 163.5
7155 603.5 159
7156 593 148.5
7157 579.5 135
7158 575.5 131
7159 610 167.5
7160 611 165.5
7161 608.5 163
7162 607 161.5
7163 593.5 148
7164 578.5 133
7165 524.5 79
7166 612 166.5
7167 576 129.5
7168 575.5 129
7169 575 128.5
7170 573.5 127
7171 555.5 109
7172 608.5 161
7173 596.5 149
7174 595.5 148
7175 580.5 133
7176 526.5 79
7177 525.5 78
7178 611 162.5
7179 557 108.5
7180 525.5 77
7181 532.5 83
7182 595.5 145
7183 581 130.5
7184 576 125.5
7185 532 81.5
7186 604.5 153
7187 603.5 152
7188 580.5 129
7189 577.5 126
7190 577 125.5
7191 559 107.5
7192 607 154.5
7193 579.5 127
7194 534 81.5
7195 532.5 80
7196 578 124.5
7197 534.5 81
7198 617.5 169
7199 619 164.5
7200 581 126.5
7201 576.5 122
7202 560.5 106
7203 533.5 79
7204 600.5 145
7205 599.5 144
7206 599 143.5
7207 598 142.5
7208 583 127.5
7209 581.5 126
7210 578 122.5
7211 564.5 109
7212 554 98.5
7213 535.5 80
7214 622 165.5
7215 618 161.5
7216 614 157.5
7217 610 153.5
7218 580.5 124
7219 619.5 170
7220 618.5 161
7221 613.5 156
7222 613 155.5
7223 612 154.5
7224 608.5 151
7225 583.5 126
7226 581 123.5
7227 578 120.5
7228 563 105.5
7229 555 97.5
7230 535.5 78
7231 535 77.5
7232 624 166.5
7233 621 162.5
7234 602.5 144
7235 600.5 142
7236 599 140.5
7237 597 138.5
7238 567.5 109
7239 536.5 78
7240 624.5 165
7241 598.5 139
7242 597.5 138
7243 582 122.5
7244 603 142.5
7245 600.5 140
7246 578.5 118
7247 538 77.5
7248 625.5 164
7249 605.5 144
7250 596.5 135
7251 584 122.5
7252 583 121.5
7253 569.5 108
7254 557.5 96
7255 621 158.5
7256 619 156.5
7257 583.5 121
7258 558.5 96
7259 622.5 159
7260 613.5 150
7261 600.5 137
7262 593.5 130
7263 563 99.5
7264 540 76.5
7265 628.5 164
7266 623 158.5
7267 619 154.5
7268 598 133.5
7269 582 117.5
7270 571.5 107
7271 621 155.5
7272 602.5 137
7273 600 134.5
7274 586.5 121
7275 581.5 116
7276 560.5 95
7277 626 172.5
7278 626 159.5
7279 624 157.5
7280 623 156.5
7281 606 139.5
7282 594.5 128
7283 573.5 107
7284 627.5 172
7285 607 139.5
7286 604 136.5
7287 600.5 133
7288 597.5 130
7289 595.5 128
7290 600 131.5
7291 588 119.5
7292 587 118.5
7293 548 79.5
7294 629.5 172
7295 632 162.5
7296 623 153.5
7297 621.5 152
7298 620.5 151
7299 619 149.5
7300 618 148.5
7301 617 147.5
7302 608.5 139
7303 607.5 138
7304 606.5 137
7305 604 134.5
7306 602.5 133
7307 594.5 125
7308 588 118.5
7309 584 114.5
7310 583.5 114
7311 561.5 92
7312 629 173.5
7313 632 161.5
7314 625 154.5
7315 616.5 146
7316 615.5 145
7317 614.5 144
7318 613.5 143
7319 612.5 142
7320 611.5 141
7321 596.5 126
7322 586.5 116
7323 550.5 80
7324 627.5 156
7325 599.5 128
7326 599 127.5
7327 595.5 124
7328 629 156.5
7329 628 155.5
7330 606 133.5
7331 600.5 128
7332 597 124.5
7333 552.5 80
7334 639.5 166
7335 631.5 158
7336 612 138.5
7337 609 135.5
7338 607 133.5
7339 606 132.5
7340 604.5 131
7341 591 117.5
7342 588.5 115
7343 614 139.5
7344 611 136.5
7345 607.5 133
7346 615.5 140
7347 609.5 134
7348 605.5 130
7349 609 132.5
7350 607.5 131
7351 590 113.5
7352 608 130.5
7353 605.5 128
7354 591.5 114
7355 636.5 158
7356 635.5 157
7357 587.5 109
7358 558.5 80
7359 637.5 158
7360 635.5 156
7361 622 142.5
7362 610.5 131
7363 609 129.5
7364 607 127.5
7365 605.5 126
7366 593.5 114
7367 588 108.5
7368 636.5 156
7369 624.5 144
7370 624 143.5
7371 612 131.5
7372 588 107.5
7373 580.5 100
7374 637.5 176
7375 623.5 142
7376 611.5 130
7377 609 127.5
7378 606.5 125
7379 594 112.5
7380 647.5 165
7381 626 143.5
7382 625.5 143
7383 624.5 142
7384 624 141.5
7385 623.5 141
7386 617 134.5
7387 605.5 123
7388 628 144.5
7389 626.5 143
7390 613 129.5
7391 610.5 127
7392 595 111.5
7393 591 107.5
7394 590 106.5
7395 564.5 81
7396 551.5 68
7397 626 141.5
7398 625.5 141
7399 619 134.5
7400 609 124.5
7401 567 82.5
7402 625.5 140
7403 614 128.5
7404 608 122.5
7405 596 110.5
7406 569 83.5
7407 642 176.5
7408 649.5 163
7409 626.5 140
7410 625 138.5
7411 597 110.5
7412 554 67.5
7413 645 157.5
7414 642.5 155
7415 626.5 139
7416 611.5 124
7417 572 84.5
7418 554 66.5
7419 645 156.5
7420 630.5 142
7421 624.5 136
7422 624 135.5
7423 614.5 126
7424 609.5 121
7425 642 152.5
7426 630 140.5
7427 629.5 140
7428 627.5 138
7429 626.5 137
7430 654.5 164
7431 631.5 141
7432 629.5 139
7433 628.5 138
7434 625 134.5
7435 648.5 157
7436 645 153.5
7437 642 150.5
7438 629.5 138
7439 628.5 137
7440 627.5 136
7441 615.5 124
7442 614 122.5
7443 657 167.5
7444 643.5 151
7445 625.5 133
7446 613 120.5
7447 570.5 78
7448 657 168.5
7449 647.5 154
7450 629.5 136
7451 613.5 120
7452 582 88.5
7453 576.5 83
7454 557 63.5
7455 651 156.5
7456 648.5 154
7457 641 146.5
7458 631.5 137
7459 630.5 136
7460 629.5 135
7461 625.5 131
7462 620 125.5
7463 619.5 125
7464 617 122.5
7465 615.5 121
7466 615 120.5
7467 594 99.5
7468 649.5 154
7469 642.5 147
7470 618.5 123
7471 617 121.5
7472 578.5 83
7473 577.5 82
7474 576 80.5
7475 648.5 152
7476 641 144.5
7477 577 80.5
7478 650 179.5
7479 657.5 172
7480 663 166.5
7481 653.5 156
7482 648 150.5
7483 644 146.5
7484 579 81.5
7485 559.5 62
7486 662 163.5
7487 643.5 145
7488 622.5 124
7489 620 121.5
7490 600 101.5
7491 665 166.5
7492 663.5 164
7493 663 163.5
7494 618 118.5
7495 616.5 117
7496 561.5 62
7497 665.5 167
7498 665 167.5
7499 661 160.5
7500 660.5 160
7501 639 138.5
7502 578.5 78
7503 667 165.5
7504 665 163.5
7505 664.5 163
7506 654.5 153
7507 652.5 151
7508 647.5 146
7509 642.5 141
7510 573 71.5
7511 571.5 70
7512 664 161.5
7513 663.5 161
7514 661.5 159
7515 582 79.5
7516 563.5 61
7517 654.5 181
7518 666.5 163
7519 665.5 162
7520 662 158.5
7521 641 137.5
7522 640 136.5
7523 639 135.5
7524 637.5 134
7525 573.5 70
7526 667.5 169
7527 667 169.5
7528 668.5 168
7529 616 111.5
7530 664 173.5
7531 670.5 165
7532 668 162.5
7533 663 157.5
7534 661.5 156
7535 661 155.5
7536 626 120.5
7537 618 112.5
7538 664 174.5
7539 672 166.5
7540 665.5 159
7541 660 153.5
7542 639 132.5
7543 636 129.5
7544 624 117.5
7545 623 116.5
7546 667 172.5
7547 669 170.5
7548 671.5 168
7549 671 163.5
7550 667.5 160
7551 643.5 136
7552 642 134.5
7553 626 118.5
7554 580.5 73
7555 568.5 61
7556 667 173.5
7557 667 158.5
7558 665.5 157
7559 661.5 153
7560 639 130.5
7561 581 72.5
7562 570 61.5
7563 669 172.5
7564 671.5 170
7565 671 161.5
7566 664 154.5
7567 660 150.5
7568 610.5 101
7569 667.5 175
7570 676.5 166
7571 670.5 160
7572 659.5 149
7573 637 126.5
7574 635.5 125
7575 634 123.5
7576 632.5 122
7577 614.5 104
7578 664.5 153
7579 636.5 125
7580 633 121.5
7581 572.5 61
7582 665 179.5
7583 667.5 177
7584 669 175.5
7585 677 164.5
7586 666 153.5
7587 664.5 152
7588 615 102.5
7589 667 178.5
7590 679 166.5
7591 673 159.5
7592 666.5 153
7593 616.5 103
7594 675.5 161
7595 672.5 158
7596 665 150.5
7597 643.5 129
7598 621 106.5
7599 620.5 106
7600 669 178.5
7601 679.5 168
7602 673 157.5
7603 660.5 145
7604 645.5 130
7605 617 101.5
7606 616 100.5
7607 667.5 181
7608 675.5 173
7609 681.5 167
7610 681 164.5
7611 678.5 162
7612 666.5 150
7613 665.5 149
7614 664.5 148
7615 666 183.5
7616 677 159.5
7617 664 146.5
7618 655.5 138
7619 624 106.5
7620 615.5 98
7621 614.5 97
7622 584 66.5
7623 680.5 170
7624 684.5 166
7625 679 160.5
7626 676.5 158
7627 662.5 144
7628 627 108.5
7629 620.5 102
7630 667.5 184
7631 669 182.5
7632 678.5 159
7633 677.5 158
7634 661 141.5
7635 660 140.5
7636 630 110.5
7637 619.5 100
7638 616 96.5
7639 671.5 181
7640 671 150.5
7641 662 141.5
7642 660.5 140
7643 654 133.5
7644 669.5 184
7645 678.5 157
7646 675 153.5
7647 668.5 147
7648 655.5 134
7649 652 130.5
7650 639 117.5
7651 617.5 96
7652 616.5 95
7653 671.5 183
7654 673.5 181
7655 674.5 152
7656 656.5 134
7657 651.5 129
7658 641 118.5
7659 624 101.5
7660 589 66.5
7661 685 161.5
7662 677.5 154
7663 650.5 127
7664 641.5 118
7665 618.5 95
7666 617.5 94
7667 577.5 54
7668 670.5 186
7669 667.5 143
7670 662 137.5
7671 661 136.5
7672 660 135.5
7673 659 134.5
7674 655.5 131
7675 652 127.5
7676 650.5 126
7677 648 123.5
7678 647.5 123
7679 643.5 119
7680 641.5 117
7681 585.5 61
7682 691.5 166
7683 691 165.5
7684 688 162.5
7685 683 157.5
7686 661 135.5
7687 649.5 124
7688 647 121.5
7689 645 119.5
7690 642.5 117
7691 641 115.5
7692 594 68.5
7693 587.5 62
7694 580 54.5
7695 674 184.5
7696 681 177.5
7697 683 175.5
7698 692.5 166
7699 689.5 163
7700 689 162.5
7701 687.5 161
7702 681.5 155
7703 660.5 134
7704 659.5 133
7705 657 130.5
7706 652 125.5
7707 647 120.5
7708 645.5 119
7709 643.5 117
7710 615.5 89
7711 673.5 186
7712 674 185.5
7713 691 168.5
7714 690 162.5
7715 688.5 161
7716 682 154.5
7717 679 151.5
7718 677.5 150
7719 670 142.5
7720 668.5 141
7721 667.5 140
7722 667 139.5
7723 657.5 130
7724 656 128.5
7725 645.5 118
7726 643.5 116
7727 641.5 114
7728 628 100.5
7729 627 99.5
7730 582 54.5
7731 665.5 195
7732 686.5 174
7733 693.5 167
7734 694 165.5
7735 692.5 164
7736 689.5 161
7737 684 155.5
7738 655 126.5
7739 654.5 126
7740 652.5 124
7741 651 122.5
7742 649.5 121
7743 643.5 115
7744 604 75.5
7745 603 74.5
7746 591.5 63
7747 673.5 188
7748 674.5 187
7749 684.5 177
7750 695 166.5
7751 694.5 165
7752 688.5 159
7753 687.5 158
7754 685 155.5
7755 679.5 150
7756 675.5 146
7757 673.5 144
7758 658.5 129
7759 655 125.5
7760 605 75.5
7761 593.5 64
7762 583 53.5
7763 680.5 182
7764 682 180.5
7765 694.5 168
7766 692 161.5
7767 691.5 161
7768 683 152.5
7769 682 151.5
7770 678.5 148
7771 678 147.5
7772 669.5 139
7773 656 125.5
7774 654.5 124
7775 653 122.5
7776 651.5 121
7777 650.5 120
7778 645 114.5
7779 644 113.5
7780 613 82.5
7781 583.5 53
7782 690.5 159
7783 685.5 154
7784 679.5 148
7785 678.5 147
7786 677 145.5
7787 675.5 144
7788 674 142.5
7789 651.5 120
7790 648.5 117
7791 643 111.5
7792 642 110.5
7793 597.5 66
7794 596 64.5
7795 586 54.5
7796 585 53.5
7797 665.5 199
7798 667.5 197
7799 681.5 183
7800 682 182.5
7801 694 161.5
7802 693 160.5
7803 692 159.5
7804 691.5 159
7805 690.5 158
7806 689.5 157
7807 676.5 144
7808 675.5 143
7809 670.5 138
7810 669.5 137
7811 653.5 121
7812 652.5 120
7813 651.5 119
7814 651 118.5
7815 641.5 109
7816 612.5 80
7817 605 72.5
7818 584.5 52
7819 665 200.5
7820 697 168.5
7821 699.5 166
7822 697 163.5
7823 691 157.5
7824 684 150.5
7825 683 149.5
7826 681.5 148
7827 681 147.5
7828 679.5 146
7829 674.5 141
7830 674 140.5
7831 667.5 134
7832 645.5 112
7833 645 111.5
7834 623.5 90
7835 612 78.5
7836 609.5 76
7837 608.5 75
7838 606.5 73
7839 605 71.5
7840 602.5 69
7841 601 67.5
7842 599.5 66
7843 667.5 199
7844 673.5 193
7845 699.5 167
7846 698 163.5
7847 694.5 160
7848 693.5 159
7849 688 153.5
7850 678.5 144
7851 669.5 135
7852 607 72.5
7853 606.5 72
7854 603.5 69
7855 603 68.5
7856 675.5 192
7857 675 192.5
7858 684.5 183
7859 686 181.5
7860 688.5 179
7861 701 165.5
7862 700.5 165
7863 695 159.5
7864 692.5 157
7865 691 155.5
7866 690 154.5
7867 682.5 147
7868 676 140.5
7869 674.5 139
7870 665.5 130
7871 644 108.5
7872 606.5 71
7873 604 68.5
7874 666 202.5
7875 674.5 194
7876 688 180.5
7877 693 175.5
7878 702 166.5
7879 701.5 165
7880 687.5 151
7881 686 149.5
7882 684.5 148
7883 682 145.5
7884 680 143.5
7885 679 142.5
7886 674.5 138
7887 665.5 129
7888 664.5 128
7889 644 107.5
7890 641 104.5
7891 635.5 99
7892 634.5 98
7893 605.5 69
7894 676 193.5
7895 701 168.5
7896 703.5 166
7897 677.5 140
7898 675.5 138
7899 673 135.5
7900 672.5 135
7901 669.5 132
7902 667.5 130
7903 642.5 105
7904 636.5 99
7905 700 161.5
7906 699 160.5
7907 698 159.5
7908 695.5 157
7909 694.5 156
7910 693.5 155
7911 691 152.5
7912 690.5 152
7913 678.5 140
7914 677.5 139
7915 676.5 138
7916 674.5 136
7917 672.5 134
7918 671 132.5
7919 670 131.5
7920 668 129.5
7921 638 99.5
7922 586 47.5
7923 701.5 170
7924 704.5 167
7925 698.5 159
7926 697 157.5
7927 692.5 153
7928 688.5 149
7929 684 144.5
7930 682.5 143
7931 671.5 132
7932 669.5 130
7933 664.5 125
7934 664 124.5
7935 663 123.5
7936 661.5 122
7937 652.5 113
7938 667 205.5
7939 683.5 189
7940 684.5 188
7941 690.5 182
7942 702.5 170
7943 704.5 168
7944 670.5 130
7945 669 128.5
7946 668 127.5
7947 667 126.5
7948 662 121.5
7949 659.5 119
7950 651 110.5
7951 648.5 108
7952 682.5 191
7953 689.5 184
7954 690.5 183
7955 695 178.5
7956 699 174.5
7957 700.5 173
7958 700 173.5
7959 703 170.5
7960 705 168.5
7961 706 167.5
7962 706.5 165
7963 679.5 138
7964 678 136.5
7965 675 133.5
7966 669.5 128
7967 667.5 126
7968 664.5 123
7969 663.5 122
7970 657.5 116
7971 654.5 113
7972 650.5 109
7973 650 108.5
7974 684.5 190
7975 690.5 184
7976 705 169.5
7977 708 166.5
7978 689.5 147
7979 688.5 146
7980 676.5 134
7981 670.5 128
7982 669.5 127
7983 663.5 121
7984 659.5 117
7985 649.5 107
7986 648.5 106
7987 644 101.5
7988 675 200.5
7989 683.5 192
7990 686.5 189
7991 689.5 186
7992 689 186.5
7993 704.5 171
7994 707 168.5
7995 709.5 166
7996 695 151.5
7997 694 150.5
7998 693 149.5
7999 688.5 145
8000 687.5 144
8001 676 132.5
8002 667 123.5
8003 660.5 117
8004 653 109.5
8005 652 108.5
8006 648 104.5
8007 688 188.5
8008 691.5 185
8009 701.5 175
8010 706 170.5
8011 707 169.5
8012 709 167.5
8013 710 166.5
8014 701 156.5
8015 693 148.5
8016 666 121.5
8017 656 111.5
8018 655 110.5
8019 651.5 107
8020 646.5 102
8021 667.5 210
8022 693.5 184
8023 704.5 173
8024 707 170.5
8025 709.5 168
8026 706.5 161
8027 705.5 160
8028 702.5 157
8029 700 154.5
8030 699 153.5
8031 698 152.5
8032 697 151.5
8033 696.5 151
8034 695 149.5
8035 691 145.5
8036 685.5 140
8037 648.5 103
8038 691 187.5
8039 707.5 171
8040 711.5 167
8041 709 162.5
8042 698 151.5
8043 696.5 150
8044 694 147.5
8045 692.5 146
8046 692 145.5
8047 691 144.5
8048 687 140.5
8049 682.5 136
8050 667.5 121
8051 664 117.5
8052 650.5 104
8053 693 186.5
8054 694.5 185
8055 711.5 168
8056 711 163.5
8057 693 145.5
8058 692 144.5
8059 690 142.5
8060 689.5 142
8061 688.5 141
8062 652.5 105
8063 685.5 195
8064 692.5 188
8065 704.5 176
8066 712 168.5
8067 713 164.5
8068 711.5 163
8069 710.5 162
8070 708.5 160
8071 706 157.5
8072 705.5 157
8073 691 142.5
8074 668 119.5
8075 661.5 113
8076 660 111.5
8077 655 106.5
8078 654 105.5
8079 683.5 198
8080 698.5 183
8081 690 140.5
8082 663.5 114
8083 659 109.5
8084 658 108.5
8085 657 107.5
8086 668.5 214
8087 669 213.5
8088 696.5 186
8089 696 186.5
8090 698.5 184
8091 704 178.5
8092 706.5 176
8093 707 175.5
8094 674.5 124
8095 677.5 206
8096 680 203.5
8097 694.5 189
8098 694 189.5
8099 709.5 174
8100 710 173.5
8101 677.5 207
8102 705 179.5
8103 709.5 175
8104 710 174.5
8105 711 173.5
8106 708.5 177
8107 710 175.5
8108 678.5 208
8109 695 191.5
8110 705 181.5
8111 709.5 177
8112 711.5 175
8113 713 173.5
8114 684.5 130
8115 684 129.5
8116 670 217.5
8117 682 205.5
8118 696.5 191
8119 705 182.5
8120 707.5 180
8121 714.5 173
8122 684 128.5
8123 670.5 218
8124 670 218.5
8125 706 182.5
8126 711.5 177
8127 705.5 184
8128 706 183.5
8129 713 176.5
8130 714 175.5
8131 679.5 211
8132 682.5 208
8133 685.5 205
8134 697 193.5
8135 702.5 188
8136 709.5 181
8137 715.5 176
8138 717.5 174
8139 684.5 208
8140 686.5 206
8141 698 194.5
8142 703.5 189
8143 715 177.5
8144 672.5 221
8145 684 209.5
8146 700 193.5
8147 707.5 186
8148 712.5 181
8149 717 176.5
8150 684 210.5
8151 686 208.5
8152 699 195.5
8153 719 175.5
8154 700.5 195
8155 701 194.5
8156 708.5 187
8157 712 183.5
8158 715 180.5
8159 717.5 178
8160 673.5 223
8161 699.5 197
8162 701 195.5
8163 720.5 176
8164 672.5 225
8165 686 211.5
8166 687 210.5
8167 699.5 198
8168 700.5 197
8169 709 188.5
8170 716.5 181
8171 718 179.5
8172 719.5 178
8173 700 198.5
8174 701 197.5
8175 714 184.5
8176 720.5 178
8177 720 178.5
8178 721.5 177
8179 674 225.5
8180 721.5 178
8181 718 182.5
8182 719.5 181
8183 702.5 199
8184 706.5 195
8185 720 181.5
8186 722.5 179
8187 723 178.5
8188 724.5 177
8189 675.5 227
8190 719 183.5
8191 723 179.5
8192 675.5 228
8193 675 228.5
8194 723 180.5
8195 685 219.5
8196 688.5 216
8197 704 200.5
8198 721.5 183
8199 722.5 182
8200 723 181.5
8201 689 216.5
8202 713 192.5
8203 720.5 185
8204 721.5 184
8205 724 181.5
8206 725 180.5
8207 676.5 230
8208 686 220.5
8209 724.5 182
8210 690 217.5
8211 714 193.5
8212 723.5 184
8213 729 178.5
8214 706.5 202
8215 714.5 194
8216 722.5 186
8217 723 185.5
8218 725 183.5
8219 678 231.5
8220 691 218.5
8221 709.5 200
8222 727.5 182
8223 724 186.5
8224 725.5 185
8225 725 185.5
8226 728.5 182
8227 688.5 223
8228 708 203.5
8229 710.5 201
8230 716 195.5
8231 723.5 188
8232 727 184.5
8233 729 182.5
8234 679.5 233
8235 692.5 220
8236 690 223.5
8237 730.5 183
8238 709.5 205
8239 717.5 197
8240 725 189.5
8241 729.5 185
8242 694 221.5
8243 722.5 193
8244 728.5 187
8245 730.5 185
8246 730 186.5
8247 731 185.5
8248 733.5 183
8249 739.5 177
8250 681.5 236
8251 706.5 211
8252 711.5 206
8253 719 198.5
8254 726.5 191
8255 727.5 190
8256 730 187.5
8257 733.5 184
8258 682.5 236
8259 693 225.5
8260 736 182.5
8261 712.5 207
8262 720 199.5
8263 728.5 191
8264 735.5 184
8265 681.5 239
8266 683.5 237
8267 725 195.5
8268 732.5 188
8269 707.5 214
8270 714 207.5
8271 715.5 206
8272 716.5 205
8273 726 195.5
8274 722 200.5
8275 739.5 183
8276 742.5 180
8277 743.5 179
8278 688 235.5
8279 707.5 216
8280 727 196.5
8281 730.5 193
8282 730 193.5
8283 744.5 179
8284 697.5 227
8285 716 208.5
8286 723 201.5
8287 731 193.5
8288 732 192.5
8289 685.5 240
8290 709.5 216
8291 735 190.5
8292 736 189.5
8293 686 240.5
8294 713.5 213
8295 719 207.5
8296 740.5 186
8297 745 181.5
8298 746.5 180
8299 711 216.5
8300 717.5 210
8301 724.5 203
8302 732 195.5
8303 736 191.5
8304 747.5 180
8305 710 218.5
8306 736.5 192
8307 744.5 184
8308 688 241.5
8309 730 199.5
8310 736 193.5
8311 742.5 187
8312 745 184.5
8313 747 182.5
8314 712 218.5
8315 733.5 197
8316 734.5 196
8317 736.5 194
8318 737.5 193
8319 738 192.5
8320 745 185.5
8321 720.5 211
8322 726.5 205
8323 731 200.5
8324 746.5 185
8325 705.5 227
8326 708.5 224
8327 714.5 218
8328 716 216.5
8329 723 209.5
8330 734.5 198
8331 735.5 197
8332 744.5 188
8333 746 186.5
8334 751 181.5
8335 691 242.5
8336 712 221.5
8337 722 211.5
8338 728 205.5
8339 732 201.5
8340 739.5 194
8341 684 250.5
8342 715.5 219
8343 717 217.5
8344 724 210.5
8345 728.5 206
8346 733 201.5
8347 735.5 199
8348 747 187.5
8349 748 186.5
8350 752 182.5
8351 685 250.5
8352 692.5 243
8353 713 222.5
8354 717 218.5
8355 725 210.5
8356 728 207.5
8357 740.5 195
8358 743 192.5
8359 752.5 183
8360 723.5 213
8361 729.5 207
8362 734 202.5
8363 742.5 194
8364 748 188.5
8365 751.5 185
8366 686 251.5
8367 692 245.5
8368 704.5 233
8369 711 226.5
8370 737.5 200
8371 741.5 196
8372 744 193.5
8373 749 188.5
8374 755.5 182
8375 685.5 253
8376 695.5 243
8377 715.5 223
8378 729.5 209
8379 735 203.5
8380 740 198.5
8381 750.5 188
8382 687.5 252
8383 706 233.5
8384 715.5 224
8385 731 208.5
8386 753 186.5
8387 754.5 185
8388 755 184.5
8389 757.5 182
8390 726.5 214
8391 741 199.5
8392 743 197.5
8393 748.5 192
8394 754 186.5
8395 758.5 182
8396 759 181.5
8397 687 254.5
8398 697 244.5
8399 714.5 227
8400 732.5 209
8401 752.5 189
8402 695.5 247
8403 715 227.5
8404 721 221.5
8405 723 219.5
8406 731.5 211
8407 737 205.5
8408 740 202.5
8409 742 200.5
8410 760.5 182
8411 694 249.5
8412 698.5 245
8413 729.5 214
8414 754 189.5
8415 757.5 186
8416 757 186.5
8417 760 183.5
8418 716 228.5
8419 738 206.5
8420 740.5 204
8421 760.5 184
8422 689 256.5
8423 696 249.5
8424 718.5 227
8425 723.5 222
8426 757 188.5
8427 762.5 183
8428 695.5 251
8429 701 245.5
8430 717.5 229
8431 753.5 193
8432 757.5 189
8433 760.5 186
8434 690 257.5
8435 696 251.5
8436 725 222.5
8437 735.5 212
8438 741.5 206
8439 698 250.5
8440 725 223.5
8441 726.5 222
8442 747 201.5
8443 756.5 192
8444 758.5 190
8445 763 185.5
8446 691.5 258
8447 703.5 246
8448 719 230.5
8449 725 224.5
8450 737.5 212
8451 741 208.5
8452 752 197.5
8453 754 195.5
8454 755 194.5
8455 763.5 186
8456 765.5 184
8457 698 252.5
8458 727 223.5
8459 760 190.5
8460 694 257.5
8461 720.5 231
8462 728.5 223
8463 749 202.5
8464 756 195.5
8465 758 193.5
8466 762 189.5
8467 699 253.5
8468 705.5 247
8469 722.5 230
8470 729.5 223
8471 739 213.5
8472 743 209.5
8473 744 208.5
8474 747 205.5
8475 757 195.5
8476 694.5 259
8477 716.5 237
8478 726.5 227
8479 752.5 201
8480 756 197.5
8481 702 252.5
8482 727 227.5
8483 731 223.5
8484 732 222.5
8485 744 210.5
8486 750.5 204
8487 754.5 200
8488 762 192.5
8489 724 231.5
8490 740.5 215
8491 745 210.5
8492 746 209.5
8493 757 198.5
8494 761 194.5
8495 764 192.5
8496 697.5 260
8497 702 255.5
8498 708.5 249
8499 734 223.5
8500 736 221.5
8501 742 215.5
8502 746 211.5
8503 752.5 205
8504 757.5 200
8505 733.5 225
8506 734.5 224
8507 765.5 193
8508 769 189.5
8509 710 249.5
8510 725 234.5
8511 733 226.5
8512 736 223.5
8513 751.5 208
8514 754.5 205
8515 759 200.5
8516 704.5 256
8517 748 212.5
8518 762 198.5
8519 771 189.5
8520 772.5 188
8521 736.5 225
8522 765.5 196
8523 711.5 251
8524 756 206.5
8525 769 193.5
8526 703.5 260
8527 708 255.5
8528 745.5 218
8529 762 201.5
8530 767.5 196
8531 775 188.5
8532 713 251.5
8533 760.5 204
8534 761 203.5
8535 766 198.5
8536 708.5 257
8537 757.5 208
8538 776.5 189
8539 719.5 247
8540 741 225.5
8541 770.5 196
8542 773.5 193
8543 776 190.5
8544 779.5 187
8545 781 185.5
8546 710 257.5
8547 711 256.5
8548 719 248.5
8549 741.5 226
8550 742 225.5
8551 759 208.5
8552 765 202.5
8553 762.5 206
8554 717 252.5
8555 721.5 248
8556 741 228.5
8557 721 249.5
8558 743.5 227
8559 760 210.5
8560 779 191.5
8561 780 190.5
8562 750 221.5
8563 765 206.5
8564 772 199.5
8565 715.5 257
8566 723 249.5
8567 724 248.5
8568 785 187.5
8569 716 257.5
8570 751 222.5
8571 768 205.5
8572 715 259.5
8573 765.5 209
8574 721.5 254
8575 724.5 251
8576 726.5 249
8577 773 202.5
8578 726 250.5
8579 753 223.5
8580 775.5 201
8581 722.5 255
8582 771.5 206
8583 728 250.5
8584 729 249.5
8585 766.5 212
8586 771 207.5
8587 778 200.5
8588 781 197.5
8589 719 260.5
8590 762 217.5
8591 780 199.5
8592 781 198.5
8593 721 259.5
8594 725.5 255
8595 748.5 232
8596 749.5 231
8597 767.5 213
8598 774.5 206
8599 749 232.5
8600 786 195.5
8601 778.5 204
8602 781 201.5
8603 782.5 200
8604 770 213.5
8605 778.5 205
8606 780 203.5
8607 781.5 202
8608 723.5 261
8609 728.5 256
8610 759.5 225
8611 765 219.5
8612 766.5 218
8613 781.5 203
8614 781 203.5
8615 730 255.5
8616 731.5 254
8617 770 215.5
8618 781 204.5
8619 790 195.5
8620 730.5 256
8621 766 220.5
8622 771.5 215
8623 774 212.5
8624 791 195.5
8625 725.5 262
8626 733 254.5
8627 772.5 215
8628 774 213.5
8629 786 201.5
8630 727 261.5
8631 784.5 204
8632 789 199.5
8633 765 224.5
8634 769.5 220
8635 769 220.5
8636 775.5 214
8637 779 210.5
8638 727.5 263
8639 788 202.5
8640 770.5 221
8641 775 216.5
8642 776.5 215
8643 799 193.5
8644 731 262.5
8645 757 236.5
8646 794 199.5
8647 731.5 263
8648 772 222.5
8649 776.5 218
8650 779 215.5
8651 783 211.5
8652 778.5 217
8653 739.5 257
8654 778 218.5
8655 779 217.5
8656 796.5 200
8657 739.5 258
8658 769.5 228
8659 779.5 218
8660 802.5 195
8661 758 240.5
8662 799 199.5
8663 745.5 254
8664 776.5 223
8665 804.5 195
8666 739 261.5
8667 746.5 254
8668 759.5 242
8669 759 242.5
8670 781.5 220
8671 786 215.5
8672 802 199.5
8673 739.5 263
8674 740 262.5
8675 745.5 258
8676 761.5 242
8677 807 196.5
8678 781 223.5
8679 795.5 209
8680 742.5 263
8681 808 197.5
8682 784.5 222
8683 750 257.5
8684 765 243.5
8685 790.5 218
8686 795 213.5
8687 810 198.5
8688 751 258.5
8689 771.5 238
8690 771 238.5
8691 806.5 204
8692 767 244.5
8693 787 224.5
8694 806 205.5
8695 772.5 240
8696 812.5 200
8697 801.5 212
8698 785.5 229
8699 786.5 228
8700 751 264.5
8701 757 258.5
8702 770 245.5
8703 756.5 260
8704 759.5 257
8705 758 259.5
8706 783 234.5
8707 788 229.5
8708 798 219.5
8709 775.5 243
8710 793 225.5
8711 796 222.5
8712 761 258.5
8713 775 245.5
8714 777.5 243
8715 801.5 219
8716 765 256.5
8717 815 206.5
8718 782 240.5
8719 791 231.5
8720 792 230.5
8721 814 208.5
8722 779 244.5
8723 790 234.5
8724 819 205.5
8725 770 255.5
8726 783.5 242
8727 806 219.5
8728 824.5 201
8729 762.5 264
8730 766.5 260
8731 769 257.5
8732 781 245.5
8733 784.5 242
8734 813 213.5
8735 772.5 255
8736 797.5 230
8737 765 263.5
8738 822 206.5
8739 826.5 202
8740 827 201.5
8741 774.5 255
8742 776.5 253
8743 786 243.5
8744 799.5 230
8745 809 220.5
8746 813.5 216
8747 813 216.5
8748 773 257.5
8749 794 236.5
8750 772.5 259
8751 779 252.5
8752 789 242.5
8753 814 217.5
8754 788.5 244
8755 811.5 221
8756 813.5 220
8757 825.5 208
8758 832 201.5
8759 781.5 253
8760 782.5 252
8761 796.5 238
8762 796 238.5
8763 799.5 235
8764 814 220.5
8765 778.5 257
8766 817 218.5
8767 780 256.5
8768 816.5 220
8769 780 257.5
8770 827 210.5
8771 786 252.5
8772 787.5 252
8773 834 205.5
8774 785 255.5
8775 810.5 230
8776 835 205.5
8777 784.5 257
8778 812.5 229
8779 829.5 212
8780 788 254.5
8781 789.5 253
8782 836 206.5
8783 838.5 204
8784 791.5 252
8785 804 239.5
8786 807.5 236
8787 808.5 235
8788 841 202.5
8789 842 200.5
8790 781 263.5
8791 833 211.5
8792 831.5 214
8793 835 210.5
8794 836 209.5
8795 783 263.5
8796 810 236.5
8797 841.5 205
8798 836 211.5
8799 786 262.5
8800 787 261.5
8801 814 235.5
8802 815.5 234
8803 799.5 251
8804 817.5 233
8805 843 207.5
8806 789 262.5
8807 794.5 257
8808 795 256.5
8809 821.5 232
8810 822.5 231
8811 838 215.5
8812 840 214.5
8813 801 254.5
8814 804.5 251
8815 814.5 241
8816 815 240.5
8817 816 239.5
8818 818.5 237
8819 838 217.5
8820 839 216.5
8821 840.5 215
8822 841.5 214
8823 802.5 254
8824 806.5 251
8825 805 253.5
8826 809.5 250
8827 810 252.5
8828 814 248.5
8829 825.5 239
8830 839 225.5
8831 840.5 224
8832 817.5 248
8833 829 236.5
8834 830.5 235
8835 831.5 234
8836 835.5 230
8837 837 228.5
8838 838 227.5
8839 839 226.5
8840 843.5 222
8841 844.5 221
8842 846 219.5
8843 847 218.5
8844 851 214.5
8845 852 213.5
8846 861.5 204
8847 835 231.5
8848 836 230.5
8849 838 228.5
8850 848.5 218
8851 849.5 217
8852 851 215.5
8853 847 220.5
8854 823.5 245
8855 841.5 227
8856 856 212.5
8857 866.5 200
8858 825.5 244
8859 842.5 227
8860 847.5 222
8861 848.5 221
8862 811 259.5
8863 816 254.5
8864 827 243.5
8865 847 223.5
8866 848 222.5
8867 868 199.5
8868 817 254.5
8869 829.5 242
8870 830.5 241
8871 835 236.5
8872 845.5 226
8873 847.5 224
8874 832.5 240
8875 850 222.5
8876 854.5 218
8877 854 218.5
8878 856 216.5
8879 869 198.5
8880 836 237.5
8881 839.5 234
8882 839 234.5
8883 841 232.5
8884 848.5 225
8885 853 220.5
8886 847.5 227
8887 849 225.5
8888 851 223.5
8889 855.5 219
8890 837 238.5
8891 842.5 233
8892 845 230.5
8893 851.5 224
8894 851 224.5
8895 870.5 197
8896 823.5 253
8897 825 251.5
8898 838.5 238
8899 850.5 226
8900 861 215.5
8901 863.5 213
8902 873 203.5
8903 871 196.5
8904 826.5 251
8905 836 241.5
8906 849.5 228
8907 849 228.5
8908 869 208.5
8909 872.5 205
8910 855.5 223
8911 858.5 220
8912 863.5 215
8913 842.5 237
8914 844 235.5
8915 845.5 234
8916 859 220.5
8917 861 218.5
8918 857.5 223
8919 863 217.5
8920 865.5 215
8921 878 199.5
8922 873.5 195
8923 858.5 223
8924 859.5 222
8925 865 216.5
8926 835.5 247
8927 854.5 228
8928 862 220.5
8929 863.5 219
8930 866 216.5
8931 867.5 215
8932 838 245.5
8933 865.5 218
8934 876.5 195
8935 867.5 217
8936 867 217.5
8937 882 198.5
8938 875.5 192
8939 877 209.5
8940 882.5 204
8941 884.5 202
8942 883.5 204
8943 876.5 213
8944 886.5 203
8945 886 198.5
8946 885 197.5
8947 879.5 192
8948 888 198.5
8949 888.5 204
8950 885.5 208
8951 891.5 202
8952 887 207.5
8953 884 191.5
8954 876.5 219
8955 861.5 235
8956 866.5 230
8957 881 215.5
8958 894 199.5
8959 887.5 193
8960 886 211.5
8961 887.5 210
8962 890 207.5
8963 893.5 204
8964 894 203.5
8965 885.5 190
8966 886 213.5
8967 888.5 191
8968 889 190.5
8969 896 205.5
8970 899 199.5
8971 898 198.5
8972 892 192.5
8973 873.5 229
8974 891 211.5
8975 901.5 201
8976 901 200.5
8977 890.5 190
8978 885.5 218
8979 900 198.5
8980 882.5 180
8981 879.5 226
8982 904 201.5
8983 896.5 193
8984 890 216.5
8985 898 208.5
8986 904.5 200
8987 902 197.5
8988 904.5 199
8989 899 193.5
8990 877.5 231
8991 884 224.5
8992 899 209.5
8993 905.5 203
8994 907 200.5
8995 906 199.5
8996 872.5 237
8997 879.5 230
8998 882.5 227
8999 907.5 202
9000 907 202.5
9001 883.5 227
9002 900 210.5
9003 888 223.5
9004 898 213.5
9005 909.5 202
9006 900.5 212
9007 906 206.5
9008 908.5 198
9009 879.5 234
9010 898.5 215
9011 905 193.5
9012 878 236.5
9013 903 190.5
9014 881.5 234
9015 907.5 208
9016 908.5 207
9017 912 203.5
9018 884 232.5
9019 900.5 216
9020 912.5 205
9021 909.5 194
9022 909.5 209
9023 910.5 208
9024 885 234.5
9025 892 227.5
9026 912.5 207
9027 890.5 230
9028 906.5 214
9029 911 209.5
9030 916.5 204
9031 889.5 232
9032 906.5 215
9033 910.5 211
9034 914 207.5
9035 887 235.5
9036 895.5 227
9037 913.5 209
9038 916.5 206
9039 917.5 205
9040 891.5 232
9041 893.5 230
9042 911 212.5
9043 919.5 204
9044 914.5 211
9045 915.5 210
9046 890 236.5
9047 895.5 231
9048 890.5 237
9049 914.5 213
9050 921.5 206
9051 912 216.5
9052 913 215.5
9053 921 207.5
9054 893 236.5
9055 916 213.5
9056 892.5 238
9057 898 232.5
9058 915.5 215
9059 914.5 217
9060 923.5 208
9061 894.5 238
9062 895 237.5
9063 916.5 216
9064 927 205.5
9065 928.5 204
9066 900.5 233
9067 916.5 217
9068 915.5 219
9069 918 216.5
9070 923.5 211
9071 927.5 207
9072 901.5 234
9073 902 233.5
9074 924.5 211
9075 903.5 233
9076 913.5 223
9077 916 220.5
9078 928.5 208
9079 902 236.5
9080 903.5 235
9081 913.5 225
9082 929.5 209
9083 930 208.5
9084 904.5 235
9085 914 225.5
9086 927.5 212
9087 914.5 226
9088 923.5 217
9089 932 208.5
9090 902.5 239
9091 926.5 215
9092 931 210.5
9093 907 235.5
9094 914 228.5
9095 931.5 211
9096 918.5 225
9097 924.5 219
9098 915 229.5
9099 928 216.5
9100 929 215.5
9101 932.5 212
9102 935.5 209
9103 929.5 216
9104 932.5 213
9105 917.5 229
9106 928.5 218
9107 934 212.5
9108 936.5 210
9109 914.5 233
9110 917 230.5
9111 929.5 218
9112 930 217.5
9113 936.5 211
9114 939.5 208
9115 926 222.5
9116 935 213.5
9117 937.5 211
9118 936.5 213
9119 942 207.5
9120 919 231.5
9121 931 219.5
9122 934.5 216
9123 935 215.5
9124 932 220.5
9125 939 213.5
9126 936.5 218
9127 937.5 217
9128 926.5 229
9129 938 217.5
9130 940.5 215
9131 932.5 224
9132 935 222.5
9133 941 216.5
9134 917 241.5
9135 933.5 226
9136 918 242.5
9137 920.5 241
9138 927.5 234
9139 938.5 223
9140 942.5 219
9141 927 236.5
9142 925.5 239
9143 943.5 221
9144 925.5 240
9145 927.5 238
9146 934 233.5
9147 920.5 249
9148 920 249.5
9149 944.5 225
9150 921.5 249
9151 945 225.5
9152 919 252.5
9153 927.5 244
9154 928.5 243
9155 929.5 243
9156 933 239.5
9157 936 236.5
9158 945.5 227
9159 921 252.5
9160 923 250.5
9161 929 244.5
9162 934.5 239
9163 940 233.5
9164 920 254.5
9165 926.5 248
9166 929.5 245
9167 933.5 241
9168 927 248.5
9169 924 252.5
9170 929.5 247
9171 930.5 246
9172 935 241.5
9173 927.5 250
9174 946.5 231
9175 922.5 256
9176 921.5 258
9177 928 251.5
9178 929.5 250
9179 935 244.5
9180 927.5 253
9181 930.5 251
9182 947.5 234
9183 924 258.5
9184 928.5 254
9185 929 253.5
9186 930.5 252
9187 934.5 248
9188 931.5 253
9189 929 256.5
9190 930 255.5
9191 943.5 242
9192 924 262.5
9193 925 261.5
9194 929.5 257
9195 939 247.5
9196 948.5 238
9197 932.5 255
9198 931.5 257
9199 932.5 256
9200 939 249.5
9201 925.5 264
9202 926 263.5
9203 934 255.5
9204 939 250.5
9205 931.5 259
9206 933.5 257
9207 932.5 259
9208 934 257.5
9209 949 242.5
9210 938 254.5
9211 931.5 263
9212 936 258.5
9213 949 245.5
9214 935.5 260
9215 926.5 270
9216 932.5 264
9217 936 260.5
9218 938.5 258
9219 950.5 246
9220 935.5 262
9221 934.5 264
9222 934 265.5
9223 936.5 263
9224 950.5 249
9225 929 271.5
9226 934.5 266
9227 935 265.5
9228 936.5 264
9229 938.5 262
9230 949 251.5
9231 934.5 267
9232 936 266.5
9233 940 262.5
9234 949 253.5
9235 952 250.5
9236 935.5 268
9237 938.5 265
9238 938 265.5
9239 944.5 259
9240 937 267.5
9241 940 264.5
9242 936.5 269
9243 951.5 254
9244 931 275.5
9245 940 266.5
9246 941 265.5
9247 946.5 260
9248 937.5 270
9249 939 269.5
9250 946.5 262
9251 946 262.5
9252 941 268.5
9253 942.5 267
9254 951.5 258
9255 932.5 278
9256 943.5 267
9257 931 280.5
9258 939.5 272
9259 942 269.5
9260 945.5 266
9261 942 270.5
9262 947.5 265
9263 934 279.5
9264 945 268.5
9265 950 263.5
9266 948.5 266
9267 943.5 272
9268 942.5 274
9269 945 271.5
9270 944.5 273
9271 948.5 269
9272 947 271.5
9273 949 270.5
9274 950 269.5
9275 952 268.5
9276 953.5 268
9277 958.5 265
1552
0 3672 1 1.35163e+08 20 169 19 169 19 168 18 168
1 3670 1 1.35163e+08 15 157 15 158 15 159 15 160 15 161 15 162 15 163 16 163 16 164 16 165 16 166 16 167 17 167 18 167 18 168
2 3676 2 1.35163e+08 23 170 22 170 21 170 21 169 20 169
3 3672 2 1.35163e+08 19 169 20 169
4 3677 3 1.35163e+08 24 171 24 170 23 170
5 3676 3 1.35163e+08 22 170 23 170
6 3682 4 1.35163e+08 21 150 20 150 19 150 18 150 17 150 16 150 15 150
7 3670 4 1.35163e+08 15 158 15 157 15 156 15 155 15 154 15 153 15 152 15 151 15 150
8 3691 7 1.35163e+08 18 145 18 144 17 144 16 144 16 145
9 3686 7 1.35163e+08 15 144 16 144 16 145
10 3698 10 1.35163e+08 26 149 26 150 25 150 24 150 23 150 22 150
11 3682 10 1.35163e+08 20 150 21 150 22 150
12 3697 11 1.35163e+08 15 139 15 140 15 141 15 142 15 143
13 3686 11 1.35163e+08 16 144 15 144 15 143
14 3707 12 1.35163e+08 26 147 26 146 25 146 25 145 24 145 23 145 22 145 21 145 20 145 19 145 18 145
15 3691 12 1.35163e+08 18 144 18 145
16 3699 19 1.35163e+08 30 176 29 176 28 176 28 177
17 3677 19 1.35163e+08 24 170 24 171 25 171 25 172 26 172 26 173 27 173 27 174 27 175 28 175 28 176 28 177
18 3705 21 1.35163e+08 31 177 30 177
19 3699 21 1.35163e+08 29 176 30 176 30 177
20 3698 23 1.35163e+08 26 150 26 149 27 149 27 148 27 147 26 147
21 3707 23 1.35163e+08 26 146 26 147
22 3705 26 1.35163e+08 30 177 31 177 31 178 32 178
23 3713 26 1.35163e+08 33 179 32 179 32 178
24 3713 30 1.35163e+08 32 179 33 179 34 179
25 3717 30 1.35163e+08 33 182 33 181 33 180 33 179 34 179
26 3717 35 1.35163e+08 33 181 33 182 34 182
27 3722 35 1.35163e+08 34 183 34 182
28 3727 37 1.35163e+08 36 184 36 183 35 183
29 3722 37 1.35163e+08 34 182 34 183 35 183
30 3727 41 1.35163e+08 36 183 36 184 37 184
31 3735 41 1.35163e+08 38 185 37 185 37 184
32 3735 44 1.35163e+08 37 185 38 185
33 3737 44 1.35163e+08 38 186 38 185
34 3737 48 1.35163e+08 38 185 38 186 39 186
35 3748 48 1.35163e+08 39 187 39 186
36 3757 52 1.35163e+08 41 187 40 187
37 3748 52 1.35163e+08 39 186 39 187 40 187
38 3763 56 inf 20 116 20 117 19 117 18 117
39 3759 56 inf 17 117 18 117
40 3765 61 1.35163e+08 45 189 44 189
41 3757 61 1.35163e+08 40 187 41 187 41 188 42 188 43 188 44 188 44 189
42 3774 63 1.35163e+08 46 190 45 190
43 3765 63 1.35163e+08 44 189 45 189 45 190
44 3781 65 inf 24 116 24 115 23 115 22 115
45 3763 65 inf 20 117 20 116 20 115 21 115 22 115
46 3785 67 1.35163e+08 47 192 47 191 46 191
47 3774 67 1.35163e+08 45 190 46 190 46 191
48 3795 73 inf 27 115 27 116 26 116
49 3781 73 inf 24 115 24 116 25 116 26 116
50 3797 77 1.35163e+08 49 192 48 192
51 3785 77 1.35163e+08 47 191 47 192 48 192
52 3811 84 inf 29 115 29 114 28 114
53 3795 84 inf 27 116 27 115 28 115 28 114
54 3822 85 1.35163e+08 51 194 51 193 50 193
55 3797 85 1.35163e+08 48 192 49 192 49 193 50 193
56 3839 91 inf 34 115 33 115 32 115 31 115 30 115
57 3811 91 inf 29 114 29 115 30 115
58 3827 97 1.35163e+08 52 194 51 194
59 3822 97 1.35163e+08 51 193 51 194
60 3850 111 1.35163e+08 55 195 54 195
61 3827 111 1.35163e+08 51 194 52 194 53 194 53 195 54 195
62 3864 117 1.35163e+08 58 195 57 195 56 195
63 3850 117 1.35163e+08 54 195 55 195 56 195
64 3869 120 inf 41 116 40 116 40 115 39 115 38 115
65 3839 120 inf 33 115 34 115 35 115 36 115 37 115 38 115
66 3992 126 inf 61 116 60 116 60 115 59 115 58 115 57 115 56 115 55 115 54 115 54 116 53 116 52 116 51 116 50 116 49 116 48 116 47 116 46 116 45 116 44 116 43 116 42 116 41 116
67 3869 126 inf 40 116 41 116
68 3920 147 1.35163e+08 66 197 65 197 64 197
69 3864 147 1.35163e+08 57 195 58 195 59 195 59 196 60 196 61 196 62 196 63 196 64 196 64 197
70 3920 158 1.35163e+08 65 197 66 197 66 198
71 3935 158 1.35163e+08 66 199 66 198
72 3972 162 1.35163e+08 71 200 70 200 69 200 68 200 68 199 67 199
73 3935 162 1.35163e+08 66 198 66 199 67 199
74 3984 182 1.35163e+08 72 201 72 200 71 200
75 3972 182 1.35163e+08 70 200 71 200
76 4007 188 1.35163e+08 74 202 73 202 73 201 72 201
77 3984 188 1.35163e+08 72 200 72 201
78 4034 192 inf 65 113 64 113 64 114 64 115 63 115 62 115 62 116 61 116
79 3992 192 inf 60 116 61 116
80 4007 204 1.35163e+08 73 202 74 202
81 4035 204 1.35163e+08 77 204 76 204 76 203 75 203 74 203 74 202
82 4042 222 1.35163e+08 78 204 77 204
83 4035 222 1.35163e+08 76 204 77 204
84 4064 225 inf 66 108 66 109 66 110 66 111 66 112 66 113
85 4034 225 inf 64 113 65 113 66 113
86 4057 228 1.35163e+08 79 206 79 205 78 205
87 4042 228 1.35163e+08 77 204 78 204 78 205
88 4069 237 1.35163e+08 81 207 81 206 80 206
89 4057 237 1.35163e+08 79 205 79 206 80 206
90 4092 242 1.35163e+08 83 208 82 208 82 207 81 207
91 4069 242 1.35163e+08 81 206 81 207
92 4099 256 1.35163e+08 84 209 84 208 83 208
93 4092 256 1.35163e+08 82 208 83 208
94 4116 259 1.35163e+08 86 210 86 209 85 209 84 209
95 4099 259 1.35163e+08 84 208 84 209
96 4124 272 1.35163e+08 87 211 87 210 86 210
97 4116 272 1.35163e+08 86 209 86 210
98 4152 281 1.35163e+08 89 212 89 211 88 211
99 4124 281 1.35163e+08 87 210 87 211 88 211
100 4134 295 1.35163e+08 94 205 93 205 92 205 92 206 91 206 91 207 91 208 91 209 91 210 91 211 91 212 90 212
101 4152 295 1.35163e+08 89 211 89 212 90 212
102 4197 307 1.35163e+08 103 204 103 205 102 205 101 205 100 205
103 4134 307 1.35163e+08 93 205 94 205 95 205 96 205 97 205 98 205 99 205 100 205
104 4213 323 1.35163e+08 108 204 107 204 106 204
105 4197 323 1.35163e+08 103 205 103 204 104 204 105 204 106 204
106 4243 338 inf 82 94 81 94 80 94
107 4064 338 inf 66 109 66 108 66 107 66 106 66 105 66 104 66 103 66 102 66 101 66 100 66 99 66 98 67 98 67 97 68 97 69 97 70 97 71 97 72 97 73 97 74 97 75 97 76 97 76 96 76 95 77 95 78 95 79 95 80 95 80 94
108 4287 365 1.35163e+08 121 204 120 204 119 204 118 204
109 4213 365 1.35163e+08 107 204 108 204 109 204 110 204 111 204 112 204 113 204 114 204 115 204 116 204 117 204 118 204
110 4243 369 inf 81 94 82 94 83 94 84 94 85 94 85 93 86 93 86 92
111 4281 369 inf 88 93 87 93 86 93 86 92
112 4298 374 1.35163e+08 123 205 123 204 122 204 121 204
113 4287 374 1.35163e+08 120 204 121 204
114 4339 393 1.35163e+08 127 206 127 205 126 205
115 4298 393 1.35163e+08 123 204 123 205 124 205 125 205 126 205
116 4281 398 inf 87 93 88 93 89 93 90 93 91 93 92 93 93 93 94 93 94 92 94 91
117 4329 398 inf 96 93 95 93 95 92 94 92 94 91
118 4350 403 1.35163e+08 129 206 128 206
119 4339 403 1.35163e+08 127 205 127 206 128 206
120 4362 411 1.35163e+08 131 206 130 206
121 4350 411 1.35163e+08 128 206 129 206 130 206
122 4393 421 1.35163e+08 135 206 134 206 133 206 132 206
123 4362 421 1.35163e+08 130 206 131 206 132 206
124 4402 433 inf 102 89 101 89 100 89
125 4329 433 inf 95 93 96 93 97 93 98 93 98 92 98 91 99 91 100 91 100 90 100 89
126 4393 459 1.35163e+08 134 206 135 206 135 207 136 207 137 207 138 207
127 4438 459 1.35163e+08 138 208 138 207
128 4471 469 inf 106 86 106 87 106 88
129 4402 469 inf 101 89 102 89 103 89 104 89 104 88 105 88 106 88
130 4479 479 1.35163e+08 142 208 141 208 140 208
131 4438 479 1.35163e+08 138 207 138 208 139 208 140 208
132 4529 500 inf 111 84 110 84 109 84 108 84 107 84
133 4471 500 inf 106 87 106 86 106 85 106 84 107 84
134 4531 510 1.35163e+08 147 209 146 209 145 209
135 4479 510 1.35163e+08 141 208 142 208 143 208 143 209 144 209 145 209
136 4563 521 inf 115 83 114 83 113 83 112 83 112 84
137 4529 521 inf 110 84 111 84 112 84
138 4558 523 1.35163e+08 149 211 149 210 148 210
139 4531 523 1.35163e+08 146 209 147 209 147 210 148 210
140 4591 543 inf 119 82 118 82 117 82
141 4563 543 inf 114 83 115 83 115 82 116 82 117 82
142 4617 555 inf 121 80 121 81 120 81 119 81
143 4591 555 inf 118 82 119 82 119 81
144 4642 570 inf 124 80 123 80 122 80
145 4617 570 inf 121 81 121 80 122 80
146 4668 578 1.35163e+08 159 217 158 217 158 216 157 216
147 4558 578 1.35163e+08 149 210 149 211 150 211 151 211 151 212 152 212 153 212 154 212 154 213 155 213 155 214 155 215 156 215 156 216 157 216
148 4673 584 inf 126 78 125 78 125 79 124 79
149 4642 584 inf 123 80 124 80 124 79
150 4683 593 1.35163e+08 162 216 161 216 160 216 160 217 159 217
151 4668 593 1.35163e+08 158 217 159 217
152 4703 604 inf 129 79 129 78 128 78 127 78 126 78
153 4673 604 inf 125 78 126 78
154 4771 610 1.35163e+08 168 218 168 217 167 217 166 217 165 217 164 217 164 216 163 216 162 216 162 217
155 4683 610 1.35163e+08 161 216 162 216 162 217
156 4690 612 inf 213 165 214 165
157 4716 612 inf 214 167 214 166 214 165
158 4718 613 inf 213 160 213 161 213 162
159 4690 613 inf 214 165 213 165 213 164 213 163 213 162
160 4710 617 inf 131 79 130 79
161 4703 617 inf 129 78 129 79 130 79
162 4757 630 inf 135 79 134 79 133 79 132 79
163 4710 630 inf 130 79 131 79 132 79
164 4738 636 inf 213 158 213 159
165 4718 636 inf 213 161 213 160 213 159
166 4716 642 inf 214 166 214 167 214 168 214 169
167 4754 642 inf 214 170 214 169
168 4768 647 inf 137 80 137 81 136 81
169 4750 647 inf 135 80 135 81 136 81
170 4757 657 inf 134 79 135 79
171 4750 657 inf 135 81 135 80 135 79
172 4771 668 1.35163e+08 168 217 168 218 169 218
173 4798 668 1.35163e+08 169 219 169 218
174 4768 677 inf 137 81 137 80 138 80 139 80
175 4793 677 inf 139 81 139 80
176 4822 682 inf 142 81 141 81
177 4793 682 inf 139 80 139 81 140 81 141 81
178 4826 686 1.35163e+08 171 219 170 219
179 4798 686 1.35163e+08 169 218 169 219 170 219
180 4754 692 inf 214 169 214 170 214 171 215 171 215 172 215 173 215 174
181 4853 692 inf 217 175 216 175 215 175 215 174
182 4870 695 inf 148 84 148 83 147 83 146 83 145 83 144 83 144 82 143 82
183 4822 695 inf 141 81 142 81 142 82 143 82
184 4878 715 inf 151 85 150 85 150 84 149 84
185 4870 715 inf 148 83 148 84 149 84
186 4889 721 inf 152 86 152 85 151 85
187 4878 721 inf 150 85 151 85
188 4903 728 inf 154 87 154 86 153 86
189 4889 728 inf 152 85 152 86 153 86
190 4826 731 1.35163e+08 170 219 171 219 171 220 171 221 171 222 172 222 172 223 173 223 174 223
191 4911 731 1.35163e+08 174 224 174 223
192 4921 739 inf 157 88 157 87 156 87
193 4903 739 inf 154 86 154 87 155 87 156 87
194 4929 744 inf 159 89 159 88 158 88
195 4921 744 inf 157 87 157 88 158 88
196 4853 750 inf 216 175 217 175 217 176 217 177 217 178 217 179 217 180 217 181 217 182 216 182 216 183
197 4953 750 inf 217 185 216 185 216 184 216 183
198 4935 754 inf 161 90 161 89 160 89
199 4929 754 inf 159 88 159 89 160 89
200 4963 763 inf 166 91 165 91 164 91 163 91
201 4948 763 inf 163 90 163 91
202 4948 764 inf 163 91 163 90 162 90
203 4935 764 inf 161 89 161 90 162 90
204 4959 767 1.35163e+08 178 225 177 225
205 4911 767 1.35163e+08 174 223 174 224 175 224 176 224 176 225 177 225
206 4982 779 inf 167 90 166 90
207 4963 779 inf 165 91 166 91 166 90
208 4959 781 1.35163e+08 177 225 178 225 178 226 179 226
209 5002 781 1.35163e+08 180 227 179 227 179 226
210 4953 785 inf 216 185 217 185 217 186 217 187 217 188 216 188 216 189
211 5003 785 inf 217 190 216 190 216 189
212 5006 799 inf 169 91 169 90 168 90
213 4982 799 inf 166 90 167 90 168 90
214 5037 801 1.35163e+08 183 229 182 229 182 228 181 228 181 227 180 227
215 5002 801 1.35163e+08 179 227 180 227
216 5029 806 inf 175 92 174 92 173 92 172 92 172 91 171 91
217 5006 806 inf 169 90 169 91 170 91 171 91
218 5023 810 inf 218 192 217 192
219 5003 810 inf 216 190 217 190 217 191 217 192
220 5046 818 1.35163e+08 184 230 184 229 183 229
221 5037 818 1.35163e+08 182 229 183 229
222 5023 820 inf 217 192 218 192 218 193 218 194
223 5048 820 inf 218 196 218 195 218 194
224 5052 822 inf 178 92 177 92 176 92
225 5029 822 inf 174 92 175 92 176 92
226 5041 825 8.51444e+07 240 156 241 156
227 5050 825 8.51444e+07 243 158 243 157 242 157 241 157 241 156
228 5042 826 8.51444e+07 239 155 240 155
229 5041 826 8.51444e+07 241 156 240 156 240 155
230 5043 827 8.51444e+07 238 154 239 154
231 5042 827 8.51444e+07 240 155 239 155 239 154
232 5051 828 8.51444e+07 230 144 230 145 230 146 231 146 231 147 232 147 232 148 233 148
233 5043 828 8.51444e+07 239 154 238 154 238 153 238 152 237 152 237 151 236 151 236 150 235 150 234 150 234 149 233 149 233 148
234 5145 829 1.35163e+08 188 239 188 238 188 237 188 236 188 235 188 234 188 233 188 232 187 232 186 232 186 231 185 231 185 230 184 230
235 5046 829 1.35163e+08 184 229 184 230
236 5050 831 8.51444e+07 243 157 243 158 244 158
237 5049 831 8.51444e+07 245 159 244 159 244 158
238 5063 832 8.51444e+07 230 142 230 143 230 144
239 5051 832 8.51444e+07 230 145 230 144
240 5057 833 inf 180 93 179 93
241 5052 833 inf 177 92 178 92 178 93 179 93
242 5048 837 inf 218 195 218 196 218 197
243 5061 837 inf 218 198 218 197
244 5056 839 8.51444e+07 246 160 247 160
245 5069 839 8.51444e+07 252 164 252 163 251 163 250 163 249 163 249 162 248 162 248 161 247 161 247 160
246 5049 840 8.51444e+07 244 159 245 159 246 159
247 5056 840 8.51444e+07 247 160 246 160 246 159
248 5064 841 inf 213 125 212 125
249 5073 841 inf 210 121 210 122 211 122 211 123 211 124 212 124 212 125
250 5169 842 8.51444e+07 254 175 254 174 253 174 253 173 253 172 253 171 253 170 253 169 253 168 253 167 253 166 253 165 253 164 252 164
251 5069 842 8.51444e+07 252 163 252 164
252 5063 843 8.51444e+07 230 143 230 142 229 142 229 141 228 141 228 140 227 140 227 139 226 139 226 138 225 138 224 138 224 137 223 137 223 136 222 136 222 135 222 134 221 134 221 133 221 132 221 131 220 131 219 131
253 5071 843 8.51444e+07 219 130 219 131
254 5072 844 inf 214 126 215 126 215 127 216 127 216 128
255 4738 844 inf 213 159 213 158 213 157 214 157 214 156 215 156 215 155 216 155 216 154 216 153 216 152 216 151 216 150 216 149 216 148 216 147 216 146 217 146 217 145 218 145 218 144 218 143 218 142 218 141 218 140 218 139 218 138 218 137 218 136 218 135 218 134 218 133 218 132 218 131 218 130 217 130 217 129 216 129 216 128
256 5071 844 8.51444e+07 219 131 219 130 218 130 217 130 217 129 216 129 216 128
257 5072 845 inf 215 126 214 126
258 5064 845 inf 212 125 213 125 213 126 214 126
259 5081 846 inf 183 94 182 94
260 5057 846 inf 179 93 180 93 180 94 181 94 182 94
261 5074 849 inf 204 115 204 116 205 116 205 117 206 117 206 118 207 118 207 119 208 119 209 119 209 120 210 120 210 121
262 5073 849 inf 210 122 210 121
263 5075 850 inf 203 114 203 115 204 115
264 5074 850 inf 204 116 204 115
265 5076 851 inf 202 113 202 114 203 114
266 5075 851 inf 203 115 203 114
267 5090 852 inf 201 112 202 112 202 113
268 5076 852 inf 202 114 202 113
269 5090 853 inf 202 112 201 112
270 5077 853 inf 200 111 200 112 201 112
271 5078 854 inf 199 110 199 111 200 111
272 5077 854 inf 200 112 200 111
273 5079 855 inf 198 109 198 110 199 110
274 5078 855 inf 199 111 199 110
275 5080 856 inf 197 108 197 109 198 109
276 5079 856 inf 198 110 198 109
277 5091 857 inf 196 107 197 107 197 108
278 5080 857 inf 197 109 197 108
279 5096 858 inf 187 98 187 97 186 97 186 96 185 96
280 5097 858 inf 185 95 185 96
281 5097 859 inf 185 96 185 95 184 95
282 5081 859 inf 182 94 183 94 183 95 184 95
283 5061 862 inf 218 197 218 198 219 198 219 199
284 5131 862 inf 221 203 221 202 220 202 220 201 220 200 219 200 219 199
285 5092 864 inf 195 105 195 106 196 106
286 5091 864 inf 197 107 196 107 196 106
287 5093 865 inf 194 105 195 105
288 5092 865 inf 195 106 195 105
289 5094 866 inf 193 103 193 104 194 104
290 5093 866 inf 195 105 194 105 194 104
291 5095 867 inf 192 103 193 103
292 5094 867 inf 193 104 193 103
293 5105 868 inf 189 98 188 98
294 5096 868 inf 187 97 187 98 188 98
295 5103 878 inf 191 101 192 101
296 5095 878 inf 193 103 192 103 192 102 192 101
297 5104 879 inf 190 99 190 100 191 100
298 5103 879 inf 192 101 191 101 191 100
299 5105 880 inf 188 98 189 98 189 99 190 99
300 5104 880 inf 190 100 190 99
301 5131 899 inf 221 202 221 203
302 5184 899 inf 223 208 222 208 222 207 222 206 222 205 222 204 221 204 221 203
303 5251 933 8.51444e+07 266 178 265 178 265 177 264 177 263 177 262 177 261 177 260 177 259 177 258 177 258 176 257 176 257 175 256 175
304 5169 933 8.51444e+07 254 174 254 175 255 175 256 175
305 5208 940 inf 224 210 224 209 223 209
306 5184 940 inf 222 208 223 208 223 209
307 5216 949 1.35163e+08 192 243 191 243
308 5145 949 1.35163e+08 188 238 188 239 189 239 189 240 190 240 190 241 191 241 191 242 191 243
309 5208 956 inf 224 209 224 210 225 210
310 5220 956 inf 225 211 225 210
311 5231 965 inf 227 212 226 212
312 5220 965 inf 225 210 225 211 226 211 226 212
313 5244 977 1.35163e+08 195 248 194 248
314 5216 977 1.35163e+08 191 243 192 243 192 244 192 245 193 245 193 246 194 246 194 247 194 248
315 5231 979 inf 226 212 227 212 228 212 229 212 230 212
316 5258 979 inf 230 215 230 214 230 213 230 212
317 5244 985 1.35163e+08 194 248 195 248 195 249
318 5253 985 1.35163e+08 195 250 195 249
319 5251 987 8.51444e+07 265 178 266 178
320 5266 987 8.51444e+07 267 179 266 179 266 178
321 5253 994 1.35163e+08 195 249 195 250 196 250
322 5269 994 1.35163e+08 196 251 196 250
323 5266 997 8.51444e+07 266 179 267 179
324 5286 997 8.51444e+07 270 180 269 180 268 180 267 180 267 179
325 5258 1000 inf 230 214 230 215 231 215 231 216
326 5284 1000 inf 231 219 231 218 231 217 231 216
327 5286 1012 8.51444e+07 269 180 270 180
328 5302 1012 8.51444e+07 270 183 270 182 270 181 270 180
329 5284 1015 inf 231 218 231 219 231 220
330 5296 1015 inf 231 222 231 221 231 220
331 5334 1028 8.51444e+07 274 184 273 184 272 184 271 184 271 183 270 183
332 5302 1028 8.51444e+07 270 182 270 183
333 5338 1040 inf 233 226 232 226
334 5296 1040 inf 231 221 231 222 232 222 232 223 232 224 232 225 232 226
335 5335 1043 8.51444e+07 275 183 274 183 274 184
336 5334 1043 8.51444e+07 273 184 274 184
337 5353 1045 8.51444e+07 279 182 278 182 278 183 277 183 276 183
338 5335 1045 8.51444e+07 274 183 275 183 276 183
339 5269 1052 1.35163e+08 196 250 196 251 197 251 197 252 198 252 199 252 199 253 200 253 200 254 201 254 201 255 202 255 202 256 203 256 203 257 204 257
340 5361 1052 1.35163e+08 205 258 204 258 204 257
341 5352 1053 inf 232 228 232 229
342 5362 1053 inf 233 230 232 230 232 229
343 5338 1054 inf 232 226 233 226 233 227 233 228
344 5352 1054 inf 232 229 232 228 233 228
345 5378 1055 8.51444e+07 283 182 282 182 281 182 280 182 279 182
346 5353 1055 8.51444e+07 278 182 279 182
347 5381 1062 1.35163e+08 207 259 206 259 206 258 205 258
348 5361 1062 1.35163e+08 204 258 205 258
349 5362 1063 inf 232 230 233 230
350 5383 1063 inf 235 231 234 231 233 231 233 230
351 5378 1075 8.51444e+07 282 182 283 182
352 5392 1075 8.51444e+07 284 183 283 183 283 182
353 5381 1077 1.35163e+08 206 259 207 259
354 5397 1077 1.35163e+08 208 260 207 260 207 259
355 5404 1084 inf 237 232 236 232 235 232
356 5383 1084 inf 234 231 235 231 235 232
357 5397 1089 1.35163e+08 207 260 208 260
358 5411 1089 1.35163e+08 209 261 208 261 208 260
359 5420 1095 inf 240 232 239 232 238 232 237 232
360 5404 1095 inf 236 232 237 232
361 5392 1100 8.51444e+07 283 183 284 183 285 183 286 183 287 183
362 5416 1100 8.51444e+07 287 184 287 183
363 5431 1105 1.35163e+08 211 264 210 264 210 263 209 263
364 5411 1105 1.35163e+08 208 261 209 261 209 262 209 263
365 5416 1107 8.51444e+07 287 183 287 184 288 184
366 5427 1107 8.51444e+07 288 185 288 184
367 5420 1108 inf 239 232 240 232 241 232
368 5432 1108 inf 242 233 241 233 241 232
369 5439 1112 1.35163e+08 212 265 212 264 211 264
370 5431 1112 1.35163e+08 210 264 211 264
371 5427 1113 8.51444e+07 288 184 288 185 289 185 290 185
372 5438 1113 8.51444e+07 290 186 290 185
373 5447 1117 1.35163e+08 214 265 213 265 212 265
374 5439 1117 1.35163e+08 212 264 212 265
375 5445 1121 8.51444e+07 292 186 291 186
376 5438 1121 8.51444e+07 290 185 290 186 291 186
377 5457 1125 inf 246 235 246 234 245 234
378 5432 1125 inf 241 233 242 233 243 233 244 233 244 234 245 234
379 5460 1129 8.51444e+07 293 188 293 187 292 187
380 5445 1129 8.51444e+07 291 186 292 186 292 187
381 5457 1132 inf 246 234 246 235
382 5462 1132 inf 246 236 246 235
383 5467 1134 8.51444e+07 294 188 293 188
384 5460 1134 8.51444e+07 293 187 293 188
385 5467 1142 8.51444e+07 293 188 294 188 294 189
386 5475 1142 8.51444e+07 295 190 294 190 294 189
387 5481 1143 inf 249 238 248 238 247 238
388 5462 1143 inf 246 235 246 236 246 237 246 238 247 238
389 5475 1148 8.51444e+07 294 190 295 190
390 5480 1148 8.51444e+07 295 191 295 190
391 5488 1149 1.35163e+08 221 267 221 266 220 266
392 5447 1149 1.35163e+08 213 265 214 265 215 265 216 265 217 265 218 265 218 266 219 266 220 266
393 5481 1152 inf 248 238 249 238
394 5522 1152 inf 252 242 252 241 252 240 251 240 251 239 250 239 249 239 249 238
395 5480 1156 8.51444e+07 295 190 295 191 296 191
396 5509 1156 8.51444e+07 297 194 297 193 297 192 296 192 296 191
397 5500 1162 1.35163e+08 223 267 222 267
398 5488 1162 1.35163e+08 221 266 221 267 222 267
399 5514 1169 1.35163e+08 228 265 227 265 227 266 227 267 227 268 226 268 225 268 224 268 223 268
400 5500 1169 1.35163e+08 222 267 223 267 223 268
401 5525 1173 1.35163e+08 230 265 229 265
402 5514 1173 1.35163e+08 227 265 228 265 229 265
403 5526 1174 1.35163e+08 231 264 230 264
404 5525 1174 1.35163e+08 229 265 230 265 230 264
405 5509 1177 8.51444e+07 297 193 297 194 297 195 297 196 298 196
406 5537 1177 8.51444e+07 299 198 298 198 298 197 298 196
407 5522 1179 inf 252 241 252 242 253 242
408 5530 1179 inf 253 243 253 242
409 5534 1180 1.35163e+08 234 263 233 263
410 5526 1180 1.35163e+08 230 264 231 264 231 263 232 263 233 263
411 5539 1181 1.35163e+08 236 261 236 262 235 262 234 262
412 5534 1181 1.35163e+08 233 263 234 263 234 262
413 5549 1185 inf 256 243 255 243 254 243
414 5530 1185 inf 253 242 253 243 254 243
415 5554 1187 1.35163e+08 239 260 239 261 238 261 237 261
416 5539 1187 1.35163e+08 236 262 236 261 237 261
417 5579 1198 1.35163e+08 244 260 243 260 242 260 241 260 240 260
418 5554 1198 1.35163e+08 239 261 239 260 240 260
419 5564 1201 inf 258 243 257 243
420 5549 1201 inf 255 243 256 243 257 243
421 5571 1202 8.51444e+07 301 201 301 200 300 200
422 5537 1202 8.51444e+07 298 198 299 198 299 199 300 199 300 200
423 5581 1211 inf 259 245 259 244 258 244
424 5564 1211 inf 257 243 258 243 258 244
425 5571 1216 8.51444e+07 301 200 301 201 302 201
426 5587 1216 8.51444e+07 302 202 302 201
427 5595 1218 1.35163e+08 246 260 245 260 244 260
428 5579 1218 1.35163e+08 243 260 244 260
429 5596 1219 inf 261 245 260 245 259 245
430 5581 1219 inf 259 244 259 245
431 5614 1238 inf 264 245 263 245 262 245
432 5596 1238 inf 260 245 261 245 262 245
433 5617 1242 8.51444e+07 305 204 304 204
434 5587 1242 8.51444e+07 302 201 302 202 303 202 303 203 304 203 304 204
435 5647 1250 8.51444e+07 308 207 307 207 307 206 306 206 306 205 305 205
436 5617 1250 8.51444e+07 304 204 305 204 305 205
437 5632 1253 1.35163e+08 253 259 253 260 252 260
438 5595 1253 1.35163e+08 245 260 246 260 247 260 248 260 249 260 250 260 251 260 252 260
439 5614 1256 inf 263 245 264 245 264 246 265 246 266 246
440 5640 1256 inf 267 247 266 247 266 246
441 5639 1261 1.35163e+08 257 257 256 257
442 5632 1261 1.35163e+08 253 260 253 259 254 259 255 259 256 259 256 258 256 257
443 5645 1265 1.35163e+08 260 255 259 255
444 5639 1265 1.35163e+08 256 257 257 257 257 256 257 255 258 255 259 255
445 5640 1267 inf 266 247 267 247
446 5653 1267 inf 267 249 267 248 267 247
447 5660 1272 8.51444e+07 309 208 309 207 308 207
448 5647 1272 8.51444e+07 307 207 308 207
449 5668 1276 1.35163e+08 266 253 265 253 265 252 264 252
450 5652 1276 1.35163e+08 263 253 263 252 264 252
451 5652 1285 1.35163e+08 263 252 263 253 263 254 263 255
452 5645 1285 1.35163e+08 259 255 260 255 261 255 262 255 263 255
453 5678 1286 inf 269 251 269 250 268 250
454 5653 1286 inf 267 248 267 249 268 249 268 250
455 5678 1293 inf 269 250 269 251
456 5686 1293 inf 270 252 269 252 269 251
457 5685 1294 1.35163e+08 268 254 267 254
458 5668 1294 1.35163e+08 265 253 266 253 267 253 267 254
459 5687 1297 8.51444e+07 313 209 312 209
460 5660 1297 8.51444e+07 309 207 309 208 310 208 311 208 312 208 312 209
461 5686 1298 inf 269 252 270 252
462 5691 1298 inf 270 253 270 252
463 5691 1305 inf 270 252 270 253 271 253
464 5701 1305 inf 271 254 271 253
465 5714 1313 inf 273 255 272 255
466 5701 1313 inf 271 253 271 254 272 254 272 255
467 5685 1313 1.35163e+08 267 254 268 254 269 254 270 254 271 254 272 254 272 255
468 5722 1314 8.51444e+07 317 213 316 213 316 212 315 212
469 5687 1314 8.51444e+07 312 209 313 209 313 210 314 210 314 211 315 211 315 212
470 5725 1319 inf 275 256 275 255 274 255
471 5714 1319 inf 272 255 273 255 274 255
472 5734 1321 8.51444e+07 319 214 318 214 318 213 317 213
473 5722 1321 8.51444e+07 316 213 317 213
474 5737 1326 inf 277 257 277 256 276 256
475 5725 1326 inf 275 255 275 256 276 256
476 5748 1327 8.51444e+07 322 216 321 216 321 215 320 215 320 214 319 214
477 5734 1327 8.51444e+07 318 214 319 214
478 5743 1335 inf 280 257 279 257
479 5737 1335 inf 277 256 277 257 278 257 279 257
480 5748 1344 8.51444e+07 321 216 322 216 323 216 324 216 325 216 326 216
481 5759 1344 8.51444e+07 326 217 326 216
482 5763 1346 8.51444e+07 329 217 328 217 327 217
483 5759 1346 8.51444e+07 326 216 326 217 327 217
484 5769 1349 8.51444e+07 330 217 329 217
485 5763 1349 8.51444e+07 328 217 329 217
486 5775 1351 inf 287 262 287 261 286 261
487 5743 1351 inf 279 257 280 257 281 257 282 257 282 258 283 258 283 259 284 259 284 260 285 260 286 260 286 261
488 5773 1353 8.51444e+07 332 216 331 216
489 5774 1353 8.51444e+07 331 217 331 216
490 5774 1355 8.51444e+07 331 216 331 217 330 217 330 218
491 5769 1355 8.51444e+07 329 217 330 217 330 218
492 5781 1358 inf 289 263 289 262 288 262
493 5775 1358 inf 287 261 287 262 288 262
494 5773 1360 8.51444e+07 331 216 332 216 332 215 333 215 334 215 335 215 336 215
495 5784 1360 8.51444e+07 337 216 336 216 336 215
496 5781 1366 inf 289 262 289 263 290 263
497 5790 1366 inf 292 264 291 264 290 264 290 263
498 5784 1369 8.51444e+07 336 216 337 216 338 216 339 216
499 5792 1369 8.51444e+07 339 217 339 216
500 5803 1374 inf 296 264 296 263 295 263 294 263 294 264 293 264
501 5790 1374 inf 291 264 292 264 293 264
502 5804 1378 8.51444e+07 342 218 341 218
503 5792 1378 8.51444e+07 339 216 339 217 340 217 340 218 341 218
504 5814 1381 8.51444e+07 344 220 344 219 343 219 342 219
505 5804 1381 8.51444e+07 341 218 342 218 342 219
506 5832 1392 8.51444e+07 346 222 346 221 345 221
507 5814 1392 8.51444e+07 344 219 344 220 344 221 345 221
508 5803 1394 inf 296 263 296 264 297 264 298 264 299 264 300 264 300 265 301 265 301 266
509 5831 1394 inf 301 267 301 266
510 5842 1398 8.51444e+07 349 222 348 222 347 222 346 222
511 5832 1398 8.51444e+07 346 221 346 222
512 5831 1399 inf 301 266 301 267 301 268
513 5837 1399 inf 301 269 301 268
514 5843 1403 inf 303 269 302 269
515 5837 1403 inf 301 268 301 269 302 269
516 5855 1406 inf 305 271 305 270 304 270 303 270
517 5843 1406 inf 302 269 303 269 303 270
518 5842 1407 8.51444e+07 348 222 349 222 350 222 351 222 352 222
519 5852 1407 8.51444e+07 352 223 352 222
520 5871 1414 2.88866e+07 357 223 356 223 355 223 354 223
521 5852 1414 8.51444e+07 352 222 352 223 353 223 354 223
522 5879 1414 8.51444e+07 351 233 351 232 351 231 351 230 351 229 351 228 351 227 351 226 351 225 351 224 351 223 352 223 353 223 354 223
523 5855 1416 inf 305 270 305 271 306 271 307 271
524 5866 1416 inf 307 272 307 271
525 5882 1426 2.88866e+07 362 225 362 224 361 224
526 5871 1426 2.88866e+07 356 223 357 223 358 223 359 223 359 224 360 224 361 224
527 5886 1430 8.51444e+07 354 236 353 236
528 5879 1430 8.51444e+07 351 232 351 233 352 233 352 234 353 234 353 235 353 236
529 5891 1432 2.88866e+07 366 226 366 225 365 225
530 5882 1432 2.88866e+07 362 224 362 225 363 225 364 225 365 225
531 5892 1433 8.51444e+07 355 238 355 237 354 237
532 5886 1433 8.51444e+07 353 236 354 236 354 237
533 5895 1436 2.88866e+07 369 227 368 227 368 226 367 226
534 5891 1436 2.88866e+07 366 225 366 226 367 226
535 5892 1438 8.51444e+07 355 237 355 238 355 239 356 239
536 5898 1438 8.51444e+07 357 240 356 240 356 239
537 5900 1440 2.88866e+07 370 228 369 228
538 5895 1440 2.88866e+07 368 227 369 227 369 228
539 5905 1443 8.51444e+07 358 243 358 242 357 242
540 5898 1443 8.51444e+07 356 240 357 240 357 241 357 242
541 5906 1444 2.88866e+07 371 230 371 229 370 229
542 5900 1444 2.88866e+07 369 228 370 228 370 229
543 5910 1446 8.51444e+07 359 244 358 244
544 5905 1446 8.51444e+07 358 242 358 243 358 244
545 5913 1447 2.88866e+07 373 231 373 230 372 230
546 5906 1447 2.88866e+07 371 229 371 230 372 230
547 5910 1452 8.51444e+07 358 244 359 244 359 245 359 246
548 5919 1452 8.51444e+07 359 247 359 246
549 6026 1454 2.88866e+07 407 238 406 238 405 238 404 238 403 238 402 238 402 239 401 239 400 239 399 239 398 239 397 239 396 239 395 239 394 239 393 239 392 239 391 239 390 239 389 239 388 239 388 238 387 238 386 238 386 237 385 237 384 237 384 236 383 236 382 236 382 235 381 235 380 235 380 234 379 234 379 233 378 233 378 232 377 232 376 232 376 231 375 231 374 231
550 5913 1454 2.88866e+07 373 230 373 231 374 231
551 5919 1463 8.51444e+07 359 246 359 247 360 247 360 248
552 5931 1463 8.51444e+07 360 249 360 248
553 5933 1465 inf 324 287 324 286 323 286
554 5866 1465 inf 307 271 307 272 307 273 307 274 307 275 307 276 307 277 308 277 308 278 309 278 310 278 310 279 311 279 312 279 313 279 313 280 314 280 315 280 315 281 316 281 316 282 317 282 318 282 318 283 319 283 320 283 320 284 321 284 321 285 322 285 322 286 323 286
555 5931 1467 8.51444e+07 360 248 360 249 361 249
556 5935 1467 8.51444e+07 361 251 361 250 361 249
557 5937 1470 inf 326 287 325 287
558 5933 1470 inf 324 286 324 287 325 287
559 5935 1473 8.51444e+07 361 250 361 251 362 251
560 5939 1473 8.51444e+07 362 252 362 251
561 5952 1475 inf 331 289 330 289 330 288 329 288 328 288 327 288
562 5937 1475 inf 325 287 326 287 326 288 327 288
563 5939 1476 8.51444e+07 362 251 362 252 362 253
564 5946 1476 8.51444e+07 362 255 362 254 362 253
565 5946 1481 8.51444e+07 362 254 362 255 363 255
566 5954 1481 8.51444e+07 363 257 363 256 363 255
567 5958 1483 inf 332 290 332 289 331 289
568 5952 1483 inf 330 289 331 289
569 5954 1486 8.51444e+07 363 256 363 257 364 257 364 258
570 5963 1486 8.51444e+07 365 259 364 259 364 258
571 5967 1488 inf 334 291 334 290 333 290
572 5958 1488 inf 332 289 332 290 333 290
573 5963 1492 8.51444e+07 364 259 365 259 365 260
574 5972 1492 8.51444e+07 366 261 365 261 365 260
575 5977 1496 8.51444e+07 367 262 366 262
576 5972 1496 8.51444e+07 365 261 366 261 366 262
577 5967 1501 inf 334 290 334 291 335 291 336 291 336 292 337 292 338 292
578 5982 1501 inf 338 293 338 292
579 5977 1502 8.51444e+07 366 262 367 262 367 263
580 5984 1502 8.51444e+07 367 264 367 263
581 5996 1509 inf 341 293 340 293
582 5982 1509 inf 338 292 338 293 339 293 340 293
583 6015 1516 inf 346 296 345 296 345 295 344 295 343 295 343 294 342 294
584 5996 1516 inf 340 293 341 293 341 294 342 294
585 5984 1519 8.51444e+07 367 263 367 264 368 264 368 265 368 266 369 266 369 267 370 267
586 6007 1519 8.51444e+07 370 268 370 267
587 6014 1521 8.51444e+07 372 269 372 268 371 268
588 6007 1521 8.51444e+07 370 267 370 268 371 268
589 6014 1525 8.51444e+07 372 268 372 269
590 6022 1525 8.51444e+07 373 270 372 270 372 269
591 6015 1530 inf 345 296 346 296 347 296 348 296
592 6025 1530 inf 348 297 348 296
593 6028 1532 8.51444e+07 374 272 374 271 373 271
594 6022 1532 8.51444e+07 372 270 373 270 373 271
595 6057 1535 2.88866e+07 416 237 415 237 414 237 413 237 412 237 411 237 411 238 410 238 409 238 408 238 407 238
596 6026 1535 2.88866e+07 406 238 407 238
597 6034 1537 inf 351 298 351 297 350 297 349 297
598 6025 1537 inf 348 296 348 297 349 297
599 6046 1538 8.51444e+07 377 274 376 274 376 273 375 273 375 272 374 272
600 6028 1538 8.51444e+07 374 271 374 272
601 6049 1541 inf 354 298 353 298 352 298 351 298
602 6034 1541 inf 351 297 351 298
603 6056 1546 8.51444e+07 378 275 378 274 377 274
604 6046 1546 8.51444e+07 376 274 377 274
605 6069 1551 8.51444e+07 380 275 379 275 378 275
606 6056 1551 8.51444e+07 378 274 378 275
607 6064 1554 2.88866e+07 417 236 417 237 416 237
608 6057 1554 2.88866e+07 415 237 416 237
609 6075 1555 2.88866e+07 423 233 422 233 422 234 421 234 420 234 419 234
610 6072 1555 2.88866e+07 419 236 419 235 419 234
611 6072 1557 2.88866e+07 419 235 419 236 418 236
612 6064 1557 2.88866e+07 417 237 417 236 418 236
613 6069 1561 8.51444e+07 379 275 380 275
614 6089 1561 8.51444e+07 381 278 381 277 381 276 380 276 380 275
615 6095 1572 8.51444e+07 382 279 382 278 381 278
616 6089 1572 8.51444e+07 381 277 381 278
617 6098 1574 2.88866e+07 429 232 428 232 427 232
618 6075 1574 2.88866e+07 422 233 423 233 424 233 425 233 426 233 427 233 427 232
619 6118 1578 2.88866e+07 433 232 433 231 432 231 431 231 430 231
620 6098 1578 2.88866e+07 428 232 429 232 429 231 430 231
621 6095 1582 8.51444e+07 382 278 382 279 383 279
622 6111 1582 8.51444e+07 384 280 383 280 383 279
623 6121 1590 8.51444e+07 385 281 385 280 384 280
624 6111 1590 8.51444e+07 383 280 384 280
625 6126 1595 2.88866e+07 434 232 433 232
626 6118 1595 2.88866e+07 433 231 433 232
627 6144 1599 8.51444e+07 388 283 388 282 387 282 386 282 386 281 385 281
628 6121 1599 8.51444e+07 385 280 385 281
629 6135 1606 2.88866e+07 436 231 436 232 435 232 435 233
630 6126 1606 2.88866e+07 433 232 434 232 435 232 435 233
631 6049 1608 inf 353 298 354 298 355 298 356 298 357 298 357 299 358 299 359 299 360 299 361 299 362 299 363 299 364 299 365 299 366 299 367 299 368 299 369 299 370 299
632 6143 1608 inf 371 300 370 300 370 299
633 6153 1609 2.88866e+07 441 232 440 232 440 231 439 231 438 231
634 6135 1609 2.88866e+07 436 232 436 231 437 231 438 231
635 6143 1614 inf 370 300 371 300
636 6150 1614 inf 372 301 371 301 371 300
637 6144 1615 8.51444e+07 388 282 388 283
638 6174 1615 8.51444e+07 391 285 390 285 390 284 389 284 388 284 388 283
639 6159 1616 inf 373 301 373 300 373 299
640 6173 1616 inf 375 301 375 300 374 300 373 300 373 299
641 6159 1619 inf 373 300 373 301 372 301
642 6150 1619 inf 371 301 372 301
643 6162 1622 2.88866e+07 443 231 442 231 442 232 441 232
644 6153 1622 2.88866e+07 440 232 441 232
645 6156 1624 2.88866e+07 450 223 449 223 449 224
646 6170 1624 2.88866e+07 449 226 449 225 449 224
647 6157 1625 2.88866e+07 451 221 451 222 450 222 450 223
648 6156 1625 2.88866e+07 449 223 450 223
649 6163 1626 2.88866e+07 453 221 452 221
650 6157 1626 2.88866e+07 451 222 451 221 452 221
651 6171 1627 2.88866e+07 455 220 454 220 453 220
652 6163 1627 2.88866e+07 452 221 453 221 453 220
653 6177 1631 2.88866e+07 448 227 448 228 447 228 447 229 446 229 446 230 445 230 444 230 443 230 443 231
654 6162 1631 2.88866e+07 442 231 443 231
655 6178 1635 2.88866e+07 449 226 449 227 448 227
656 6177 1635 2.88866e+07 448 228 448 227
657 6170 1636 2.88866e+07 449 225 449 226
658 6178 1636 2.88866e+07 449 227 449 226
659 6181 1637 2.88866e+07 456 220 455 220
660 6171 1637 2.88866e+07 454 220 455 220
661 6195 1639 8.51444e+07 393 286 393 285 392 285 391 285
662 6174 1639 8.51444e+07 390 285 391 285
663 6230 1642 inf 379 303 378 303 377 303 377 302 376 302 375 302
664 6173 1642 inf 375 300 375 301 375 302
665 6202 1653 2.88866e+07 458 221 457 221 457 222
666 6181 1653 2.88866e+07 455 220 456 220 457 220 457 221 457 222
667 6221 1658 8.51444e+07 395 286 394 286
668 6195 1658 8.51444e+07 393 285 393 286 394 286
669 6249 1669 8.51444e+07 397 287 397 286 396 286
670 6221 1669 8.51444e+07 394 286 395 286 396 286
671 6240 1672 2.88866e+07 462 221 461 221
672 6202 1672 2.88866e+07 457 221 458 221 459 221 460 221 461 221
673 6241 1673 2.88866e+07 463 219 463 220 462 220
674 6240 1673 2.88866e+07 461 221 462 221 462 220
675 6248 1676 inf 381 303 380 303
676 6230 1676 inf 378 303 379 303 380 303
677 6254 1679 2.88866e+07 465 218 465 219 464 219
678 6241 1679 2.88866e+07 463 220 463 219 464 219
679 6242 1680 2.88866e+07 466 216 466 217 466 218 465 218
680 6254 1680 2.88866e+07 465 219 465 218
681 6243 1681 2.88866e+07 467 215 467 216
682 6242 1681 2.88866e+07 466 217 466 216 467 216
683 6244 1682 2.88866e+07 469 214 468 214 468 215
684 6243 1682 2.88866e+07 467 216 467 215 468 215
685 6256 1683 2.88866e+07 470 213 470 214 469 214
686 6244 1683 2.88866e+07 468 214 469 214
687 6255 1684 2.88866e+07 471 213 470 213
688 6256 1684 2.88866e+07 470 214 470 213
689 6265 1685 2.88866e+07 472 211 472 212 471 212
690 6255 1685 2.88866e+07 470 213 471 213 471 212
691 6283 1690 inf 383 305 382 305 382 304 381 304
692 6248 1690 inf 380 303 381 303 381 304
693 6268 1697 2.88866e+07 473 211 472 211
694 6265 1697 2.88866e+07 472 212 472 211
695 6249 1700 8.51444e+07 397 286 397 287 398 287 399 287
696 6272 1700 8.51444e+07 399 288 399 287
697 6308 1709 inf 385 306 385 305 384 305 383 305
698 6283 1709 inf 382 305 383 305
699 6300 1710 8.51444e+07 402 288 401 288 400 288
700 6272 1710 8.51444e+07 399 287 399 288 400 288
701 6296 1714 2.88866e+07 476 211 475 211
702 6268 1714 2.88866e+07 472 211 473 211 474 211 475 211
703 6316 1723 8.51444e+07 404 288 403 288 402 288
704 6300 1723 8.51444e+07 401 288 402 288
705 6313 1728 2.88866e+07 477 210 476 210
706 6296 1728 2.88866e+07 475 211 476 211 476 210
707 6337 1730 inf 389 306 388 306 387 306 386 306 385 306
708 6308 1730 inf 385 305 385 306
709 6334 1735 2.88866e+07 478 208 478 209 477 209
710 6313 1735 2.88866e+07 476 210 477 210 477 209
711 6347 1742 2.88866e+07 479 207 479 208 478 208
712 6334 1742 2.88866e+07 478 209 478 208
713 6441 1744 inf 404 310 404 309 403 309 402 309 402 308 402 307 401 307 400 307 399 307 398 307 397 307 397 306 396 306 395 306 394 306 393 306 392 306 391 306 390 306 389 306
714 6337 1744 inf 388 306 389 306
715 6362 1757 2.88866e+07 480 205 479 205
716 6347 1757 2.88866e+07 479 208 479 207 479 206 479 205
717 6316 1765 8.51444e+07 403 288 404 288 405 288 405 289 406 289 407 289 408 289 409 289 410 289 411 289 411 290
718 6376 1765 8.51444e+07 411 291 411 290
719 6380 1766 2.88866e+07 482 204 481 204
720 6362 1766 2.88866e+07 479 205 480 205 480 204 481 204
721 6385 1770 1.33522e+08 487 216 486 216
722 6394 1770 1.33522e+08 486 219 486 218 486 217 486 216
723 6379 1773 1.33522e+08 487 214 487 215 488 215
724 6385 1773 1.33522e+08 486 216 487 216 487 215 488 215
725 6394 1782 1.33522e+08 486 218 486 219 486 220
726 6438 1782 1.33522e+08 485 228 485 227 485 226 485 225 485 224 485 223 485 222 485 221 486 221 486 220
727 6437 1803 1.33522e+08 489 201 489 202
728 6380 1803 2.88866e+07 481 204 482 204 483 204 484 204 485 204 486 204 487 204 488 204 489 204 489 203 489 202
729 6379 1803 1.33522e+08 487 215 487 214 487 213 487 212 487 211 488 211 488 210 488 209 488 208 488 207 488 206 488 205 488 204 489 204 489 203 489 202
730 6445 1807 1.33522e+08 486 228 485 228
731 6438 1807 1.33522e+08 485 227 485 228
732 6456 1809 inf 406 310 405 310 404 310
733 6441 1809 inf 404 309 404 310
734 6463 1817 1.33522e+08 491 199 490 199
735 6437 1817 1.33522e+08 489 202 489 201 490 201 490 200 490 199
736 6465 1819 inf 407 310 406 310
737 6456 1819 inf 405 310 406 310
738 6477 1831 inf 408 309 408 310
739 6465 1831 inf 406 310 407 310 408 310
740 6445 1832 1.33522e+08 485 228 486 228 487 228 488 228 488 229 488 230
741 6480 1832 1.33522e+08 488 231 488 230
742 6483 1836 1.33522e+08 487 232 487 233 486 233
743 6490 1836 1.33522e+08 486 235 486 234 486 233
744 6480 1837 1.33522e+08 488 230 488 231 487 231 487 232
745 6483 1837 1.33522e+08 487 233 487 232
746 6485 1839 1.33522e+08 492 196 491 196
747 6463 1839 1.33522e+08 490 199 491 199 491 198 491 197 491 196
748 6493 1841 1.33522e+08 484 237 484 238 483 238
749 6497 1841 1.33522e+08 482 240 483 240 483 239 483 238
750 6488 1842 1.33522e+08 485 236 484 236 484 237
751 6493 1842 1.33522e+08 484 238 484 237
752 6489 1843 1.33522e+08 485 235 485 236
753 6488 1843 1.33522e+08 484 236 485 236
754 6490 1844 1.33522e+08 486 234 486 235
755 6489 1844 1.33522e+08 485 236 485 235 486 235
756 6497 1846 1.33522e+08 483 240 482 240
757 6502 1846 1.33522e+08 481 243 481 242 482 242 482 241 482 240
758 6505 1848 1.33522e+08 493 193 492 193 492 194
759 6485 1848 1.33522e+08 491 196 492 196 492 195 492 194
760 6502 1852 1.33522e+08 481 242 481 243 481 244
761 6513 1852 1.33522e+08 481 245 481 244
762 6512 1856 1.33522e+08 479 246 479 247
763 6514 1856 1.33522e+08 478 249 478 248 479 248 479 247
764 6513 1857 1.33522e+08 481 244 481 245 480 245 480 246
765 6512 1857 1.33522e+08 479 247 479 246 480 246
766 6531 1859 1.33522e+08 494 189 493 189 493 190 493 191
767 6505 1859 1.33522e+08 492 193 493 193 493 192 493 191
768 6514 1860 1.33522e+08 478 248 478 249
769 6520 1860 1.33522e+08 477 251 477 250 478 250 478 249
770 6520 1863 1.33522e+08 477 250 477 251
771 6530 1863 1.33522e+08 476 253 476 252 477 252 477 251
772 6530 1868 1.33522e+08 476 252 476 253
773 6561 1868 1.33522e+08 474 261 474 260 474 259 474 258 474 257 474 256 475 256 475 255 475 254 476 254 476 253
774 6556 1875 1.33522e+08 495 186 494 186 494 187 494 188
775 6531 1875 1.33522e+08 493 189 494 189 494 188
776 6558 1877 inf 432 302 431 302 430 302 429 302
777 6376 1877 8.51444e+07 411 290 411 291 412 291 413 291 414 291 414 292 415 292 415 293 415 294 415 295 415 296 415 297 415 298 415 299 416 299 417 299 418 299 419 299 420 299 421 299 422 299 423 299 424 299 425 299 425 300 425 301 425 302 426 302 427 302 428 302 429 302
778 6477 1877 inf 408 310 408 309 409 309 410 309 410 308 411 308 412 308 413 308 414 308 415 308 415 307 416 307 417 307 417 306 418 306 419 306 420 306 420 305 421 305 422 305 422 304 423 304 424 304 425 304 425 303 426 303 427 303 427 302 428 302 429 302
779 6565 1886 inf 434 302 433 302 432 302
780 6558 1886 inf 431 302 432 302
781 6572 1888 1.33522e+08 495 183 495 184 495 185
782 6556 1888 1.33522e+08 494 186 495 186 495 185
783 6566 1891 inf 435 300 435 301
784 6565 1891 inf 433 302 434 302 434 301 435 301
785 6609 1900 1.33522e+08 496 178 496 179 496 180 496 181 496 182 496 183
786 6572 1900 1.33522e+08 495 184 495 183 496 183
787 6584 1901 inf 440 297 440 298
788 6566 1901 inf 435 301 435 300 436 300 436 299 437 299 437 298 438 298 439 298 440 298
789 6596 1902 inf 443 297 442 297 441 297
790 6584 1902 inf 440 298 440 297 441 297
791 6606 1911 inf 445 296 445 297
792 6596 1911 inf 442 297 443 297 444 297 445 297
793 6607 1912 inf 447 295 446 295 446 296
794 6606 1912 inf 445 297 445 296 446 296
795 6610 1913 inf 448 295 447 295
796 6607 1913 inf 446 295 447 295
797 6611 1914 inf 450 292 450 293 449 293 449 294 448 294
798 6610 1914 inf 447 295 448 295 448 294
799 6619 1915 inf 452 292 451 292 450 292
800 6611 1915 inf 450 293 450 292
801 6622 1923 inf 454 291 453 291
802 6619 1923 inf 451 292 452 292 452 291 453 291
803 6636 1924 inf 459 288 458 288 457 288 456 288
804 6623 1924 inf 455 290 455 289 455 288 456 288
805 6629 1929 1.33522e+08 496 175 496 176
806 6609 1929 1.33522e+08 496 179 496 178 496 177 496 176
807 6623 1931 inf 455 289 455 290 456 290
808 6622 1931 inf 453 291 454 291 454 290 455 290 456 290
809 6651 1940 1.33522e+08 497 173 497 174 496 174
810 6629 1940 1.33522e+08 496 176 496 175 496 174
811 6637 1941 inf 460 287 459 287 459 288
812 6636 1941 inf 458 288 459 288
813 6638 1942 inf 462 284 462 285 461 285 461 286 461 287 460 287
814 6637 1942 inf 459 287 460 287
815 6662 1956 inf 471 278 471 279
816 6638 1956 inf 462 285 462 284 463 284 463 283 464 283 464 282 464 281 465 281 466 281 466 280 467 280 468 280 469 280 470 280 470 279 471 279
817 6672 1963 inf 476 274 476 275
818 6662 1963 inf 471 279 471 278 472 278 473 278 473 277 474 277 474 276 475 276 475 275 476 275
819 6677 1964 inf 479 273 478 273 478 274 477 274
820 6561 1964 1.33522e+08 474 260 474 261 474 262 474 263 474 264 474 265 474 266 474 267 474 268 474 269 474 270 474 271 474 272 474 273 474 274 475 274 476 274 477 274
821 6672 1964 inf 476 275 476 274 477 274
822 6683 1967 inf 481 272 480 272 480 273 479 273
823 6677 1967 inf 478 273 479 273
824 6698 1971 inf 483 272 482 272 481 272
825 6683 1971 inf 480 272 481 272
826 6702 1987 inf 503 251 503 252
827 6701 1987 inf 502 253 502 252 503 252
828 6708 1991 inf 505 250 505 251
829 6702 1991 inf 503 252 503 251 504 251 505 251
830 6721 1992 inf 507 249 507 250 506 250
831 6708 1992 inf 505 251 505 250 506 250
832 6717 1995 inf 485 272 484 272 484 273
833 6698 1995 inf 482 272 483 272 484 272 484 273
834 6737 1996 inf 495 265 494 265 494 266 493 266 493 267 492 267 492 268 491 268 491 269 490 269 489 269 488 269 487 269 487 270 486 270 486 271 485 271 485 272
835 6717 1996 inf 484 272 485 272
836 6727 1997 inf 509 249 508 249
837 6721 1997 inf 507 250 507 249 508 249
838 6701 2002 inf 502 252 502 253 501 253 501 254 501 255 500 255 500 256 500 257 500 258
839 6733 2002 inf 500 259 500 258
840 6749 2004 inf 513 248 512 248 511 248 510 248
841 6727 2004 inf 508 249 509 249 510 249 510 248
842 6742 2007 inf 518 241 519 241 519 240
843 6754 2007 inf 520 241 519 241 519 240
844 6743 2010 1.33522e+08 500 164 499 164
845 6651 2010 1.33522e+08 497 174 497 173 497 172 498 172 498 171 498 170 498 169 498 168 498 167 499 167 499 166 499 165 499 164
846 6745 2011 inf 496 264 496 265 495 265
847 6737 2011 inf 494 265 495 265
848 6771 2012 inf 499 264 498 264 497 264 496 264
849 6745 2012 inf 496 265 496 264
850 6733 2014 inf 500 258 500 259 500 260 499 260 499 261
851 6747 2014 inf 499 262 499 261
852 6752 2016 inf 516 244 516 245 515 245
853 6751 2016 inf 514 246 515 246 515 245
854 6753 2017 inf 518 243 517 243 517 244 516 244
855 6752 2017 inf 516 245 516 244
856 6742 2018 inf 519 241 518 241 518 242
857 6753 2018 inf 517 243 518 243 518 242
858 6750 2023 inf 513 247 513 248
859 6749 2023 inf 512 248 513 248
860 6751 2024 inf 515 246 514 246 514 247
861 6750 2024 inf 513 248 513 247 514 247
862 6764 2025 inf 522 239 522 240 521 240 521 241 520 241
863 6754 2025 inf 519 241 520 241
864 6765 2026 inf 524 238 523 238 523 239 522 239
865 6764 2026 inf 522 240 522 239
866 6773 2029 inf 526 236 526 237 525 237 525 238 524 238
867 6765 2029 inf 523 238 524 238
868 6774 2030 inf 528 235 527 235 527 236 526 236
869 6773 2030 inf 526 237 526 236
870 6778 2031 inf 530 235 529 235 528 235
871 6774 2031 inf 527 235 528 235
872 6747 2034 inf 499 261 499 262 499 263 499 264 500 264
873 6771 2034 inf 498 264 499 264 500 264
874 6789 2038 inf 551 214 551 215 550 215
875 6788 2038 inf 549 216 550 216 550 215
876 6781 2039 inf 552 212 552 213 551 213 551 214
877 6789 2039 inf 551 215 551 214
878 6791 2041 inf 532 235 531 235
879 6778 2041 inf 529 235 530 235 531 235
880 6792 2042 inf 533 233 533 234 532 234
881 6791 2042 inf 531 235 532 235 532 234
882 6795 2043 inf 537 230 537 229 537 228 538 228
883 6803 2043 inf 539 229 538 229 538 228
884 6796 2044 inf 545 222 544 222
885 6797 2044 inf 544 223 544 222
886 6788 2045 inf 550 216 549 216 549 217
887 6799 2045 inf 548 218 549 218 549 217
888 6808 2046 inf 553 209 553 210 552 210
889 6781 2046 inf 552 213 552 212 552 211 552 210
890 6793 2048 inf 535 232 534 232 534 233
891 6792 2048 inf 533 234 533 233 534 233
892 6802 2049 inf 536 232 535 232
893 6793 2049 inf 534 232 535 232
894 6795 2050 inf 537 229 537 230
895 6802 2050 inf 535 232 536 232 536 231 536 230 537 230
896 6798 2051 inf 547 219 547 220
897 6805 2051 inf 546 221 547 221 547 220
898 6799 2052 inf 549 218 548 218 548 219
899 6798 2052 inf 547 220 547 219 548 219
900 6812 2054 inf 540 229 539 229
901 6803 2054 inf 538 229 539 229
902 6797 2055 inf 544 222 544 223 543 223 543 224 543 225
903 6812 2055 inf 539 229 540 229 540 228 541 228 541 227 541 226 542 226 542 225 543 225
904 6805 2056 inf 547 221 546 221 546 222
905 6796 2056 inf 544 222 545 222 546 222
906 6819 2060 inf 554 208 554 209
907 6808 2060 inf 553 210 553 209 554 209
908 6830 2067 inf 556 206 556 207 556 208
909 6819 2067 inf 554 209 554 208 555 208 556 208
910 6830 2074 inf 556 207 556 206 556 205 555 205
911 6837 2074 inf 556 204 556 205 555 205
912 6855 2078 inf 556 197 556 198 556 199 557 199 557 200 557 201 557 202 557 203 556 203 556 204
913 6837 2078 inf 556 205 556 204
914 6844 2080 1.33522e+08 506 153 506 154
915 6743 2080 1.33522e+08 499 164 500 164 500 163 500 162 501 162 501 161 502 161 502 160 502 159 503 159 503 158 503 157 504 157 504 156 505 156 505 155 506 155 506 154
916 6875 2101 inf 556 191 556 192
917 6855 2101 inf 556 198 556 197 556 196 556 195 556 194 556 193 556 192
918 6900 2106 inf 557 188 557 189 556 189 556 190
919 6875 2106 inf 556 192 556 191 556 190
920 6886 2108 1.33522e+08 507 140 507 141
921 6844 2108 1.33522e+08 506 154 506 153 507 153 507 152 507 151 507 150 507 149 507 148 507 147 507 146 507 145 507 144 507 143 507 142 507 141
922 6910 2115 1.33522e+08 507 137 507 138 507 139
923 6886 2115 1.33522e+08 507 141 507 140 507 139
924 6949 2123 1.33522e+08 510 130 510 131 510 132 510 133 510 134 510 135 509 135 509 136 508 136 508 137 507 137
925 6910 2123 1.33522e+08 507 138 507 137
926 6936 2132 inf 561 185 560 185 560 186 559 186 559 187
927 6900 2132 inf 557 189 557 188 558 188 558 187 559 187
928 6960 2158 1.33522e+08 511 126 511 127 510 127
929 6949 2158 1.33522e+08 510 131 510 130 510 129 510 128 510 127
930 6975 2162 1.33522e+08 512 120 512 121 512 122 511 122 511 123 511 124 511 125 511 126
931 6960 2162 1.33522e+08 511 127 511 126
932 7006 2165 inf 566 164 566 165 566 166 566 167 566 168 566 169 566 170 566 171 566 172 566 173 566 174 566 175 566 176 566 177 566 178 566 179
933 6936 2165 inf 560 185 561 185 562 185 562 184 563 184 563 183 564 183 564 182 564 181 564 180 565 180 565 179 566 179
934 6975 2175 1.33522e+08 512 121 512 120 512 119 512 118
935 6985 2175 1.33522e+08 513 118 512 118
936 6985 2180 1.33522e+08 512 118 513 118 513 117 513 116
937 6997 2180 1.33522e+08 514 115 514 116 513 116
938 6997 2186 1.33522e+08 514 116 514 115 514 114
939 7008 2186 1.33522e+08 515 113 515 114 514 114
940 7009 2190 inf 567 163 566 163
941 7006 2190 inf 566 165 566 164 566 163
942 7008 2192 1.33522e+08 515 114 515 113 515 112
943 7012 2192 1.33522e+08 517 113 516 113 515 113 515 112
944 7024 2193 inf 567 157 567 158 567 159 567 160 567 161 567 162
945 7009 2193 inf 566 163 567 163 567 162
946 7036 2193 2.72789e+07 578 163 577 163 576 163 575 163 574 163 573 163 572 163 571 163 570 163 569 163 568 163 567 163 567 162
947 7046 2201 inf 568 147 568 148 568 149 568 150 568 151 568 152 568 153 568 154 567 154 567 155 567 156 567 157
948 7024 2201 inf 567 158 567 157
949 7098 2209 1.33522e+08 527 94 527 95 527 96 527 97 527 98 526 98 526 99 526 100 525 100 524 100 524 101 524 102 524 103 523 103 523 104 522 104 522 105 522 106
950 7012 2209 1.33522e+08 516 113 517 113 518 113 519 113 520 113 520 112 520 111 521 111 521 110 521 109 521 108 521 107 521 106 522 106
951 7041 2210 2.72789e+07 583 165 583 164 582 164 581 164
952 7036 2210 2.72789e+07 577 163 578 163 579 163 580 163 580 164 581 164
953 7041 2211 2.72789e+07 583 164 583 165 584 165
954 7040 2211 2.72789e+07 584 166 584 165
955 7061 2213 2.72789e+07 591 166 590 166 589 166 588 166 587 166
956 7040 2213 2.72789e+07 584 165 584 166 585 166 586 166 587 166
957 7054 2215 inf 569 146 568 146 568 147
958 7046 2215 inf 568 148 568 147
959 7063 2222 2.72789e+07 592 166 591 166
960 7061 2222 2.72789e+07 590 166 591 166
961 7069 2223 inf 570 143 570 144 570 145 570 146 571 146
962 7054 2223 inf 568 146 569 146 570 146 571 146
963 7076 2226 inf 571 142 571 143 570 143
964 7069 2226 inf 570 144 570 143
965 7088 2230 2.72789e+07 598 166 597 166 596 166 596 167 595 167 594 167 593 167
966 7063 2230 2.72789e+07 591 166 592 166 592 167 593 167
967 7087 2233 inf 572 141 571 141 571 142
968 7076 2233 inf 571 143 571 142
969 7090 2239 inf 572 140 572 141
970 7087 2239 inf 571 141 572 141
971 7124 2242 inf 574 135 573 135 573 136 573 137 573 138 573 139 572 139
972 7090 2242 inf 572 141 572 140 572 139
973 7110 2244 2.72789e+07 603 166 602 166 601 166 600 166
974 7088 2244 2.72789e+07 597 166 598 166 599 166 600 166
975 7125 2252 2.72789e+07 605 167 604 167
976 7110 2252 2.72789e+07 602 166 603 166 603 167 604 167
977 7129 2257 1.33522e+08 529 89 528 89
978 7098 2257 1.33522e+08 527 95 527 94 527 93 527 92 527 91 527 90 528 90 528 89
979 7139 2260 inf 574 132 574 133 574 134
980 7124 2260 inf 573 135 574 135 574 134
981 7142 2262 2.72789e+07 608 167 608 166 607 166
982 7125 2262 2.72789e+07 604 167 605 167 606 167 606 166 607 166
983 7149 2264 inf 574 130 573 130 572 130
984 7150 2264 inf 573 129 573 130 572 130
985 7148 2269 inf 574 131 575 131 575 132
986 7139 2269 inf 574 133 574 132 575 132
987 7152 2271 2.72789e+07 611 166 610 166 609 166 609 167
988 7142 2271 2.72789e+07 608 166 608 167 609 167
989 7149 2273 inf 573 130 574 130
990 7148 2273 inf 575 131 574 131 574 130
991 7150 2275 inf 573 130 573 129 573 128
992 7168 2275 inf 576 129 575 129 574 129 573 129 573 128
993 7152 2278 2.72789e+07 610 166 611 166 612 166
994 7166 2278 2.72789e+07 612 167 612 166
995 7166 2288 2.72789e+07 612 166 612 167 613 167
996 7198 2288 2.72789e+07 618 169 617 169 616 169 616 168 615 168 614 168 613 168 613 167
997 7181 2290 1.33522e+08 533 83 532 83 532 84
998 7129 2290 1.33522e+08 528 89 529 89 529 88 529 87 530 87 530 86 531 86 531 85 532 85 532 84
999 7168 2293 inf 575 129 576 129 577 129 577 128 577 127 577 126 576 126
1000 7184 2293 inf 576 125 576 126
1001 7194 2296 1.33522e+08 534 81 534 82 533 82
1002 7181 2296 1.33522e+08 532 83 533 83 533 82
1003 7201 2302 inf 577 122 576 122 576 123
1004 7184 2302 inf 576 126 576 125 576 124 576 123
1005 7197 2303 1.33522e+08 535 81 534 81
1006 7194 2303 1.33522e+08 534 82 534 81
1007 7227 2306 inf 578 120 578 121 577 121 577 122
1008 7201 2306 inf 576 122 577 122
1009 7213 2308 1.33522e+08 536 80 535 80
1010 7197 2308 1.33522e+08 534 81 535 81 535 80
1011 7219 2312 2.72789e+07 620 170 619 170
1012 7198 2312 2.72789e+07 617 169 618 169 618 170 619 170
1013 7239 2324 1.33522e+08 537 78 536 78 536 79
1014 7213 2324 1.33522e+08 535 80 536 80 536 79
1015 7247 2331 1.33522e+08 538 77 538 78 537 78
1016 7239 2331 1.33522e+08 536 78 537 78
1017 7264 2342 1.33522e+08 540 76 540 77 539 77
1018 7247 2342 1.33522e+08 538 78 538 77 539 77
1019 7275 2347 inf 582 116 581 116 581 117
1020 7227 2347 inf 578 121 578 120 579 120 579 119 580 119 580 118 580 117 581 117
1021 7396 2348 1.33522e+08 552 68 551 68 551 69 550 69 550 70 549 70 548 70 548 71 547 71 546 71 546 72 545 72 545 73 544 73 544 74 543 74 543 75 542 75 542 76 541 76 540 76
1022 7264 2348 1.33522e+08 540 77 540 76
1023 7277 2349 2.72789e+07 626 173 626 172 625 172
1024 7219 2349 2.72789e+07 619 170 620 170 621 170 622 170 623 170 623 171 624 171 625 171 625 172
1025 7284 2354 2.72789e+07 628 172 627 172 627 173
1026 7277 2354 2.72789e+07 626 172 626 173 627 173
1027 7294 2358 2.72789e+07 630 172 629 172
1028 7284 2358 2.72789e+07 627 172 628 172 629 172
1029 7309 2365 inf 584 114 584 115
1030 7275 2365 inf 581 116 582 116 583 116 583 115 584 115
1031 7357 2404 inf 588 109 587 109
1032 7309 2404 inf 584 115 584 114 585 114 585 113 585 112 585 111 586 111 586 110 586 109 587 109
1033 7374 2405 2.72789e+07 638 176 637 176 637 175 636 175
1034 7294 2405 2.72789e+07 629 172 630 172 630 173 631 173 631 174 632 174 633 174 634 174 634 175 635 175 636 175
1035 7393 2416 inf 591 107 591 108 590 108 590 109
1036 7357 2416 inf 587 109 588 109 589 109 590 109
1037 7407 2418 2.72789e+07 642 177 642 176 641 176 640 176 639 176 638 176
1038 7374 2418 2.72789e+07 637 176 638 176
1039 7412 2436 1.33522e+08 554 67 554 68 553 68
1040 7396 2436 1.33522e+08 551 68 552 68 553 68
1041 7418 2443 1.33522e+08 554 66 554 67
1042 7412 2443 1.33522e+08 554 68 554 67
1043 7454 2468 1.33522e+08 557 63 557 64
1044 7418 2468 1.33522e+08 554 67 554 66 555 66 555 65 556 65 556 64 557 64
1045 7485 2475 1.33522e+08 560 62 559 62 558 62 557 62
1046 7454 2475 1.33522e+08 557 64 557 63 557 62
1047 7478 2476 2.72789e+07 650 180 650 179 649 179
1048 7407 2476 2.72789e+07 642 176 642 177 643 177 644 177 645 177 646 177 647 177 647 178 648 178 649 178 649 179
1049 7490 2481 inf 600 101 600 102 599 102
1050 7393 2481 inf 591 108 591 107 591 106 592 106 592 105 593 105 594 105 594 104 595 104 595 103 596 103 597 103 597 102 598 102 599 102
1051 7517 2483 2.72789e+07 655 181 654 181 653 181 652 181 652 180 651 180 650 180
1052 7478 2483 2.72789e+07 650 179 650 180
1053 7496 2487 1.33522e+08 562 62 561 62 560 62
1054 7485 2487 1.33522e+08 559 62 560 62
1055 7503 2496 inf 667 165 667 166
1056 7528 2496 inf 669 168 668 168 667 168 667 167 667 166
1057 7516 2505 1.33522e+08 564 61 563 61
1058 7496 2505 1.33522e+08 561 62 562 62 562 61 563 61
1059 7532 2512 inf 668 162 668 163 668 164
1060 7503 2512 inf 667 166 667 165 668 165 668 164
1061 7555 2522 1.33522e+08 569 61 568 61 567 61
1062 7516 2522 1.33522e+08 563 61 564 61 565 61 566 61 567 61
1063 7563 2523 inf 669 173 669 172 669 171 668 171
1064 7547 2523 inf 669 170 669 171 668 171
1065 7528 2524 inf 668 168 669 168 669 169 669 170
1066 7547 2524 inf 669 171 669 170
1067 7562 2528 1.33522e+08 570 61 570 62 569 62
1068 7555 2528 1.33522e+08 568 61 569 61 569 62
1069 7568 2536 inf 611 101 610 101 609 101
1070 7490 2536 inf 600 102 600 101 601 101 602 101 603 101 604 101 605 101 606 101 607 101 608 101 609 101
1071 7557 2537 inf 667 158 667 159 668 159
1072 7532 2537 inf 668 163 668 162 668 161 668 160 668 159
1073 7586 2541 inf 666 153 666 154 666 155 666 156
1074 7557 2541 inf 667 159 667 158 667 157 666 157 666 156
1075 7577 2544 inf 615 104 614 104
1076 7568 2544 inf 610 101 611 101 611 102 612 102 612 103 613 103 614 103 614 104
1077 7581 2550 1.33522e+08 573 61 572 61
1078 7562 2550 1.33522e+08 570 62 570 61 571 61 572 61
1079 7563 2551 inf 669 172 669 173 669 174 669 175
1080 7584 2551 inf 669 176 669 175
1081 7593 2553 inf 617 103 616 103 616 104
1082 7577 2553 inf 614 104 615 104 616 104
1083 7581 2556 1.33522e+08 572 61 573 61 573 60
1084 7681 2556 1.33522e+08 586 61 585 61 584 61 583 61 582 61 581 61 580 61 579 61 578 61 577 61 576 61 575 61 574 61 573 61 573 60
1085 7584 2557 inf 669 175 669 176 669 177
1086 7600 2557 inf 669 179 669 178 669 177
1087 7596 2561 inf 665 150 665 151 665 152 666 152
1088 7586 2561 inf 666 154 666 153 666 152
1089 7605 2563 inf 617 101 617 102 617 103
1090 7593 2563 inf 616 103 617 103
1091 7614 2564 inf 664 148 665 148 665 149 665 150
1092 7596 2564 inf 665 151 665 150
1093 7607 2567 inf 668 181 667 181
1094 7615 2567 inf 666 184 666 183 666 182 666 181 667 181
1095 7600 2570 inf 669 178 669 179 669 180
1096 7607 2570 inf 667 181 668 181 669 181 669 180
1097 7617 2577 inf 664 146 664 147
1098 7614 2577 inf 665 148 664 148 664 147
1099 7617 2578 inf 664 147 664 146 663 146
1100 7669 2578 2.65983e+07 668 143 667 143 666 143 665 143 664 143 663 143 663 144 663 145 663 146
1101 7627 2578 inf 662 144 663 144 663 145 663 146
1102 7637 2581 inf 620 100 619 100 618 100 618 101
1103 7605 2581 inf 617 102 617 101 618 101
1104 7627 2586 inf 663 144 662 144
1105 7634 2586 inf 661 141 661 142 662 142 662 143 662 144
1106 7650 2587 inf 639 118 639 117 638 117 638 116 637 116 637 115 637 114 636 114 635 114 635 113 634 113 634 112 633 112 633 111 632 111 631 111 631 112 630 112
1107 7636 2587 inf 630 110 630 111 630 112
1108 7634 2591 inf 661 142 661 141 660 141
1109 7635 2591 inf 660 140 660 141
1110 7671 2603 inf 661 136 661 137 660 137 660 138
1111 7635 2603 inf 660 141 660 140 660 139 660 138
1112 7680 2606 inf 642 117 641 117 640 117 640 118
1113 7650 2606 inf 639 117 639 118 640 118
1114 7682 2619 2.65983e+07 692 166 691 166
1115 7683 2619 2.65983e+07 691 165 691 166
1116 7699 2620 2.65983e+07 690 163 689 163 688 163
1117 7684 2620 2.65983e+07 688 162 688 163
1118 7669 2621 2.65983e+07 667 143 668 143
1119 7757 2621 2.65983e+07 674 144 673 144 672 144 671 144 670 144 669 144 668 144 668 143
1120 7686 2623 inf 661 135 661 136
1121 7671 2623 inf 661 137 661 136
1122 7708 2627 inf 646 119 645 119 644 119
1123 7679 2627 inf 643 119 644 119
1124 7690 2628 inf 642 117 643 117 643 118
1125 7679 2628 inf 644 119 643 119 643 118
1126 7680 2631 inf 641 117 642 117 642 116
1127 7690 2631 inf 643 117 642 117 642 116
1128 7710 2633 1.33522e+08 616 89 615 89
1129 7780 2633 1.33522e+08 613 82 613 83 614 83 614 84 614 85 614 86 614 87 614 88 614 89 615 89
1130 7681 2634 1.33522e+08 585 61 586 61 587 61
1131 7693 2634 1.33522e+08 588 62 587 62 587 61
1132 7698 2637 2.65983e+07 693 166 692 166 692 167
1133 7682 2637 2.65983e+07 691 166 692 166 692 167
1134 7699 2638 2.65983e+07 689 163 690 163 690 164 691 164
1135 7683 2638 2.65983e+07 691 166 691 165 691 164
1136 7715 2639 2.65983e+07 689 161 688 161
1137 7684 2639 2.65983e+07 688 163 688 162 688 161
1138 7703 2642 inf 660 134 661 134
1139 7686 2642 inf 661 136 661 135 661 134
1140 7704 2643 inf 659 133 660 133
1141 7703 2643 inf 661 134 660 134 660 133
1142 7758 2644 inf 658 129 659 129 659 130 659 131 659 132
1143 7704 2644 inf 660 133 659 133 659 132
1144 7729 2646 inf 627 99 627 100
1145 7636 2646 inf 630 111 630 110 630 109 630 108 629 108 629 107 628 107 628 106 627 106 627 105 627 104 627 103 627 102 627 101 627 100
1146 7731 2647 inf 666 195 665 195
1147 7615 2647 inf 666 183 666 184 665 184 665 185 665 186 665 187 665 188 665 189 665 190 664 190 664 191 664 192 664 193 665 193 665 194 665 195
1148 7517 2647 2.72789e+07 654 181 655 181 656 181 656 182 657 182 657 183 658 183 658 184 658 185 659 185 659 186 660 186 660 187 660 188 661 188 662 188 663 188 663 189 663 190 664 190 664 191 664 192 664 193 665 193 665 194 665 195
1149 7758 2653 inf 659 129 658 129 657 129
1150 7724 2653 inf 656 128 656 129 657 129
1151 7741 2654 inf 651 122 651 123
1152 7740 2654 inf 653 124 652 124 651 124 651 123
1153 7741 2655 inf 651 123 651 122 650 122
1154 7742 2655 inf 649 121 650 121 650 122
1155 7710 2657 1.33522e+08 615 89 616 89 616 90 616 91 617 91 618 91 618 92 619 92 620 92 621 92 621 93 622 93 622 94 623 94 623 95 624 95 624 96 625 96 625 97
1156 7637 2657 inf 619 100 620 100 621 100 622 100 623 100 624 100 625 100 625 99 625 98 625 97
1157 7729 2657 inf 627 100 627 99 626 99 626 98 625 98 625 97
1158 7746 2658 1.33522e+08 592 63 591 63 591 62 590 62
1159 7693 2658 1.33522e+08 587 62 588 62 589 62 590 62
1160 7751 2662 2.65983e+07 694 165 695 165 695 166
1161 7750 2662 2.65983e+07 695 167 695 166
1162 7751 2663 2.65983e+07 695 165 694 165
1163 7698 2663 2.65983e+07 692 166 693 166 693 165 694 165
1164 7752 2664 2.65983e+07 688 159 689 159 689 160
1165 7715 2664 2.65983e+07 688 161 689 161 689 160
1166 7753 2665 2.65983e+07 688 158 687 158 686 158 686 157 686 156 685 156
1167 7754 2665 2.65983e+07 685 155 685 156
1168 7787 2667 2.65983e+07 676 144 675 144 674 144 674 145
1169 7757 2667 2.65983e+07 673 144 674 144 674 145
1170 7738 2668 inf 655 126 655 127 656 127
1171 7724 2668 inf 656 129 656 128 656 127
1172 7739 2669 inf 654 126 655 126
1173 7738 2669 inf 655 127 655 126
1174 7740 2670 inf 652 124 653 124 653 125 654 125
1175 7739 2670 inf 655 126 654 126 654 125
1176 7708 2671 inf 645 119 646 119 647 119 648 119 648 120 649 120
1177 7742 2671 inf 650 121 649 121 649 120
1178 7731 2674 inf 665 195 666 195 666 196
1179 7798 2674 inf 668 197 667 197 666 197 666 196
1180 7753 2675 2.65983e+07 687 158 688 158
1181 7752 2675 2.65983e+07 689 159 688 159 688 158
1182 7746 2680 1.33522e+08 591 63 592 63 593 63
1183 7761 2680 1.33522e+08 594 64 593 64 593 63
1184 7807 2686 2.65983e+07 677 144 676 144 676 145
1185 7787 2686 2.65983e+07 675 144 676 144 676 145
1186 7794 2694 1.33522e+08 596 65 596 64 595 64
1187 7761 2694 1.33522e+08 593 64 594 64 595 64
1188 7820 2696 2.65983e+07 697 169 697 168 696 168
1189 7750 2696 2.65983e+07 695 166 695 167 696 167 696 168
1190 7816 2702 1.33522e+08 612 80 613 80 613 81
1191 7780 2702 1.33522e+08 613 83 613 82 613 81
1192 7794 2703 1.33522e+08 596 64 596 65 597 65
1193 7793 2703 1.33522e+08 598 66 597 66 597 65
1194 7824 2706 2.65983e+07 684 150 684 151
1195 7754 2706 2.65983e+07 685 156 685 155 685 154 685 153 685 152 684 152 684 151
1196 7824 2707 2.65983e+07 684 151 684 150 683 150
1197 7825 2707 2.65983e+07 683 149 683 150
1198 7835 2713 1.33522e+08 612 78 612 79
1199 7816 2713 1.33522e+08 613 80 612 80 612 79
1200 7842 2716 1.33522e+08 600 66 599 66
1201 7793 2716 1.33522e+08 597 66 598 66 599 66
1202 7798 2718 inf 667 197 668 197 668 198
1203 7843 2718 inf 667 199 668 199 668 198
1204 7836 2728 1.33522e+08 609 76 610 76
1205 7835 2728 1.33522e+08 612 79 612 78 611 78 611 77 610 77 610 76
1206 7837 2729 1.33522e+08 608 75 609 75
1207 7836 2729 1.33522e+08 610 76 609 76 609 75
1208 7852 2730 1.33522e+08 607 72 607 73 608 73 608 74
1209 7837 2730 1.33522e+08 609 75 608 75 608 74
1210 7854 2731 1.33522e+08 604 69 603 69
1211 7840 2731 1.33522e+08 602 69 603 69
1212 7841 2732 1.33522e+08 601 67 601 68 602 68
1213 7840 2732 1.33522e+08 603 69 602 69 602 68
1214 7842 2733 1.33522e+08 599 66 600 66 600 67 601 67
1215 7841 2733 1.33522e+08 601 68 601 67
1216 7843 2734 inf 668 199 667 199 667 200
1217 7874 2734 inf 666 203 666 202 667 202 667 201 667 200
1218 7820 2735 2.65983e+07 697 168 697 169 698 169
1219 7957 2735 2.65983e+07 701 173 700 173 699 173 699 172 698 172 698 171 698 170 698 169
1220 7867 2745 2.65983e+07 682 147 683 147 683 148 684 148
1221 7825 2745 2.65983e+07 683 150 683 149 683 148 684 148
1222 7884 2746 2.65983e+07 680 143 680 144
1223 7867 2746 2.65983e+07 683 147 682 147 681 147 680 147 680 146 680 145 680 144
1224 7884 2747 2.65983e+07 680 144 680 143 679 143
1225 7885 2747 2.65983e+07 679 142 679 143
1226 7807 2748 2.65983e+07 676 144 677 144 677 143 677 142 677 141
1227 7885 2748 2.65983e+07 679 143 679 142 678 142 677 142 677 141
1228 7872 2750 1.33522e+08 606 71 607 71
1229 7852 2750 1.33522e+08 607 73 607 72 607 71
1230 7893 2751 1.33522e+08 605 69 606 69 606 70
1231 7872 2751 1.33522e+08 607 71 606 71 606 70
1232 7893 2752 1.33522e+08 606 69 605 69
1233 7854 2752 1.33522e+08 603 69 604 69 605 69
1234 7874 2762 inf 666 202 666 203 666 204
1235 7938 2762 inf 667 206 667 205 666 205 666 204
1236 7938 2794 inf 667 205 667 206
1237 8021 2794 inf 668 210 667 210 667 209 667 208 667 207 667 206
1238 8021 2843 inf 667 210 668 210
1239 8087 2843 inf 669 214 669 213 669 212 669 211 668 211 668 210
1240 7957 2857 2.65983e+07 700 173 701 173 702 173 703 173 703 174 703 175 704 175
1241 8065 2857 2.65983e+07 705 176 704 176 704 175
1242 8065 2875 2.65983e+07 704 176 705 176
1243 8102 2875 2.65983e+07 705 180 705 179 705 178 705 177 705 176
1244 8087 2898 inf 669 213 669 214 669 215 670 215
1245 8116 2898 inf 670 218 670 217 670 216 670 215
1246 8102 2900 2.65983e+07 705 179 705 180
1247 8110 2900 2.65983e+07 705 182 705 181 705 180
1248 8119 2902 2.65983e+07 705 183 705 182 704 182
1249 8110 2902 2.65983e+07 705 181 705 182 704 182
1250 8116 2909 inf 670 217 670 218
1251 8124 2909 inf 670 219 670 218
1252 8127 2918 2.65983e+07 706 184 705 184
1253 8119 2918 2.65983e+07 705 182 705 183 705 184
1254 8124 2922 inf 670 218 670 219 671 219 671 220 672 220
1255 8144 2922 inf 673 221 672 221 672 220
1256 8147 2929 2.65983e+07 708 186 707 186
1257 8127 2929 2.65983e+07 705 184 706 184 706 185 707 185 707 186
1258 8144 2933 inf 672 221 673 221 673 222
1259 8160 2933 inf 674 223 673 223 673 222
1260 8156 2937 2.65983e+07 709 187 708 187
1261 8147 2937 2.65983e+07 707 186 708 186 708 187
1262 8156 2945 2.65983e+07 708 187 709 187 709 188
1263 8169 2945 2.65983e+07 709 189 709 188
1264 8160 2948 inf 673 223 674 223 674 224
1265 8179 2948 inf 674 226 674 225 674 224
1266 8193 2951 inf 675 229 675 228 674 228 674 227 674 226 673 226
1267 8179 2951 inf 674 225 674 226 673 226
1268 8202 2965 2.65983e+07 713 193 713 192 712 192
1269 8169 2965 2.65983e+07 709 188 709 189 710 189 710 190 711 190 711 191 712 191 712 192
1270 8193 2967 inf 675 228 675 229 676 229
1271 8207 2967 inf 677 230 676 230 676 229
1272 8211 2973 2.65983e+07 714 194 714 193 713 193
1273 8202 2973 2.65983e+07 713 192 713 193
1274 8207 2975 inf 676 230 677 230
1275 8219 2975 inf 678 232 678 231 677 231 677 230
1276 8215 2979 2.65983e+07 715 194 714 194
1277 8211 2979 2.65983e+07 714 193 714 194
1278 8234 2984 inf 680 233 679 233 679 232 678 232
1279 8219 2984 inf 678 231 678 232
1280 8230 2986 2.65983e+07 716 196 716 195 715 195
1281 8215 2986 2.65983e+07 714 194 715 194 715 195
1282 8234 2994 inf 679 233 680 233
1283 8250 2994 inf 682 236 681 236 681 235 680 235 680 234 680 233
1284 8230 2996 2.65983e+07 716 195 716 196 717 196
1285 8239 2996 2.65983e+07 718 197 717 197 717 196
1286 8253 3002 2.65983e+07 719 199 719 198 718 198
1287 8239 3002 2.65983e+07 717 197 718 197 718 198
1288 8258 3007 inf 683 236 682 236
1289 8250 3007 inf 681 236 682 236
1290 8253 3014 2.65983e+07 719 198 719 199 720 199
1291 8262 3014 2.65983e+07 720 200 720 199
1292 8266 3015 inf 684 237 683 237
1293 8258 3015 inf 682 236 683 236 683 237
1294 8274 3020 2.65983e+07 722 201 722 200 721 200
1295 8262 3020 2.65983e+07 720 199 720 200 721 200
1296 8266 3027 inf 683 237 684 237 684 238 684 239 685 239
1297 8289 3027 inf 686 240 685 240 685 239
1298 8274 3028 2.65983e+07 722 200 722 201 723 201
1299 8286 3028 2.65983e+07 723 202 723 201
1300 8289 3036 inf 685 240 686 240
1301 8293 3036 inf 686 241 686 240
1302 8301 3040 2.65983e+07 725 203 724 203
1303 8286 3040 2.65983e+07 723 201 723 202 724 202 724 203
1304 8308 3042 inf 688 242 688 241 687 241
1305 8293 3042 inf 686 240 686 241 687 241
1306 8301 3050 2.65983e+07 724 203 725 203 725 204 726 204
1307 8322 3050 2.65983e+07 727 205 726 205 726 204
1308 8335 3057 inf 691 243 691 242 690 242
1309 8308 3057 inf 688 241 688 242 689 242 690 242
1310 8338 3060 2.65983e+07 728 206 728 205 727 205
1311 8322 3060 2.65983e+07 726 205 727 205
1312 8345 3070 2.65983e+07 729 206 728 206
1313 8338 3070 2.65983e+07 728 205 728 206
1314 8352 3072 inf 693 243 692 243
1315 8335 3072 inf 691 242 691 243 692 243
1316 8361 3077 2.65983e+07 730 207 729 207
1317 8345 3077 2.65983e+07 728 206 729 206 729 207
1318 8376 3081 inf 696 243 695 243 694 243
1319 8352 3081 inf 692 243 693 243 694 243
1320 8385 3087 2.65983e+07 731 209 731 208 730 208
1321 8361 3087 2.65983e+07 729 207 730 207 730 208
1322 8398 3097 inf 697 245 697 244 696 244
1323 8376 3097 inf 695 243 696 243 696 244
1324 8400 3104 2.65983e+07 733 209 732 209
1325 8385 3104 2.65983e+07 731 208 731 209 732 209
1326 8412 3112 inf 699 245 698 245
1327 8398 3112 inf 697 244 697 245 698 245
1328 8429 3120 inf 701 246 701 245 700 245
1329 8412 3120 inf 698 245 699 245 700 245
1330 8437 3127 2.65983e+07 736 212 735 212
1331 8400 3127 2.65983e+07 732 209 733 209 733 210 734 210 734 211 735 211 735 212
1332 8447 3129 inf 704 246 703 246 702 246
1333 8429 3129 inf 701 245 701 246 702 246
1334 8450 3137 2.65983e+07 738 212 737 212
1335 8437 3137 2.65983e+07 735 212 736 212 737 212
1336 8471 3145 2.65983e+07 739 214 739 213 738 213
1337 8450 3145 2.65983e+07 737 212 738 212 738 213
1338 8468 3147 inf 706 247 705 247
1339 8447 3147 inf 703 246 704 246 704 247 705 247
1340 8498 3154 inf 709 249 708 249 708 248 707 248 706 248
1341 8468 3154 inf 705 247 706 247 706 248
1342 8471 3156 2.65983e+07 739 213 739 214 740 214
1343 8490 3156 2.65983e+07 741 215 740 215 740 214
1344 8501 3164 2.65983e+07 742 216 742 215 741 215
1345 8490 3164 2.65983e+07 740 215 741 215
1346 8509 3170 inf 710 250 710 249 709 249
1347 8498 3170 inf 708 249 709 249
1348 8528 3174 2.65983e+07 746 218 745 218 745 217 744 217 743 217 743 216 742 216
1349 8501 3174 2.65983e+07 742 215 742 216
1350 8523 3179 inf 712 251 711 251 711 250 710 250
1351 8509 3179 inf 710 249 710 250
1352 8532 3187 inf 713 252 713 251 712 251
1353 8523 3187 inf 711 251 712 251
1354 8528 3189 2.65983e+07 745 218 746 218
1355 8562 3189 2.65983e+07 750 222 750 221 749 221 748 221 748 220 747 220 747 219 746 219 746 218
1356 8554 3200 inf 717 253 717 252 716 252 715 252
1357 8532 3200 inf 713 251 713 252 714 252 715 252
1358 8574 3206 inf 722 254 721 254 720 254 720 253 719 253 718 253
1359 8554 3206 inf 717 252 717 253 718 253
1360 8570 3211 2.65983e+07 751 223 751 222 750 222
1361 8562 3211 2.65983e+07 750 221 750 222
1362 8579 3219 2.65983e+07 753 224 753 223 752 223
1363 8570 3219 2.65983e+07 751 222 751 223 752 223
1364 8594 3223 inf 726 255 725 255 724 255 724 254 723 254
1365 8574 3223 inf 721 254 722 254 723 254
1366 8610 3226 2.65983e+07 760 225 759 225 758 225 757 225 756 225 755 225 755 224 754 224
1367 8579 3226 2.65983e+07 753 223 753 224 754 224
1368 8609 3236 inf 729 256 728 256 727 256
1369 8594 3236 inf 725 255 726 255 726 256 727 256
1370 8620 3245 inf 731 256 730 256
1371 8609 3245 inf 728 256 729 256 730 256
1372 8653 3257 inf 740 257 739 257 738 257 738 256 737 256 736 256 735 256
1373 8620 3257 inf 730 256 731 256 731 257 732 257 733 257 734 257 734 256 735 256
1374 8658 3258 2.65983e+07 770 228 769 228 769 227 768 227 768 226 767 226 767 225 766 225
1375 8610 3258 2.65983e+07 759 225 760 225 761 225 762 225 763 225 764 225 765 225 766 225
1376 8675 3273 inf 746 258 745 258 744 258 743 258 742 258 742 257 741 257
1377 8653 3273 inf 739 257 740 257 741 257
1378 8698 3274 2.65983e+07 786 229 785 229 784 229 783 229 782 229 781 229 780 229 779 229 778 229 777 229 777 230 776 230 775 230 774 230 774 229 773 229 772 229 771 229 771 228 770 228
1379 8658 3274 2.65983e+07 769 228 770 228
1380 8688 3288 inf 751 259 751 258 750 258 749 258
1381 8675 3288 inf 745 258 746 258 747 258 748 258 749 258
1382 8703 3296 inf 757 260 756 260 756 259 755 259
1383 8688 3296 inf 751 258 751 259 752 259 753 259 754 259 755 259
1384 8699 3299 2.65983e+07 787 228 786 228 786 229
1385 8698 3299 2.65983e+07 785 229 786 229
1386 8719 3305 2.65983e+07 791 232 791 231 791 230 791 229 791 228 790 228
1387 8699 3305 2.65983e+07 786 228 787 228 788 228 789 228 790 228
1388 8716 3306 inf 765 256 765 257 764 257 763 257 762 257
1389 8712 3306 inf 761 259 761 258 761 257 762 257
1390 8712 3308 inf 761 258 761 259 761 260 761 261
1391 8703 3308 inf 756 260 757 260 758 260 759 260 760 260 761 260 761 261
1392 8725 3313 inf 770 255 770 256 769 256
1393 8716 3313 inf 765 257 765 256 766 256 767 256 768 256 769 256
1394 8735 3314 inf 773 255 772 255 771 255
1395 8725 3314 inf 770 256 770 255 771 255
1396 8741 3323 inf 775 255 774 255
1397 8735 3323 inf 772 255 773 255 774 255
1398 8742 3324 inf 777 253 776 253 776 254 775 254
1399 8741 3324 inf 774 255 775 255 775 254
1400 8751 3326 inf 779 252 779 253 778 253 777 253
1401 8742 3326 inf 776 253 777 253
1402 8760 3328 inf 783 252 782 252 781 252 780 252 779 252
1403 8751 3328 inf 779 253 779 252
1404 8763 3335 2.65983e+07 800 235 799 235
1405 8719 3335 2.65983e+07 791 231 791 232 792 232 792 233 793 233 794 233 795 233 796 233 796 234 797 234 798 234 799 234 799 235
1406 8771 3342 inf 786 252 786 253 786 254 785 254
1407 8760 3342 inf 782 252 783 252 783 253 783 254 784 254 785 254
1408 8772 3343 inf 788 252 787 252
1409 8771 3343 inf 786 253 786 252 787 252
1410 8786 3344 2.65983e+07 808 236 807 236 806 236 805 236 805 237 804 237 803 237
1411 8763 3344 2.65983e+07 799 235 800 235 801 235 801 236 802 236 802 237 803 237
1412 8784 3349 inf 792 252 791 252
1413 8772 3349 inf 787 252 788 252 789 252 790 252 791 252
1414 8787 3353 2.65983e+07 809 235 808 235 808 236
1415 8786 3353 2.65983e+07 807 236 808 236
1416 8803 3358 inf 800 251 799 251 798 251 797 251 796 251 796 252 795 252
1417 8784 3358 inf 791 252 792 252 793 252 794 252 795 252
1418 8802 3362 2.65983e+07 816 234 815 234
1419 8787 3362 2.65983e+07 808 235 809 235 810 235 811 235 812 235 813 235 813 234 814 234 815 234
1420 8804 3363 2.65983e+07 818 233 817 233 816 233
1421 8802 3363 2.65983e+07 815 234 816 234 816 233
1422 8809 3366 2.65983e+07 822 232 821 232 820 232
1423 8804 3366 2.65983e+07 817 233 818 233 818 232 819 232 820 232
1424 8814 3367 inf 805 251 804 251 803 251 802 251
1425 8803 3367 inf 799 251 800 251 801 251 802 251
1426 8810 3368 2.65983e+07 823 231 822 231
1427 8809 3368 2.65983e+07 821 232 822 232 822 231
1428 8824 3376 inf 807 251 806 251
1429 8814 3376 inf 804 251 805 251 806 251
1430 8826 3378 inf 810 250 809 250
1431 8824 3378 inf 806 251 807 251 807 250 808 250 809 250
1432 8828 3379 inf 814 248 814 249 813 249 812 249
1433 8826 3379 inf 809 250 810 250 811 250 812 250 812 249
1434 8832 3380 inf 818 248 817 248 816 248
1435 8828 3380 inf 814 249 814 248 815 248 816 248
1436 8846 3394 inf 862 204 861 204
1437 8845 3394 inf 852 214 852 213 853 213 853 212 854 212 854 211 855 211 855 210 855 209 855 208 856 208 856 207 857 207 857 206 858 206 859 206 859 205 860 205 860 204 861 204
1438 8852 3398 inf 851 215 851 216 850 216
1439 8861 3398 inf 848 221 849 221 850 221 850 220 850 219 850 218 850 217 850 216
1440 8844 3399 inf 851 214 851 215
1441 8852 3399 inf 851 216 851 215
1442 8845 3400 inf 852 213 852 214
1443 8844 3400 inf 851 215 851 214 852 214
1444 8857 3401 inf 867 200 866 200 866 201
1445 8846 3401 inf 861 204 862 204 862 203 863 203 864 203 864 202 865 202 865 201 866 201
1446 8854 3402 inf 824 245 823 245 823 246
1447 8832 3402 inf 817 248 818 248 818 247 819 247 820 247 821 247 821 246 822 246 823 246
1448 8860 3404 inf 848 222 847 222
1449 8865 3404 inf 847 224 847 223 847 222
1450 8861 3405 inf 849 221 848 221
1451 8860 3405 inf 847 222 848 222 848 221
1452 8867 3407 inf 868 199 868 200 867 200
1453 8857 3407 inf 866 200 867 200
1454 8858 3408 inf 826 244 825 244 825 245
1455 8854 3408 inf 823 245 824 245 825 245
1456 8864 3410 inf 827 243 827 244
1457 8858 3410 inf 825 244 826 244 827 244
1458 8869 3411 inf 830 242 829 242 829 243 828 243
1459 8864 3411 inf 827 244 827 243 828 243
1460 8870 3412 inf 831 241 830 241 830 242
1461 8869 3412 inf 829 242 830 242
1462 8892 3414 inf 845 231 845 230 845 229 845 228 844 228
1463 8872 3414 inf 846 226 845 226 845 227 845 228 844 228
1464 8865 3415 inf 847 223 847 224 847 225
1465 8872 3415 inf 845 226 846 226 846 225 847 225
1466 8879 3417 inf 869 198 869 199
1467 8867 3417 inf 868 200 868 199 869 199
1468 8874 3419 inf 833 240 832 240 832 241
1469 8810 3419 2.65983e+07 822 231 823 231 824 231 825 231 826 231 827 231 828 231 829 231 830 231 831 231 832 231 832 232 832 233 832 234 832 235 832 236 832 237 832 238 832 239 832 240 832 241
1470 8870 3419 inf 830 241 831 241 832 241
1471 8890 3420 inf 837 239 837 238 836 238 835 238 835 239 834 239 834 240 833 240
1472 8874 3420 inf 832 240 833 240
1473 8895 3428 inf 871 197 870 197 870 198
1474 8879 3428 inf 869 199 869 198 870 198
1475 8903 3431 inf 871 196 871 197
1476 8895 3431 inf 870 197 871 197
1477 8898 3433 inf 839 238 838 238 838 239
1478 8890 3433 inf 837 238 837 239 838 239
1479 8922 3443 inf 874 195 873 195 873 196 872 196
1480 8903 3443 inf 871 197 871 196 872 196
1481 8913 3444 inf 843 237 842 237
1482 8898 3444 inf 838 238 839 238 840 238 841 238 841 237 842 237
1483 8914 3445 inf 844 235 844 236 843 236
1484 8913 3445 inf 842 237 843 237 843 236
1485 8892 3448 inf 845 230 845 231 845 232 845 233 845 234 845 235
1486 8914 3448 inf 844 236 844 235 845 235
1487 8934 3455 inf 877 195 876 195 875 195
1488 8922 3455 inf 873 195 874 195 875 195
1489 8947 3466 inf 880 192 879 192 878 192
1490 8934 3466 inf 876 195 877 195 877 194 878 194 878 193 878 192
1491 8959 3470 inf 888 193 887 193 886 193 886 192 885 192 884 192 883 192 882 192 881 192
1492 8947 3470 inf 879 192 880 192 881 192
1493 8972 3482 inf 892 193 892 192 891 192
1494 8959 3482 inf 887 193 888 193 889 193 889 192 890 192 891 192
1495 8983 3489 inf 897 193 896 193 896 192 895 192
1496 8972 3489 inf 892 192 892 193 893 193 894 193 895 193 895 192
1497 8989 3495 inf 899 194 899 193 898 193 897 193
1498 8983 3495 inf 896 193 897 193
1499 8994 3501 inf 907 200 907 201 907 202
1500 9000 3501 inf 907 203 907 202
1501 8994 3506 inf 907 201 907 200 907 199 907 198 907 197 907 196 907 195 907 194 906 194 905 194 904 194
1502 8989 3506 inf 899 193 899 194 900 194 901 194 902 194 903 194 904 194
1503 9000 3511 inf 907 202 907 203 908 203 908 204 908 205 908 206
1504 9016 3511 inf 909 207 908 207 908 206
1505 9023 3519 inf 911 208 910 208 909 208
1506 9016 3519 inf 908 207 909 207 909 208
1507 9023 3521 inf 910 208 911 208
1508 9029 3521 inf 911 210 911 209 911 208
1509 9029 3525 inf 911 209 911 210 910 210
1510 9033 3525 inf 911 211 910 211 910 210
1511 9033 3530 inf 910 211 911 211 911 212
1512 9042 3530 inf 911 213 911 212
1513 9042 3537 inf 911 212 911 213 912 213 912 214 913 214 913 215
1514 9052 3537 inf 913 216 913 215
1515 9059 3544 inf 915 217 914 217
1516 9052 3544 inf 913 215 913 216 914 216 914 217
1517 9068 3549 inf 916 219 915 219
1518 9059 3549 inf 914 217 915 217 915 218 915 219
1519 9068 3553 inf 915 219 916 219 916 220
1520 9077 3553 inf 916 221 916 220
1521 9077 3555 inf 916 220 916 221 917 221
1522 9096 3555 inf 919 225 918 225 918 224 918 223 917 223 917 222 917 221
1523 9096 3567 inf 918 225 919 225
1524 9120 3567 inf 919 232 919 231 919 230 919 229 919 228 919 227 919 226 919 225
1525 9120 3588 inf 919 231 919 232 918 232 918 233 918 234 917 234 917 235 917 236 917 237 917 238 917 239 917 240
1526 9134 3588 inf 917 242 917 241 917 240
1527 9134 3592 inf 917 241 917 242 918 242
1528 9136 3592 inf 918 243 918 242
1529 9136 3595 inf 918 242 918 243 918 244
1530 9148 3595 inf 920 250 920 249 920 248 920 247 919 247 919 246 918 246 918 245 918 244
1531 9148 3602 inf 920 249 920 250
1532 9159 3602 inf 921 253 921 252 920 252 920 251 920 250
1533 9175 3618 inf 923 256 922 256 921 256 921 257
1534 9159 3618 inf 921 252 921 253 921 254 921 255 921 256 921 257
1535 9183 3620 inf 924 259 924 258 923 258
1536 9175 3620 inf 922 256 923 256 923 257 923 258
1537 9183 3626 inf 924 258 924 259 924 260 924 261 925 261
1538 9193 3626 inf 925 262 925 261
1539 9193 3630 inf 925 261 925 262 926 262
1540 9202 3630 inf 926 264 926 263 926 262
1541 9202 3642 inf 926 263 926 264 926 265 926 266 926 267 927 267 927 268 927 269 928 269 928 270
1542 9225 3642 inf 929 272 929 271 928 271 928 270
1543 9244 3651 inf 931 276 931 275 931 274 930 274
1544 9225 3651 inf 929 271 929 272 929 273 929 274 930 274
1545 9244 3659 inf 931 275 931 276 932 276
1546 9255 3659 inf 933 278 932 278 932 277 932 276
1547 9263 3665 inf 934 280 934 279 933 279
1548 9255 3665 inf 932 278 933 278 933 279
1549 3697 0 1.35163e+08 15 140 15 139 15 138 15 137 15 136 15 135 15 134 15 133 15 132 15 131 15 130
1550 3759 0 inf 18 117 17 117
1551 9263 0 inf 934 279 934 280
