9278
0 -1 -1
1 18 168
2 20 169
3 23 170
4 15 150
5 32 164
6 30 162
7 16 145
8 25 175
9 35 165
10 22 150
11 15 143
12 18 145
13 26 176
14 36 166
15 37 165
16 38 166
17 40 164
18 34 158
19 28 177
20 38 161
21 30 177
22 40 167
23 26 147
24 29 179
25 30 180
26 32 178
27 40 170
28 42 169
29 31 181
30 34 179
31 42 171
32 43 170
33 35 180
34 44 171
35 34 182
36 46 171
37 35 183
38 53 165
39 48 171
40 38 182
41 37 184
42 49 172
43 18 125
44 38 185
45 40 183
46 50 173
47 22 127
48 39 186
49 51 175
50 62 164
51 25 127
52 40 187
53 19 120
54 52 176
55 22 121
56 18 117
57 53 178
58 62 159
59 30 126
60 22 118
61 44 189
62 54 180
63 45 190
64 32 125
65 22 115
66 30 122
67 46 191
68 71 166
69 34 125
70 22 113
71 54 184
72 68 158
73 26 116
74 66 173
75 37 126
76 28 117
77 48 192
78 56 185
79 72 169
80 73 168
81 71 171
82 70 156
83 42 128
84 28 114
85 50 193
86 65 178
87 69 174
88 70 173
89 78 165
90 38 123
91 30 115
92 64 180
93 77 167
94 79 163
95 77 161
96 74 158
97 51 194
98 75 170
99 76 169
100 76 159
101 42 125
102 73 173
103 74 172
104 78 160
105 63 184
106 77 158
107 45 126
108 66 182
109 82 162
110 79 159
111 54 195
112 64 185
113 71 178
114 66 184
115 80 170
116 79 157
117 56 195
118 50 127
119 46 123
120 38 115
121 87 165
122 88 164
123 84 160
124 79 155
125 44 119
126 41 116
127 86 160
128 72 183
129 73 182
130 89 162
131 78 151
132 86 158
133 82 154
134 53 125
135 90 161
136 78 180
137 88 170
138 87 157
139 77 182
140 91 160
141 52 121
142 72 188
143 87 173
144 85 153
145 58 126
146 26 94
147 64 197
148 86 175
149 92 159
150 90 157
151 28 95
152 85 177
153 97 163
154 58 124
155 84 179
156 70 135
157 28 93
158 66 198
159 76 188
160 32 96
161 78 187
162 67 199
163 97 159
164 90 152
165 74 136
166 22 84
167 78 189
168 89 178
169 62 123
170 58 119
171 83 185
172 92 176
173 93 175
174 74 134
175 23 83
176 82 187
177 87 182
178 76 135
179 80 190
180 100 170
181 82 140
182 71 200
183 78 193
184 94 177
185 106 163
186 84 140
187 78 134
188 72 201
189 81 192
190 95 178
191 77 132
192 61 116
193 40 95
194 32 87
195 87 187
196 97 177
197 101 173
198 86 140
199 82 136
200 66 120
201 65 119
202 82 193
203 109 162
204 74 202
205 96 180
206 111 163
207 84 136
208 98 179
209 102 175
210 90 141
211 82 196
212 82 132
213 48 98
214 93 186
215 99 180
216 113 162
217 92 141
218 69 118
219 96 184
220 86 134
221 71 119
222 77 204
223 95 186
224 94 141
225 66 113
226 68 114
227 52 98
228 78 205
229 100 183
230 87 132
231 54 99
232 40 85
233 82 126
234 52 96
235 92 135
236 90 133
237 80 206
238 93 193
239 101 185
240 94 135
241 77 118
242 81 207
243 96 136
244 81 121
245 79 119
246 75 115
247 58 98
248 95 134
249 94 133
250 84 123
251 83 122
252 105 143
253 97 135
254 86 124
255 56 94
256 83 208
257 62 99
258 100 136
259 84 209
260 101 192
261 109 144
262 98 133
263 100 194
264 92 126
265 91 125
266 90 124
267 89 123
268 62 96
269 100 133
270 60 93
271 48 81
272 86 210
273 124 172
274 103 135
275 102 134
276 90 122
277 105 136
278 104 194
279 107 137
280 90 120
281 88 211
282 101 198
283 126 174
284 127 173
285 108 136
286 95 123
287 94 122
288 93 121
289 106 195
290 115 142
291 110 137
292 106 133
293 68 95
294 64 91
295 90 212
296 108 195
297 118 143
298 65 90
299 91 213
300 130 174
301 130 154
302 115 139
303 114 138
304 98 122
305 68 92
306 60 84
307 100 205
308 117 140
309 110 133
310 66 89
311 122 144
312 119 141
313 112 134
314 93 214
315 115 136
316 114 135
317 122 142
318 118 138
319 98 118
320 126 145
321 96 115
322 95 114
323 106 204
324 118 136
325 66 84
326 96 215
327 86 103
328 100 116
329 116 197
330 118 195
331 135 178
332 126 141
333 98 216
334 128 142
335 108 122
336 107 121
337 100 114
338 80 94
339 118 197
340 130 143
341 76 89
342 105 211
343 126 138
344 106 118
345 101 113
346 138 179
347 152 165
348 134 145
349 104 115
350 101 217
351 107 117
352 102 112
353 81 91
354 150 169
355 134 143
356 131 140
357 76 85
358 154 166
359 138 146
360 133 141
361 109 117
362 150 171
363 104 111
364 103 110
365 118 204
366 155 167
367 146 152
368 108 114
369 86 92
370 79 85
371 151 172
372 108 112
373 102 106
374 121 204
375 153 173
376 158 168
377 146 148
378 82 84
379 150 151
380 104 105
381 97 98
382 126 126
383 84 84
384 130 199
385 145 184
386 155 174
387 132 198
388 164 162
389 152 150
390 146 144
391 99 97
392 92 90
393 126 205
394 146 185
395 166 163
396 148 145
397 107 104
398 94 91
399 118 214
400 150 146
401 154 149
402 114 220
403 128 206
404 158 176
405 162 172
406 170 164
407 130 124
408 110 104
409 113 222
410 136 199
411 130 206
412 159 177
413 136 128
414 112 104
415 115 222
416 124 213
417 164 173
418 166 171
419 146 137
420 145 136
421 132 206
422 150 188
423 138 128
424 114 104
425 128 211
426 161 178
427 173 162
428 172 161
429 171 160
430 170 159
431 158 147
432 157 146
433 100 89
434 96 85
435 117 223
436 140 200
437 166 174
438 163 151
439 161 149
440 142 130
441 120 221
442 165 152
443 158 145
444 155 142
445 154 141
446 150 137
447 135 122
448 130 212
449 163 179
450 178 164
451 176 162
452 171 157
453 170 156
454 130 116
455 174 158
456 142 126
457 100 84
458 132 213
459 138 207
460 154 191
461 165 180
462 180 165
463 145 128
464 138 121
465 124 222
466 158 140
467 134 116
468 118 100
469 106 88
470 171 176
471 181 166
472 182 165
473 167 148
474 166 147
475 165 146
476 160 141
477 144 125
478 135 213
479 140 208
480 167 181
481 162 142
482 147 127
483 140 120
484 136 116
485 120 100
486 108 88
487 154 133
488 126 105
489 150 200
490 160 190
491 184 166
492 158 136
493 156 134
494 158 193
495 159 192
496 169 182
497 152 129
498 142 119
499 138 115
500 107 84
501 162 190
502 185 167
503 130 106
504 150 203
505 168 143
506 167 142
507 166 141
508 165 140
509 154 129
510 145 209
511 175 179
512 186 168
513 171 145
514 140 114
515 154 201
516 128 101
517 132 224
518 154 126
519 146 118
520 141 113
521 112 84
522 177 180
523 148 210
524 156 202
525 177 147
526 176 146
527 175 145
528 174 144
529 173 143
530 172 142
531 170 139
532 143 112
533 162 198
534 178 182
535 176 143
536 162 129
537 178 184
538 159 125
539 145 111
540 138 225
541 174 189
542 178 143
543 117 82
544 158 206
545 167 197
546 161 125
547 140 226
548 184 182
549 194 172
550 201 165
551 193 155
552 178 140
553 177 139
554 148 110
555 119 81
556 174 135
557 154 115
558 128 89
559 122 83
560 192 152
561 197 156
562 167 126
563 178 192
564 182 188
565 195 175
566 203 161
567 202 160
568 199 157
569 196 154
570 122 80
571 195 152
572 192 149
573 177 134
574 170 127
575 152 109
576 201 157
577 198 154
578 157 216
579 200 155
580 197 152
581 196 151
582 192 147
583 191 146
584 124 79
585 202 156
586 199 153
587 190 144
588 154 108
589 208 161
590 201 154
591 198 151
592 197 150
593 159 217
594 188 188
595 198 178
596 199 177
597 206 158
598 200 152
599 196 148
600 195 147
601 193 145
602 192 144
603 191 143
604 126 78
605 202 153
606 150 228
607 193 143
608 188 138
609 187 137
610 162 217
611 176 203
612 214 165
613 213 162
614 204 153
615 199 148
616 195 144
617 130 79
618 152 228
619 179 201
620 185 195
621 188 192
622 209 157
623 201 180
624 214 161
625 203 150
626 202 149
627 189 136
628 188 135
629 162 109
630 132 79
631 178 204
632 180 202
633 186 196
634 192 190
635 207 175
636 213 159
637 208 154
638 194 140
639 193 139
640 192 138
641 186 132
642 214 169
643 198 143
644 197 142
645 196 141
646 138 83
647 136 81
648 153 231
649 164 220
650 202 182
651 208 176
652 218 166
653 216 160
654 191 135
655 190 134
656 178 122
657 135 79
658 199 186
659 194 137
660 193 136
661 180 123
662 154 97
663 209 177
664 201 143
665 182 124
666 126 68
667 168 219
668 169 218
669 196 191
670 200 187
671 204 183
672 208 179
673 219 168
674 203 144
675 189 130
676 184 125
677 139 80
678 167 221
679 210 178
680 191 131
681 156 96
682 141 81
683 136 76
684 134 74
685 169 220
686 170 219
687 191 198
688 194 195
689 197 192
690 207 182
691 209 180
692 215 174
693 187 126
694 160 99
695 143 82
696 158 232
697 201 189
698 205 185
699 158 96
700 198 193
701 204 187
702 210 181
703 165 102
704 163 100
705 162 99
706 160 97
707 135 72
708 196 196
709 194 130
710 189 125
711 167 103
712 202 191
713 211 182
714 219 174
715 149 84
716 132 67
717 216 178
718 227 161
719 226 160
720 170 104
721 151 85
722 141 75
723 137 71
724 203 192
725 209 186
726 212 183
727 215 180
728 153 86
729 143 76
730 163 233
731 174 223
732 187 210
733 208 189
734 213 184
735 215 182
736 180 111
737 177 108
738 176 107
739 156 87
740 144 75
741 204 194
742 183 113
743 182 112
744 158 88
745 142 72
746 136 66
747 134 64
748 189 210
749 214 185
750 216 183
751 219 180
752 192 121
753 191 120
754 160 89
755 144 73
756 190 118
757 189 117
758 186 114
759 185 113
760 184 112
761 183 111
762 182 110
763 163 91
764 162 90
765 155 82
766 154 81
767 177 225
768 215 187
769 188 114
770 160 86
771 138 64
772 178 103
773 176 101
774 175 100
775 196 208
776 197 207
777 198 206
778 219 143
779 166 90
780 150 74
781 179 226
782 193 212
783 195 210
784 214 191
785 216 189
786 226 149
787 225 148
788 221 144
789 165 88
790 164 87
791 161 84
792 160 83
793 157 80
794 152 75
795 228 150
796 224 146
797 182 104
798 181 103
799 168 90
800 156 78
801 180 227
802 185 222
803 212 195
804 166 87
805 152 73
806 171 91
807 154 74
808 186 223
809 202 207
810 217 192
811 220 139
812 162 81
813 176 234
814 216 195
815 174 91
816 166 83
817 160 77
818 183 229
819 188 224
820 218 194
821 229 183
822 176 92
823 158 74
824 190 223
825 241 156
826 240 155
827 239 154
828 233 148
829 184 230
830 230 184
831 244 158
832 230 144
833 179 93
834 172 86
835 162 76
836 158 72
837 218 197
838 219 196
839 247 160
840 246 159
841 212 125
842 252 164
843 219 131
844 216 128
845 214 126
846 182 94
847 176 88
848 241 152
849 210 121
850 204 115
851 203 114
852 202 113
853 201 112
854 200 111
855 199 110
856 198 109
857 197 108
858 185 96
859 184 95
860 180 91
861 160 71
862 219 199
863 227 137
864 196 106
865 195 105
866 194 104
867 193 103
868 188 98
869 172 82
870 170 80
871 168 78
872 233 142
873 232 141
874 218 127
875 217 126
876 216 125
877 215 124
878 192 101
879 191 100
880 190 99
881 178 87
882 170 78
883 162 70
884 156 64
885 232 189
886 237 184
887 248 155
888 247 154
889 246 153
890 245 152
891 242 149
892 195 102
893 178 85
894 167 74
895 201 221
896 240 182
897 170 76
898 174 79
899 221 203
900 241 183
901 242 182
902 250 174
903 187 91
904 240 186
905 242 184
906 200 102
907 199 101
908 174 76
909 172 74
910 244 183
911 251 176
912 195 96
913 191 92
914 189 90
915 188 89
916 225 203
917 231 197
918 241 187
919 187 87
920 244 185
921 245 184
922 229 128
923 184 83
924 178 77
925 242 188
926 225 123
927 202 100
928 197 95
929 196 94
930 192 90
931 190 88
932 254 177
933 256 175
934 258 155
935 201 98
936 200 97
937 199 96
938 181 78
939 215 217
940 223 209
941 226 206
942 241 191
943 243 189
944 188 84
945 183 79
946 234 199
947 206 101
948 205 100
949 191 243
950 210 224
951 227 121
952 202 96
953 201 95
954 192 86
955 224 211
956 225 210
957 227 208
958 211 225
959 228 209
960 242 195
961 246 191
962 252 185
963 259 178
964 215 223
965 226 212
966 258 180
967 263 153
968 217 107
969 222 217
970 229 211
971 270 170
972 269 157
973 190 78
974 186 74
975 244 197
976 260 181
977 194 248
978 224 218
979 230 212
980 246 196
981 271 171
982 267 153
983 223 220
984 243 200
985 195 249
986 254 190
987 266 178
988 272 172
989 192 253
990 206 239
991 242 203
992 248 197
993 263 182
994 196 250
995 201 245
996 255 191
997 267 179
998 270 152
999 208 239
1000 231 216
1001 244 203
1002 264 183
1003 247 201
1004 266 182
1005 202 247
1006 225 224
1007 228 221
1008 245 204
1009 265 184
1010 211 239
1011 264 186
1012 270 180
1013 278 172
1014 203 248
1015 231 220
1016 245 206
1017 251 200
1018 260 191
1019 277 174
1020 271 181
1021 279 173
1022 275 151
1023 233 220
1024 234 219
1025 243 210
1026 246 207
1027 247 206
1028 270 183
1029 204 250
1030 244 211
1031 279 176
1032 281 174
1033 279 152
1034 216 240
1035 260 196
1036 230 227
1037 249 208
1038 279 178
1039 282 175
1040 232 226
1041 245 213
1042 248 210
1043 274 184
1044 231 228
1045 276 183
1046 278 181
1047 280 179
1048 285 154
1049 234 226
1050 262 198
1051 287 155
1052 204 257
1053 232 229
1054 233 228
1055 279 182
1056 281 180
1057 289 156
1058 221 241
1059 263 199
1060 285 177
1061 291 157
1062 205 258
1063 233 230
1064 234 229
1065 279 184
1066 236 228
1067 264 200
1068 295 159
1069 211 254
1070 235 230
1071 248 217
1072 249 216
1073 274 191
1074 277 188
1075 283 182
1076 299 162
1077 207 259
1078 238 228
1079 265 201
1080 286 180
1081 292 174
1082 212 255
1083 234 233
1084 235 232
1085 236 231
1086 275 192
1087 283 184
1088 289 178
1089 208 260
1090 225 243
1091 255 213
1092 266 202
1093 235 234
1094 236 233
1095 237 232
1096 250 219
1097 268 201
1098 276 193
1099 290 179
1100 287 183
1101 236 235
1102 280 191
1103 285 186
1104 291 180
1105 209 263
1106 221 251
1107 288 184
1108 241 232
1109 306 167
1110 238 236
1111 279 195
1112 211 264
1113 290 185
1114 239 237
1115 278 198
1116 308 168
1117 212 265
1118 250 227
1119 281 196
1120 290 187
1121 291 186
1122 240 238
1123 309 169
1124 243 236
1125 245 234
1126 251 228
1127 281 198
1128 291 188
1129 292 187
1130 283 197
1131 242 239
1132 246 235
1133 292 189
1134 293 188
1135 311 170
1136 245 237
1137 283 199
1138 284 198
1139 248 235
1140 288 195
1141 293 190
1142 294 189
1143 247 238
1144 266 219
1145 286 199
1146 289 196
1147 293 192
1148 295 190
1149 220 266
1150 230 256
1151 250 236
1152 249 238
1153 265 222
1154 288 199
1155 294 193
1156 296 191
1157 251 237
1158 287 201
1159 290 198
1160 300 188
1161 217 272
1162 222 267
1163 289 200
1164 294 195
1165 295 194
1166 308 181
1167 252 238
1168 288 202
1169 223 268
1170 269 223
1171 289 203
1172 275 218
1173 229 265
1174 230 264
1175 248 246
1176 270 224
1177 298 196
1178 301 193
1179 253 242
1180 233 263
1181 234 262
1182 279 217
1183 302 194
1184 319 177
1185 254 243
1186 222 276
1187 237 261
1188 250 248
1189 251 247
1190 253 245
1191 258 240
1192 278 220
1193 294 204
1194 303 195
1195 255 244
1196 273 226
1197 301 198
1198 240 260
1199 252 248
1200 254 246
1201 257 243
1202 300 200
1203 224 277
1204 251 250
1205 256 245
1206 260 241
1207 302 199
1208 220 282
1209 253 249
1210 255 247
1211 258 244
1212 299 203
1213 231 272
1214 257 246
1215 260 243
1216 302 201
1217 303 200
1218 244 260
1219 259 245
1220 262 242
1221 276 228
1222 281 223
1223 300 204
1224 305 199
1225 256 249
1226 258 247
1227 304 201
1228 221 285
1229 263 243
1230 282 224
1231 301 205
1232 306 200
1233 325 181
1234 253 254
1235 255 252
1236 257 250
1237 259 248
1238 262 245
1239 250 258
1240 283 225
1241 302 206
1242 304 204
1243 307 201
1244 326 182
1245 254 255
1246 224 286
1247 257 253
1248 284 226
1249 303 207
1250 305 205
1251 308 202
1252 255 256
1253 252 260
1254 258 254
1255 261 251
1256 266 246
1257 285 227
1258 304 208
1259 309 203
1260 328 184
1261 256 257
1262 281 232
1263 291 222
1264 226 288
1265 259 255
1266 263 251
1267 267 247
1268 310 204
1269 329 185
1270 257 258
1271 258 257
1272 308 207
1273 240 276
1274 260 256
1275 262 254
1276 264 252
1277 287 229
1278 311 205
1279 239 278
1280 266 251
1281 269 248
1282 307 210
1283 331 186
1284 256 262
1285 263 255
1286 268 250
1287 288 230
1288 270 249
1289 308 211
1290 332 187
1291 233 287
1292 264 256
1293 269 251
1294 267 254
1295 289 232
1296 309 212
1297 312 209
1298 270 252
1299 286 236
1300 235 288
1301 266 257
1302 268 255
1303 290 233
1304 265 259
1305 271 253
1306 267 258
1307 269 256
1308 316 209
1309 317 208
1310 334 191
1311 266 260
1312 268 259
1313 272 255
1314 315 212
1315 335 192
1316 270 258
1317 268 261
1318 269 260
1319 274 255
1320 263 267
1321 317 213
1322 320 210
1323 338 193
1324 270 262
1325 273 259
1326 276 256
1327 319 214
1328 254 280
1329 271 263
1330 279 255
1331 292 242
1332 324 210
1333 341 194
1334 272 264
1335 279 257
1336 280 256
1337 342 195
1338 272 266
1339 308 231
1340 275 266
1341 327 214
1342 296 246
1343 300 242
1344 326 216
1345 301 243
1346 327 217
1347 299 246
1348 279 267
1349 329 217
1350 272 275
1351 286 261
1352 305 242
1353 331 216
1354 280 268
1355 330 218
1356 279 270
1357 274 276
1358 288 262
1359 331 219
1360 336 215
1361 337 214
1362 348 203
1363 281 271
1364 273 280
1365 276 277
1366 290 263
1367 349 204
1368 282 272
1369 339 216
1370 350 205
1371 286 270
1372 313 243
1373 346 210
1374 293 264
1375 288 270
1376 336 222
1377 317 242
1378 341 218
1379 295 265
1380 290 271
1381 342 219
1382 295 267
1383 290 273
1384 291 272
1385 296 268
1386 283 282
1387 291 274
1388 292 273
1389 316 249
1390 321 244
1391 297 269
1392 345 221
1393 294 273
1394 301 266
1395 356 211
1396 298 270
1397 332 236
1398 346 222
1399 301 268
1400 303 266
1401 299 271
1402 358 212
1403 302 269
1404 359 213
1405 281 292
1406 303 270
1407 352 222
1408 360 214
1409 282 293
1410 291 284
1411 300 275
1412 299 277
1413 301 276
1414 354 223
1415 285 293
1416 307 271
1417 308 270
1418 287 292
1419 342 237
1420 289 291
1421 330 252
1422 368 210
1423 337 246
1424 331 253
1425 336 248
1426 361 224
1427 333 254
1428 329 259
1429 334 255
1430 353 236
1431 321 269
1432 365 225
1433 354 237
1434 336 256
1435 340 253
1436 367 226
1437 338 257
1438 356 239
1439 312 284
1440 369 228
1441 338 261
1442 341 258
1443 357 242
1444 370 229
1445 382 206
1446 358 244
1447 372 230
1448 383 205
1449 351 252
1450 338 266
1451 364 240
1452 359 246
1453 366 239
1454 374 231
1455 341 265
1456 345 261
1457 348 258
1458 351 255
1459 350 257
1460 340 268
1461 341 267
1462 359 249
1463 360 248
1464 368 240
1465 323 286
1466 348 262
1467 361 249
1468 360 251
1469 392 205
1470 325 287
1471 398 214
1472 356 257
1473 362 251
1474 370 244
1475 327 288
1476 362 253
1477 352 264
1478 401 216
1479 333 285
1480 362 256
1481 363 255
1482 364 254
1483 331 289
1484 362 258
1485 335 286
1486 364 258
1487 375 247
1488 333 290
1489 400 201
1490 376 248
1491 410 214
1492 365 260
1493 376 250
1494 378 248
1495 406 204
1496 366 262
1497 376 252
1498 377 251
1499 406 202
1500 358 271
1501 338 292
1502 367 263
1503 377 253
1504 344 287
1505 405 198
1506 382 250
1507 403 229
1508 418 210
1509 340 293
1510 376 257
1511 392 241
1512 410 201
1513 349 285
1514 378 257
1515 393 242
1516 342 294
1517 412 200
1518 411 199
1519 370 267
1520 409 228
1521 371 268
1522 427 213
1523 358 283
1524 371 270
1525 372 269
1526 429 212
1527 370 272
1528 424 218
1529 355 288
1530 348 296
1531 362 282
1532 373 271
1533 427 217
1534 356 289
1535 407 238
1536 429 216
1537 349 297
1538 374 272
1539 412 234
1540 432 215
1541 351 298
1542 368 281
1543 354 296
1544 382 268
1545 422 228
1546 377 274
1547 428 201
1548 439 213
1549 354 299
1550 371 282
1551 378 275
1552 379 274
1553 384 269
1554 416 237
1555 419 234
1556 441 212
1557 418 236
1558 430 224
1559 438 208
1560 428 198
1561 380 275
1562 435 220
1563 436 219
1564 386 270
1565 408 248
1566 430 198
1567 429 196
1568 387 271
1569 436 222
1570 437 221
1571 440 218
1572 381 278
1573 423 236
1574 427 232
1575 445 210
1576 394 266
1577 430 194
1578 430 231
1579 444 217
1580 446 209
1581 435 198
1582 383 279
1583 446 216
1584 431 193
1585 391 272
1586 423 240
1587 424 239
1588 425 238
1589 448 215
1590 384 280
1591 450 214
1592 445 205
1593 432 192
1594 387 278
1595 433 232
1596 453 212
1597 437 196
1598 364 302
1599 385 281
1600 433 191
1601 394 273
1602 414 253
1603 429 238
1604 438 195
1605 389 279
1606 435 233
1607 455 211
1608 370 299
1609 438 231
1610 435 190
1611 406 264
1612 456 210
1613 440 194
1614 371 300
1615 388 283
1616 373 299
1617 392 280
1618 437 189
1619 372 301
1620 431 242
1621 432 241
1622 441 232
1623 448 225
1624 449 224
1625 450 223
1626 452 221
1627 453 220
1628 458 209
1629 394 280
1630 434 240
1631 443 231
1632 442 192
1633 420 255
1634 421 254
1635 448 227
1636 449 226
1637 455 220
1638 459 208
1639 391 285
1640 452 224
1641 453 223
1642 375 302
1643 395 282
1644 416 261
1645 457 204
1646 421 257
1647 462 216
1648 396 283
1649 417 262
1650 426 253
1651 439 240
1652 454 225
1653 457 222
1654 460 219
1655 461 218
1656 464 215
1657 450 195
1658 394 286
1659 450 230
1660 451 229
1661 468 212
1662 459 203
1663 399 282
1664 418 263
1665 423 258
1666 453 228
1667 454 227
1668 459 222
1669 396 286
1670 428 254
1671 434 248
1672 461 221
1673 462 220
1674 460 202
1675 454 196
1676 380 303
1677 401 282
1678 419 264
1679 464 219
1680 465 218
1681 467 216
1682 468 215
1683 469 214
1684 470 213
1685 471 212
1686 403 281
1687 425 259
1688 448 236
1689 449 235
1690 381 304
1691 430 255
1692 445 240
1693 451 234
1694 452 233
1695 453 232
1696 455 230
1697 472 211
1698 462 201
1699 450 189
1700 399 287
1701 453 191
1702 452 190
1703 402 285
1704 417 270
1705 421 266
1706 447 240
1707 462 199
1708 455 192
1709 383 305
1710 400 288
1711 425 263
1712 432 256
1713 446 242
1714 475 211
1715 464 200
1716 459 195
1717 458 194
1718 457 193
1719 389 300
1720 422 267
1721 458 231
1722 386 304
1723 402 288
1724 430 260
1725 433 257
1726 449 241
1727 455 235
1728 476 210
1729 475 209
1730 385 306
1731 464 197
1732 412 280
1733 434 258
1734 449 243
1735 477 209
1736 476 208
1737 442 251
1738 466 227
1739 468 199
1740 407 287
1741 469 225
1742 478 208
1743 477 207
1744 389 306
1745 392 303
1746 434 261
1747 436 259
1748 453 242
1749 455 241
1750 457 239
1751 478 206
1752 410 287
1753 474 223
1754 388 310
1755 430 268
1756 480 206
1757 479 205
1758 400 299
1759 424 275
1760 389 311
1761 414 286
1762 430 270
1763 463 237
1764 473 197
1765 411 290
1766 481 204
1767 401 301
1768 414 288
1769 470 232
1770 486 216
1771 479 201
1772 440 263
1773 488 215
1774 485 219
1775 480 200
1776 393 312
1777 403 302
1778 443 262
1779 488 217
1780 406 300
1781 442 264
1782 486 220
1783 435 272
1784 471 236
1785 481 198
1786 445 263
1787 449 259
1788 482 226
1789 483 225
1790 396 313
1791 409 300
1792 419 290
1793 480 229
1794 481 228
1795 483 198
1796 405 305
1797 446 264
1798 497 211
1799 482 196
1800 422 289
1801 496 215
1802 497 214
1803 489 202
1804 477 235
1805 498 210
1806 409 304
1807 485 228
1808 495 218
1809 404 310
1810 412 302
1811 460 254
1812 475 239
1813 462 253
1814 474 241
1815 493 222
1816 494 221
1817 490 199
1818 483 192
1819 406 310
1820 428 288
1821 467 249
1822 468 248
1823 473 243
1824 492 224
1825 452 265
1826 470 247
1827 471 246
1828 472 245
1829 490 227
1830 500 207
1831 408 310
1832 488 230
1833 502 208
1834 484 190
1835 404 315
1836 486 233
1837 487 232
1838 502 217
1839 491 196
1840 501 205
1841 483 238
1842 484 237
1843 485 236
1844 486 235
1845 407 315
1846 482 240
1847 504 218
1848 492 194
1849 485 186
1850 428 296
1851 459 266
1852 481 244
1853 503 222
1854 503 202
1855 502 201
1856 479 247
1857 480 246
1858 514 212
1859 493 191
1860 478 249
1861 509 206
1862 432 296
1863 477 251
1864 514 214
1865 506 202
1866 504 200
1867 487 183
1868 476 253
1869 516 213
1870 515 210
1871 514 216
1872 513 207
1873 505 199
1874 504 198
1875 494 188
1876 488 182
1877 429 302
1878 430 301
1879 515 208
1880 433 299
1881 434 298
1882 520 212
1883 516 217
1884 515 206
1885 512 203
1886 432 302
1887 506 228
1888 495 185
1889 514 203
1890 507 196
1891 435 301
1892 444 292
1893 445 291
1894 513 201
1895 447 290
1896 519 218
1897 518 205
1898 509 196
1899 507 194
1900 496 183
1901 440 298
1902 441 297
1903 449 289
1904 451 288
1905 518 203
1906 442 298
1907 508 232
1908 493 177
1909 518 201
1910 509 192
1911 445 297
1912 446 296
1913 447 295
1914 448 294
1915 450 292
1916 507 235
1917 514 228
1918 517 199
1919 513 195
1920 501 242
1921 505 238
1922 510 191
1923 453 291
1924 456 288
1925 504 240
1926 514 230
1927 515 229
1928 516 228
1929 496 176
1930 507 238
1931 456 290
1932 457 289
1933 493 253
1934 494 252
1935 495 251
1936 501 245
1937 503 243
1938 504 242
1939 505 241
1940 496 174
1941 459 288
1942 460 287
1943 468 279
1944 497 250
1945 511 188
1946 491 257
1947 532 216
1948 535 211
1949 492 168
1950 502 247
1951 518 231
1952 530 219
1953 531 218
1954 535 214
1955 533 208
1956 471 279
1957 496 254
1958 504 246
1959 529 221
1960 536 210
1961 520 194
1962 493 167
1963 476 275
1964 477 274
1965 538 211
1966 513 186
1967 479 273
1968 526 226
1969 512 184
1970 494 166
1971 481 272
1972 488 265
1973 535 218
1974 536 217
1975 537 208
1976 535 206
1977 514 185
1978 467 287
1979 468 286
1980 469 285
1981 490 264
1982 512 242
1983 518 236
1984 530 224
1985 495 165
1986 493 262
1987 503 252
1988 529 226
1989 494 163
1990 499 257
1991 505 251
1992 506 250
1993 515 241
1994 530 198
1995 484 273
1996 485 272
1997 508 249
1998 536 203
1999 529 196
2000 495 162
2001 496 262
2002 500 258
2003 503 255
2004 510 248
2005 508 251
2006 509 250
2007 519 240
2008 522 237
2009 537 202
2010 499 164
2011 495 265
2012 496 264
2013 497 263
2014 499 261
2015 504 256
2016 515 245
2017 516 244
2018 518 242
2019 526 234
2020 527 233
2021 516 180
2022 507 254
2023 513 248
2024 514 247
2025 520 241
2026 522 239
2027 529 232
2028 504 258
2029 524 238
2030 526 236
2031 528 235
2032 541 202
2033 517 178
2034 500 264
2035 531 233
2036 532 232
2037 529 189
2038 550 215
2039 551 214
2040 515 174
2041 531 235
2042 532 234
2043 538 228
2044 544 222
2045 549 217
2046 552 210
2047 517 175
2048 534 233
2049 535 232
2050 537 230
2051 547 220
2052 548 219
2053 536 193
2054 539 229
2055 543 225
2056 546 222
2057 556 212
2058 545 224
2059 555 210
2060 554 209
2061 540 195
2062 537 192
2063 518 173
2064 511 260
2065 538 191
2066 498 151
2067 556 208
2068 528 180
2069 525 177
2070 513 260
2071 514 259
2072 499 150
2073 562 212
2074 555 205
2075 528 178
2076 518 167
2077 561 215
2078 556 204
2079 528 176
2080 506 154
2081 524 253
2082 526 252
2083 531 177
2084 529 175
2085 519 165
2086 556 224
2087 528 172
2088 564 207
2089 540 183
2090 533 176
2091 535 177
2092 535 175
2093 526 166
2094 564 203
2095 546 185
2096 536 250
2097 569 207
2098 536 174
2099 567 204
2100 566 222
2101 556 192
2102 537 173
2103 506 142
2104 539 250
2105 540 249
2106 556 190
2107 537 171
2108 507 141
2109 541 250
2110 564 227
2111 568 200
2112 565 197
2113 541 173
2114 524 156
2115 507 139
2116 544 249
2117 562 231
2118 563 230
2119 540 171
2120 518 149
2121 546 248
2122 569 199
2123 507 137
2124 555 240
2125 557 238
2126 559 236
2127 560 235
2128 561 234
2129 526 155
2130 553 243
2131 554 242
2132 559 187
2133 550 247
2134 551 246
2135 552 245
2136 530 157
2137 554 244
2138 555 243
2139 556 242
2140 558 184
2141 553 246
2142 566 191
2143 541 166
2144 529 154
2145 556 244
2146 559 182
2147 542 165
2148 530 152
2149 514 136
2150 560 181
2151 543 162
2152 516 135
2153 509 128
2154 555 251
2155 548 259
2156 559 176
2157 542 159
2158 510 127
2159 552 256
2160 569 185
2161 534 149
2162 511 126
2163 510 125
2164 524 138
2165 566 179
2166 562 175
2167 536 148
2168 524 134
2169 559 256
2170 538 147
2171 539 146
2172 559 259
2173 572 178
2174 527 133
2175 512 118
2176 575 180
2177 565 169
2178 541 145
2179 546 149
2180 513 116
2181 574 176
2182 530 132
2183 528 129
2184 517 118
2185 574 174
2186 514 114
2187 567 166
2188 532 131
2189 576 174
2190 566 163
2191 530 127
2192 515 112
2193 567 162
2194 535 130
2195 516 111
2196 546 140
2197 532 126
2198 579 172
2199 536 129
2200 517 110
2201 567 157
2202 538 128
2203 580 169
2204 579 168
2205 570 159
2206 535 123
2207 550 137
2208 567 151
2209 522 106
2210 581 164
2211 584 165
2212 552 133
2213 587 166
2214 581 160
2215 568 147
2216 564 143
2217 523 100
2218 583 159
2219 568 144
2220 565 141
2221 542 118
2222 591 166
2223 571 146
2224 585 159
2225 550 124
2226 570 143
2227 569 142
2228 566 139
2229 556 129
2230 593 167
2231 544 116
2232 591 162
2233 571 142
2234 587 157
2235 567 137
2236 545 115
2237 518 96
2238 590 159
2239 572 141
2240 586 154
2241 576 143
2242 572 139
2243 517 94
2244 600 166
2245 571 137
2246 548 114
2247 577 142
2248 570 135
2249 549 113
2250 589 152
2251 578 140
2252 604 167
2253 577 138
2254 575 136
2255 571 132
2256 551 112
2257 528 89
2258 592 152
2259 589 149
2260 574 134
2261 519 85
2262 607 166
2263 552 111
2264 572 130
2265 519 83
2266 607 164
2267 590 147
2268 579 136
2269 575 132
2270 520 81
2271 609 167
2272 592 148
2273 574 130
2274 521 79
2275 573 128
2276 523 78
2277 610 168
2278 612 166
2279 608 162
2280 607 161
2281 594 148
2282 580 134
2283 576 130
2284 603 156
2285 596 149
2286 556 109
2287 526 79
2288 613 167
2289 611 163
2290 532 84
2291 557 108
2292 581 131
2293 576 126
2294 612 161
2295 596 145
2296 533 82
2297 559 107
2298 532 80
2299 582 129
2300 580 127
2301 578 125
2302 576 123
2303 534 81
2304 533 79
2305 578 123
2306 577 122
2307 561 106
2308 535 80
2309 601 145
2310 565 109
2311 534 78
2312 619 170
2313 619 162
2314 614 157
2315 613 156
2316 612 155
2317 611 154
2318 610 153
2319 608 151
2320 600 143
2321 599 142
2322 583 126
2323 581 124
2324 536 79
2325 563 105
2326 535 77
2327 622 163
2328 599 140
2329 597 138
2330 582 123
2331 537 78
2332 602 142
2333 578 118
2334 569 109
2335 626 165
2336 605 144
2337 598 137
2338 584 123
2339 583 122
2340 570 108
2341 558 96
2342 539 77
2343 619 156
2344 622 158
2345 585 121
2346 582 118
2347 581 117
2348 540 76
2349 625 172
2350 629 164
2351 595 130
2352 572 107
2353 587 120
2354 627 173
2355 601 133
2356 600 132
2357 598 130
2358 629 172
2359 621 152
2360 620 151
2361 608 139
2362 607 138
2363 596 127
2364 588 119
2365 584 115
2366 583 114
2367 628 174
2368 632 162
2369 624 154
2370 623 153
2371 619 149
2372 618 148
2373 617 147
2374 616 146
2375 615 145
2376 614 144
2377 613 143
2378 612 142
2379 611 141
2380 606 136
2381 604 134
2382 550 80
2383 626 155
2384 587 116
2385 630 158
2386 600 128
2387 597 125
2388 552 80
2389 629 156
2390 591 118
2391 612 138
2392 607 133
2393 614 139
2394 611 136
2395 609 134
2396 606 131
2397 616 140
2398 608 132
2399 590 114
2400 557 80
2401 635 157
2402 608 130
2403 592 114
2404 587 109
2405 636 175
2406 637 157
2407 636 156
2408 622 142
2409 594 114
2410 588 108
2411 580 100
2412 625 144
2413 624 143
2414 609 128
2415 607 126
2416 590 109
2417 562 81
2418 638 176
2419 623 141
2420 613 131
2421 648 165
2422 617 134
2423 609 126
2424 606 123
2425 565 82
2426 628 144
2427 626 142
2428 625 141
2429 624 140
2430 596 112
2431 646 161
2432 614 129
2433 611 126
2434 608 123
2435 568 83
2436 553 68
2437 620 134
2438 597 111
2439 570 84
2440 626 139
2441 625 138
2442 572 85
2443 554 67
2444 645 157
2445 628 140
2446 642 153
2447 630 141
2448 627 138
2449 624 135
2450 654 164
2451 626 136
2452 611 121
2453 645 154
2454 642 151
2455 630 139
2456 629 138
2457 628 137
2458 615 124
2459 625 133
2460 657 168
2461 644 151
2462 641 148
2463 630 137
2464 629 136
2465 617 124
2466 614 121
2467 582 89
2468 557 64
2469 648 154
2470 620 126
2471 616 122
2472 651 156
2473 641 146
2474 577 82
2475 557 62
2476 649 179
2477 649 153
2478 615 119
2479 594 98
2480 648 151
2481 599 102
2482 579 82
2483 650 180
2484 663 165
2485 621 123
2486 618 120
2487 560 62
2488 664 167
2489 644 145
2490 616 117
2491 665 165
2492 662 162
2493 639 139
2494 578 78
2495 665 168
2496 667 166
2497 664 163
2498 661 160
2499 654 153
2500 643 142
2501 573 72
2502 648 146
2503 641 139
2504 582 80
2505 563 61
2506 666 163
2507 660 157
2508 640 137
2509 639 136
2510 638 135
2511 573 70
2512 668 164
2513 662 158
2514 663 174
2515 618 113
2516 577 72
2517 671 165
2518 665 159
2519 661 155
2520 636 130
2521 626 120
2522 567 61
2523 668 171
2524 669 170
2525 667 160
2526 624 117
2527 623 116
2528 569 62
2529 667 173
2530 672 168
2531 671 163
2532 665 157
2533 644 136
2534 639 131
2535 626 118
2536 609 101
2537 668 159
2538 660 151
2539 664 178
2540 667 175
2541 666 156
2542 637 127
2543 632 122
2544 614 104
2545 671 160
2546 664 153
2547 636 125
2548 635 124
2549 634 123
2550 572 61
2551 669 175
2552 677 165
2553 616 104
2554 667 178
2555 615 102
2556 573 60
2557 669 177
2558 679 167
2559 673 159
2560 667 153
2561 666 152
2562 660 146
2563 617 103
2564 665 150
2565 645 130
2566 621 106
2567 667 181
2568 677 161
2569 616 100
2570 669 180
2571 676 173
2572 680 169
2573 682 167
2574 682 165
2575 667 150
2576 666 149
2577 664 147
2578 663 146
2579 655 138
2580 624 107
2581 618 101
2582 615 98
2583 614 97
2584 679 161
2585 677 159
2586 662 144
2587 630 112
2588 627 109
2589 681 170
2590 685 166
2591 660 141
2592 669 183
2593 672 180
2594 654 134
2595 653 133
2596 616 96
2597 679 158
2598 671 150
2599 670 184
2600 675 153
2601 669 147
2602 662 140
2603 660 138
2604 652 130
2605 641 119
2606 640 118
2607 624 102
2608 672 183
2609 656 133
2610 651 128
2611 650 127
2612 618 95
2613 617 94
2614 577 54
2615 674 182
2616 678 154
2617 647 123
2618 671 186
2619 691 166
2620 688 163
2621 668 143
2622 662 137
2623 661 136
2624 649 124
2625 646 121
2626 645 120
2627 644 119
2628 643 118
2629 652 126
2630 648 122
2631 642 116
2632 641 115
2633 615 89
2634 587 61
2635 681 178
2636 683 176
2637 692 167
2638 691 164
2639 688 161
2640 683 156
2641 682 155
2642 661 134
2643 660 133
2644 659 132
2645 628 101
2646 627 100
2647 665 195
2648 690 162
2649 670 142
2650 669 141
2651 668 140
2652 667 139
2653 657 129
2654 651 123
2655 650 122
2656 646 118
2657 625 97
2658 590 62
2659 675 186
2660 687 174
2661 693 168
2662 695 166
2663 694 165
2664 689 160
2665 685 156
2666 682 153
2667 674 145
2668 656 127
2669 655 126
2670 654 125
2671 649 120
2672 644 115
2673 643 114
2674 666 196
2675 688 158
2676 680 150
2677 679 149
2678 678 148
2679 670 140
2680 593 63
2681 582 52
2682 674 189
2683 682 181
2684 686 177
2685 692 161
2686 676 145
2687 656 125
2688 655 124
2689 653 122
2690 652 121
2691 651 120
2692 645 114
2693 644 113
2694 595 64
2695 681 183
2696 696 168
2697 686 154
2698 681 149
2699 678 146
2700 643 111
2701 642 110
2702 613 81
2703 597 65
2704 692 159
2705 691 158
2706 684 151
2707 683 150
2708 674 141
2709 654 121
2710 653 120
2711 652 119
2712 651 118
2713 612 79
2714 606 73
2715 605 72
2716 599 66
2717 586 53
2718 668 198
2719 682 184
2720 700 166
2721 694 160
2722 688 154
2723 671 137
2724 668 134
2725 646 112
2726 645 111
2727 624 90
2728 610 76
2729 609 75
2730 608 74
2731 603 69
2732 602 68
2733 601 67
2734 667 200
2735 698 169
2736 692 157
2737 691 156
2738 690 155
2739 670 135
2740 689 179
2741 701 167
2742 701 165
2743 686 150
2744 685 149
2745 684 148
2746 680 144
2747 679 143
2748 677 141
2749 644 108
2750 607 71
2751 606 70
2752 605 69
2753 604 68
2754 676 193
2755 686 183
2756 688 181
2757 688 151
2758 676 139
2759 675 138
2760 666 129
2761 665 128
2762 666 204
2763 704 166
2764 699 161
2765 698 160
2766 673 135
2767 670 132
2768 668 130
2769 643 105
2770 637 99
2771 636 98
2772 677 194
2773 702 169
2774 701 162
2775 696 157
2776 695 156
2777 694 155
2778 693 154
2779 692 153
2780 691 152
2781 679 140
2782 678 139
2783 677 138
2784 675 136
2785 672 133
2786 639 100
2787 586 47
2788 699 159
2789 698 158
2790 689 149
2791 684 144
2792 683 143
2793 653 113
2794 667 206
2795 703 170
2796 706 167
2797 671 130
2798 670 129
2799 669 128
2800 668 127
2801 664 123
2802 663 122
2803 662 121
2804 651 110
2805 650 109
2806 649 108
2807 685 189
2808 690 184
2809 691 183
2810 680 138
2811 678 136
2812 677 135
2813 660 118
2814 655 113
2815 684 191
2816 700 175
2817 706 169
2818 707 168
2819 707 164
2820 690 147
2821 689 146
2822 671 128
2823 670 127
2824 667 124
2825 659 116
2826 650 107
2827 649 106
2828 648 105
2829 645 102
2830 675 201
2831 709 167
2832 700 156
2833 695 151
2834 694 150
2835 693 149
2836 688 144
2837 676 132
2838 688 189
2839 690 187
2840 711 166
2841 691 146
2842 667 122
2843 668 210
2844 692 186
2845 694 184
2846 708 170
2847 710 168
2848 700 154
2849 699 153
2850 698 152
2851 697 151
2852 694 148
2853 686 140
2854 664 118
2855 648 102
2856 691 188
2857 704 175
2858 712 167
2859 707 160
2860 703 156
2861 683 136
2862 650 103
2863 693 187
2864 707 173
2865 709 161
2866 694 146
2867 693 145
2868 692 144
2869 689 141
2870 668 120
2871 653 105
2872 652 104
2873 686 195
2874 696 185
2875 705 176
2876 712 163
2877 711 162
2878 706 157
2879 691 142
2880 662 113
2881 661 112
2882 657 108
2883 656 107
2884 655 106
2885 668 214
2886 684 198
2887 690 140
2888 664 114
2889 660 110
2890 659 109
2891 697 186
2892 704 179
2893 675 124
2894 694 190
2895 707 177
2896 710 174
2897 711 173
2898 670 215
2899 696 189
2900 705 180
2901 681 205
2902 704 182
2903 709 177
2904 711 175
2905 713 173
2906 695 192
2907 697 190
2908 706 181
2909 670 218
2910 682 206
2911 708 180
2912 710 178
2913 712 176
2914 714 174
2915 715 173
2916 685 129
2917 684 128
2918 705 184
2919 706 183
2920 686 205
2921 697 194
2922 672 220
2923 683 209
2924 714 178
2925 715 177
2926 716 176
2927 685 208
2928 698 195
2929 707 186
2930 712 181
2931 718 175
2932 684 210
2933 673 222
2934 699 196
2935 700 195
2936 701 194
2937 708 187
2938 687 209
2939 672 225
2940 686 211
2941 699 198
2942 700 197
2943 701 196
2944 702 195
2945 709 188
2946 716 181
2947 718 179
2948 674 224
2949 720 178
2950 722 176
2951 673 226
2952 717 182
2953 721 179
2954 688 213
2955 702 199
2956 718 183
2957 720 181
2958 723 178
2959 725 177
2960 676 227
2961 721 182
2962 723 180
2963 724 179
2964 704 200
2965 712 192
2966 720 184
2967 676 229
2968 723 182
2969 724 181
2970 725 180
2971 689 217
2972 690 216
2973 713 193
2974 722 184
2975 677 230
2976 705 202
2977 724 183
2978 690 218
2979 714 194
2980 722 186
2981 723 185
2982 726 182
2983 725 184
2984 678 232
2985 707 203
2986 715 195
2987 723 187
2988 724 186
2989 728 182
2990 692 219
2991 726 185
2992 729 183
2993 730 182
2994 680 233
2995 709 204
2996 717 196
2997 724 189
2998 693 221
2999 710 205
3000 730 185
3001 694 222
3002 718 198
3003 726 190
3004 729 187
3005 732 184
3006 740 177
3007 682 236
3008 712 206
3009 727 191
3010 728 190
3011 732 186
3012 734 184
3013 736 182
3014 720 199
3015 683 237
3016 713 207
3017 729 191
3018 736 184
3019 716 205
3020 721 200
3021 733 188
3022 714 208
3023 688 235
3024 740 183
3025 743 180
3026 744 179
3027 685 239
3028 723 201
3029 730 194
3030 731 193
3031 732 192
3032 698 227
3033 709 216
3034 716 209
3035 745 180
3036 686 240
3037 732 194
3038 735 191
3039 713 214
3040 724 203
3041 747 180
3042 687 241
3043 711 217
3044 718 210
3045 736 192
3046 742 186
3047 733 196
3048 745 184
3049 748 181
3050 726 204
3051 737 193
3052 738 192
3053 743 187
3054 734 197
3055 735 196
3056 746 185
3057 690 242
3058 706 226
3059 721 211
3060 727 205
3061 738 194
3062 709 224
3063 735 198
3064 736 197
3065 745 188
3066 751 182
3067 713 221
3068 716 218
3069 722 212
3070 728 206
3071 748 186
3072 692 243
3073 740 195
3074 752 183
3075 717 219
3076 728 208
3077 729 207
3078 736 200
3079 743 193
3080 685 252
3081 694 243
3082 724 213
3083 741 196
3084 750 187
3085 705 233
3086 729 209
3087 730 208
3088 738 200
3089 744 194
3090 754 184
3091 756 182
3092 693 246
3093 716 223
3094 742 197
3095 686 254
3096 688 252
3097 696 244
3098 706 234
3099 730 210
3100 752 188
3101 758 182
3102 759 181
3103 727 214
3104 732 209
3105 749 192
3106 687 255
3107 695 247
3108 715 227
3109 753 189
3110 756 186
3111 760 182
3112 698 245
3113 721 222
3114 723 220
3115 740 203
3116 694 250
3117 716 228
3118 758 186
3119 762 182
3120 700 245
3121 741 204
3122 755 190
3123 757 188
3124 689 257
3125 746 200
3126 696 251
3127 735 212
3128 758 189
3129 702 246
3130 725 223
3131 742 206
3132 762 186
3133 691 258
3134 697 252
3135 719 230
3136 727 222
3137 737 212
3138 759 190
3139 765 184
3140 726 224
3141 748 202
3142 754 196
3143 698 253
3144 720 231
3145 738 213
3146 758 193
3147 705 247
3148 722 230
3149 729 223
3150 694 259
3151 699 254
3152 750 203
3153 753 200
3154 706 248
3155 727 227
3156 740 214
3157 745 209
3158 760 194
3159 768 186
3160 724 231
3161 731 224
3162 732 223
3163 751 204
3164 741 215
3165 746 210
3166 756 200
3167 764 192
3168 697 260
3169 762 195
3170 709 249
3171 733 225
3172 734 224
3173 736 222
3174 742 216
3175 758 200
3176 703 256
3177 725 234
3178 754 205
3179 710 250
3180 736 224
3181 755 206
3182 702 260
3183 705 257
3184 761 201
3185 766 196
3186 774 188
3187 712 251
3188 756 207
3189 746 218
3190 768 196
3191 775 189
3192 761 204
3193 709 257
3194 740 226
3195 741 225
3196 758 208
3197 764 202
3198 773 193
3199 781 185
3200 715 252
3201 720 247
3202 710 258
3203 742 226
3204 778 190
3205 759 210
3206 718 253
3207 723 248
3208 760 211
3209 764 207
3210 780 191
3211 750 222
3212 785 187
3213 716 257
3214 725 249
3215 768 206
3216 771 203
3217 715 260
3218 717 258
3219 752 223
3220 766 209
3221 774 202
3222 722 255
3223 723 254
3224 728 249
3225 783 194
3226 754 224
3227 777 201
3228 778 200
3229 767 212
3230 780 199
3231 720 260
3232 749 231
3233 772 208
3234 774 206
3235 768 213
3236 727 256
3237 783 200
3238 730 254
3239 779 205
3240 780 204
3241 781 203
3242 782 202
3243 770 215
3244 789 196
3245 730 256
3246 732 254
3247 767 219
3248 781 205
3249 772 215
3250 774 213
3251 784 204
3252 726 263
3253 765 224
3254 786 203
3255 774 216
3256 788 202
3257 735 256
3258 766 225
3259 771 220
3260 729 263
3261 799 193
3262 776 217
3263 778 215
3264 772 222
3265 732 263
3266 777 218
3267 779 216
3268 758 238
3269 802 194
3270 739 258
3271 778 219
3272 779 218
3273 741 257
3274 770 228
3275 798 200
3276 780 219
3277 804 195
3278 746 254
3279 759 241
3280 760 242
3281 782 220
3282 786 216
3283 802 200
3284 806 196
3285 740 263
3286 796 209
3287 808 197
3288 749 258
3289 750 257
3290 785 222
3291 809 198
3292 771 239
3293 772 238
3294 811 199
3295 813 200
3296 755 259
3297 773 241
3298 758 257
3299 786 229
3300 796 220
3301 793 224
3302 798 219
3303 783 235
3304 788 230
3305 790 228
3306 762 257
3307 776 243
3308 761 261
3309 815 207
3310 782 241
3311 804 219
3312 779 245
3313 769 256
3314 771 255
3315 784 242
3316 814 212
3317 825 201
3318 763 264
3319 821 206
3320 785 243
3321 808 220
3322 813 215
3323 774 255
3324 775 254
3325 799 230
3326 777 253
3327 823 207
3328 779 252
3329 787 244
3330 810 221
3331 814 217
3332 772 260
3333 773 259
3334 832 201
3335 799 235
3336 813 221
3337 826 208
3338 815 220
3339 817 218
3340 780 258
3341 827 211
3342 785 254
3343 787 252
3344 803 237
3345 810 230
3346 837 204
3347 784 258
3348 789 253
3349 791 252
3350 830 213
3351 841 202
3352 787 257
3353 808 236
3354 842 200
3355 781 264
3356 840 205
3357 783 264
3358 795 252
3359 810 237
3360 836 211
3361 842 206
3362 815 234
3363 816 233
3364 788 263
3365 795 257
3366 820 232
3367 802 251
3368 822 231
3369 838 216
3370 839 215
3371 840 214
3372 800 255
3373 814 241
3374 815 240
3375 816 239
3376 806 251
3377 805 254
3378 809 250
3379 812 249
3380 816 248
3381 825 239
3382 840 224
3383 829 236
3384 830 235
3385 831 234
3386 835 230
3387 836 229
3388 837 228
3389 838 227
3390 839 226
3391 843 222
3392 844 221
3393 845 220
3394 861 204
3395 847 219
3396 848 218
3397 849 217
3398 850 216
3399 851 215
3400 852 214
3401 866 201
3402 823 246
3403 842 227
3404 847 222
3405 848 221
3406 856 213
3407 867 200
3408 825 245
3409 811 260
3410 827 244
3411 828 243
3412 830 242
3413 836 236
3414 844 228
3415 847 225
3416 848 224
3417 869 199
3418 818 255
3419 832 241
3420 833 240
3421 839 234
3422 840 233
3423 841 232
3424 849 225
3425 850 224
3426 855 219
3427 856 218
3428 870 198
3429 854 221
3430 852 224
3431 871 197
3432 824 253
3433 838 239
3434 849 228
3435 850 227
3436 851 226
3437 826 252
3438 827 251
3439 836 242
3440 862 216
3441 873 205
3442 874 204
3443 872 196
3444 842 237
3445 843 236
3446 856 223
3447 859 220
3448 845 235
3449 846 234
3450 865 215
3451 866 214
3452 858 223
3453 859 222
3454 868 214
3455 875 195
3456 836 247
3457 861 222
3458 863 220
3459 864 219
3460 838 246
3461 856 228
3462 866 218
3463 868 217
3464 884 202
3465 878 209
3466 878 192
3467 886 203
3468 877 213
3469 887 204
3470 881 192
3471 891 202
3472 886 208
3473 884 191
3474 893 203
3475 862 235
3476 867 231
3477 886 190
3478 880 219
3479 886 214
3480 890 210
3481 896 205
3482 891 192
3483 901 201
3484 900 200
3485 899 199
3486 874 229
3487 886 218
3488 882 180
3489 895 192
3490 880 226
3491 898 208
3492 904 202
3493 904 200
3494 902 198
3495 897 193
3496 899 209
3497 905 203
3498 906 200
3499 878 231
3500 883 226
3501 907 202
3502 873 237
3503 898 212
3504 900 210
3505 884 227
3506 904 194
3507 898 215
3508 906 207
3509 911 202
3510 909 198
3511 908 206
3512 878 237
3513 881 234
3514 907 208
3515 905 192
3516 903 190
3517 883 233
3518 900 216
3519 909 208
3520 913 204
3521 911 208
3522 911 194
3523 885 235
3524 906 214
3525 910 210
3526 914 206
3527 917 204
3528 891 232
3529 893 230
3530 911 212
3531 887 237
3532 915 209
3533 918 206
3534 914 211
3535 920 205
3536 895 231
3537 913 215
3538 916 212
3539 891 238
3540 897 232
3541 912 217
3542 923 206
3543 893 238
3544 914 217
3545 917 215
3546 895 238
3547 900 233
3548 929 204
3549 915 219
3550 924 210
3551 901 234
3552 902 233
3553 916 220
3554 903 234
3555 917 221
3556 902 237
3557 904 235
3558 914 225
3559 926 213
3560 930 209
3561 901 239
3562 914 227
3563 924 217
3564 932 209
3565 907 236
3566 927 216
3567 919 225
3568 929 215
3569 928 217
3570 936 209
3571 930 216
3572 914 233
3573 917 230
3574 929 218
3575 934 213
3576 937 210
3577 940 208
3578 926 223
3579 931 218
3580 935 214
3581 943 207
3582 931 220
3583 935 216
3584 939 212
3585 932 222
3586 940 214
3587 937 218
3588 917 240
3589 941 216
3590 933 225
3591 935 223
3592 918 242
3593 942 218
3594 934 227
3595 918 244
3596 921 241
3597 943 220
3598 927 238
3599 944 223
3600 928 240
3601 934 234
3602 920 250
3603 921 249
3604 945 225
3605 922 250
3606 929 243
3607 945 227
3608 919 254
3609 936 237
3610 923 251
3611 933 241
3612 940 234
3613 946 228
3614 927 248
3615 935 240
3616 928 249
3617 935 242
3618 921 257
3619 947 232
3620 923 258
3621 929 252
3622 935 246
3623 930 254
3624 948 236
3625 934 251
3626 925 261
3627 939 247
3628 931 256
3629 924 264
3630 926 262
3631 949 239
3632 939 250
3633 932 258
3634 934 257
3635 933 259
3636 950 243
3637 948 246
3638 936 259
3639 926 271
3640 936 261
3641 939 258
3642 928 270
3643 934 264
3644 951 247
3645 935 265
3646 939 262
3647 949 252
3648 936 266
3649 938 265
3650 940 263
3651 930 274
3652 937 267
3653 940 265
3654 952 253
3655 938 268
3656 950 256
3657 941 266
3658 946 261
3659 932 276
3660 939 270
3661 941 269
3662 943 267
3663 940 271
3664 946 265
3665 933 279
3666 942 270
3667 944 268
3668 945 269
3669 950 264
3670 15 157.5
3671 18.5 160
3672 19.5 169
3673 23 162.5
3674 24.5 163
3675 27 164.5
3676 22.5 170
3677 24 170.5
3678 15 147.5
3679 32 163.5
3680 30 161.5
3681 33 163.5
3682 20.5 150
3683 19 148.5
3684 31.5 168
3685 34.5 165
3686 15.5 144
3687 25.5 175
3688 21 148.5
3689 36.5 165
3690 36 165.5
3691 18 144.5
3692 33.5 159
3693 27 176.5
3694 37.5 166
3695 39.5 164
3696 37.5 162
3697 15 139.5
3698 26 149.5
3699 29.5 176
3700 35 170.5
3701 28.5 178
3702 39.5 167
3703 41 165.5
3704 29.5 178
3705 30.5 177
3706 35 155.5
3707 26 146.5
3708 29.5 179
3709 40 169.5
3710 37.5 173
3711 42 168.5
3712 31 180.5
3713 32.5 179
3714 42 170.5
3715 43 169.5
3716 32.5 181
3717 33 181.5
3718 34.5 180
3719 43.5 171
3720 40 175.5
3721 46.5 169
3722 34 182.5
3723 40.5 176
3724 45.5 171
3725 46 170.5
3726 52.5 165
3727 36 183.5
3728 37 182.5
3729 48.5 171
3730 36.5 145
3731 16 124.5
3732 43 177.5
3733 39 182.5
3734 49.5 172
3735 37.5 185
3736 17.5 123
3737 38 185.5
3738 40 183.5
3739 45 178.5
3740 47 176.5
3741 22.5 127
3742 20 124.5
3743 19 123.5
3744 46.5 178
3745 50.5 174
3746 23.5 127
3747 21 124.5
3748 39 186.5
3749 61.5 164
3750 51.5 175
3751 25.5 127
3752 25 126.5
3753 23.5 125
3754 18.5 120
3755 18 119.5
3756 17 118.5
3757 40.5 187
3758 20 120.5
3759 17.5 117
3760 53 177.5
3761 61.5 159
3762 27 124.5
3763 20 116.5
3764 22 117.5
3765 44.5 189
3766 54 179.5
3767 27.5 122
3768 25 119.5
3769 31.5 125
3770 28 121.5
3771 27 120.5
3772 25.5 119
3773 19.5 113
3774 45.5 190
3775 54 182.5
3776 65.5 171
3777 71 165.5
3778 33.5 125
3779 33 124.5
3780 29 120.5
3781 24 115.5
3782 64.5 173
3783 70.5 167
3784 67 157.5
3785 47 191.5
3786 54 184.5
3787 55 183.5
3788 68 157.5
3789 36.5 126
3790 63 176.5
3791 70.5 169
3792 73 166.5
3793 36 124.5
3794 28 116.5
3795 27 115.5
3796 25 113.5
3797 48.5 192
3798 55 185.5
3799 63 177.5
3800 38.5 126
3801 70.5 171
3802 73 168.5
3803 76.5 165
3804 69.5 156
3805 36 122.5
3806 32 118.5
3807 65 177.5
3808 68.5 174
3809 72 170.5
3810 71.5 157
3811 29 114.5
3812 62.5 181
3813 64 179.5
3814 70 173.5
3815 71 172.5
3816 76.5 167
3817 77.5 166
3818 79 163.5
3819 76.5 161
3820 43 127.5
3821 19 103.5
3822 51 193.5
3823 73.5 171
3824 75.5 169
3825 79 162.5
3826 75.5 159
3827 51.5 194
3828 62.5 183
3829 72.5 173
3830 73.5 172
3831 75 170.5
3832 77.5 160
3833 41.5 124
3834 63.5 183
3835 66 180.5
3836 73.5 173
3837 76.5 158
3838 44.5 126
3839 33.5 115
3840 21 102.5
3841 63 184.5
3842 72.5 175
3843 81.5 162
3844 42.5 123
3845 66 182.5
3846 70.5 178
3847 79 158.5
3848 47 126.5
3849 45 124.5
3850 54.5 195
3851 64 185.5
3852 79.5 170
3853 78.5 157
3854 47 125.5
3855 41 119.5
3856 25 103.5
3857 70.5 180
3858 77 154.5
3859 86.5 165
3860 83.5 160
3861 78.5 155
3862 49 125.5
3863 27 103.5
3864 57.5 195
3865 65.5 187
3866 87.5 165
3867 88 163.5
3868 43.5 119
3869 40.5 116
3870 20.5 96
3871 57 196.5
3872 73 180.5
3873 85.5 160
3874 45 119.5
3875 72 182.5
3876 73 181.5
3877 80.5 154
3878 77.5 151
3879 52 125.5
3880 31 104.5
3881 89 161.5
3882 85.5 158
3883 55 127.5
3884 52 124.5
3885 77.5 179
3886 89.5 161
3887 33 104.5
3888 86.5 171
3889 87.5 170
3890 89.5 160
3891 86.5 157
3892 55.5 126
3893 51 121.5
3894 49 119.5
3895 48 118.5
3896 76.5 182
3897 86.5 172
3898 90.5 160
3899 87.5 157
3900 83 152.5
3901 51.5 121
3902 50 119.5
3903 20.5 90
3904 71.5 188
3905 78 181.5
3906 84.5 175
3907 85.5 174
3908 85 153.5
3909 26 94.5
3910 84.5 176
3911 87 173.5
3912 91.5 159
3913 89 156.5
3914 85 152.5
3915 21.5 89
3916 96.5 163
3917 90 156.5
3918 58 124.5
3919 26 92.5
3920 65.5 197
3921 83.5 179
3922 86 176.5
3923 98.5 164
3924 87 152.5
3925 69.5 135
3926 29.5 95
3927 75.5 188
3928 76 187.5
3929 77 186.5
3930 85 178.5
3931 97.5 166
3932 70.5 135
3933 29 93.5
3934 28 92.5
3935 66 198.5
3936 76 188.5
3937 77.5 187
3938 56 119.5
3939 32.5 96
3940 22.5 86
3941 96.5 159
3942 89.5 152
3943 75 137.5
3944 30 92.5
3945 21.5 84
3946 88.5 178
3947 74 135.5
3948 62 123.5
3949 58 119.5
3950 57 118.5
3951 23.5 85
3952 22.5 84
3953 81.5 186
3954 82.5 185
3955 86.5 181
3956 91.5 176
3957 92.5 175
3958 97.5 170
3959 97.5 158
3960 76 136.5
3961 24 84.5
3962 22 82.5
3963 100 168.5
3964 95 154.5
3965 47 106.5
3966 77 192.5
3967 79.5 190
3968 92.5 177
3969 76 134.5
3970 74 132.5
3971 33 91.5
3972 70.5 200
3973 79 191.5
3974 97.5 173
3975 101 169.5
3976 82.5 140
3977 79 136.5
3978 80 191.5
3979 81 190.5
3980 94.5 177
3981 96.5 175
3982 100.5 171
3983 77 133.5
3984 72 200.5
3985 92.5 180
3986 101.5 171
3987 107.5 163
3988 106 161.5
3989 84.5 140
3990 81 136.5
3991 63 118.5
3992 60.5 116
3993 81.5 192
3994 86.5 187
3995 88 185.5
3996 86.5 141
3997 81 135.5
3998 79 133.5
3999 77 131.5
4000 66 120.5
4001 65.5 120
4002 64 118.5
4003 40.5 95
4004 97 177.5
4005 101 173.5
4006 82.5 136
4007 73.5 202
4008 79.5 196
4009 89 186.5
4010 96 179.5
4011 99.5 176
4012 109 161.5
4013 84 136.5
4014 97.5 179
4015 111.5 163
4016 110 161.5
4017 83 134.5
4018 82 195.5
4019 91.5 186
4020 102.5 175
4021 90.5 141
4022 67.5 118
4023 81.5 197
4024 82 196.5
4025 91.5 187
4026 93.5 185
4027 99 179.5
4028 81.5 131
4029 70 119.5
4030 48.5 98
4031 113 161.5
4032 92.5 141
4033 70.5 119
4034 64.5 113
4035 76.5 204
4036 85.5 195
4037 95.5 185
4038 99.5 181
4039 100 180.5
4040 114 161.5
4041 86 133.5
4042 77.5 204
4043 97.5 184
4044 85.5 132
4045 67 113.5
4046 101.5 181
4047 92 137.5
4048 91 136.5
4049 90 135.5
4050 89.5 135
4051 52 97.5
4052 40 85.5
4053 118.5 163
4054 88 132.5
4055 82 126.5
4056 54 98.5
4057 79 205.5
4058 91.5 193
4059 101 183.5
4060 87 130.5
4061 94.5 191
4062 92 134.5
4063 77 119.5
4064 66 108.5
4065 65 107.5
4066 53.5 96
4067 93.5 135
4068 89 130.5
4069 81 206.5
4070 94.5 193
4071 101.5 186
4072 102.5 185
4073 95 135.5
4074 92.5 133
4075 84 124.5
4076 79 119.5
4077 77.5 118
4078 92.5 196
4079 97 136.5
4080 96.5 136
4081 94.5 134
4082 86 125.5
4083 85 124.5
4084 83.5 123
4085 82 121.5
4086 77 116.5
4087 75 114.5
4088 58 97.5
4089 104.5 143
4090 96 134.5
4091 85 123.5
4092 82.5 208
4093 94.5 196
4094 58.5 96
4095 57.5 95
4096 95.5 196
4097 99.5 136
4098 62 98.5
4099 84 208.5
4100 108.5 144
4101 100 135.5
4102 98 133.5
4103 97 132.5
4104 101 192.5
4105 92 126.5
4106 91 125.5
4107 89.5 124
4108 88.5 123
4109 57.5 92
4110 100.5 194
4111 123 171.5
4112 103 136.5
4113 99.5 133
4114 62 95.5
4115 47.5 81
4116 86 209.5
4117 92.5 203
4118 100.5 133
4119 89.5 122
4120 49 81.5
4121 106 137.5
4122 103 134.5
4123 65.5 97
4124 87 210.5
4125 100.5 197
4126 103.5 194
4127 104.5 193
4128 108 138.5
4129 107 137.5
4130 106 136.5
4131 105 135.5
4132 90 120.5
4133 78 108.5
4134 93.5 205
4135 104.5 194
4136 105 193.5
4137 125.5 173
4138 115 144.5
4139 110 139.5
4140 107.5 137
4141 83 112.5
4142 65.5 95
4143 94 205.5
4144 101 198.5
4145 126.5 173
4146 128 171.5
4147 108.5 137
4148 107 135.5
4149 94.5 123
4150 92.5 121
4151 63 91.5
4152 89 211.5
4153 117 144.5
4154 107.5 135
4155 105.5 133
4156 94 121.5
4157 62.5 90
4158 129 172.5
4159 118.5 145
4160 115 141.5
4161 69 95.5
4162 64 90.5
4163 95.5 207
4164 106 196.5
4165 107.5 195
4166 128.5 174
4167 116 141.5
4168 115.5 141
4169 112.5 138
4170 69.5 95
4171 68 93.5
4172 59 84.5
4173 91 212.5
4174 108.5 195
4175 129 153.5
4176 118.5 143
4177 108.5 133
4178 97.5 122
4179 66.5 91
4180 65.5 90
4181 131 173.5
4182 117 140.5
4183 115.5 139
4184 115 138.5
4185 112 135.5
4186 111 134.5
4187 92 213.5
4188 131 153.5
4189 115 137.5
4190 111 133.5
4191 61.5 84
4192 109 197.5
4193 122 143.5
4194 113 134.5
4195 97.5 119
4196 98 209.5
4197 103 204.5
4198 133 174.5
4199 121 141.5
4200 118 138.5
4201 117 137.5
4202 114.5 135
4203 95.5 116
4204 125.5 145
4205 116 135.5
4206 115.5 135
4207 95.5 115
4208 94.5 114
4209 69.5 89
4210 95 214.5
4211 83.5 101
4212 66.5 84
4213 107.5 204
4214 134 177.5
4215 125 141.5
4216 99.5 116
4217 115 197.5
4218 118 194.5
4219 107.5 123
4220 86 101.5
4221 98 215.5
4222 116.5 197
4223 130.5 145
4224 127 141.5
4225 99.5 114
4226 117 197.5
4227 118 196.5
4228 136 178.5
4229 129 142.5
4230 124.5 138
4231 108 121.5
4232 107 120.5
4233 77 90.5
4234 130.5 143
4235 129 141.5
4236 128 140.5
4237 127 139.5
4238 126 138.5
4239 122.5 135
4240 116 128.5
4241 105.5 118
4242 100.5 113
4243 81.5 94
4244 75 87.5
4245 105 211.5
4246 118 198.5
4247 119 197.5
4248 151.5 165
4249 133 144.5
4250 117 128.5
4251 103.5 115
4252 101 216.5
4253 139 178.5
4254 106.5 117
4255 101.5 112
4256 81 91.5
4257 121 197.5
4258 150 168.5
4259 135 144.5
4260 131 140.5
4261 81.5 91
4262 153.5 166
4263 137.5 146
4264 133.5 142
4265 108.5 117
4266 98.5 107
4267 149.5 171
4268 144.5 152
4269 104 111.5
4270 103 110.5
4271 155 166.5
4272 123 129.5
4273 114.5 121
4274 107.5 114
4275 99.5 106
4276 80.5 87
4277 79 85.5
4278 150.5 172
4279 142.5 148
4280 102 107.5
4281 87.5 93
4282 147 151.5
4283 125 129.5
4284 107.5 112
4285 81 85.5
4286 111 213.5
4287 120.5 204
4288 142.5 182
4289 156.5 168
4290 81 84.5
4291 152.5 173
4292 103 105.5
4293 113 213.5
4294 144 182.5
4295 149 150.5
4296 103 104.5
4297 87.5 89
4298 123 204.5
4299 144 183.5
4300 154 173.5
4301 160 167.5
4302 105 105.5
4303 97.5 98
4304 84 84.5
4305 83.5 84
4306 132 196.5
4307 146 145.5
4308 145 144.5
4309 144.5 144
4310 141.5 141
4311 126 125.5
4312 131 198.5
4313 155 174.5
4314 148 146.5
4315 147 145.5
4316 106.5 105
4317 105 103.5
4318 116 214.5
4319 131 199.5
4320 145.5 185
4321 165 162.5
4322 164 161.5
4323 152 149.5
4324 151.5 149
4325 151 148.5
4326 147.5 145
4327 106.5 104
4328 99 96.5
4329 95.5 93
4330 92.5 90
4331 132 199.5
4332 134 197.5
4333 166.5 163
4334 149.5 146
4335 107 103.5
4336 113 219.5
4337 117 215.5
4338 118.5 214
4339 127 205.5
4340 152 147.5
4341 93 88.5
4342 135 198.5
4343 136 197.5
4344 161.5 172
4345 136 130.5
4346 135 129.5
4347 110 104.5
4348 95 89.5
4349 113 221.5
4350 128.5 206
4351 135 199.5
4352 158 176.5
4353 164.5 170
4354 170.5 164
4355 169 162.5
4356 130.5 124
4357 113.5 222
4358 148 187.5
4359 135.5 128
4360 112 104.5
4361 115 221.5
4362 130.5 206
4363 163.5 173
4364 165.5 171
4365 145.5 137
4366 144.5 136
4367 138 199.5
4368 160 177.5
4369 156 146.5
4370 139 129.5
4371 137.5 128
4372 113.5 104
4373 117 221.5
4374 125.5 213
4375 160 149.5
4376 159 148.5
4377 157 146.5
4378 141.5 131
4379 112 101.5
4380 128.5 211
4381 129 210.5
4382 139 200.5
4383 165.5 174
4384 173.5 162
4385 172 160.5
4386 171 159.5
4387 170 158.5
4388 165 153.5
4389 162 150.5
4390 160.5 149
4391 148.5 137
4392 119.5 221
4393 134.5 206
4394 142 198.5
4395 152.5 188
4396 162 178.5
4397 164.5 152
4398 158 145.5
4399 155 142.5
4400 154 141.5
4401 114 101.5
4402 101.5 89
4403 97.5 85
4404 140 201.5
4405 170.5 157
4406 166 152.5
4407 154.5 141
4408 154 140.5
4409 141.5 128
4410 130 116.5
4411 142 200.5
4412 144 198.5
4413 151.5 191
4414 176.5 162
4415 172 157.5
4416 143 128.5
4417 136 121.5
4418 101.5 87
4419 131.5 212
4420 164 179.5
4421 175 159.5
4422 158 142.5
4423 155.5 140
4424 143 127.5
4425 141.5 126
4426 100 84.5
4427 145 199.5
4428 168 176.5
4429 171 173.5
4430 179.5 165
4431 161 144.5
4432 160 143.5
4433 152 135.5
4434 145 128.5
4435 117 100.5
4436 123.5 222
4437 134 211.5
4438 138 207.5
4439 165.5 148
4440 164.5 147
4441 163.5 146
4442 162.5 145
4443 162 144.5
4444 145.5 128
4445 143 125.5
4446 134 116.5
4447 170.5 176
4448 181.5 165
4449 167 148.5
4450 159 140.5
4451 155 136.5
4452 148 129.5
4453 147 128.5
4454 145 126.5
4455 143.5 125
4456 139 120.5
4457 134.5 116
4458 125.5 107
4459 134.5 213
4460 146.5 201
4461 166.5 181
4462 181.5 166
4463 167 147.5
4464 166 146.5
4465 165 145.5
4466 161 141.5
4467 157 137.5
4468 119.5 100
4469 118 98.5
4470 107.5 88
4471 106 86.5
4472 155.5 193
4473 159 189.5
4474 183 165.5
4475 153.5 133
4476 137 116.5
4477 126 105.5
4478 131 218.5
4479 141.5 208
4480 158.5 191
4481 160 189.5
4482 159 137.5
4483 155 133.5
4484 137 115.5
4485 160 190.5
4486 168.5 182
4487 184 166.5
4488 158 135.5
4489 148 125.5
4490 142 119.5
4491 121 98.5
4492 150 201.5
4493 159 192.5
4494 160.5 191
4495 176 175.5
4496 168.5 145
4497 155 131.5
4498 151 127.5
4499 139 115.5
4500 133 219.5
4501 152.5 200
4502 163 189.5
4503 185 167.5
4504 171 146.5
4505 170 145.5
4506 164.5 140
4507 153.5 129
4508 150.5 126
4509 139 114.5
4510 130.5 106
4511 114.5 90
4512 150 203.5
4513 152 201.5
4514 164 189.5
4515 174.5 179
4516 170.5 145
4517 168 142.5
4518 167 141.5
4519 165.5 140
4520 163 137.5
4521 128 102.5
4522 127 101.5
4523 154 200.5
4524 154 127.5
4525 151 124.5
4526 144.5 118
4527 141 114.5
4528 140 113.5
4529 110.5 84
4530 131.5 224
4531 146.5 209
4532 165 190.5
4533 179 176.5
4534 186.5 169
4535 186.5 159
4536 156.5 129
4537 129 101.5
4538 155 201.5
4539 156 200.5
4540 176.5 180
4541 174.5 146
4542 141.5 113
4543 129 100.5
4544 137 220.5
4545 155 202.5
4546 174.5 145
4547 173.5 144
4548 172.5 143
4549 171 141.5
4550 153 123.5
4551 171.5 187
4552 177 146.5
4553 173.5 143
4554 172 141.5
4555 169.5 139
4556 148 117.5
4557 122.5 92
4558 149 210.5
4559 162 197.5
4560 177 182.5
4561 175 143.5
4562 145 113.5
4563 114.5 83
4564 177.5 183
4565 183 150.5
4566 175.5 143
4567 156 123.5
4568 146 113.5
4569 144 111.5
4570 136.5 225
4571 158 203.5
4572 177.5 184
4573 181.5 148
4574 158.5 125
4575 179 144.5
4576 177.5 143
4577 160 125.5
4578 147 112.5
4579 157 206.5
4580 167 196.5
4581 184 179.5
4582 181.5 146
4583 160.5 125
4584 139 225.5
4585 167 197.5
4586 185 179.5
4587 180.5 144
4588 178 141.5
4589 148 111.5
4590 147 110.5
4591 118.5 82
4592 183.5 182
4593 178.5 141
4594 161 123.5
4595 140.5 226
4596 181 185.5
4597 194 172.5
4598 201 165.5
4599 177.5 139
4600 176.5 138
4601 174 135.5
4602 186.5 181
4603 193.5 154
4604 178.5 139
4605 178 138.5
4606 163 123.5
4607 156 116.5
4608 128 88.5
4609 121.5 82
4610 177.5 191
4611 199.5 159
4612 199 158.5
4613 193 152.5
4614 192.5 152
4615 192 151.5
4616 166.5 126
4617 121 80.5
4618 179.5 190
4619 202.5 161
4620 197.5 156
4621 171.5 130
4622 157 115.5
4623 151 109.5
4624 143 101.5
4625 123 81.5
4626 173.5 197
4627 185.5 185
4628 186.5 184
4629 195 175.5
4630 202.5 160
4631 200 157.5
4632 199.5 157
4633 196.5 154
4634 195 152.5
4635 177 134.5
4636 169.5 127
4637 153 110.5
4638 183.5 188
4639 198.5 155
4640 195 151.5
4641 192 148.5
4642 123.5 80
4643 200 155.5
4644 198 153.5
4645 193.5 149
4646 191 146.5
4647 177 132.5
4648 208.5 165
4649 208 162.5
4650 206.5 161
4651 202 156.5
4652 199 153.5
4653 197.5 152
4654 196 150.5
4655 192.5 147
4656 190.5 145
4657 173.5 128
4658 154 108.5
4659 201.5 155
4660 201 154.5
4661 199.5 153
4662 198.5 152
4663 197.5 151
4664 191.5 145
4665 190 143.5
4666 155 108.5
4667 139 92.5
4668 158.5 217
4669 205.5 158
4670 201 153.5
4671 196.5 149
4672 131 83.5
4673 125.5 78
4674 171 205.5
4675 199 177.5
4676 207 158.5
4677 201.5 153
4678 199.5 151
4679 195.5 147
4680 193.5 145
4681 192.5 144
4682 191 142.5
4683 161.5 216
4684 175 202.5
4685 198.5 179
4686 199.5 178
4687 150.5 228
4688 184.5 194
4689 188 190.5
4690 213.5 165
4691 207 156.5
4692 206.5 156
4693 205.5 155
4694 204.5 154
4695 203.5 153
4696 199 148.5
4697 195 144.5
4698 194 143.5
4699 193 142.5
4700 188.5 138
4701 187 136.5
4702 159.5 109
4703 129 78.5
4704 154 225.5
4705 176 203.5
4706 179 200.5
4707 188 191.5
4708 209 157.5
4709 201.5 150
4710 130.5 79
4711 176.5 204
4712 177 203.5
4713 179 201.5
4714 185.5 195
4715 191.5 189
4716 214 166.5
4717 213.5 161
4718 213 160.5
4719 205.5 153
4720 204.5 152
4721 201.5 149
4722 198.5 146
4723 196 143.5
4724 163 110.5
4725 133 80.5
4726 178 203.5
4727 201 180.5
4728 207 153.5
4729 204.5 151
4730 202 148.5
4731 189.5 136
4732 188.5 135
4733 163 219.5
4734 180.5 202
4735 207.5 175
4736 217.5 165
4737 215 160.5
4738 213 158.5
4739 209.5 155
4740 204 149.5
4741 203 148.5
4742 196 141.5
4743 194.5 140
4744 193.5 139
4745 193 138.5
4746 192 137.5
4747 186 131.5
4748 163.5 109
4749 137 82.5
4750 135 80.5
4751 153 230.5
4752 179 204.5
4753 191.5 192
4754 214 169.5
4755 197.5 142
4756 194.5 139
4757 134.5 79
4758 165.5 219
4759 194.5 190
4760 207 177.5
4761 208.5 176
4762 218 166.5
4763 208.5 152
4764 193.5 137
4765 191.5 135
4766 190 133.5
4767 138 81.5
4768 137 80.5
4769 154.5 231
4770 159 226.5
4771 168 217.5
4772 199.5 186
4773 203 182.5
4774 206 179.5
4775 217.5 168
4776 218.5 161
4777 217 159.5
4778 200.5 143
4779 197 139.5
4780 192 134.5
4781 179.5 122
4782 154.5 97
4783 140 82.5
4784 127 69.5
4785 209 177.5
4786 217.5 169
4787 201.5 143
4788 199 140.5
4789 198 139.5
4790 188.5 130
4791 182.5 124
4792 181.5 123
4793 139 80.5
4794 132.5 74
4795 127.5 69
4796 167 220.5
4797 168.5 219
4798 169 218.5
4799 200.5 187
4800 205.5 182
4801 208.5 179
4802 196 136.5
4803 195 135.5
4804 190.5 131
4805 184.5 125
4806 137 77.5
4807 135.5 76
4808 167 221.5
4809 169 219.5
4810 191 197.5
4811 194 194.5
4812 196.5 192
4813 205.5 183
4814 207.5 181
4815 210.5 178
4816 204.5 144
4817 191.5 131
4818 190.5 130
4819 159 98.5
4820 156.5 96
4821 155.5 95
4822 141.5 81
4823 128.5 68
4824 163 226.5
4825 169 220.5
4826 170.5 219
4827 184 205.5
4828 194 195.5
4829 198 191.5
4830 201 188.5
4831 205 184.5
4832 209 180.5
4833 210 179.5
4834 219 170.5
4835 160.5 99
4836 160 98.5
4837 158.5 97
4838 156.5 95
4839 139 77.5
4840 134 72.5
4841 129 67.5
4842 158.5 232
4843 197.5 193
4844 201 189.5
4845 205 185.5
4846 207.5 183
4847 163 100.5
4848 137 74.5
4849 186 205.5
4850 195 196.5
4851 198.5 193
4852 210.5 181
4853 216.5 175
4854 216 175.5
4855 188.5 125
4856 165.5 102
4857 162.5 99
4858 161 97.5
4859 158 94.5
4860 141 77.5
4861 136.5 73
4862 129.5 66
4863 165 227.5
4864 196.5 196
4865 202.5 190
4866 205 187.5
4867 194 129.5
4868 167.5 103
4869 160 95.5
4870 148 83.5
4871 202 191.5
4872 209 184.5
4873 211.5 182
4874 215.5 178
4875 219 174.5
4876 226.5 161
4877 196.5 131
4878 150.5 85
4879 144.5 79
4880 144 78.5
4881 136.5 71
4882 132.5 67
4883 189 205.5
4884 216.5 178
4885 196.5 130
4886 189 122.5
4887 185 118.5
4888 170.5 104
4889 152 85.5
4890 141 74.5
4891 138.5 72
4892 131.5 65
4893 163 232.5
4894 180.5 215
4895 203.5 192
4896 209 186.5
4897 212.5 183
4898 215 180.5
4899 226 158.5
4900 194.5 127
4901 190.5 123
4902 188.5 121
4903 154 86.5
4904 147 79.5
4905 143.5 76
4906 142.5 75
4907 139 71.5
4908 180.5 216
4909 176 107.5
4910 132.5 64
4911 174 223.5
4912 187.5 210
4913 187 210.5
4914 208.5 189
4915 213 184.5
4916 214 183.5
4917 215.5 182
4918 182 112.5
4919 181 111.5
4920 178 108.5
4921 157 87.5
4922 144.5 75
4923 136 66.5
4924 134 64.5
4925 204.5 194
4926 218.5 180
4927 183.5 113
4928 175 104.5
4929 159 88.5
4930 151.5 81
4931 192.5 121
4932 190 118.5
4933 183 111.5
4934 182 110.5
4935 161 89.5
4936 154 82.5
4937 153 81.5
4938 151 79.5
4939 144 72.5
4940 190.5 210
4941 214.5 186
4942 219 181.5
4943 191.5 119
4944 189.5 117
4945 186.5 114
4946 185.5 113
4947 184.5 112
4948 163 90.5
4949 157.5 85
4950 155.5 83
4951 155 82.5
4952 139 66.5
4953 216.5 185
4954 188 114.5
4955 159.5 86
4956 155 81.5
4957 153 79.5
4958 146.5 73
4959 177.5 225
4960 177 102.5
4961 175 100.5
4962 174.5 100
4963 165.5 91
4964 163.5 89
4965 161.5 87
4966 160 85.5
4967 156.5 82
4968 155.5 81
4969 138.5 64
4970 198 205.5
4971 200 203.5
4972 215.5 188
4973 178.5 103
4974 173 231.5
4975 195.5 209
4976 197 207.5
4977 198 206.5
4978 221 144.5
4979 220 143.5
4980 219 142.5
4981 177 100.5
4982 166.5 90
4983 165 88.5
4984 164 87.5
4985 160 83.5
4986 156 79.5
4987 151.5 75
4988 193 212.5
4989 194.5 211
4990 199.5 206
4991 214 191.5
4992 228.5 151
4993 227 149.5
4994 225.5 148
4995 225 147.5
4996 221 143.5
4997 181 103.5
4998 162 84.5
4999 158 80.5
5000 155 77.5
5001 148.5 71
5002 179.5 227
5003 216.5 190
5004 229 150.5
5005 182.5 104
5006 169 90.5
5007 165.5 87
5008 153 74.5
5009 151.5 73
5010 175 232.5
5011 212.5 195
5012 224 144.5
5013 159 79.5
5014 153 73.5
5015 185 223.5
5016 186 222.5
5017 200.5 208
5018 162 81.5
5019 152 71.5
5020 175.5 234
5021 186 223.5
5022 202.5 207
5023 217.5 192
5024 220 138.5
5025 160 78.5
5026 155.5 74
5027 187 223.5
5028 198.5 212
5029 174.5 92
5030 173.5 91
5031 170 87.5
5032 169 86.5
5033 168.5 86
5034 166 83.5
5035 160 77.5
5036 159 76.5
5037 182.5 229
5038 188.5 223
5039 216.5 195
5040 229.5 183
5041 240.5 156
5042 239.5 155
5043 238.5 154
5044 161 76.5
5045 158 73.5
5046 184 229.5
5047 190.5 223
5048 218 195.5
5049 244.5 159
5050 243 157.5
5051 230 144.5
5052 177.5 92
5053 174.5 89
5054 161 75.5
5055 230.5 184
5056 246.5 160
5057 179.5 93
5058 173.5 87
5059 169.5 83
5060 165 78.5
5061 218 197.5
5062 219 196.5
5063 230 142.5
5064 212.5 125
5065 168 80.5
5066 167 79.5
5067 163 75.5
5068 158.5 71
5069 252 163.5
5070 240.5 152
5071 219 130.5
5072 214.5 126
5073 210 121.5
5074 204 115.5
5075 203 114.5
5076 202 113.5
5077 200 111.5
5078 199 110.5
5079 198 109.5
5080 197 108.5
5081 182.5 94
5082 179.5 91
5083 179 90.5
5084 176.5 88
5085 172 83.5
5086 226 191.5
5087 231.5 142
5088 226.5 137
5089 218 128.5
5090 201.5 112
5091 196.5 107
5092 195 105.5
5093 194.5 105
5094 193 103.5
5095 192.5 103
5096 187 97.5
5097 185 95.5
5098 167 77.5
5099 232 141.5
5100 217 126.5
5101 216 125.5
5102 215 124.5
5103 191.5 101
5104 190 99.5
5105 188.5 98
5106 181.5 91
5107 170.5 80
5108 168.5 78
5109 161 70.5
5110 173.5 82
5111 171 79.5
5112 156 64.5
5113 231.5 189
5114 237 183.5
5115 248 155.5
5116 245.5 153
5117 245 152.5
5118 241.5 149
5119 195 102.5
5120 178 85.5
5121 232.5 189
5122 238.5 183
5123 240 181.5
5124 247 153.5
5125 173 79.5
5126 170 76.5
5127 169.5 76
5128 167 73.5
5129 242 180.5
5130 191.5 97
5131 221 202.5
5132 241.5 182
5133 186.5 91
5134 174.5 79
5135 171.5 76
5136 242 182.5
5137 251 173.5
5138 194 97.5
5139 170.5 74
5140 240 185.5
5141 242 183.5
5142 199.5 102
5143 176 78.5
5144 172.5 75
5145 188 238.5
5146 224 202.5
5147 229.5 197
5148 244 182.5
5149 199.5 101
5150 190.5 92
5151 189 90.5
5152 188 89.5
5153 183 84.5
5154 174.5 76
5155 241 186.5
5156 252 175.5
5157 199 99.5
5158 195 95.5
5159 191 91.5
5160 189.5 90
5161 188 88.5
5162 206.5 222
5163 207 221.5
5164 225 203.5
5165 231.5 197
5166 241 187.5
5167 242 186.5
5168 245 183.5
5169 254 174.5
5170 228.5 128
5171 189 88.5
5172 187 86.5
5173 224.5 205
5174 244.5 185
5175 256 173.5
5176 257.5 156
5177 257 155.5
5178 230 128.5
5179 225 123.5
5180 196 94.5
5181 192 90.5
5182 189 87.5
5183 179 77.5
5184 222.5 208
5185 243 187.5
5186 257 173.5
5187 200.5 98
5188 199 96.5
5189 198 95.5
5190 181 78.5
5191 215.5 216
5192 234 197.5
5193 241 190.5
5194 243 188.5
5195 255 176.5
5196 202 98.5
5197 189 85.5
5198 187.5 84
5199 183 79.5
5200 226 206.5
5201 259 154.5
5202 205.5 101
5203 204.5 100
5204 199.5 95
5205 191 86.5
5206 190.5 86
5207 216.5 217
5208 224 209.5
5209 234 199.5
5210 235 198.5
5211 227 121.5
5212 202 96.5
5213 201 95.5
5214 195 89.5
5215 191 85.5
5216 191.5 243
5217 211.5 223
5218 211 224.5
5219 224.5 211
5220 225 210.5
5221 227.5 208
5222 242 194.5
5223 245.5 191
5224 252 184.5
5225 257 179.5
5226 259 177.5
5227 215.5 107
5228 212.5 225
5229 228 209.5
5230 215 223.5
5231 226.5 212
5232 263.5 153
5233 222.5 217
5234 269.5 170
5235 268.5 157
5236 190 78.5
5237 186 74.5
5238 229.5 211
5239 237.5 203
5240 243.5 197
5241 260 180.5
5242 244.5 197
5243 270.5 171
5244 194.5 248
5245 224.5 218
5246 243 199.5
5247 247 195.5
5248 253.5 189
5249 238.5 205
5250 262 181.5
5251 265.5 178
5252 271.5 172
5253 195 249.5
5254 199 245.5
5255 205.5 239
5256 223.5 221
5257 224.5 220
5258 230 214.5
5259 231 213.5
5260 248 196.5
5261 192.5 253
5262 200.5 245
5263 211.5 234
5264 242.5 203
5265 255 190.5
5266 266.5 179
5267 275 157.5
5268 269.5 152
5269 196 250.5
5270 200 246.5
5271 207.5 239
5272 244 202.5
5273 264 182.5
5274 266 181.5
5275 202 246.5
5276 209.5 239
5277 245 203.5
5278 248 200.5
5279 265 183.5
5280 276.5 172
5281 272.5 152
5282 225.5 224
5283 228 221.5
5284 231 218.5
5285 264 185.5
5286 269.5 180
5287 280 158.5
5288 202.5 248
5289 245 205.5
5290 251 199.5
5291 276.5 174
5292 278 172.5
5293 233 218.5
5294 260 191.5
5295 270.5 181
5296 231 221.5
5297 233.5 219
5298 243 209.5
5299 246.5 206
5300 246 206.5
5301 261 191.5
5302 270 182.5
5303 279.5 173
5304 283 158.5
5305 276 151.5
5306 204 249.5
5307 217 236.5
5308 232.5 221
5309 243 210.5
5310 261.5 192
5311 278 175.5
5312 286 160.5
5313 285 159.5
5314 215 239.5
5315 259 195.5
5316 279.5 175
5317 204 251.5
5318 243.5 212
5319 244.5 211
5320 279 176.5
5321 289 161.5
5322 288 160.5
5323 219 237.5
5324 244 212.5
5325 248.5 208
5326 248 208.5
5327 273.5 183
5328 280.5 176
5329 282 174.5
5330 280.5 152
5331 220 237.5
5332 230.5 227
5333 231 226.5
5334 273.5 184
5335 274.5 183
5336 279 178.5
5337 292.5 165
5338 232.5 226
5339 245.5 213
5340 245 213.5
5341 261 197.5
5342 263.5 195
5343 277.5 181
5344 279 179.5
5345 285 154.5
5346 231 228.5
5347 233.5 226
5348 293.5 166
5349 289.5 158
5350 287 155.5
5351 219.5 241
5352 232 228.5
5353 278.5 182
5354 280 180.5
5355 281 179.5
5356 208 253.5
5357 232.5 229
5358 262.5 199
5359 281 180.5
5360 285 176.5
5361 204.5 258
5362 232.5 230
5363 234 228.5
5364 263 199.5
5365 264.5 198
5366 278.5 184
5367 284 178.5
5368 234 229.5
5369 235.5 228
5370 264.5 199
5371 272.5 191
5372 276.5 187
5373 276 187.5
5374 294.5 159
5375 235 229.5
5376 248.5 216
5377 248 216.5
5378 282.5 182
5379 299.5 163
5380 298.5 162
5381 206.5 259
5382 211 254.5
5383 234.5 231
5384 235 230.5
5385 237.5 228
5386 264.5 201
5387 282 183.5
5388 211.5 255
5389 225 241.5
5390 236 230.5
5391 275 191.5
5392 283.5 183
5393 283 183.5
5394 286 180.5
5395 288.5 178
5396 292 174.5
5397 207.5 260
5398 225 242.5
5399 234.5 233
5400 255 212.5
5401 266 201.5
5402 282.5 185
5403 235 233.5
5404 236.5 232
5405 236 232.5
5406 250 218.5
5407 266.5 202
5408 276 192.5
5409 277 191.5
5410 289.5 179
5411 208.5 261
5412 235 234.5
5413 268.5 201
5414 279 190.5
5415 283.5 186
5416 287 183.5
5417 290.5 180
5418 221 250.5
5419 237 234.5
5420 239.5 232
5421 279 192.5
5422 285.5 186
5423 237 235.5
5424 277.5 195
5425 280 192.5
5426 282.5 190
5427 288 184.5
5428 300 172.5
5429 301 172.5
5430 306.5 167
5431 210.5 264
5432 241.5 233
5433 220 255.5
5434 238.5 237
5435 242 233.5
5436 278 197.5
5437 279.5 196
5438 290 185.5
5439 212 264.5
5440 249.5 227
5441 290 186.5
5442 240 237.5
5443 243 234.5
5444 281.5 196
5445 291.5 186
5446 308.5 169
5447 213.5 265
5448 241 237.5
5449 250.5 228
5450 255.5 223
5451 243.5 236
5452 281.5 198
5453 291.5 188
5454 242.5 238
5455 242 238.5
5456 245 235.5
5457 246 234.5
5458 283 197.5
5459 292.5 188
5460 293 187.5
5461 310.5 170
5462 246 235.5
5463 265 216.5
5464 283 198.5
5465 286.5 195
5466 292.5 189
5467 293.5 188
5468 245 237.5
5469 247.5 235
5470 288 194.5
5471 285 198.5
5472 293.5 190
5473 293 190.5
5474 249 235.5
5475 294.5 190
5476 249 236.5
5477 267.5 218
5478 289.5 196
5479 293.5 192
5480 295 190.5
5481 248.5 238
5482 265 221.5
5483 285.5 201
5484 286 200.5
5485 287.5 199
5486 287 199.5
5487 306.5 180
5488 221 266.5
5489 231 256.5
5490 250.5 237
5491 288.5 199
5492 288 199.5
5493 289.5 198
5494 294.5 193
5495 268.5 220
5496 287 201.5
5497 290.5 198
5498 300 188.5
5499 217.5 272
5500 222.5 267
5501 252 237.5
5502 264 225.5
5503 294.5 195
5504 295.5 194
5505 308.5 181
5506 288 202.5
5507 289 201.5
5508 290 200.5
5509 297 193.5
5510 308.5 182
5511 265 226.5
5512 268.5 223
5513 298.5 193
5514 227.5 265
5515 247 245.5
5516 249.5 243
5517 249 243.5
5518 275 217.5
5519 290.5 202
5520 292 200.5
5521 309.5 183
5522 252 241.5
5523 269.5 224
5524 290 203.5
5525 229.5 265
5526 230.5 264
5527 248.5 247
5528 249 246.5
5529 250 245.5
5530 253 242.5
5531 278.5 217
5532 301.5 194
5533 318.5 177
5534 233.5 263
5535 256.5 240
5536 256 240.5
5537 298.5 198
5538 301 195.5
5539 236 261.5
5540 250 247.5
5541 251 246.5
5542 278 219.5
5543 302.5 195
5544 319.5 178
5545 251.5 247
5546 251 247.5
5547 253.5 245
5548 254.5 244
5549 255.5 243
5550 257.5 241
5551 272.5 226
5552 294.5 204
5553 223.5 276
5554 239 260.5
5555 250.5 249
5556 254 245.5
5557 273 226.5
5558 301 198.5
5559 302.5 197
5560 224 276.5
5561 229 271.5
5562 252.5 248
5563 255.5 245
5564 257.5 243
5565 259.5 241
5566 259 241.5
5567 220 281.5
5568 252 249.5
5569 254.5 247
5570 260 241.5
5571 301 200.5
5572 302 199.5
5573 252 250.5
5574 253.5 249
5575 255 247.5
5576 256.5 246
5577 261 241.5
5578 299.5 203
5579 243.5 260
5580 256.5 247
5581 259 244.5
5582 260 243.5
5583 261 242.5
5584 276 227.5
5585 281 222.5
5586 300 203.5
5587 302 201.5
5588 303 200.5
5589 304.5 199
5590 257.5 247
5591 257 247.5
5592 271 233.5
5593 303.5 201
5594 221 284.5
5595 245.5 260
5596 260.5 245
5597 263 242.5
5598 282 223.5
5599 305.5 200
5600 253 253.5
5601 257 249.5
5602 258.5 248
5603 259.5 247
5604 263.5 243
5605 301.5 205
5606 325 181.5
5607 255.5 252
5608 259 248.5
5609 283 224.5
5610 302.5 205
5611 306.5 201
5612 250.5 258
5613 258.5 250
5614 263.5 245
5615 283 225.5
5616 302.5 206
5617 304.5 204
5618 224 285.5
5619 254.5 255
5620 257 252.5
5621 303.5 206
5622 307.5 202
5623 254.5 256
5624 257 253.5
5625 303.5 207
5626 308 202.5
5627 326.5 184
5628 224.5 287
5629 252.5 259
5630 285 226.5
5631 324 187.5
5632 253 259.5
5633 258 254.5
5634 261.5 251
5635 291 221.5
5636 304.5 208
5637 308 204.5
5638 309 203.5
5639 256.5 257
5640 266.5 247
5641 281.5 232
5642 306 207.5
5643 328.5 185
5644 226.5 288
5645 259.5 255
5646 263 251.5
5647 307.5 207
5648 238 277.5
5649 239.5 276
5650 257.5 258
5651 258.5 257
5652 263 252.5
5653 267 248.5
5654 287 228.5
5655 310.5 205
5656 310 205.5
5657 329.5 186
5658 260.5 256
5659 262.5 254
5660 309 207.5
5661 327 189.5
5662 240 277.5
5663 256 261.5
5664 266 251.5
5665 285 232.5
5666 288 229.5
5667 240.5 278
5668 265.5 253
5669 269.5 249
5670 269 249.5
5671 307.5 211
5672 309 209.5
5673 331.5 187
5674 233 286.5
5675 242 277.5
5676 243 276.5
5677 264 255.5
5678 269 250.5
5679 288.5 231
5680 263 257.5
5681 266 254.5
5682 308.5 212
5683 310 210.5
5684 265 256.5
5685 267.5 254
5686 269.5 252
5687 312.5 209
5688 234.5 288
5689 236 286.5
5690 268 254.5
5691 270 252.5
5692 289.5 233
5693 265 258.5
5694 269 254.5
5695 310.5 213
5696 334 189.5
5697 237.5 287
5698 265.5 259
5699 266.5 258
5700 267.5 257
5701 271 253.5
5702 284.5 240
5703 315 209.5
5704 316.5 208
5705 265.5 260
5706 269 256.5
5707 270 255.5
5708 316 209.5
5709 332.5 193
5710 267.5 259
5711 267 259.5
5712 335 191.5
5713 268.5 259
5714 272.5 255
5715 317 210.5
5716 335.5 192
5717 268.5 260
5718 272 256.5
5719 262.5 267
5720 268.5 261
5721 289.5 240
5722 316.5 213
5723 319.5 210
5724 263.5 267
5725 275 255.5
5726 269.5 262
5727 273.5 258
5728 273 258.5
5729 287.5 244
5730 288.5 243
5731 320 211.5
5732 338.5 193
5733 292 240.5
5734 318.5 214
5735 322.5 210
5736 270.5 263
5737 277 256.5
5738 278 255.5
5739 288 245.5
5740 271.5 264
5741 289 246.5
5742 341 194.5
5743 279.5 257
5744 280 256.5
5745 326 210.5
5746 271.5 266
5747 299 238.5
5748 321.5 216
5749 342 196.5
5750 274 265.5
5751 307.5 232
5752 325 214.5
5753 293 247.5
5754 300.5 240
5755 295.5 246
5756 276 266.5
5757 296 246.5
5758 300 242.5
5759 326 216.5
5760 329 214.5
5761 299.5 246
5762 305 240.5
5763 328.5 217
5764 330 215.5
5765 331.5 214
5766 272 274.5
5767 279.5 267
5768 299 247.5
5769 329.5 217
5770 278 269.5
5771 280.5 267
5772 304.5 243
5773 331.5 216
5774 331 216.5
5775 287 261.5
5776 269.5 280
5777 274 275.5
5778 330.5 219
5779 333 217.5
5780 281 270.5
5781 289 262.5
5782 337 214.5
5783 348 203.5
5784 336.5 216
5785 273 280.5
5786 276.5 277
5787 349 204.5
5788 283 271.5
5789 286 269.5
5790 291.5 264
5791 313 242.5
5792 339 216.5
5793 346 209.5
5794 350 205.5
5795 346.5 210
5796 336 221.5
5797 347 210.5
5798 289 269.5
5799 316.5 242
5800 289 270.5
5801 290 269.5
5802 294.5 265
5803 296 263.5
5804 341.5 218
5805 286 275.5
5806 290.5 271
5807 294.5 267
5808 292 270.5
5809 295.5 267
5810 295 267.5
5811 287 276.5
5812 290.5 273
5813 291.5 272
5814 344 219.5
5815 283 281.5
5816 288 276.5
5817 294 270.5
5818 297 267.5
5819 316 248.5
5820 291.5 274
5821 292.5 273
5822 297 268.5
5823 310 255.5
5824 321 244.5
5825 295.5 271
5826 330.5 236
5827 294.5 273
5828 297.5 270
5829 298 269.5
5830 299 268.5
5831 301 266.5
5832 346 221.5
5833 356 211.5
5834 298 270.5
5835 312 256.5
5836 291 278.5
5837 301 268.5
5838 303 266.5
5839 333.5 236
5840 292 278.5
5841 299 271.5
5842 348.5 222
5843 302.5 269
5844 358.5 213
5845 281 291.5
5846 301.5 271
5847 315 257.5
5848 359 213.5
5849 282 291.5
5850 296 277.5
5851 316 258.5
5852 352 222.5
5853 294.5 281
5854 300.5 275
5855 305 270.5
5856 317 258.5
5857 361 214.5
5858 299.5 277
5859 301 275.5
5860 285 292.5
5861 293.5 284
5862 301 276.5
5863 306 271.5
5864 287 291.5
5865 290 288.5
5866 307 271.5
5867 308 270.5
5868 319 259.5
5869 342 236.5
5870 320 259.5
5871 356.5 223
5872 329 251.5
5873 321 260.5
5874 334.5 248
5875 369 210.5
5876 331 252.5
5877 337.5 246
5878 344.5 239
5879 351 232.5
5880 337 247.5
5881 332 253.5
5882 362 224.5
5883 328.5 259
5884 320.5 268
5885 333.5 255
5886 353.5 236
5887 321 269.5
5888 336 255.5
5889 340 251.5
5890 357 234.5
5891 366 225.5
5892 355 237.5
5893 337 256.5
5894 341 254.5
5895 368.5 227
5896 336 260.5
5897 339.5 257
5898 356.5 240
5899 313.5 284
5900 369.5 228
5901 380 206.5
5902 338 260.5
5903 382 206.5
5904 341 259.5
5905 358 242.5
5906 371 229.5
5907 372.5 228
5908 346.5 256
5909 350.5 252
5910 358.5 244
5911 337 266.5
5912 364 239.5
5913 373 230.5
5914 384.5 205
5915 338.5 266
5916 366 238.5
5917 344.5 261
5918 351 254.5
5919 359 246.5
5920 387.5 206
5921 348 258.5
5922 351 255.5
5923 341 266.5
5924 343 264.5
5925 349.5 258
5926 368 239.5
5927 340 268.5
5928 341 267.5
5929 347 261.5
5930 359.5 249
5931 360 248.5
5932 391 205.5
5933 324 286.5
5934 360 251.5
5935 361 250.5
5936 392.5 205
5937 325.5 287
5938 356 257.5
5939 362 251.5
5940 370 243.5
5941 398 215.5
5942 348 266.5
5943 357 257.5
5944 350.5 265
5945 352 264.5
5946 362 254.5
5947 400.5 216
5948 332.5 285
5949 362 255.5
5950 395.5 202
5951 364 254.5
5952 330.5 289
5953 334 285.5
5954 363 256.5
5955 334 286.5
5956 362.5 258
5957 400 203.5
5958 332 289.5
5959 335.5 286
5960 344 277.5
5961 374.5 247
5962 401 202.5
5963 364.5 259
5964 373.5 250
5965 375.5 248
5966 409.5 214
5967 334 290.5
5968 403 202.5
5969 376 249.5
5970 377.5 248
5971 406 204.5
5972 365.5 261
5973 376.5 250
5974 376 250.5
5975 376 251.5
5976 406 202.5
5977 366.5 262
5978 375.5 253
5979 357 272.5
5980 376.5 253
5981 406.5 201
5982 338 292.5
5983 343.5 287
5984 367 263.5
5985 417 210.5
5986 343.5 288
5987 352 279.5
5988 377 254.5
5989 381.5 250
5990 402.5 229
5991 409 201.5
5992 405.5 198
5993 375.5 257
5994 391.5 241
5995 419 210.5
5996 340.5 293
5997 404 229.5
5998 410 200.5
5999 349 285.5
6000 377.5 257
6001 393 241.5
6002 359.5 276
6003 407.5 228
6004 413 201.5
6005 411.5 200
6006 421 215.5
6007 370 267.5
6008 351.5 287
6009 423.5 215
6010 425.5 213
6011 427.5 212
6012 352.5 288
6013 353.5 287
6014 372 268.5
6015 345.5 296
6016 358 283.5
6017 371.5 270
6018 423.5 218
6019 429 212.5
6020 360.5 282
6021 370.5 272
6022 372.5 270
6023 425 217.5
6024 355.5 288
6025 348 296.5
6026 406.5 238
6027 427.5 217
6028 374 271.5
6029 411 234.5
6030 431 215.5
6031 357 290.5
6032 382 265.5
6033 392.5 255
6034 351 297.5
6035 352.5 296
6036 429.5 219
6037 428 203.5
6038 368 281.5
6039 381.5 268
6040 381 268.5
6041 390.5 259
6042 391.5 258
6043 392 257.5
6044 433 216.5
6045 354.5 296
6046 376.5 274
6047 382.5 268
6048 422 228.5
6049 353.5 298
6050 360 291.5
6051 369.5 282
6052 417 234.5
6053 436 215.5
6054 438 213.5
6055 436.5 209
6056 378 274.5
6057 415.5 237
6058 420.5 232
6059 440.5 212
6060 428 199.5
6061 354.5 299
6062 371.5 282
6063 379 274.5
6064 417 236.5
6065 429.5 224
6066 438 215.5
6067 439 214.5
6068 438 208.5
6069 379.5 275
6070 385 269.5
6071 407 247.5
6072 419 235.5
6073 435 219.5
6074 365 290.5
6075 422.5 233
6076 441 214.5
6077 442 210.5
6078 429.5 198
6079 429 197.5
6080 437.5 219
6081 443 213.5
6082 441 208.5
6083 387 270.5
6084 422 235.5
6085 434.5 223
6086 436 221.5
6087 437.5 220
6088 445 212.5
6089 381 277.5
6090 438 220.5
6091 441 217.5
6092 430 195.5
6093 393 266.5
6094 394 265.5
6095 382 278.5
6096 388 272.5
6097 424.5 236
6098 428.5 232
6099 444.5 216
6100 446 209.5
6101 434.5 198
6102 430.5 194
6103 421.5 240
6104 424 237.5
6105 438 223.5
6106 443 205.5
6107 390.5 272
6108 423 239.5
6109 425 237.5
6110 447 215.5
6111 383.5 280
6112 425 238.5
6113 429.5 234
6114 449 214.5
6115 448.5 209
6116 431.5 192
6117 427 237.5
6118 433 231.5
6119 436.5 196
6120 432.5 192
6121 385 280.5
6122 387 278.5
6123 392 273.5
6124 426.5 239
6125 428 237.5
6126 433.5 232
6127 452 213.5
6128 364.5 302
6129 393.5 273
6130 414 252.5
6131 454.5 212
6132 437.5 195
6133 388.5 279
6134 430 237.5
6135 436 231.5
6136 452 215.5
6137 434.5 191
6138 454 214.5
6139 455 213.5
6140 439 194.5
6141 406 263.5
6142 456 210.5
6143 370.5 300
6144 388 282.5
6145 436.5 190
6146 429.5 242
6147 432 239.5
6148 446.5 225
6149 441 193.5
6150 371.5 301
6151 392 280.5
6152 431.5 241
6153 440.5 232
6154 447 225.5
6155 448 224.5
6156 449.5 223
6157 451 221.5
6158 458 209.5
6159 373 300.5
6160 393.5 280
6161 433 240.5
6162 442.5 231
6163 452.5 221
6164 416 258.5
6165 419.5 255
6166 420.5 254
6167 420 254.5
6168 434.5 240
6169 448.5 226
6170 449 225.5
6171 454.5 220
6172 459 208.5
6173 375 300.5
6174 390.5 285
6175 394.5 281
6176 421 254.5
6177 448 227.5
6178 449 226.5
6179 451 224.5
6180 452.5 223
6181 455.5 220
6182 460.5 209
6183 451 199.5
6184 394.5 282
6185 453.5 223
6186 449 196.5
6187 443 190.5
6188 395 282.5
6189 416.5 261
6190 417.5 260
6191 424 253.5
6192 457.5 204
6193 451 197.5
6194 442.5 189
6195 393 285.5
6196 395.5 283
6197 397.5 281
6198 421.5 257
6199 425.5 253
6200 438.5 240
6201 451 227.5
6202 457.5 221
6203 459 219.5
6204 461.5 217
6205 462.5 216
6206 450 195.5
6207 449 194.5
6208 396.5 283
6209 417.5 262
6210 424.5 255
6211 441 238.5
6212 442 237.5
6213 443 236.5
6214 452 227.5
6215 453 226.5
6216 454.5 225
6217 460.5 219
6218 464 215.5
6219 459 203.5
6220 379 301.5
6221 394.5 286
6222 398 282.5
6223 427 253.5
6224 440.5 240
6225 448.5 232
6226 451 229.5
6227 452.5 228
6228 453 227.5
6229 468 212.5
6230 378.5 303
6231 399.5 282
6232 418 263.5
6233 433.5 248
6234 450 231.5
6235 459.5 222
6236 420.5 262
6237 426 256.5
6238 428.5 254
6239 428 254.5
6240 461.5 221
6241 463 219.5
6242 466 216.5
6243 467 215.5
6244 468.5 214
6245 461 202.5
6246 460.5 202
6247 454.5 196
6248 380.5 303
6249 397 286.5
6250 402.5 281
6251 425 258.5
6252 447 236.5
6253 448 235.5
6254 465 218.5
6255 470.5 213
6256 470 213.5
6257 462 202.5
6258 401 283.5
6259 419.5 265
6260 429 255.5
6261 449.5 235
6262 451 233.5
6263 452.5 232
6264 454 230.5
6265 472 211.5
6266 450.5 190
6267 430.5 255
6268 472.5 211
6269 463 201.5
6270 453.5 192
6271 452.5 191
6272 399 287.5
6273 401.5 285
6274 417 269.5
6275 430 256.5
6276 445 241.5
6277 446.5 240
6278 446 240.5
6279 449 237.5
6280 464 201.5
6281 463 200.5
6282 455.5 193
6283 382.5 305
6284 421 266.5
6285 425 262.5
6286 460 227.5
6287 462 198.5
6288 458.5 195
6289 457.5 194
6290 385.5 303
6291 431 257.5
6292 448 240.5
6293 453.5 235
6294 453 235.5
6295 457.5 231
6296 475.5 211
6297 464.5 200
6298 460.5 196
6299 389 300.5
6300 401.5 288
6301 430 259.5
6302 432.5 257
6303 448 241.5
6304 463 226.5
6305 464 225.5
6306 465 224.5
6307 464.5 199
6308 385 305.5
6309 386 304.5
6310 455 235.5
6311 466 224.5
6312 467 223.5
6313 476.5 210
6314 475.5 209
6315 467 200.5
6316 403.5 288
6317 434 257.5
6318 440.5 251
6319 449 242.5
6320 468 223.5
6321 469 222.5
6322 466 198.5
6323 453.5 239
6324 470 222.5
6325 471 221.5
6326 476 207.5
6327 406.5 287
6328 412 281.5
6329 433 260.5
6330 435 258.5
6331 466 227.5
6332 468 225.5
6333 472 221.5
6334 478 208.5
6335 477.5 208
6336 467 197.5
6337 388.5 306
6338 391.5 303
6339 436 258.5
6340 452.5 242
6341 453.5 241
6342 460 234.5
6343 462 232.5
6344 469.5 225
6345 477 206.5
6346 436 259.5
6347 479 207.5
6348 469.5 198
6349 387 309.5
6350 388 308.5
6351 429 267.5
6352 430 266.5
6353 456 240.5
6354 474 222.5
6355 478 205.5
6356 410 287.5
6357 388 310.5
6358 399.5 299
6359 424 274.5
6360 469 229.5
6361 480 205.5
6362 479.5 205
6363 473 198.5
6364 423 276.5
6365 424 275.5
6366 430 269.5
6367 462.5 237
6368 470.5 229
6369 401.5 299
6370 414 286.5
6371 430.5 270
6372 447 253.5
6373 479 202.5
6374 400.5 301
6375 401.5 300
6376 411 290.5
6377 439 262.5
6378 471.5 230
6379 487 214.5
6380 481.5 204
6381 391 311.5
6382 414 288.5
6383 470 232.5
6384 474 228.5
6385 486.5 216
6386 480 201.5
6387 455 248.5
6388 487 216.5
6389 402 302.5
6390 441 263.5
6391 442.5 262
6392 442 262.5
6393 485 219.5
6394 486 218.5
6395 403.5 302
6396 443 262.5
6397 487.5 218
6398 480.5 199
6399 404 302.5
6400 406.5 300
6401 493.5 213
6402 449 258.5
6403 471 236.5
6404 483 224.5
6405 492.5 215
6406 494.5 211
6407 481.5 198
6408 395.5 313
6409 404.5 304
6410 419 289.5
6411 435.5 273
6412 469.5 239
6413 470.5 238
6414 480 228.5
6415 481 227.5
6416 482.5 226
6417 494.5 210
6418 483 198.5
6419 405 304.5
6420 409.5 300
6421 419 290.5
6422 446 263.5
6423 491.5 218
6424 497 211.5
6425 482 196.5
6426 405 305.5
6427 409 301.5
6428 462 248.5
6429 490.5 220
6430 495.5 209
6431 405.5 306
6432 422.5 289
6433 477 234.5
6434 489.5 222
6435 497 214.5
6436 498 210.5
6437 489 201.5
6438 485 227.5
6439 495.5 217
6440 496.5 208
6441 404 309.5
6442 406.5 307
6443 409.5 304
6444 442 271.5
6445 485.5 228
6446 494.5 219
6447 498.5 209
6448 496.5 207
6449 483.5 194
6450 412.5 302
6451 452 262.5
6452 460.5 254
6453 462 252.5
6454 475.5 239
6455 493.5 221
6456 405.5 310
6457 443 272.5
6458 473.5 242
6459 474.5 241
6460 491 224.5
6461 492.5 223
6462 497.5 206
6463 490.5 199
6464 484.5 193
6465 406.5 310
6466 428 288.5
6467 451.5 265
6468 467.5 249
6469 469 247.5
6470 470 246.5
6471 471.5 245
6472 473 243.5
6473 489.5 227
6474 484 191.5
6475 483.5 191
6476 403 314.5
6477 408 309.5
6478 501.5 208
6479 446 272.5
6480 488 230.5
6481 502 216.5
6482 484.5 190
6483 487 232.5
6484 501 205.5
6485 491.5 196
6486 407 313.5
6487 447 273.5
6488 484.5 236
6489 485 235.5
6490 486 234.5
6491 406.5 315
6492 455.5 266
6493 484 237.5
6494 504 217.5
6495 449 273.5
6496 461 261.5
6497 482.5 240
6498 510.5 212
6499 463 260.5
6500 464 259.5
6501 471 252.5
6502 481 242.5
6503 502.5 203
6504 500.5 201
6505 492.5 193
6506 485.5 186
6507 428.5 296
6508 467 257.5
6509 470.5 254
6510 503 221.5
6511 502 201.5
6512 479 246.5
6513 481 244.5
6514 478 248.5
6515 513.5 211
6516 510.5 208
6517 505 202.5
6518 503 200.5
6519 431 296.5
6520 477 250.5
6521 509.5 218
6522 514.5 213
6523 514 213.5
6524 514.5 211
6525 513.5 210
6526 508.5 205
6527 505.5 202
6528 432.5 296
6529 462.5 266
6530 476 252.5
6531 493.5 189
6532 514 215.5
6533 515 209.5
6534 505 199.5
6535 488 182.5
6536 429.5 301
6537 458 272.5
6538 459 271.5
6539 513 217.5
6540 510.5 204
6541 504.5 198
6542 432.5 299
6543 503.5 228
6544 515 207.5
6545 513 205.5
6546 433.5 299
6547 434.5 298
6548 515.5 217
6549 515 217.5
6550 516.5 216
6551 519 213.5
6552 520 212.5
6553 519 210.5
6554 515 206.5
6555 503.5 195
6556 494.5 186
6557 489.5 181
6558 431.5 302
6559 506 227.5
6560 515 205.5
6561 474 260.5
6562 512 201.5
6563 506.5 196
6564 506 195.5
6565 433.5 302
6566 435 300.5
6567 444.5 291
6568 502.5 233
6569 503.5 232
6570 506.5 229
6571 513.5 202
6572 495 183.5
6573 441 295.5
6574 446 290.5
6575 481.5 255
6576 482.5 254
6577 491.5 245
6578 492.5 244
6579 493.5 243
6580 501.5 235
6581 517.5 205
6582 513 200.5
6583 508.5 196
6584 440 297.5
6585 448 289.5
6586 519 218.5
6587 444.5 294
6588 446 292.5
6589 450 288.5
6590 518 203.5
6591 517.5 203
6592 509 194.5
6593 508 193.5
6594 507 192.5
6595 441.5 298
6596 442.5 297
6597 448 291.5
6598 449 290.5
6599 516.5 201
6600 511.5 196
6601 450 290.5
6602 452.5 288
6603 511.5 229
6604 506.5 190
6605 493 176.5
6606 445 296.5
6607 446.5 295
6608 508 233.5
6609 496 178.5
6610 447.5 295
6611 450 292.5
6612 500.5 242
6613 507 235.5
6614 514.5 228
6615 517 198.5
6616 513 194.5
6617 509.5 191
6618 493.5 175
6619 451.5 292
6620 501.5 242
6621 505 238.5
6622 453.5 291
6623 455 289.5
6624 461 283.5
6625 504 240.5
6626 515 229.5
6627 516 228.5
6628 511 190.5
6629 496 175.5
6630 456.5 289
6631 493 252.5
6632 499 246.5
6633 503 242.5
6634 507 238.5
6635 515 230.5
6636 458.5 288
6637 459.5 287
6638 462 284.5
6639 492 254.5
6640 493 253.5
6641 501 245.5
6642 503 243.5
6643 504.5 242
6644 468.5 279
6645 490.5 257
6646 491 256.5
6647 494 253.5
6648 495 252.5
6649 496.5 251
6650 534.5 211
6651 497 173.5
6652 492 256.5
6653 497 251.5
6654 498.5 250
6655 506.5 242
6656 530 218.5
6657 532 216.5
6658 534.5 214
6659 533 208.5
6660 512 187.5
6661 492.5 168
6662 471 278.5
6663 493 256.5
6664 502.5 247
6665 502 247.5
6666 510.5 239
6667 518 231.5
6668 535.5 210
6669 519.5 194
6670 513.5 188
6671 495.5 170
6672 476 274.5
6673 496.5 254
6674 529 221.5
6675 530 220.5
6676 537.5 211
6677 478.5 273
6678 504 247.5
6679 525.5 226
6680 493.5 166
6681 465.5 287
6682 468 284.5
6683 480.5 272
6684 528.5 224
6685 536.5 208
6686 535 206.5
6687 513.5 185
6688 512.5 184
6689 494 165.5
6690 467.5 286
6691 468.5 285
6692 488 265.5
6693 489.5 264
6694 527 226.5
6695 534.5 219
6696 536 217.5
6697 494.5 165
6698 482.5 272
6699 482 272.5
6700 497 257.5
6701 502 252.5
6702 503 251.5
6703 518 236.5
6704 529.5 199
6705 528.5 198
6706 496.5 166
6707 493 262.5
6708 505 250.5
6709 512 243.5
6710 513.5 242
6711 513 242.5
6712 529 226.5
6713 536 204.5
6714 530.5 199
6715 528.5 197
6716 515 183.5
6717 484.5 272
6718 493 263.5
6719 494.5 262
6720 499.5 257
6721 507 249.5
6722 515.5 241
6723 531 198.5
6724 529 196.5
6725 495 162.5
6726 504 253.5
6727 508.5 249
6728 508 249.5
6729 510.5 177
6730 496.5 163
6731 496 262.5
6732 497.5 261
6733 500 258.5
6734 503 255.5
6735 521 237.5
6736 537 202.5
6737 494.5 265
6738 503.5 256
6739 506 253.5
6740 509.5 250
6741 509 250.5
6742 518.5 241
6743 499.5 164
6744 497.5 162
6745 496 264.5
6746 497 263.5
6747 499 261.5
6748 503.5 257
6749 512.5 248
6750 513 247.5
6751 514.5 246
6752 516 244.5
6753 517.5 243
6754 519.5 241
6755 522 238.5
6756 523 237.5
6757 526.5 234
6758 528.5 232
6759 541.5 205
6760 540.5 204
6761 531.5 195
6762 506.5 255
6763 508 253.5
6764 522 239.5
6765 523.5 238
6766 528 233.5
6767 529.5 232
6768 529 232.5
6769 539.5 202
6770 511.5 174
6771 498.5 264
6772 504 258.5
6773 526 236.5
6774 527.5 235
6775 528.5 190
6776 516.5 178
6777 531 232.5
6778 529.5 235
6779 532 232.5
6780 534.5 230
6781 552 212.5
6782 541.5 201
6783 529 188.5
6784 517 176.5
6785 515 174.5
6786 533.5 232
6787 533 232.5
6788 549.5 216
6789 551 214.5
6790 540.5 199
6791 531.5 235
6792 533 233.5
6793 534.5 232
6794 535.5 231
6795 537 229.5
6796 544.5 222
6797 544 222.5
6798 547 219.5
6799 548.5 218
6800 536 193.5
6801 532 189.5
6802 535.5 232
6803 538.5 229
6804 539.5 228
6805 546.5 221
6806 555.5 212
6807 554.5 211
6808 553 209.5
6809 533 189.5
6810 517.5 174
6811 512.5 169
6812 539.5 229
6813 544.5 224
6814 545.5 223
6815 540 195.5
6816 537.5 193
6817 510 259.5
6818 555 209.5
6819 554 208.5
6820 537 191.5
6821 527.5 181
6822 524.5 178
6823 499.5 153
6824 511.5 260
6825 514 257.5
6826 538.5 191
6827 513 259.5
6828 513.5 165
6829 499 150.5
6830 556 206.5
6831 528 178.5
6832 518 168.5
6833 562 211.5
6834 561.5 211
6835 526.5 176
6836 560.5 215
6837 556 204.5
6838 529 177.5
6839 513.5 162
6840 500.5 149
6841 524.5 252
6842 524 252.5
6843 526 250.5
6844 506 153.5
6845 529.5 176
6846 529 175.5
6847 518.5 165
6848 514.5 160
6849 556 223.5
6850 532 176.5
6851 528 172.5
6852 564 206.5
6853 540.5 183
6854 534.5 177
6855 556 197.5
6856 562.5 203
6857 534.5 175
6858 525.5 166
6859 535.5 249
6860 566.5 206
6861 535 174.5
6862 527 166.5
6863 569 207.5
6864 546.5 185
6865 569 206.5
6866 564 201.5
6867 563.5 201
6868 537.5 175
6869 536 173.5
6870 537.5 250
6871 566 221.5
6872 567 203.5
6873 539.5 249
6874 563.5 199
6875 556 191.5
6876 537 172.5
6877 527 162.5
6878 516.5 152
6879 506.5 142
6880 563 226.5
6881 567 201.5
6882 537.5 172
6883 541.5 249
6884 541 249.5
6885 567.5 201
6886 507 140.5
6887 560 231.5
6888 564.5 227
6889 555 187.5
6890 540 172.5
6891 523.5 156
6892 516.5 149
6893 553 239.5
6894 556.5 236
6895 556 236.5
6896 557.5 235
6897 558.5 234
6898 563 229.5
6899 563.5 195
6900 557 188.5
6901 545 248.5
6902 550.5 243
6903 551.5 242
6904 562.5 231
6905 569 199.5
6906 565.5 196
6907 541 171.5
6908 525 155.5
6909 519 149.5
6910 507 137.5
6911 561 233.5
6912 543.5 173
6913 518 147.5
6914 555 240.5
6915 557 238.5
6916 558.5 237
6917 560 235.5
6918 561 234.5
6919 569 197.5
6920 528.5 157
6921 549 247.5
6922 552.5 244
6923 554 242.5
6924 527.5 155
6925 527 154.5
6926 550.5 247
6927 552 245.5
6928 554.5 243
6929 554 243.5
6930 555.5 242
6931 541 167.5
6932 552.5 246
6933 527 152.5
6934 556 243.5
6935 566 190.5
6936 560.5 185
6937 559 183.5
6938 541.5 166
6939 529 152.5
6940 514 137.5
6941 559.5 182
6942 509 131.5
6943 553 249.5
6944 557.5 179
6945 542 163.5
6946 530 151.5
6947 560.5 181
6948 533 153.5
6949 510 130.5
6950 546.5 258
6951 515.5 135
6952 509.5 128
6953 569 186.5
6954 542.5 160
6955 540.5 158
6956 552 255.5
6957 568.5 185
6958 559.5 176
6959 523.5 139
6960 511 126.5
6961 510.5 126
6962 569 183.5
6963 562 176.5
6964 510.5 125
6965 543 156.5
6966 535 148.5
6967 524.5 138
6968 524 137.5
6969 558 254.5
6970 562.5 174
6971 537 147.5
6972 523.5 133
6973 557.5 258
6974 572 180.5
6975 512 120.5
6976 558 258.5
6977 559 257.5
6978 539 146.5
6979 525.5 133
6980 525 132.5
6981 558.5 259
6982 571.5 178
6983 546.5 152
6984 526 131.5
6985 512.5 118
6986 575 179.5
6987 573.5 178
6988 571.5 176
6989 565 169.5
6990 540.5 145
6991 545.5 149
6992 528.5 132
6993 526.5 129
6994 516 118.5
6995 564 165.5
6996 548.5 150
6997 514 115.5
6998 574 174.5
6999 528 128.5
7000 517 117.5
7001 576 175.5
7002 574 173.5
7003 567 166.5
7004 531.5 131
7005 527 126.5
7006 566 164.5
7007 516.5 115
7008 515 113.5
7009 566.5 163
7010 533.5 130
7011 530 126.5
7012 516.5 113
7013 515.5 112
7014 577 172.5
7015 578.5 173
7016 546 140.5
7017 529 123.5
7018 516 110.5
7019 535.5 129
7020 532 125.5
7021 579 171.5
7022 530 122.5
7023 517.5 109
7024 567 157.5
7025 545 135.5
7026 537.5 128
7027 579.5 169
7028 569.5 159
7029 549.5 139
7030 578.5 167
7031 550 138.5
7032 549.5 137
7033 535 122.5
7034 550.5 137
7035 532.5 119
7036 577.5 163
7037 567 151.5
7038 533.5 118
7039 551 133.5
7040 584 165.5
7041 583 164.5
7042 552 132.5
7043 581 160.5
7044 579.5 159
7045 571 150.5
7046 568 147.5
7047 564.5 144
7048 552.5 131
7049 537 115.5
7050 585 162.5
7051 582.5 160
7052 581 158.5
7053 570.5 148
7054 568.5 146
7055 565.5 143
7056 564.5 142
7057 538 115.5
7058 567.5 144
7059 565.5 142
7060 523.5 100
7061 590.5 166
7062 542 117.5
7063 591.5 166
7064 584.5 159
7065 569 143.5
7066 568.5 143
7067 565.5 140
7068 550 124.5
7069 570 143.5
7070 569 142.5
7071 554.5 128
7072 591 163.5
7073 590 162.5
7074 556.5 129
7075 541 113.5
7076 571 142.5
7077 569 140.5
7078 567.5 139
7079 566.5 138
7080 591 161.5
7081 587 157.5
7082 572 142.5
7083 545 115.5
7084 542.5 113
7085 518.5 96
7086 589.5 159
7087 571.5 141
7088 597.5 166
7089 585.5 154
7090 572 140.5
7091 568.5 137
7092 567.5 136
7093 546 114.5
7094 542.5 111
7095 518 94.5
7096 575.5 143
7097 569 136.5
7098 527 94.5
7099 571 137.5
7100 542.5 109
7101 589 154.5
7102 576.5 142
7103 570 135.5
7104 548 113.5
7105 592 156.5
7106 591.5 156
7107 571.5 136
7108 570.5 135
7109 518.5 90
7110 602.5 166
7111 596 159.5
7112 595.5 159
7113 589 152.5
7114 588.5 152
7115 570 133.5
7116 577.5 140
7117 575 137.5
7118 572 134.5
7119 550 112.5
7120 604 166.5
7121 589 150.5
7122 578 139.5
7123 576.5 138
7124 573.5 135
7125 604.5 167
7126 592 152.5
7127 574.5 135
7128 571 131.5
7129 528.5 89
7130 522 82.5
7131 518 86.5
7132 589 148.5
7133 572.5 132
7134 557 116.5
7135 551.5 111
7136 522.5 82
7137 578.5 137
7138 576 134.5
7139 574 132.5
7140 520 82.5
7141 519 83.5
7142 608 166.5
7143 590.5 148
7144 521 80.5
7145 607.5 164
7146 603 159.5
7147 590 146.5
7148 574.5 131
7149 573.5 130
7150 573 129.5
7151 521.5 79
7152 610.5 166
7153 608.5 164
7154 608 163.5
7155 603.5 159
7156 593 148.5
7157 579.5 135
7158 575.5 131
7159 610 167.5
7160 611 165.5
7161 608.5 163
7162 607 161.5
7163 593.5 148
7164 578.5 133
7165 524.5 79
7166 612 166.5
7167 576 129.5
7168 575.5 129
7169 575 128.5
7170 573.5 127
7171 555.5 109
7172 608.5 161
7173 596.5 149
7174 595.5 148
7175 580.5 133
7176 526.5 79
7177 525.5 78
7178 611 162.5
7179 557 108.5
7180 525.5 77
7181 532.5 83
7182 595.5 145
7183 581 130.5
7184 576 125.5
7185 532 81.5
7186 604.5 153
7187 603.5 152
7188 580.5 129
7189 577.5 126
7190 577 125.5
7191 559 107.5
7192 607 154.5
7193 579.5 127
7194 534 81.5
7195 532.5 80
7196 578 124.5
7197 534.5 81
7198 617.5 169
7199 619 164.5
7200 581 126.5
7201 576.5 122
7202 560.5 106
7203 533.5 79
7204 600.5 145
7205 599.5 144
7206 599 143.5
7207 598 142.5
7208 583 127.5
7209 581.5 126
7210 578 122.5
7211 564.5 109
7212 554 98.5
7213 535.5 80
7214 622 165.5
7215 618 161.5
7216 614 157.5
7217 610 153.5
7218 580.5 124
7219 619.5 170
7220 618.5 161
7221 613.5 156
7222 613 155.5
7223 612 154.5
7224 608.5 151
7225 583.5 126
7226 581 123.5
7227 578 120.5
7228 563 105.5
7229 555 97.5
7230 535.5 78
7231 535 77.5
7232 624 166.5
7233 621 162.5
7234 602.5 144
7235 600.5 142
7236 599 140.5
7237 597 138.5
7238 567.5 109
7239 536.5 78
7240 624.5 165
7241 598.5 139
7242 597.5 138
7243 582 122.5
7244 603 142.5
7245 600.5 140
7246 578.5 118
7247 538 77.5
7248 625.5 164
7249 605.5 144
7250 596.5 135
7251 584 122.5
7252 583 121.5
7253 569.5 108
7254 557.5 96
7255 621 158.5
7256 619 156.5
7257 583.5 121
7258 558.5 96
7259 622.5 159
7260 613.5 150
7261 600.5 137
7262 593.5 130
7263 563 99.5
7264 540 76.5
7265 628.5 164
7266 623 158.5
7267 619 154.5
7268 598 133.5
7269 582 117.5
7270 571.5 107
7271 621 155.5
7272 602.5 137
7273 600 134.5
7274 586.5 121
7275 581.5 116
7276 560.5 95
7277 626 172.5
7278 626 159.5
7279 624 157.5
7280 623 156.5
7281 606 139.5
7282 594.5 128
7283 573.5 107
7284 627.5 172
7285 607 139.5
7286 604 136.5
7287 600.5 133
7288 597.5 130
7289 595.5 128
7290 600 131.5
7291 588 119.5
7292 587 118.5
7293 548 79.5
7294 629.5 172
7295 632 162.5
7296 623 153.5
7297 621.5 152
7298 620.5 151
7299 619 149.5
7300 618 148.5
7301 617 147.5
7302 608.5 139
7303 607.5 138
7304 606.5 137
7305 604 134.5
7306 602.5 133
7307 594.5 125
7308 588 118.5
7309 584 114.5
7310 583.5 114
7311 561.5 92
7312 629 173.5
7313 632 161.5
7314 625 154.5
7315 616.5 146
7316 615.5 145
7317 614.5 144
7318 613.5 143
7319 612.5 142
7320 611.5 141
7321 596.5 126
7322 586.5 116
7323 550.5 80
7324 627.5 156
7325 599.5 128
7326 599 127.5
7327 595.5 124
7328 629 156.5
7329 628 155.5
7330 606 133.5
7331 600.5 128
7332 597 124.5
7333 552.5 80
7334 639.5 166
7335 631.5 158
7336 612 138.5
7337 609 135.5
7338 607 133.5
7339 606 132.5
7340 604.5 131
7341 591 117.5
7342 588.5 115
7343 614 139.5
7344 611 136.5
7345 607.5 133
7346 615.5 140
7347 609.5 134
7348 605.5 130
7349 609 132.5
7350 607.5 131
7351 590 113.5
7352 608 130.5
7353 605.5 128
7354 591.5 114
7355 636.5 158
7356 635.5 157
7357 587.5 109
7358 558.5 80
7359 637.5 158
7360 635.5 156
7361 622 142.5
7362 610.5 131
7363 609 129.5
7364 607 127.5
7365 605.5 126
7366 593.5 114
7367 588 108.5
7368 636.5 156
7369 624.5 144
7370 624 143.5
7371 612 131.5
7372 588 107.5
7373 580.5 100
7374 637.5 176
7375 623.5 142
7376 611.5 130
7377 609 127.5
7378 606.5 125
7379 594 112.5
7380 647.5 165
7381 626 143.5
7382 625.5 143
7383 624.5 142
7384 624 141.5
7385 623.5 141
7386 617 134.5
7387 605.5 123
7388 628 144.5
7389 626.5 143
7390 613 129.5
7391 610.5 127
7392 595 111.5
7393 591 107.5
7394 590 106.5
7395 564.5 81
7396 551.5 68
7397 626 141.5
7398 625.5 141
7399 619 134.5
7400 609 124.5
7401 567 82.5
7402 625.5 140
7403 614 128.5
7404 608 122.5
7405 596 110.5
7406 569 83.5
7407 642 176.5
7408 649.5 163
7409 626.5 140
7410 625 138.5
7411 597 110.5
7412 554 67.5
7413 645 157.5
7414 642.5 155
7415 626.5 139
7416 611.5 124
7417 572 84.5
7418 554 66.5
7419 645 156.5
7420 630.5 142
7421 624.5 136
7422 624 135.5
7423 614.5 126
7424 609.5 121
7425 642 152.5
7426 630 140.5
7427 629.5 140
7428 627.5 138
7429 626.5 137
7430 654.5 164
7431 631.5 141
7432 629.5 139
7433 628.5 138
7434 625 134.5
7435 648.5 157
7436 645 153.5
7437 642 150.5
7438 629.5 138
7439 628.5 137
7440 627.5 136
7441 615.5 124
7442 614 122.5
7443 657 167.5
7444 643.5 151
7445 625.5 133
7446 613 120.5
7447 570.5 78
7448 657 168.5
7449 647.5 154
7450 629.5 136
7451 613.5 120
7452 582 88.5
7453 576.5 83
7454 557 63.5
7455 651 156.5
7456 648.5 154
7457 641 146.5
7458 631.5 137
7459 630.5 136
7460 629.5 135
7461 625.5 131
7462 620 125.5
7463 619.5 125
7464 617 122.5
7465 615.5 121
7466 615 120.5
7467 594 99.5
7468 649.5 154
7469 642.5 147
7470 618.5 123
7471 617 121.5
7472 578.5 83
7473 577.5 82
7474 576 80.5
7475 648.5 152
7476 641 144.5
7477 577 80.5
7478 650 179.5
7479 657.5 172
7480 663 166.5
7481 653.5 156
7482 648 150.5
7483 644 146.5
7484 579 81.5
7485 559.5 62
7486 662 163.5
7487 643.5 145
7488 622.5 124
7489 620 121.5
7490 600 101.5
7491 665 166.5
7492 663.5 164
7493 663 163.5
7494 618 118.5
7495 616.5 117
7496 561.5 62
7497 665.5 167
7498 665 167.5
7499 661 160.5
7500 660.5 160
7501 639 138.5
7502 578.5 78
7503 667 165.5
7504 665 163.5
7505 664.5 163
7506 654.5 153
7507 652.5 151
7508 647.5 146
7509 642.5 141
7510 573 71.5
7511 571.5 70
7512 664 161.5
7513 663.5 161
7514 661.5 159
7515 582 79.5
7516 563.5 61
7517 654.5 181
7518 666.5 163
7519 665.5 162
7520 662 158.5
7521 641 137.5
7522 640 136.5
7523 639 135.5
7524 637.5 134
7525 573.5 70
7526 667.5 169
7527 667 169.5
7528 668.5 168
7529 616 111.5
7530 664 173.5
7531 670.5 165
7532 668 162.5
7533 663 157.5
7534 661.5 156
7535 661 155.5
7536 626 120.5
7537 618 112.5
7538 664 174.5
7539 672 166.5
7540 665.5 159
7541 660 153.5
7542 639 132.5
7543 636 129.5
7544 624 117.5
7545 623 116.5
7546 667 172.5
7547 669 170.5
7548 671.5 168
7549 671 163.5
7550 667.5 160
7551 643.5 136
7552 642 134.5
7553 626 118.5
7554 580.5 73
7555 568.5 61
7556 667 173.5
7557 667 158.5
7558 665.5 157
7559 661.5 153
7560 639 130.5
7561 581 72.5
7562 570 61.5
7563 669 172.5
7564 671.5 170
7565 671 161.5
7566 664 154.5
7567 660 150.5
7568 610.5 101
7569 667.5 175
7570 676.5 166
7571 670.5 160
7572 659.5 149
7573 637 126.5
7574 635.5 125
7575 634 123.5
7576 632.5 122
7577 614.5 104
7578 664.5 153
7579 636.5 125
7580 633 121.5
7581 572.5 61
7582 665 179.5
7583 667.5 177
7584 669 175.5
7585 677 164.5
7586 666 153.5
7587 664.5 152
7588 615 102.5
7589 667 178.5
7590 679 166.5
7591 673 159.5
7592 666.5 153
7593 616.5 103
7594 675.5 161
7595 672.5 158
7596 665 150.5
7597 643.5 129
7598 621 106.5
7599 620.5 106
7600 669 178.5
7601 679.5 168
7602 673 157.5
7603 660.5 145
7604 645.5 130
7605 617 101.5
7606 616 100.5
7607 667.5 181
7608 675.5 173
7609 681.5 167
7610 681 164.5
7611 678.5 162
7612 666.5 150
7613 665.5 149
7614 664.5 148
7615 666 183.5
7616 677 159.5
7617 664 146.5
7618 655.5 138
7619 624 106.5
7620 615.5 98
7621 614.5 97
7622 584 66.5
7623 680.5 170
7624 684.5 166
7625 679 160.5
7626 676.5 158
7627 662.5 144
7628 627 108.5
7629 620.5 102
7630 667.5 184
7631 669 182.5
7632 678.5 159
7633 677.5 158
7634 661 141.5
7635 660 140.5
7636 630 110.5
7637 619.5 100
7638 616 96.5
7639 671.5 181
7640 671 150.5
7641 662 141.5
7642 660.5 140
7643 654 133.5
7644 669.5 184
7645 678.5 157
7646 675 153.5
7647 668.5 147
7648 655.5 134
7649 652 130.5
7650 639 117.5
7651 617.5 96
7652 616.5 95
7653 671.5 183
7654 673.5 181
7655 674.5 152
7656 656.5 134
7657 651.5 129
7658 641 118.5
7659 624 101.5
7660 589 66.5
7661 685 161.5
7662 677.5 154
7663 650.5 127
7664 641.5 118
7665 618.5 95
7666 617.5 94
7667 577.5 54
7668 670.5 186
7669 667.5 143
7670 662 137.5
7671 661 136.5
7672 660 135.5
7673 659 134.5
7674 655.5 131
7675 652 127.5
7676 650.5 126
7677 648 123.5
7678 647.5 123
7679 643.5 119
7680 641.5 117
7681 585.5 61
7682 691.5 166
7683 691 165.5
7684 688 162.5
7685 683 157.5
7686 661 135.5
7687 649.5 124
7688 647 121.5
7689 645 119.5
7690 642.5 117
7691 641 115.5
7692 594 68.5
7693 587.5 62
7694 580 54.5
7695 674 184.5
7696 681 177.5
7697 683 175.5
7698 692.5 166
7699 689.5 163
7700 689 162.5
7701 687.5 161
7702 681.5 155
7703 660.5 134
7704 659.5 133
7705 657 130.5
7706 652 125.5
7707 647 120.5
7708 645.5 119
7709 643.5 117
7710 615.5 89
7711 673.5 186
7712 674 185.5
7713 691 168.5
7714 690 162.5
7715 688.5 161
7716 682 154.5
7717 679 151.5
7718 677.5 150
7719 670 142.5
7720 668.5 141
7721 667.5 140
7722 667 139.5
7723 657.5 130
7724 656 128.5
7725 645.5 118
7726 643.5 116
7727 641.5 114
7728 628 100.5
7729 627 99.5
7730 582 54.5
7731 665.5 195
7732 686.5 174
7733 693.5 167
7734 694 165.5
7735 692.5 164
7736 689.5 161
7737 684 155.5
7738 655 126.5
7739 654.5 126
7740 652.5 124
7741 651 122.5
7742 649.5 121
7743 643.5 115
7744 604 75.5
7745 603 74.5
7746 591.5 63
7747 673.5 188
7748 674.5 187
7749 684.5 177
7750 695 166.5
7751 694.5 165
7752 688.5 159
7753 687.5 158
7754 685 155.5
7755 679.5 150
7756 675.5 146
7757 673.5 144
7758 658.5 129
7759 655 125.5
7760 605 75.5
7761 593.5 64
7762 583 53.5
7763 680.5 182
7764 682 180.5
7765 694.5 168
7766 692 161.5
7767 691.5 161
7768 683 152.5
7769 682 151.5
7770 678.5 148
7771 678 147.5
7772 669.5 139
7773 656 125.5
7774 654.5 124
7775 653 122.5
7776 651.5 121
7777 650.5 120
7778 645 114.5
7779 644 113.5
7780 613 82.5
7781 583.5 53
7782 690.5 159
7783 685.5 154
7784 679.5 148
7785 678.5 147
7786 677 145.5
7787 675.5 144
7788 674 142.5
7789 651.5 120
7790 648.5 117
7791 643 111.5
7792 642 110.5
7793 597.5 66
7794 596 64.5
7795 586 54.5
7796 585 53.5
7797 665.5 199
7798 667.5 197
7799 681.5 183
7800 682 182.5
7801 694 161.5
7802 693 160.5
7803 692 159.5
7804 691.5 159
7805 690.5 158
7806 689.5 157
7807 676.5 144
7808 675.5 143
7809 670.5 138
7810 669.5 137
7811 653.5 121
7812 652.5 120
7813 651.5 119
7814 651 118.5
7815 641.5 109
7816 612.5 80
7817 605 72.5
7818 584.5 52
7819 665 200.5
7820 697 168.5
7821 699.5 166
7822 697 163.5
7823 691 157.5
7824 684 150.5
7825 683 149.5
7826 681.5 148
7827 681 147.5
7828 679.5 146
7829 674.5 141
7830 674 140.5
7831 667.5 134
7832 645.5 112
7833 645 111.5
7834 623.5 90
7835 612 78.5
7836 609.5 76
7837 608.5 75
7838 606.5 73
7839 605 71.5
7840 602.5 69
7841 601 67.5
7842 599.5 66
7843 667.5 199
7844 673.5 193
7845 699.5 167
7846 698 163.5
7847 694.5 160
7848 693.5 159
7849 688 153.5
7850 678.5 144
7851 669.5 135
7852 607 72.5
7853 606.5 72
7854 603.5 69
7855 603 68.5
7856 675.5 192
7857 675 192.5
7858 684.5 183
7859 686 181.5
7860 688.5 179
7861 701 165.5
7862 700.5 165
7863 695 159.5
7864 692.5 157
7865 691 155.5
7866 690 154.5
7867 682.5 147
7868 676 140.5
7869 674.5 139
7870 665.5 130
7871 644 108.5
7872 606.5 71
7873 604 68.5
7874 666 202.5
7875 674.5 194
7876 688 180.5
7877 693 175.5
7878 702 166.5
7879 701.5 165
7880 687.5 151
7881 686 149.5
7882 684.5 148
7883 682 145.5
7884 680 143.5
7885 679 142.5
7886 674.5 138
7887 665.5 129
7888 664.5 128
7889 644 107.5
7890 641 104.5
7891 635.5 99
7892 634.5 98
7893 605.5 69
7894 676 193.5
7895 701 168.5
7896 703.5 166
7897 677.5 140
7898 675.5 138
7899 673 135.5
7900 672.5 135
7901 669.5 132
7902 667.5 130
7903 642.5 105
7904 636.5 99
7905 700 161.5
7906 699 160.5
7907 698 159.5
7908 695.5 157
7909 694.5 156
7910 693.5 155
7911 691 152.5
7912 690.5 152
7913 678.5 140
7914 677.5 139
7915 676.5 138
7916 674.5 136
7917 672.5 134
7918 671 132.5
7919 670 131.5
7920 668 129.5
7921 638 99.5
7922 586 47.5
7923 701.5 170
7924 704.5 167
7925 698.5 159
7926 697 157.5
7927 692.5 153
7928 688.5 149
7929 684 144.5
7930 682.5 143
7931 671.5 132
7932 669.5 130
7933 664.5 125
7934 664 124.5
7935 663 123.5
7936 661.5 122
7937 652.5 113
7938 667 205.5
7939 683.5 189
7940 684.5 188
7941 690.5 182
7942 702.5 170
7943 704.5 168
7944 670.5 130
7945 669 128.5
7946 668 127.5
7947 667 126.5
7948 662 121.5
7949 659.5 119
7950 651 110.5
7951 648.5 108
7952 682.5 191
7953 689.5 184
7954 690.5 183
7955 695 178.5
7956 699 174.5
7957 700.5 173
7958 700 173.5
7959 703 170.5
7960 705 168.5
7961 706 167.5
7962 706.5 165
7963 679.5 138
7964 678 136.5
7965 675 133.5
7966 669.5 128
7967 667.5 126
7968 664.5 123
7969 663.5 122
7970 657.5 116
7971 654.5 113
7972 650.5 109
7973 650 108.5
7974 684.5 190
7975 690.5 184
7976 705 169.5
7977 708 166.5
7978 689.5 147
7979 688.5 146
7980 676.5 134
7981 670.5 128
7982 669.5 127
7983 663.5 121
7984 659.5 117
7985 649.5 107
7986 648.5 106
7987 644 101.5
7988 675 200.5
7989 683.5 192
7990 686.5 189
7991 689.5 186
7992 689 186.5
7993 704.5 171
7994 707 168.5
7995 709.5 166
7996 695 151.5
7997 694 150.5
7998 693 149.5
7999 688.5 145
8000 687.5 144
8001 676 132.5
8002 667 123.5
8003 660.5 117
8004 653 109.5
8005 652 108.5
8006 648 104.5
8007 688 188.5
8008 691.5 185
8009 701.5 175
8010 706 170.5
8011 707 169.5
8012 709 167.5
8013 710 166.5
8014 701 156.5
8015 693 148.5
8016 666 121.5
8017 656 111.5
8018 655 110.5
8019 651.5 107
8020 646.5 102
8021 667.5 210
8022 693.5 184
8023 704.5 173
8024 707 170.5
8025 709.5 168
8026 706.5 161
8027 705.5 160
8028 702.5 157
8029 700 154.5
8030 699 153.5
8031 698 152.5
8032 697 151.5
8033 696.5 151
8034 695 149.5
8035 691 145.5
8036 685.5 140
8037 648.5 103
8038 691 187.5
8039 707.5 171
8040 711.5 167
8041 709 162.5
8042 698 151.5
8043 696.5 150
8044 694 147.5
8045 692.5 146
8046 692 145.5
8047 691 144.5
8048 687 140.5
8049 682.5 136
8050 667.5 121
8051 664 117.5
8052 650.5 104
8053 693 186.5
8054 694.5 185
8055 711.5 168
8056 711 163.5
8057 693 145.5
8058 692 144.5
8059 690 142.5
8060 689.5 142
8061 688.5 141
8062 652.5 105
8063 685.5 195
8064 692.5 188
8065 704.5 176
8066 712 168.5
8067 713 164.5
8068 711.5 163
8069 710.5 162
8070 708.5 160
8071 706 157.5
8072 705.5 157
8073 691 142.5
8074 668 119.5
8075 661.5 113
8076 660 111.5
8077 655 106.5
8078 654 105.5
8079 683.5 198
8080 698.5 183
8081 690 140.5
8082 663.5 114
8083 659 109.5
8084 658 108.5
8085 657 107.5
8086 668.5 214
8087 669 213.5
8088 696.5 186
8089 696 186.5
8090 698.5 184
8091 704 178.5
8092 706.5 176
8093 707 175.5
8094 674.5 124
8095 677.5 206
8096 680 203.5
8097 694.5 189
8098 694 189.5
8099 709.5 174
8100 710 173.5
8101 677.5 207
8102 705 179.5
8103 709.5 175
8104 710 174.5
8105 711 173.5
8106 708.5 177
8107 710 175.5
8108 678.5 208
8109 695 191.5
8110 705 181.5
8111 709.5 177
8112 711.5 175
8113 713 173.5
8114 684.5 130
8115 684 129.5
8116 670 217.5
8117 682 205.5
8118 696.5 191
8119 705 182.5
8120 707.5 180
8121 714.5 173
8122 684 128.5
8123 670.5 218
8124 670 218.5
8125 706 182.5
8126 711.5 177
8127 705.5 184
8128 706 183.5
8129 713 176.5
8130 714 175.5
8131 679.5 211
8132 682.5 208
8133 685.5 205
8134 697 193.5
8135 702.5 188
8136 709.5 181
8137 715.5 176
8138 717.5 174
8139 684.5 208
8140 686.5 206
8141 698 194.5
8142 703.5 189
8143 715 177.5
8144 672.5 221
8145 684 209.5
8146 700 193.5
8147 707.5 186
8148 712.5 181
8149 717 176.5
8150 684 210.5
8151 686 208.5
8152 699 195.5
8153 719 175.5
8154 700.5 195
8155 701 194.5
8156 708.5 187
8157 712 183.5
8158 715 180.5
8159 717.5 178
8160 673.5 223
8161 699.5 197
8162 701 195.5
8163 720.5 176
8164 672.5 225
8165 686 211.5
8166 687 210.5
8167 699.5 198
8168 700.5 197
8169 709 188.5
8170 716.5 181
8171 718 179.5
8172 719.5 178
8173 700 198.5
8174 701 197.5
8175 714 184.5
8176 720.5 178
8177 720 178.5
8178 721.5 177
8179 674 225.5
8180 721.5 178
8181 718 182.5
8182 719.5 181
8183 702.5 199
8184 706.5 195
8185 720 181.5
8186 722.5 179
8187 723 178.5
8188 724.5 177
8189 675.5 227
8190 719 183.5
8191 723 179.5
8192 675.5 228
8193 675 228.5
8194 723 180.5
8195 685 219.5
8196 688.5 216
8197 704 200.5
8198 721.5 183
8199 722.5 182
8200 723 181.5
8201 689 216.5
8202 713 192.5
8203 720.5 185
8204 721.5 184
8205 724 181.5
8206 725 180.5
8207 676.5 230
8208 686 220.5
8209 724.5 182
8210 690 217.5
8211 714 193.5
8212 723.5 184
8213 729 178.5
8214 706.5 202
8215 714.5 194
8216 722.5 186
8217 723 185.5
8218 725 183.5
8219 678 231.5
8220 691 218.5
8221 709.5 200
8222 727.5 182
8223 724 186.5
8224 725.5 185
8225 725 185.5
8226 728.5 182
8227 688.5 223
8228 708 203.5
8229 710.5 201
8230 716 195.5
8231 723.5 188
8232 727 184.5
8233 729 182.5
8234 679.5 233
8235 692.5 220
8236 690 223.5
8237 730.5 183
8238 709.5 205
8239 717.5 197
8240 725 189.5
8241 729.5 185
8242 694 221.5
8243 722.5 193
8244 728.5 187
8245 730.5 185
8246 730 186.5
8247 731 185.5
8248 733.5 183
8249 739.5 177
8250 681.5 236
8251 706.5 211
8252 711.5 206
8253 719 198.5
8254 726.5 191
8255 727.5 190
8256 730 187.5
8257 733.5 184
8258 682.5 236
8259 693 225.5
8260 736 182.5
8261 712.5 207
8262 720 199.5
8263 728.5 191
8264 735.5 184
8265 681.5 239
8266 683.5 237
8267 725 195.5
8268 732.5 188
8269 707.5 214
8270 714 207.5
8271 715.5 206
8272 716.5 205
8273 726 195.5
8274 722 200.5
8275 739.5 183
8276 742.5 180
8277 743.5 179
8278 688 235.5
8279 707.5 216
8280 727 196.5
8281 730.5 193
8282 730 193.5
8283 744.5 179
8284 697.5 227
8285 716 208.5
8286 723 201.5
8287 731 193.5
8288 732 192.5
8289 685.5 240
8290 709.5 216
8291 735 190.5
8292 736 189.5
8293 686 240.5
8294 713.5 213
8295 719 207.5
8296 740.5 186
8297 745 181.5
8298 746.5 180
8299 711 216.5
8300 717.5 210
8301 724.5 203
8302 732 195.5
8303 736 191.5
8304 747.5 180
8305 710 218.5
8306 736.5 192
8307 744.5 184
8308 688 241.5
8309 730 199.5
8310 736 193.5
8311 742.5 187
8312 745 184.5
8313 747 182.5
8314 712 218.5
8315 733.5 197
8316 734.5 196
8317 736.5 194
8318 737.5 193
8319 738 192.5
8320 745 185.5
8321 720.5 211
8322 726.5 205
8323 731 200.5
8324 746.5 185
8325 705.5 227
8326 708.5 224
8327 714.5 218
8328 716 216.5
8329 723 209.5
8330 734.5 198
8331 735.5 197
8332 744.5 188
8333 746 186.5
8334 751 181.5
8335 691 242.5
8336 712 221.5
8337 722 211.5
8338 728 205.5
8339 732 201.5
8340 739.5 194
8341 684 250.5
8342 715.5 219
8343 717 217.5
8344 724 210.5
8345 728.5 206
8346 733 201.5
8347 735.5 199
8348 747 187.5
8349 748 186.5
8350 752 182.5
8351 685 250.5
8352 692.5 243
8353 713 222.5
8354 717 218.5
8355 725 210.5
8356 728 207.5
8357 740.5 195
8358 743 192.5
8359 752.5 183
8360 723.5 213
8361 729.5 207
8362 734 202.5
8363 742.5 194
8364 748 188.5
8365 751.5 185
8366 686 251.5
8367 692 245.5
8368 704.5 233
8369 711 226.5
8370 737.5 200
8371 741.5 196
8372 744 193.5
8373 749 188.5
8374 755.5 182
8375 685.5 253
8376 695.5 243
8377 715.5 223
8378 729.5 209
8379 735 203.5
8380 740 198.5
8381 750.5 188
8382 687.5 252
8383 706 233.5
8384 715.5 224
8385 731 208.5
8386 753 186.5
8387 754.5 185
8388 755 184.5
8389 757.5 182
8390 726.5 214
8391 741 199.5
8392 743 197.5
8393 748.5 192
8394 754 186.5
8395 758.5 182
8396 759 181.5
8397 687 254.5
8398 697 244.5
8399 714.5 227
8400 732.5 209
8401 752.5 189
8402 695.5 247
8403 715 227.5
8404 721 221.5
8405 723 219.5
8406 731.5 211
8407 737 205.5
8408 740 202.5
8409 742 200.5
8410 760.5 182
8411 694 249.5
8412 698.5 245
8413 729.5 214
8414 754 189.5
8415 757.5 186
8416 757 186.5
8417 760 183.5
8418 716 228.5
8419 738 206.5
8420 740.5 204
8421 760.5 184
8422 689 256.5
8423 696 249.5
8424 718.5 227
8425 723.5 222
8426 757 188.5
8427 762.5 183
8428 695.5 251
8429 701 245.5
8430 717.5 229
8431 753.5 193
8432 757.5 189
8433 760.5 186
8434 690 257.5
8435 696 251.5
8436 725 222.5
8437 735.5 212
8438 741.5 206
8439 698 250.5
8440 725 223.5
8441 726.5 222
8442 747 201.5
8443 756.5 192
8444 758.5 190
8445 763 185.5
8446 691.5 258
8447 703.5 246
8448 719 230.5
8449 725 224.5
8450 737.5 212
8451 741 208.5
8452 752 197.5
8453 754 195.5
8454 755 194.5
8455 763.5 186
8456 765.5 184
8457 698 252.5
8458 727 223.5
8459 760 190.5
8460 694 257.5
8461 720.5 231
8462 728.5 223
8463 749 202.5
8464 756 195.5
8465 758 193.5
8466 762 189.5
8467 699 253.5
8468 705.5 247
8469 722.5 230
8470 729.5 223
8471 739 213.5
8472 743 209.5
8473 744 208.5
8474 747 205.5
8475 757 195.5
8476 694.5 259
8477 716.5 237
8478 726.5 227
8479 752.5 201
8480 756 197.5
8481 702 252.5
8482 727 227.5
8483 731 223.5
8484 732 222.5
8485 744 210.5
8486 750.5 204
8487 754.5 200
8488 762 192.5
8489 724 231.5
8490 740.5 215
8491 745 210.5
8492 746 209.5
8493 757 198.5
8494 761 194.5
8495 764 192.5
8496 697.5 260
8497 702 255.5
8498 708.5 249
8499 734 223.5
8500 736 221.5
8501 742 215.5
8502 746 211.5
8503 752.5 205
8504 757.5 200
8505 733.5 225
8506 734.5 224
8507 765.5 193
8508 769 189.5
8509 710 249.5
8510 725 234.5
8511 733 226.5
8512 736 223.5
8513 751.5 208
8514 754.5 205
8515 759 200.5
8516 704.5 256
8517 748 212.5
8518 762 198.5
8519 771 189.5
8520 772.5 188
8521 736.5 225
8522 765.5 196
8523 711.5 251
8524 756 206.5
8525 769 193.5
8526 703.5 260
8527 708 255.5
8528 745.5 218
8529 762 201.5
8530 767.5 196
8531 775 188.5
8532 713 251.5
8533 760.5 204
8534 761 203.5
8535 766 198.5
8536 708.5 257
8537 757.5 208
8538 776.5 189
8539 719.5 247
8540 741 225.5
8541 770.5 196
8542 773.5 193
8543 776 190.5
8544 779.5 187
8545 781 185.5
8546 710 257.5
8547 711 256.5
8548 719 248.5
8549 741.5 226
8550 742 225.5
8551 759 208.5
8552 765 202.5
8553 762.5 206
8554 717 252.5
8555 721.5 248
8556 741 228.5
8557 721 249.5
8558 743.5 227
8559 760 210.5
8560 779 191.5
8561 780 190.5
8562 750 221.5
8563 765 206.5
8564 772 199.5
8565 715.5 257
8566 723 249.5
8567 724 248.5
8568 785 187.5
8569 716 257.5
8570 751 222.5
8571 768 205.5
8572 715 259.5
8573 765.5 209
8574 721.5 254
8575 724.5 251
8576 726.5 249
8577 773 202.5
8578 726 250.5
8579 753 223.5
8580 775.5 201
8581 722.5 255
8582 771.5 206
8583 728 250.5
8584 729 249.5
8585 766.5 212
8586 771 207.5
8587 778 200.5
8588 781 197.5
8589 719 260.5
8590 762 217.5
8591 780 199.5
8592 781 198.5
8593 721 259.5
8594 725.5 255
8595 748.5 232
8596 749.5 231
8597 767.5 213
8598 774.5 206
8599 749 232.5
8600 786 195.5
8601 778.5 204
8602 781 201.5
8603 782.5 200
8604 770 213.5
8605 778.5 205
8606 780 203.5
8607 781.5 202
8608 723.5 261
8609 728.5 256
8610 759.5 225
8611 765 219.5
8612 766.5 218
8613 781.5 203
8614 781 203.5
8615 730 255.5
8616 731.5 254
8617 770 215.5
8618 781 204.5
8619 790 195.5
8620 730.5 256
8621 766 220.5
8622 771.5 215
8623 774 212.5
8624 791 195.5
8625 725.5 262
8626 733 254.5
8627 772.5 215
8628 774 213.5
8629 786 201.5
8630 727 261.5
8631 784.5 204
8632 789 199.5
8633 765 224.5
8634 769.5 220
8635 769 220.5
8636 775.5 214
8637 779 210.5
8638 727.5 263
8639 788 202.5
8640 770.5 221
8641 775 216.5
8642 776.5 215
8643 799 193.5
8644 731 262.5
8645 757 236.5
8646 794 199.5
8647 731.5 263
8648 772 222.5
8649 776.5 218
8650 779 215.5
8651 783 211.5
8652 778.5 217
8653 739.5 257
8654 778 218.5
8655 779 217.5
8656 796.5 200
8657 739.5 258
8658 769.5 228
8659 779.5 218
8660 802.5 195
8661 758 240.5
8662 799 199.5
8663 745.5 254
8664 776.5 223
8665 804.5 195
8666 739 261.5
8667 746.5 254
8668 759.5 242
8669 759 242.5
8670 781.5 220
8671 786 215.5
8672 802 199.5
8673 739.5 263
8674 740 262.5
8675 745.5 258
8676 761.5 242
8677 807 196.5
8678 781 223.5
8679 795.5 209
8680 742.5 263
8681 808 197.5
8682 784.5 222
8683 750 257.5
8684 765 243.5
8685 790.5 218
8686 795 213.5
8687 810 198.5
8688 751 258.5
8689 771.5 238
8690 771 238.5
8691 806.5 204
8692 767 244.5
8693 787 224.5
8694 806 205.5
8695 772.5 240
8696 812.5 200
8697 801.5 212
8698 785.5 229
8699 786.5 228
8700 751 264.5
8701 757 258.5
8702 770 245.5
8703 756.5 260
8704 759.5 257
8705 758 259.5
8706 783 234.5
8707 788 229.5
8708 798 219.5
8709 775.5 243
8710 793 225.5
8711 796 222.5
8712 761 258.5
8713 775 245.5
8714 777.5 243
8715 801.5 219
8716 765 256.5
8717 815 206.5
8718 782 240.5
8719 791 231.5
8720 792 230.5
8721 814 208.5
8722 779 244.5
8723 790 234.5
8724 819 205.5
8725 770 255.5
8726 783.5 242
8727 806 219.5
8728 824.5 201
8729 762.5 264
8730 766.5 260
8731 769 257.5
8732 781 245.5
8733 784.5 242
8734 813 213.5
8735 772.5 255
8736 797.5 230
8737 765 263.5
8738 822 206.5
8739 826.5 202
8740 827 201.5
8741 774.5 255
8742 776.5 253
8743 786 243.5
8744 799.5 230
8745 809 220.5
8746 813.5 216
8747 813 216.5
8748 773 257.5
8749 794 236.5
8750 772.5 259
8751 779 252.5
8752 789 242.5
8753 814 217.5
8754 788.5 244
8755 811.5 221
8756 813.5 220
8757 825.5 208
8758 832 201.5
8759 781.5 253
8760 782.5 252
8761 796.5 238
8762 796 238.5
8763 799.5 235
8764 814 220.5
8765 778.5 257
8766 817 218.5
8767 780 256.5
8768 816.5 220
8769 780 257.5
8770 827 210.5
8771 786 252.5
8772 787.5 252
8773 834 205.5
8774 785 255.5
8775 810.5 230
8776 835 205.5
8777 784.5 257
8778 812.5 229
8779 829.5 212
8780 788 254.5
8781 789.5 253
8782 836 206.5
8783 838.5 204
8784 791.5 252
8785 804 239.5
8786 807.5 236
8787 808.5 235
8788 841 202.5
8789 842 200.5
8790 781 263.5
8791 833 211.5
8792 831.5 214
8793 835 210.5
8794 836 209.5
8795 783 263.5
8796 810 236.5
8797 841.5 205
8798 836 211.5
8799 786 262.5
8800 787 261.5
8801 814 235.5
8802 815.5 234
8803 799.5 251
8804 817.5 233
8805 843 207.5
8806 789 262.5
8807 794.5 257
8808 795 256.5
8809 821.5 232
8810 822.5 231
8811 838 215.5
8812 840 214.5
8813 801 254.5
8814 804.5 251
8815 814.5 241
8816 815 240.5
8817 816 239.5
8818 818.5 237
8819 838 217.5
8820 839 216.5
8821 840.5 215
8822 841.5 214
8823 802.5 254
8824 806.5 251
8825 805 253.5
8826 809.5 250
8827 810 252.5
8828 814 248.5
8829 825.5 239
8830 839 225.5
8831 840.5 224
8832 817.5 248
8833 829 236.5
8834 830.5 235
8835 831.5 234
8836 835.5 230
8837 837 228.5
8838 838 227.5
8839 839 226.5
8840 843.5 222
8841 844.5 221
8842 846 219.5
8843 847 218.5
8844 851 214.5
8845 852 213.5
8846 861.5 204
8847 835 231.5
8848 836 230.5
8849 838 228.5
8850 848.5 218
8851 849.5 217
8852 851 215.5
8853 847 220.5
8854 823.5 245
8855 841.5 227
8856 856 212.5
8857 866.5 200
8858 825.5 244
8859 842.5 227
8860 847.5 222
8861 848.5 221
8862 811 259.5
8863 816 254.5
8864 827 243.5
8865 847 223.5
8866 848 222.5
8867 868 199.5
8868 817 254.5
8869 829.5 242
8870 830.5 241
8871 835 236.5
8872 845.5 226
8873 847.5 224
8874 832.5 240
8875 850 222.5
8876 854.5 218
8877 854 218.5
8878 856 216.5
8879 869 198.5
8880 836 237.5
8881 839.5 234
8882 839 234.5
8883 841 232.5
8884 848.5 225
8885 853 220.5
8886 847.5 227
8887 849 225.5
8888 851 223.5
8889 855.5 219
8890 837 238.5
8891 842.5 233
8892 845 230.5
8893 851.5 224
8894 851 224.5
8895 870.5 197
8896 823.5 253
8897 825 251.5
8898 838.5 238
8899 850.5 226
8900 861 215.5
8901 863.5 213
8902 873 203.5
8903 871 196.5
8904 826.5 251
8905 836 241.5
8906 849.5 228
8907 849 228.5
8908 869 208.5
8909 872.5 205
8910 855.5 223
8911 858.5 220
8912 863.5 215
8913 842.5 237
8914 844 235.5
8915 845.5 234
8916 859 220.5
8917 861 218.5
8918 857.5 223
8919 863 217.5
8920 865.5 215
8921 878 199.5
8922 873.5 195
8923 858.5 223
8924 859.5 222
8925 865 216.5
8926 835.5 247
8927 854.5 228
8928 862 220.5
8929 863.5 219
8930 866 216.5
8931 867.5 215
8932 838 245.5
8933 865.5 218
8934 876.5 195
8935 867.5 217
8936 867 217.5
8937 882 198.5
8938 875.5 192
8939 877 209.5
8940 882.5 204
8941 884.5 202
8942 883.5 204
8943 876.5 213
8944 886.5 203
8945 886 198.5
8946 885 197.5
8947 879.5 192
8948 888 198.5
8949 888.5 204
8950 885.5 208
8951 891.5 202
8952 887 207.5
8953 884 191.5
8954 876.5 219
8955 861.5 235
8956 866.5 230
8957 881 215.5
8958 894 199.5
8959 887.5 193
8960 886 211.5
8961 887.5 210
8962 890 207.5
8963 893.5 204
8964 894 203.5
8965 885.5 190
8966 886 213.5
8967 888.5 191
8968 889 190.5
8969 896 205.5
8970 899 199.5
8971 898 198.5
8972 892 192.5
8973 873.5 229
8974 891 211.5
8975 901.5 201
8976 901 200.5
8977 890.5 190
8978 885.5 218
8979 900 198.5
8980 882.5 180
8981 879.5 226
8982 904 201.5
8983 896.5 193
8984 890 216.5
8985 898 208.5
8986 904.5 200
8987 902 197.5
8988 904.5 199
8989 899 193.5
8990 877.5 231
8991 884 224.5
8992 899 209.5
8993 905.5 203
8994 907 200.5
8995 906 199.5
8996 872.5 237
8997 879.5 230
8998 882.5 227
8999 907.5 202
9000 907 202.5
9001 883.5 227
9002 900 210.5
9003 888 223.5
9004 898 213.5
9005 909.5 202
9006 900.5 212
9007 906 206.5
9008 908.5 198
9009 879.5 234
9010 898.5 215
9011 905 193.5
9012 878 236.5
9013 903 190.5
9014 881.5 234
9015 907.5 208
9016 908.5 207
9017 912 203.5
9018 884 232.5
9019 900.5 216
9020 912.5 205
9021 909.5 194
9022 909.5 209
9023 910.5 208
9024 885 234.5
9025 892 227.5
9026 912.5 207
9027 890.5 230
9028 906.5 214
9029 911 209.5
9030 916.5 204
9031 889.5 232
9032 906.5 215
9033 910.5 211
9034 914 207.5
9035 887 235.5
9036 895.5 227
9037 913.5 209
9038 916.5 206
9039 917.5 205
9040 891.5 232
9041 893.5 230
9042 911 212.5
9043 919.5 204
9044 914.5 211
9045 915.5 210
9046 890 236.5
9047 895.5 231
9048 890.5 237
9049 914.5 213
9050 921.5 206
9051 912 216.5
9052 913 215.5
9053 921 207.5
9054 893 236.5
9055 916 213.5
9056 892.5 238
9057 898 232.5
9058 915.5 215
9059 914.5 217
9060 923.5 208
9061 894.5 238
9062 895 237.5
9063 916.5 216
9064 927 205.5
9065 928.5 204
9066 900.5 233
9067 916.5 217
9068 915.5 219
9069 918 216.5
9070 923.5 211
9071 927.5 207
9072 901.5 234
9073 902 233.5
9074 924.5 211
9075 903.5 233
9076 913.5 223
9077 916 220.5
9078 928.5 208
9079 902 236.5
9080 903.5 235
9081 913.5 225
9082 929.5 209
9083 930 208.5
9084 904.5 235
9085 914 225.5
9086 927.5 212
9087 914.5 226
9088 923.5 217
9089 932 208.5
9090 902.5 239
9091 926.5 215
9092 931 210.5
9093 907 235.5
9094 914 228.5
9095 931.5 211
9096 918.5 225
9097 924.5 219
9098 915 229.5
9099 928 216.5
9100 929 215.5
9101 932.5 212
9102 935.5 209
9103 929.5 216
9104 932.5 213
9105 917.5 229
9106 928.5 218
9107 934 212.5
9108 936.5 210
9109 914.5 233
9110 917 230.5
9111 929.5 218
9112 930 217.5
9113 936.5 211
9114 939.5 208
9115 926 222.5
9116 935 213.5
9117 937.5 211
9118 936.5 213
9119 942 207.5
9120 919 231.5
9121 931 219.5
9122 934.5 216
9123 935 215.5
9124 932 220.5
9125 939 213.5
9126 936.5 218
9127 937.5 217
9128 926.5 229
9129 938 217.5
9130 940.5 215
9131 932.5 224
9132 935 222.5
9133 941 216.5
9134 917 241.5
9135 933.5 226
9136 918 242.5
9137 920.5 241
9138 927.5 234
9139 938.5 223
9140 942.5 219
9141 927 236.5
9142 925.5 239
9143 943.5 221
9144 925.5 240
9145 927.5 238
9146 934 233.5
9147 920.5 249
9148 920 249.5
9149 944.5 225
9150 921.5 249
9151 945 225.5
9152 919 252.5
9153 927.5 244
9154 928.5 243
9155 929.5 243
9156 933 239.5
9157 936 236.5
9158 945.5 227
9159 921 252.5
9160 923 250.5
9161 929 244.5
9162 934.5 239
9163 940 233.5
9164 920 254.5
9165 926.5 248
9166 929.5 245
9167 933.5 241
9168 927 248.5
9169 924 252.5
9170 929.5 247
9171 930.5 246
9172 935 241.5
9173 927.5 250
9174 946.5 231
9175 922.5 256
9176 921.5 258
9177 928 251.5
9178 929.5 250
9179 935 244.5
9180 927.5 253
9181 930.5 251
9182 947.5 234
9183 924 258.5
9184 928.5 254
9185 929 253.5
9186 930.5 252
9187 934.5 248
9188 931.5 253
9189 929 256.5
9190 930 255.5
9191 943.5 242
9192 924 262.5
9193 925 261.5
9194 929.5 257
9195 939 247.5
9196 948.5 238
9197 932.5 255
9198 931.5 257
9199 932.5 256
9200 939 249.5
9201 925.5 264
9202 926 263.5
9203 934 255.5
9204 939 250.5
9205 931.5 259
9206 933.5 257
9207 932.5 259
9208 934 257.5
9209 949 242.5
9210 938 254.5
9211 931.5 263
9212 936 258.5
9213 949 245.5
9214 935.5 260
9215 926.5 270
9216 932.5 264
9217 936 260.5
9218 938.5 258
9219 950.5 246
9220 935.5 262
9221 934.5 264
9222 934 265.5
9223 936.5 263
9224 950.5 249
9225 929 271.5
9226 934.5 266
9227 935 265.5
9228 936.5 264
9229 938.5 262
9230 949 251.5
9231 934.5 267
9232 936 266.5
9233 940 262.5
9234 949 253.5
9235 952 250.5
9236 935.5 268
9237 938.5 265
9238 938 265.5
9239 944.5 259
9240 937 267.5
9241 940 264.5
9242 936.5 269
9243 951.5 254
9244 931 275.5
9245 940 266.5
9246 941 265.5
9247 946.5 260
9248 937.5 270
9249 939 269.5
9250 946.5 262
9251 946 262.5
9252 941 268.5
9253 942.5 267
9254 951.5 258
9255 932.5 278
9256 943.5 267
9257 931 280.5
9258 939.5 272
9259 942 269.5
9260 945.5 266
9261 942 270.5
9262 947.5 265
9263 934 279.5
9264 945 268.5
9265 950 263.5
9266 948.5 266
9267 943.5 272
9268 942.5 274
9269 945 271.5
9270 944.5 273
9271 948.5 269
9272 947 271.5
9273 949 270.5
9274 950 269.5
9275 952 268.5
9276 953.5 268
9277 958.5 265
4518
0 3672 1 1.35163e+08 20 169 19 169 19 168 18 168
1 3670 1 1.35163e+08 15 157 15 158 15 159 15 160 15 161 15 162 15 163 16 163 16 164 16 165 16 166 16 167 17 167 18 167 18 168
2 3676 2 1.35163e+08 23 170 22 170 21 170 21 169 20 169
3 3672 2 1.35163e+08 19 169 20 169
4 3677 3 1.35163e+08 24 171 24 170 23 170
5 3676 3 1.35163e+08 22 170 23 170
6 3682 4 1.35163e+08 21 150 20 150 19 150 18 150 17 150 16 150 15 150
7 3678 4 9156.25 15 147 15 148 15 149 15 150
8 3670 4 1.35163e+08 15 158 15 157 15 156 15 155 15 154 15 153 15 152 15 151 15 150
9 3680 4 479825 30 162 30 161 29 161 29 160 28 160 28 159 27 159 27 158 26 158 25 158 24 158 24 157 24 156 23 156 22 156 22 155 21 155 21 154 20 154 19 154 18 154 18 153 17 153 17 152 16 152 16 151 15 151 15 150
10 3685 6 479825 35 165 34 165 34 164 34 163 33 163 33 162 32 162 31 162 30 162
11 3680 6 479825 30 161 30 162
12 3691 7 1.35163e+08 18 145 18 144 17 144 16 144 16 145
13 3686 7 1.35163e+08 15 144 16 144 16 145
14 3678 7 9156.25 15 148 15 147 15 146 15 145 16 145
15 3690 9 479825 36 166 36 165 35 165
16 3685 9 479825 34 165 35 165
17 3698 10 1.35163e+08 26 149 26 150 25 150 24 150 23 150 22 150
18 3688 10 2800 21 148 21 149 21 150 22 150
19 3682 10 1.35163e+08 20 150 21 150 22 150
20 3697 11 1.35163e+08 15 139 15 140 15 141 15 142 15 143
21 3686 11 1.35163e+08 16 144 15 144 15 143
22 3688 12 2800 21 149 21 148 21 147 21 146 21 145 20 145 19 145 18 145
23 3707 12 1.35163e+08 26 147 26 146 25 146 25 145 24 145 23 145 22 145 21 145 20 145 19 145 18 145
24 3691 12 1.35163e+08 18 144 18 145
25 3694 14 479825 38 166 37 166 36 166
26 3690 14 479825 36 165 36 166
27 3702 16 479825 40 167 39 167 39 166 38 166
28 3694 16 479825 37 166 38 166
29 3699 19 1.35163e+08 30 176 29 176 28 176 28 177
30 3677 19 1.35163e+08 24 170 24 171 25 171 25 172 26 172 26 173 27 173 27 174 27 175 28 175 28 176 28 177
31 3705 21 1.35163e+08 31 177 30 177
32 3699 21 1.35163e+08 29 176 30 176 30 177
33 3711 22 6612.5 42 169 42 168 42 167 41 167 40 167
34 3721 22 479825 47 169 46 169 46 168 45 168 44 168 43 168 42 168 42 167 41 167 40 167
35 3702 22 479825 39 167 40 167
36 3698 23 1.35163e+08 26 150 26 149 27 149 27 148 27 147 26 147
37 3707 23 1.35163e+08 26 146 26 147
38 3705 26 1.35163e+08 30 177 31 177 31 178 32 178
39 3713 26 1.35163e+08 33 179 32 179 32 178
40 3711 28 6612.5 42 168 42 169
41 3714 28 6612.5 42 171 42 170 42 169
42 3713 30 1.35163e+08 32 179 33 179 34 179
43 3717 30 1.35163e+08 33 182 33 181 33 180 33 179 34 179
44 3718 30 6612.5 35 180 34 180 34 179
45 3714 31 6612.5 42 170 42 171
46 3723 31 6612.5 40 176 41 176 42 176 42 175 42 174 42 173 42 172 42 171
47 3723 33 6612.5 41 176 40 176 39 176 38 176 38 177 38 178 38 179 38 180 37 180 36 180 35 180
48 3718 33 6612.5 34 180 35 180
49 3717 35 1.35163e+08 33 181 33 182 34 182
50 3722 35 1.35163e+08 34 183 34 182
51 3727 37 1.35163e+08 36 184 36 183 35 183
52 3722 37 1.35163e+08 34 182 34 183 35 183
53 3729 39 479825 49 171 48 171
54 3721 39 479825 46 169 47 169 47 170 48 170 48 171
55 3727 41 1.35163e+08 36 183 36 184 37 184
56 3735 41 1.35163e+08 38 185 37 185 37 184
57 3734 42 479825 50 172 49 172
58 3729 42 479825 48 171 49 171 49 172
59 3735 44 1.35163e+08 37 185 38 185
60 3737 44 1.35163e+08 38 186 38 185
61 3799 46 7200 63 178 63 177 62 177 61 177 61 176 60 176 60 175 60 174 60 173 60 172 59 172 58 172 57 172 56 172 55 172 54 172 53 172 52 172 51 172 50 172 50 173
62 3734 46 479825 49 172 50 172 50 173
63 3745 46 479825 51 174 50 174 50 173
64 3737 48 1.35163e+08 38 185 38 186 39 186
65 3748 48 1.35163e+08 39 187 39 186
66 3750 49 479825 52 175 51 175
67 3745 49 479825 50 174 51 174 51 175
68 3757 52 1.35163e+08 41 187 40 187
69 3748 52 1.35163e+08 39 186 39 187 40 187
70 3758 53 7.40024e+06 20 121 20 120 19 120
71 3754 53 7.40024e+06 18 120 19 120
72 3750 54 479825 51 175 52 175 52 176
73 3760 54 479825 53 178 53 177 52 177 52 176
74 3758 55 7.40024e+06 20 120 20 121 21 121 22 121
75 3767 55 7.40024e+06 28 122 27 122 26 122 25 122 24 122 23 122 22 122 22 121
76 3763 56 inf 20 116 20 117 19 117 18 117
77 3759 56 inf 17 117 18 117
78 3760 57 479825 53 177 53 178
79 3766 57 479825 54 180 54 179 53 179 53 178
80 3765 61 1.35163e+08 45 189 44 189
81 3757 61 1.35163e+08 40 187 41 187 41 188 42 188 43 188 44 188 44 189
82 3766 62 479825 54 179 54 180
83 3787 62 479825 55 184 55 183 55 182 55 181 54 181 54 180
84 3774 63 1.35163e+08 46 190 45 190
85 3765 63 1.35163e+08 44 189 45 189 45 190
86 3781 65 inf 24 116 24 115 23 115 22 115
87 3763 65 inf 20 117 20 116 20 115 21 115 22 115
88 3805 66 7.40024e+06 36 123 36 122 35 122 34 122 33 122 32 122 31 122 30 122
89 3767 66 7.40024e+06 27 122 28 122 29 122 30 122
90 3785 67 1.35163e+08 47 192 47 191 46 191
91 3774 67 1.35163e+08 45 190 46 190 46 191
92 3795 73 inf 27 115 27 116 26 116
93 3781 73 inf 24 115 24 116 25 116 26 116
94 3797 77 1.35163e+08 49 192 48 192
95 3785 77 1.35163e+08 47 191 47 192 48 192
96 3787 78 479825 55 183 55 184 56 184 56 185
97 3798 78 479825 55 186 55 185 56 185
98 3811 84 inf 29 115 29 114 28 114
99 3795 84 inf 27 116 27 115 28 115 28 114
100 3822 85 1.35163e+08 51 194 51 193 50 193
101 3797 85 1.35163e+08 48 192 49 192 49 193 50 193
102 3835 86 5718.75 66 181 66 180 66 179 66 178 65 178
103 3846 86 7200 71 178 70 178 69 178 68 178 67 178 66 178 65 178
104 3799 86 7200 63 177 63 178 64 178 65 178
105 3833 90 7.40024e+06 42 124 41 124 40 124 40 123 39 123 38 123
106 3805 90 7.40024e+06 36 122 36 123 37 123 38 123
107 3839 91 inf 34 115 33 115 32 115 31 115 30 115
108 3811 91 inf 29 114 29 115 30 115
109 3827 97 1.35163e+08 52 194 51 194
110 3822 97 1.35163e+08 51 193 51 194
111 3844 101 7.40024e+06 43 123 42 123 42 124 42 125
112 3833 101 7.40024e+06 41 124 42 124 42 125
113 3835 108 5718.75 66 180 66 181 66 182
114 3845 108 5718.75 66 183 66 182
115 3850 111 1.35163e+08 55 195 54 195
116 3827 111 1.35163e+08 51 194 52 194 53 194 53 195 54 195
117 3846 113 7200 70 178 71 178
118 3875 113 7200 72 183 72 182 72 181 71 181 71 180 71 179 71 178
119 3876 113 5262.5 73 182 73 181 72 181 71 181 71 180 71 179 71 178
120 3845 114 5718.75 66 182 66 183 66 184
121 3865 114 5718.75 65 187 66 187 66 186 66 185 66 184
122 3864 117 1.35163e+08 58 195 57 195 56 195
123 3798 117 479825 55 185 55 186 55 187 55 188 55 189 55 190 55 191 55 192 55 193 55 194 55 195 56 195
124 3850 117 1.35163e+08 54 195 55 195 56 195
125 3884 119 7.40024e+06 52 125 52 124 51 124 50 124 49 124 48 124 48 123 47 123 46 123
126 3874 119 17893.7 45 119 45 120 45 121 45 122 45 123 46 123
127 3844 119 7.40024e+06 42 123 43 123 44 123 45 123 46 123
128 3869 120 inf 41 116 40 116 40 115 39 115 38 115
129 3839 120 inf 33 115 34 115 35 115 36 115 37 115 38 115
130 3874 125 17893.7 45 120 45 119 44 119
131 3868 125 17893.7 43 119 44 119
132 3868 126 17893.7 44 119 43 119 43 118 43 117 43 116 42 116 41 116
133 3992 126 inf 61 116 60 116 60 115 59 115 58 115 57 115 56 115 55 115 54 115 54 116 53 116 52 116 51 116 50 116 49 116 48 116 47 116 46 116 45 116 44 116 43 116 42 116 41 116
134 3869 126 inf 40 116 41 116
135 3875 128 7200 72 182 72 183
136 3929 128 7200 77 187 77 186 76 186 76 185 75 185 74 185 73 185 72 185 72 184 72 183
137 3896 129 5262.5 77 182 76 182 75 182 74 182 73 182
138 3876 129 5262.5 73 181 73 182
139 3892 134 7.40024e+06 56 126 55 126 55 125 54 125 53 125
140 3884 134 7.40024e+06 52 124 52 125 53 125
141 3921 136 5262.5 84 179 83 179 82 179 81 179 80 179 79 179 78 179 78 180
142 3905 136 5262.5 78 182 78 181 78 180
143 3905 139 5262.5 78 181 78 182 77 182
144 3896 139 5262.5 76 182 77 182
145 3969 145 7.40024e+06 76 135 76 134 76 133 76 132 76 131 75 131 75 130 75 129 75 128 74 128 73 128 72 128 71 128 70 128 69 128 68 128 67 128 66 128 65 128 64 128 63 128 62 128 61 128 60 128 60 127 60 126 59 126 58 126
146 4028 145 5949.99 82 131 81 131 80 131 80 130 80 129 80 128 79 128 78 128 77 128 76 128 75 128 74 128 73 128 72 128 71 128 70 128 69 128 68 128 67 128 66 128 65 128 64 128 63 128 62 128 61 128 60 128 60 127 60 126 59 126 58 126
147 4082 145 3662.49 86 125 86 126 86 127 86 128 85 128 84 128 83 128 82 128 81 128 80 128 79 128 78 128 77 128 76 128 75 128 74 128 73 128 72 128 71 128 70 128 69 128 68 128 67 128 66 128 65 128 64 128 63 128 62 128 61 128 60 128 60 127 60 126 59 126 58 126
148 3892 145 7.40024e+06 55 126 56 126 57 126 58 126
149 3920 147 1.35163e+08 66 197 65 197 64 197
150 3865 147 5718.75 66 187 65 187 65 188 65 189 64 189 63 189 63 190 63 191 63 192 63 193 63 194 63 195 63 196 64 196 64 197
151 3864 147 1.35163e+08 57 195 58 195 59 195 59 196 60 196 61 196 62 196 63 196 64 196 64 197
152 3922 148 5262.5 86 177 86 176 86 175
153 3956 148 5262.5 92 176 91 176 90 176 89 176 88 176 87 176 86 176 86 175
154 3926 151 476715 30 95 29 95 28 95
155 3933 151 476715 29 93 29 94 29 95 28 95
156 3922 152 5262.5 86 176 86 177 85 177
157 3930 152 5262.5 85 179 85 178 85 177
158 3930 155 5262.5 85 178 85 179 84 179
159 3921 155 5262.5 83 179 84 179
160 3933 157 476715 29 94 29 93 28 93
161 3934 157 476715 28 92 28 93
162 3920 158 1.35163e+08 65 197 66 197 66 198
163 3935 158 1.35163e+08 66 199 66 198
164 3939 160 476715 33 96 32 96
165 3926 160 476715 29 95 30 95 30 96 31 96 32 96
166 3972 162 1.35163e+08 71 200 70 200 69 200 68 200 68 199 67 199
167 3935 162 1.35163e+08 66 198 66 199 67 199
168 3973 167 7200 79 192 79 191 79 190 79 189 78 189
169 3929 167 7200 77 186 77 187 77 188 77 189 78 189
170 3956 172 5262.5 91 176 92 176
171 3968 172 5262.5 93 177 92 177 92 176
172 3969 178 7.40024e+06 76 134 76 135
173 3960 178 7.40024e+06 76 137 76 136 76 135
174 3976 181 7.40024e+06 83 140 82 140
175 3960 181 7.40024e+06 76 136 76 137 76 138 76 139 77 139 78 139 79 139 79 140 80 140 81 140 82 140
176 3984 182 1.35163e+08 72 201 72 200 71 200
177 3972 182 1.35163e+08 70 200 71 200
178 3980 184 5262.5 95 177 94 177
179 3968 184 5262.5 92 177 93 177 94 177
180 3989 186 7.40024e+06 85 140 84 140
181 3976 186 7.40024e+06 82 140 83 140 84 140
182 4007 188 1.35163e+08 74 202 73 202 73 201 72 201
183 3984 188 1.35163e+08 72 200 72 201
184 3993 189 7200 82 192 81 192
185 3973 189 7200 79 191 79 192 80 192 81 192
186 4014 190 5262.5 98 179 97 179 96 179 96 178 95 178
187 3980 190 5262.5 94 177 95 177 95 178
188 4034 192 inf 65 113 64 113 64 114 64 115 63 115 62 115 62 116 61 116
189 3992 192 inf 60 116 61 116
190 3903 194 476715 20 90 21 90 22 90 23 90 23 91 24 91 25 91 26 91 26 90 27 90 28 90 29 90 30 90 30 89 30 88 30 87 31 87 32 87
191 3934 194 476715 28 93 28 92 28 91 28 90 29 90 30 90 30 89 30 88 30 87 31 87 32 87
192 3989 198 7.40024e+06 84 140 85 140 86 140
193 3996 198 7.40024e+06 87 141 86 141 86 140
194 3993 202 7200 81 192 82 192 82 193
195 4018 202 7200 82 196 82 195 82 194 82 193
196 4007 204 1.35163e+08 73 202 74 202
197 4035 204 1.35163e+08 77 204 76 204 76 203 75 203 74 203 74 202
198 4027 208 5262.5 99 180 99 179 98 179
199 4014 208 5262.5 97 179 98 179
200 4021 210 7.40024e+06 91 141 90 141
201 3996 210 7.40024e+06 86 141 87 141 88 141 89 141 90 141
202 4018 211 7200 82 195 82 196
203 4024 211 7200 82 197 82 196
204 4044 212 5949.99 86 132 85 132 84 132 83 132 82 132
205 4028 212 5949.99 81 131 82 131 82 132
206 4027 215 5262.5 99 179 99 180
207 4038 215 5262.5 100 181 99 181 99 180
208 4031 216 5262.5 113 161 113 162
209 4072 216 5262.5 102 185 103 185 104 185 105 185 106 185 107 185 108 185 109 185 110 185 111 185 112 185 112 184 112 183 112 182 112 181 112 180 112 179 112 178 112 177 112 176 112 175 112 174 112 173 112 172 112 171 112 170 112 169 112 168 112 167 112 166 112 165 112 164 112 163 113 163 113 162
210 4032 217 7.40024e+06 93 141 92 141
211 4048 217 2637.48 91 136 91 137 91 138 91 139 91 140 91 141 92 141
212 4021 217 7.40024e+06 90 141 91 141 92 141
213 4042 222 1.35163e+08 78 204 77 204
214 4035 222 1.35163e+08 76 204 77 204
215 4089 224 5262.5 105 143 104 143 103 143 103 142 102 142 101 142 100 142 99 142 98 142 97 142 97 141 96 141 95 141 94 141
216 4168 224 7.40024e+06 116 141 115 141 114 141 113 141 112 141 111 141 110 141 109 141 108 141 107 141 106 141 105 141 104 141 103 141 103 142 102 142 101 142 100 142 99 142 98 142 97 142 97 141 96 141 95 141 94 141
217 4128 224 5949.99 108 138 108 139 108 140 108 141 107 141 106 141 105 141 104 141 103 141 103 142 102 142 101 142 100 142 99 142 98 142 97 142 97 141 96 141 95 141 94 141
218 4032 224 7.40024e+06 92 141 93 141 94 141
219 4045 225 6287.46 67 114 67 113 66 113
220 4064 225 inf 66 108 66 109 66 110 66 111 66 112 66 113
221 4034 225 inf 64 113 65 113 66 113
222 4087 226 3662.49 75 115 75 114 75 113 74 113 73 113 72 113 71 113 70 113 69 113 68 113 68 114
223 4133 226 6287.46 78 108 78 109 78 110 78 111 78 112 77 112 76 112 75 112 74 112 74 113 73 113 72 113 71 113 70 113 69 113 68 113 68 114
224 4045 226 6287.46 67 113 67 114 68 114
225 4057 228 1.35163e+08 79 206 79 205 78 205
226 4042 228 1.35163e+08 77 204 78 204 78 205
227 4059 229 5262.5 101 184 101 183 100 183
228 4038 229 5262.5 99 181 100 181 100 182 100 183
229 4054 230 5949.99 88 133 88 132 87 132
230 4044 230 5949.99 85 132 86 132 87 132
231 4066 234 476715 54 96 53 96 52 96
232 3939 234 476715 32 96 33 96 34 96 35 96 36 96 37 96 38 96 38 97 39 97 40 97 41 97 42 97 43 97 44 97 45 97 46 97 47 97 48 97 49 97 50 97 51 97 52 97 52 96
233 4062 235 2637.48 92 134 92 135
234 4048 235 2637.48 91 137 91 136 91 135 92 135
235 4062 236 2637.48 92 135 92 134 92 133 91 133 90 133
236 4074 236 5949.99 93 133 92 133 91 133 90 133
237 4054 236 5949.99 88 132 88 133 89 133 90 133
238 4069 237 1.35163e+08 81 207 81 206 80 206
239 4024 237 7200 82 196 82 197 83 197 83 198 83 199 83 200 83 201 83 202 83 203 83 204 83 205 83 206 82 206 81 206 80 206
240 4057 237 1.35163e+08 79 205 79 206 80 206
241 4072 239 5262.5 103 185 102 185 101 185
242 4059 239 5262.5 101 183 101 184 101 185
243 4077 241 3662.49 78 118 77 118
244 4086 241 3662.49 77 116 77 117 77 118
245 4092 242 1.35163e+08 83 208 82 208 82 207 81 207
246 4069 242 1.35163e+08 81 206 81 207
247 4085 244 3662.49 82 122 82 121 81 121
248 4076 244 3662.49 79 119 79 120 80 120 81 120 81 121
249 4077 245 3662.49 77 118 78 118 78 119 79 119
250 4076 245 3662.49 79 120 79 119
251 4086 246 3662.49 77 117 77 116 77 115 76 115 75 115
252 4087 246 3662.49 75 114 75 115
253 4103 249 5949.99 97 133 97 132 96 132 95 132 94 132 94 133
254 4074 249 5949.99 92 133 93 133 94 133
255 4091 250 3662.49 85 124 85 123 84 123
256 4084 250 3662.49 83 123 84 123
257 4085 251 3662.49 82 121 82 122 83 122
258 4084 251 3662.49 84 123 83 123 83 122
259 4100 252 5262.5 109 144 108 144 107 144 107 143 106 143 105 143
260 4089 252 5262.5 104 143 105 143
261 4108 254 2525 89 123 88 123 87 123 86 123 86 124
262 4091 254 3662.49 85 123 85 124 86 124
263 4082 254 3662.49 86 126 86 125 86 124
264 4066 255 476715 53 96 54 96 55 96 56 96 56 95 56 94
265 4094 255 476715 59 96 58 96 57 96 56 96 56 95 56 94
266 4099 256 1.35163e+08 84 209 84 208 83 208
267 4092 256 1.35163e+08 82 208 83 208
268 4116 259 1.35163e+08 86 210 86 209 85 209 84 209
269 4099 259 1.35163e+08 84 208 84 209
270 4031 261 5262.5 113 162 113 161 113 160 113 159 113 158 113 157 113 156 113 155 113 154 113 153 113 152 113 151 113 150 113 149 113 148 113 147 113 146 113 145 112 145 111 145 111 144 110 144 109 144
271 4100 261 5262.5 108 144 109 144
272 4113 262 5949.99 100 133 99 133 98 133
273 4103 262 5949.99 97 132 97 133 98 133
274 4119 267 2525 90 122 89 122 89 123
275 4108 267 2525 88 123 89 123
276 4118 269 5949.99 101 133 100 133
277 4113 269 5949.99 99 133 100 133
278 4151 270 476715 63 91 63 92 63 93 62 93 61 93 60 93
279 4094 270 476715 58 96 59 96 59 95 60 95 60 94 60 93
280 4142 270 5231.23 66 95 65 95 64 95 63 95 62 95 62 94 61 94 60 94 60 93
281 4124 272 1.35163e+08 87 211 87 210 86 210
282 4116 272 1.35163e+08 86 209 86 210
283 4111 273 587931 123 171 123 172 124 172
284 4137 273 587931 126 173 125 173 124 173 124 172
285 4154 274 5949.99 108 135 107 135 106 135 105 135 104 135 103 135
286 4122 274 5949.99 103 134 103 135
287 4122 275 5949.99 103 135 103 134 102 134
288 4155 275 2943.75 106 133 105 133 105 134 104 134 103 134 102 134
289 4118 275 5949.99 100 133 101 133 101 134 102 134
290 4132 276 2525 90 120 90 121 90 122
291 4119 276 2525 89 122 90 122
292 4207 280 2525 96 115 95 115 94 115 93 115 93 116 93 117 93 118 92 118 91 118 91 119 90 119 90 120
293 4132 280 2525 90 121 90 120
294 4152 281 1.35163e+08 89 212 89 211 88 211
295 4124 281 1.35163e+08 87 210 87 211 88 211
296 4166 283 587931 129 174 128 174 127 174 126 174
297 4137 283 587931 125 173 126 173 126 174
298 4154 285 5949.99 107 135 108 135 108 136
299 4128 285 5949.99 108 139 108 138 108 137 108 136
300 4177 292 2943.75 109 133 108 133 107 133 106 133
301 4155 292 2943.75 105 133 106 133
302 4170 293 476715 70 95 69 95 68 95
303 4171 293 476715 68 93 68 94 68 95
304 4142 293 5231.23 65 95 66 95 67 95 68 95
305 4162 294 476715 64 90 64 91
306 4151 294 476715 63 92 63 91 64 91
307 4173 295 137087 91 213 91 212 90 212
308 4134 295 1.35163e+08 94 205 93 205 92 205 92 206 91 206 91 207 91 208 91 209 91 210 91 211 91 212 90 212
309 4152 295 1.35163e+08 89 211 89 212 90 212
310 4162 298 476715 64 91 64 90 65 90
311 4179 298 476715 67 91 66 91 65 91 65 90
312 4187 299 137087 92 214 92 213 91 213
313 4173 299 137087 91 212 91 213
314 4166 300 587931 128 174 129 174 130 174
315 4214 300 587931 134 178 134 177 133 177 132 177 131 177 131 176 131 175 130 175 130 174
316 4179 305 476715 66 91 67 91 68 91 68 92
317 4171 305 476715 68 94 68 93 68 92
318 4197 307 1.35163e+08 103 204 103 205 102 205 101 205 100 205
319 4134 307 1.35163e+08 93 205 94 205 95 205 96 205 97 205 98 205 99 205 100 205
320 4201 308 2943.75 117 137 117 138 117 139 117 140
321 4168 308 7.40024e+06 115 141 116 141 116 140 117 140
322 4182 308 7.40024e+06 117 141 117 140
323 4190 309 2943.75 111 134 111 133 110 133
324 4177 309 2943.75 108 133 109 133 110 133
325 4111 311 587931 123 172 123 171 123 170 123 169 123 168 123 167 123 166 123 165 123 164 123 163 123 162 123 161 123 160 123 159 123 158 123 157 123 156 123 155 123 154 123 153 123 152 123 151 123 150 123 149 123 148 123 147 123 146 123 145 123 144 122 144
326 4193 311 587931 122 143 122 144
327 4199 312 7.40024e+06 121 142 121 141 120 141 119 141
328 4182 312 7.40024e+06 117 140 117 141 118 141 119 141
329 4194 313 2943.75 113 135 113 134 112 134
330 4190 313 2943.75 111 133 111 134 112 134
331 4210 314 137087 95 215 95 214 94 214 93 214
332 4187 314 137087 92 213 92 214 93 214
333 4206 315 2943.75 116 135 115 135 115 136
334 4202 315 2943.75 114 135 115 135 115 136
335 4202 316 2943.75 115 135 114 135
336 4194 316 2943.75 113 134 113 135 114 135
337 4215 317 7.40024e+06 125 141 125 142 124 142 123 142 122 142
338 4272 317 6.65976e+06 123 129 123 130 123 131 123 132 123 133 123 134 123 135 124 135 124 136 124 137 124 138 124 139 124 140 124 141 124 142 123 142 122 142
339 4199 317 7.40024e+06 121 141 121 142 122 142
340 4193 317 587931 122 144 122 143 122 142
341 4225 321 2525 100 114 99 114 98 114 98 115 97 115 96 115
342 4207 321 2525 95 115 96 115
343 4213 323 1.35163e+08 108 204 107 204 106 204
344 4197 323 1.35163e+08 103 205 103 204 104 204 105 204 106 204
345 4206 324 2943.75 115 135 116 135 117 135 118 135 118 136
346 4201 324 2943.75 117 138 117 137 117 136 118 136
347 4221 326 137087 98 216 98 215 97 215 96 215
348 4210 326 137087 95 214 95 215 96 215
349 4228 331 587931 136 179 136 178 135 178
350 4214 331 587931 134 177 134 178 135 178
351 4332 331 2650.01 134 198 134 197 134 196 134 195 134 194 134 193 134 192 134 191 134 190 134 189 134 188 134 187 134 186 134 185 134 184 134 183 134 182 134 181 134 180 134 179 134 178 135 178
352 4224 332 7.40024e+06 127 142 127 141 126 141
353 4215 332 7.40024e+06 125 142 125 141 126 141
354 4252 333 137087 101 217 101 216 100 216 99 216 98 216
355 4221 333 137087 98 215 98 216
356 4229 334 3881.24 129 143 129 142 128 142
357 4236 334 7.40024e+06 128 140 128 141 128 142
358 4224 334 7.40024e+06 127 141 127 142 128 142
359 4242 337 2525 101 113 100 113 100 114
360 4225 337 2525 99 114 100 114
361 4243 338 inf 82 94 81 94 80 94
362 4233 338 6500 77 90 77 91 78 91 79 91 80 91 80 92 80 93 80 94
363 4170 338 476715 69 95 70 95 71 95 72 95 72 96 73 96 74 96 75 96 76 96 76 95 77 95 78 95 79 95 80 95 80 94
364 4064 338 inf 66 109 66 108 66 107 66 106 66 105 66 104 66 103 66 102 66 101 66 100 66 99 66 98 67 98 67 97 68 97 69 97 70 97 71 97 72 97 73 97 74 97 75 97 76 97 76 96 76 95 77 95 78 95 79 95 80 95 80 94
365 4133 338 6287.46 78 109 78 108 78 107 78 106 78 105 78 104 79 104 79 103 79 102 79 101 79 100 79 99 79 98 79 97 79 96 79 95 80 95 80 94
366 4234 340 3881.24 131 143 130 143
367 4229 340 3881.24 129 142 129 143 130 143
368 4244 341 6500 75 87 75 88 75 89 76 89
369 4233 341 6500 77 91 77 90 76 90 76 89
370 4255 345 2525 102 112 101 112 101 113
371 4242 345 2525 100 113 101 113
372 4228 346 587931 136 178 136 179 137 179 138 179
373 4299 346 587931 144 184 144 183 143 183 142 183 142 182 141 182 140 182 140 181 140 180 139 180 138 180 138 179
374 4263 348 7.40024e+06 138 146 137 146 137 145 136 145 135 145 134 145
375 4259 348 7.40024e+06 135 144 135 145 134 145
376 4336 350 137087 113 220 113 219 112 219 111 219 110 219 109 219 109 218 108 218 107 218 106 218 105 218 105 217 104 217 103 217 102 217 101 217
377 4252 350 137087 101 216 101 217
378 4269 352 2525 104 111 104 112 103 112 102 112
379 4255 352 2525 101 112 102 112
380 4259 355 7.40024e+06 135 145 135 144 135 143 134 143
381 4264 355 7.40024e+06 133 142 134 142 134 143
382 4236 356 7.40024e+06 128 141 128 140 129 140 130 140 131 140
383 4260 356 7.40024e+06 131 141 131 140
384 4244 357 6500 75 88 75 87 75 86 76 86 76 85
385 4277 357 6500 79 85 79 86 78 86 77 86 76 86 76 85
386 4279 359 7.40024e+06 143 148 142 148 141 148 141 147 140 147 139 147 139 146 138 146
387 4263 359 7.40024e+06 137 146 138 146
388 4260 360 7.40024e+06 131 140 131 141 132 141 133 141
389 4234 360 3881.24 130 143 131 143 132 143 132 142 132 141 133 141
390 4264 360 7.40024e+06 134 142 133 142 133 141
391 4267 362 411094 149 171 150 171
392 4278 362 411094 151 172 150 172 150 171
393 4360 363 2525 112 104 112 105 111 105 111 106 110 106 110 107 109 107 109 108 108 108 108 109 107 109 106 109 105 109 105 110 105 111 104 111
394 4269 363 2525 104 112 104 111
395 4287 365 1.35163e+08 121 204 120 204 119 204 118 204
396 4213 365 1.35163e+08 107 204 108 204 109 204 110 204 111 204 112 204 113 204 114 204 115 204 116 204 117 204 118 204
397 4243 369 inf 81 94 82 94 83 94 84 94 85 94 85 93 86 93 86 92
398 4281 369 inf 88 93 87 93 86 93 86 92
399 4290 370 6500 81 84 81 85 80 85 79 85
400 4277 370 6500 79 86 79 85
401 4291 371 411094 153 173 152 173 152 172 151 172
402 4278 371 411094 150 172 151 172
403 4298 374 1.35163e+08 123 205 123 204 122 204 121 204
404 4287 374 1.35163e+08 120 204 121 204
405 4300 375 411094 154 174 154 173 153 173
406 4291 375 411094 152 173 153 173
407 4295 377 411094 149 151 149 150 149 149 148 149 147 149 147 148 146 148
408 4324 377 7.40024e+06 152 149 151 149 150 149 149 149 148 149 147 149 147 148 146 148
409 4314 377 26250 148 146 148 147 148 148 147 148 146 148
410 4279 377 7.40024e+06 142 148 143 148 144 148 145 148 146 148
411 4305 378 6500 84 84 83 84 82 84
412 4290 378 6500 81 85 81 84 82 84
413 4295 379 411094 149 150 149 151 150 151
414 4267 379 411094 150 171 149 171 149 170 149 169 149 168 149 167 149 166 149 165 149 164 149 163 149 162 149 161 149 160 149 159 149 158 149 157 149 156 149 155 149 154 149 153 149 152 149 151 150 151
415 4311 382 6.65976e+06 126 125 126 126
416 4272 382 6.65976e+06 123 130 123 129 123 128 123 127 123 126 124 126 125 126 126 126
417 4305 383 6500 83 84 84 84
418 4304 383 6500 84 85 84 84
419 4319 384 2650.01 131 200 131 199 130 199
420 4312 384 2650.01 131 198 131 199 130 199
421 4299 385 587931 144 183 144 184 145 184
422 4320 385 587931 146 185 145 185 145 184
423 4300 386 411094 154 173 154 174 155 174
424 4313 386 411094 155 175 155 174
425 4332 387 2650.01 134 197 134 198 133 198 132 198
426 4312 387 2650.01 131 199 131 198 132 198
427 4339 393 1.35163e+08 127 206 127 205 126 205
428 4298 393 1.35163e+08 123 204 123 205 124 205 125 205 126 205
429 4358 394 587931 148 188 148 187 147 187 147 186 147 185 146 185
430 4320 394 587931 145 185 146 185
431 4423 396 26250 156 140 155 140 154 140 153 140 152 140 151 140 150 140 149 140 149 141 149 142 149 143 149 144 149 145 148 145
432 4314 396 26250 148 147 148 146 148 145
433 4281 398 inf 87 93 88 93 89 93 90 93 91 93 92 93 93 93 94 93 94 92 94 91
434 4329 398 inf 96 93 95 93 95 92 94 92 94 91
435 4369 401 7.40024e+06 156 146 156 147 155 147 154 147 154 148 154 149
436 4324 401 7.40024e+06 151 149 152 149 153 149 154 149
437 4375 401 2800 160 149 160 150 159 150 158 150 157 150 156 150 155 150 154 150 154 149
438 4392 402 137087 120 221 119 221 119 220 118 220 117 220 116 220 115 220 114 220
439 4336 402 137087 113 219 113 220 114 220
440 4350 403 1.35163e+08 129 206 128 206
441 4339 403 1.35163e+08 127 205 127 206 128 206
442 4313 404 411094 155 174 155 175 156 175 157 175 157 176 158 176
443 4352 404 411094 158 177 158 176
444 4356 407 6.65976e+06 131 124 130 124
445 4311 407 6.65976e+06 126 126 126 125 127 125 128 125 129 125 129 124 130 124
446 4362 411 1.35163e+08 131 206 130 206
447 4350 411 1.35163e+08 128 206 129 206 130 206
448 4368 412 411094 160 178 160 177 159 177
449 4352 412 411094 158 176 158 177 159 177
450 4372 414 2525 114 104 113 104 112 104
451 4360 414 2525 112 105 112 104
452 4393 421 1.35163e+08 135 206 134 206 133 206 132 206
453 4319 421 2650.01 131 199 131 200 131 201 131 202 131 203 131 204 131 205 131 206 132 206
454 4362 421 1.35163e+08 130 206 131 206 132 206
455 4413 422 587931 152 191 151 191 151 190 151 189 151 188 150 188
456 4358 422 587931 148 187 148 188 149 188 150 188
457 4435 424 2525 117 100 117 101 116 101 116 102 116 103 115 103 114 103 114 104
458 4372 424 2525 113 104 114 104
459 4396 426 411094 162 179 162 178 161 178
460 4368 426 411094 160 177 160 178 161 178
461 4375 431 2800 160 150 160 149 160 148 159 148 159 147 158 147
462 4390 431 7.40024e+06 161 149 160 149 160 148 159 148 159 147 158 147
463 4377 431 7.40024e+06 157 146 157 147 158 147
464 4369 432 7.40024e+06 156 147 156 146 157 146
465 4377 432 7.40024e+06 157 147 157 146
466 4402 433 inf 102 89 101 89 100 89
467 4304 433 6500 84 84 84 85 85 85 86 85 87 85 88 85 89 85 90 85 91 85 91 86 91 87 92 87 92 88 93 88 94 88 95 88 96 88 97 88 98 88 99 88 100 88 100 89
468 4329 433 inf 95 93 96 93 97 93 98 93 98 92 98 91 99 91 100 91 100 90 100 89
469 4397 438 7.40024e+06 165 152 164 152 164 151 163 151
470 4389 438 7.40024e+06 162 150 162 151 163 151
471 4390 439 7.40024e+06 160 149 161 149
472 4389 439 7.40024e+06 162 151 162 150 161 150 161 149
473 4436 441 137087 124 222 123 222 123 221 122 221 121 221 120 221
474 4392 441 137087 119 221 120 221
475 4406 442 7.40024e+06 166 153 166 152 165 152
476 4397 442 7.40024e+06 164 152 165 152
477 4417 447 6.65976e+06 136 121 136 122 135 122
478 4356 447 6.65976e+06 130 124 131 124 131 123 132 123 133 123 133 122 134 122 135 122
479 4420 449 411094 164 180 164 179 163 179
480 4396 449 411094 162 178 162 179 163 179
481 4430 450 7.40024e+06 180 165 179 165 179 164 178 164
482 4414 450 7.40024e+06 176 162 177 162 177 163 178 163 178 164
483 4414 451 7.40024e+06 177 162 176 162
484 4421 451 7.40024e+06 175 159 175 160 175 161 176 161 176 162
485 4415 452 7.40024e+06 172 158 172 157 171 157
486 4405 452 7.40024e+06 170 157 171 157
487 4449 453 2600 167 148 167 149 167 150 167 151 167 152 167 153 167 154 168 154 168 155 169 155 169 156 170 156
488 4406 453 7.40024e+06 166 152 166 153 167 153 167 154 168 154 168 155 169 155 169 156 170 156
489 4405 453 7.40024e+06 171 157 170 157 170 156
490 4415 455 7.40024e+06 172 157 172 158 173 158 174 158
491 4421 455 7.40024e+06 175 160 175 159 174 159 174 158
492 4393 459 1.35163e+08 134 206 135 206 135 207 136 207 137 207 138 207
493 4438 459 1.35163e+08 138 208 138 207
494 4413 460 587931 151 191 152 191 153 191 154 191
495 4501 460 587931 152 200 153 200 153 199 153 198 154 198 154 197 154 196 154 195 154 194 154 193 154 192 154 191
496 4461 461 411094 167 181 166 181 166 180 165 180
497 4420 461 411094 164 179 164 180 165 180
498 4448 462 7.40024e+06 182 165 181 165 180 165
499 4430 462 7.40024e+06 179 165 180 165
500 4456 464 6.65976e+06 139 120 139 121 138 121
501 4476 464 5206.24 137 116 137 117 137 118 137 119 137 120 137 121 138 121
502 4417 464 6.65976e+06 136 122 136 121 137 121 138 121
503 4530 465 137087 132 224 131 224 131 223 130 223 129 223 128 223 127 223 127 222 126 222 125 222 124 222
504 4436 465 137087 123 222 124 222
505 4450 466 26250 159 141 159 140 158 140
506 4423 466 26250 155 140 156 140 157 140 158 140
507 4468 468 2525 120 100 119 100 118 100
508 4435 468 2525 117 101 117 100 118 100
509 4471 469 inf 106 86 106 87 106 88
510 4402 469 inf 101 89 102 89 103 89 104 89 104 88 105 88 106 88
511 4474 472 7.40024e+06 183 166 183 165 182 165
512 4448 472 7.40024e+06 181 165 182 165
513 4463 473 2600 167 147 167 148
514 4449 473 2600 167 149 167 148
515 4463 474 2600 167 148 167 147 166 147
516 4464 474 2600 166 146 166 147
517 4464 475 2600 166 147 166 146 165 146
518 4465 475 2600 165 145 165 146
519 4466 476 26250 161 142 161 141 160 141
520 4450 476 26250 159 140 159 141 160 141
521 4479 479 1.35163e+08 142 208 141 208 140 208
522 4438 479 1.35163e+08 138 207 138 208 139 208 140 208
523 4486 480 411094 169 182 168 182 168 181 167 181
524 4461 480 411094 166 181 167 181
525 4506 481 26250 165 140 164 140 163 140 162 140 162 141 162 142
526 4466 481 26250 161 141 161 142 162 142
527 4465 481 2600 165 146 165 145 164 145 164 144 163 144 163 143 162 143 162 142
528 4490 483 6.65976e+06 142 119 142 120 141 120 140 120
529 4456 483 6.65976e+06 139 121 139 120 140 120
530 4476 484 5206.24 137 117 137 116 136 116
531 4484 484 5206.24 137 115 137 116 136 116
532 4491 485 2525 121 98 121 99 121 100 120 100
533 4468 485 2525 119 100 120 100
534 4501 489 587931 153 200 152 200 151 200 150 200
535 4492 489 587931 150 202 150 201 150 200
536 4474 491 7.40024e+06 183 165 183 166 184 166
537 4487 491 7.40024e+06 184 167 184 166
538 4551 496 411094 172 187 171 187 171 186 171 185 171 184 171 183 170 183 170 182 169 182
539 4564 496 3681.25 178 183 177 183 176 183 175 183 174 183 173 183 172 183 171 183 170 183 170 182 169 182
540 4486 496 411094 168 182 169 182
541 4526 498 6.65976e+06 145 118 144 118 144 119 143 119 142 119
542 4490 498 6.65976e+06 142 120 142 119
543 4509 499 5206.24 139 114 139 115 138 115
544 4484 499 5206.24 137 116 137 115 138 115
545 4529 500 inf 111 84 110 84 109 84 108 84 107 84
546 4471 500 inf 106 87 106 86 106 85 106 84 107 84
547 4487 502 7.40024e+06 184 166 184 167 185 167
548 4503 502 7.40024e+06 185 168 185 167
549 4492 504 587931 150 201 150 202 150 203
550 4512 504 587931 150 204 150 203
551 4555 507 26250 170 139 169 139 168 139 167 139 166 139 166 140 166 141
552 4519 507 26250 165 140 166 140 166 141
553 4519 508 26250 166 140 165 140
554 4506 508 26250 164 140 165 140
555 4531 510 1.35163e+08 147 209 146 209 145 209
556 4479 510 1.35163e+08 141 208 142 208 143 208 143 209 144 209 145 209
557 4503 512 7.40024e+06 185 167 185 168 186 168
558 4534 512 7.40024e+06 187 169 186 169 186 168
559 4528 514 5206.24 140 113 140 114
560 4509 514 5206.24 139 115 139 114 140 114
561 4570 517 137087 137 225 136 225 136 224 135 224 134 224 133 224 132 224
562 4530 517 137087 131 224 132 224
563 4556 519 6.65976e+06 148 117 148 118 147 118 146 118
564 4526 519 6.65976e+06 144 118 145 118 146 118
565 4542 520 5206.24 142 113 141 113
566 4528 520 5206.24 140 114 140 113 141 113
567 4563 521 inf 115 83 114 83 113 83 112 83 112 84
568 4529 521 inf 110 84 111 84 112 84
569 4558 523 1.35163e+08 149 211 149 210 148 210
570 4531 523 1.35163e+08 146 209 147 209 147 210 148 210
571 4555 531 26250 169 139 170 139
572 4566 531 26250 176 143 175 143 175 142 174 142 174 141 173 141 172 141 171 141 171 140 170 140 170 139
573 4569 532 5206.24 144 111 144 112 143 112
574 4542 532 5206.24 141 113 142 113 142 112 143 112
575 4586 534 3681.25 185 179 185 180 184 180 184 181 183 181 182 181 181 181 180 181 179 181 178 181 178 182
576 4564 534 3681.25 177 183 178 183 178 182
577 4576 535 26250 178 143 177 143 176 143
578 4566 535 26250 175 143 176 143
579 4590 539 5206.24 147 110 147 111 146 111 145 111
580 4569 539 5206.24 144 112 144 111 145 111
581 4584 540 137087 139 226 139 225 138 225
582 4570 540 137087 136 225 137 225 138 225
583 4551 541 411094 171 187 172 187 172 188 173 188 173 189 174 189
584 4618 541 411094 180 190 179 190 178 190 177 190 176 190 175 190 174 190 174 189
585 4588 542 26250 178 141 178 142 178 143
586 4576 542 26250 177 143 178 143
587 4591 543 inf 119 82 118 82 117 82
588 4563 543 inf 114 83 115 83 115 82 116 82 117 82
589 4491 543 2525 121 99 121 98 121 97 121 96 121 95 121 94 120 94 120 93 120 92 119 92 118 92 118 91 117 91 117 90 117 89 116 89 116 88 116 87 116 86 116 85 116 84 116 83 116 82 117 82
590 4595 547 137087 141 226 140 226
591 4584 547 137087 139 225 139 226 140 226
592 4534 549 7.40024e+06 186 169 187 169 188 169 188 170 189 170 190 170 191 170 191 171 192 171 193 171 193 172 194 172
593 4586 549 3681.25 185 180 185 179 185 178 185 177 185 176 185 175 185 174 185 173 185 172 185 171 186 171 187 171 187 170 188 170 189 170 190 170 191 170 191 171 192 171 193 171 193 172 194 172
594 4597 549 7.40024e+06 194 173 194 172
595 4612 550 162906 199 158 199 159 199 160 199 161 199 162 199 163 199 164 200 164 201 164 201 165
596 4598 550 162906 201 166 201 165
597 4604 552 26250 179 139 178 139 178 140
598 4588 552 26250 178 142 178 141 178 140
599 4623 554 5206.24 151 109 151 110 150 110 149 110 148 110
600 4590 554 5206.24 147 111 147 110 148 110
601 4617 555 inf 121 80 121 81 120 81 119 81
602 4591 555 inf 118 82 119 82 119 81
603 4622 557 5206.24 157 116 157 115 156 115 155 115 154 115
604 4666 557 5206.24 155 108 155 109 156 109 157 109 157 110 157 111 157 112 157 113 157 114 157 115 156 115 155 115 154 115
605 4638 564 411094 184 188 183 188 182 188
606 4618 564 411094 179 190 180 190 180 189 180 188 181 188 182 188
607 4597 565 7.40024e+06 194 172 194 173 194 174 195 174 195 175
608 4629 565 7.40024e+06 195 176 195 175
609 4630 566 3900 202 160 203 160 203 161
610 4619 566 3900 202 161 203 161
611 4630 567 3900 203 160 202 160
612 4669 567 3900 206 158 205 158 204 158 203 158 202 158 202 159 202 160
613 4632 568 162906 200 157 199 157
614 4612 568 162906 199 159 199 158 199 157
615 4642 570 inf 124 80 123 80 122 80
616 4617 570 inf 121 81 121 80 122 80
617 4658 575 5206.24 154 108 154 109 153 109 152 109
618 4623 575 5206.24 151 110 151 109 152 109
619 4643 576 162906 200 155 200 156 200 157 201 157
620 4632 576 162906 199 157 200 157 201 157
621 4668 578 1.35163e+08 159 217 158 217 158 216 157 216
622 4512 578 587931 150 203 150 204 150 205 150 206 150 207 150 208 150 209 150 210 150 211 151 211 151 212 152 212 153 212 154 212 154 213 155 213 155 214 155 215 156 215 156 216 157 216
623 4558 578 1.35163e+08 149 210 149 211 150 211 151 211 151 212 152 212 153 212 154 212 154 213 155 213 155 214 155 215 156 215 156 216 157 216
624 4704 578 137087 154 226 154 225 154 224 154 223 154 222 154 221 154 220 154 219 154 218 154 217 154 216 154 215 155 215 156 215 156 216 157 216
625 4660 579 162906 201 154 201 155 200 155
626 4643 579 162906 200 156 200 155
627 4673 584 inf 126 78 125 78 125 79 124 79
628 4642 584 inf 123 80 124 80 124 79
629 4666 588 5206.24 155 109 155 108 154 108
630 4658 588 5206.24 154 109 154 108
631 4670 590 162906 201 153 201 154
632 4660 590 162906 201 155 201 154
633 4678 591 162906 200 151 199 151 198 151
634 4663 591 162906 197 151 198 151
635 4671 592 162906 196 149 197 149 197 150
636 4663 592 162906 198 151 197 151 197 150
637 4683 593 1.35163e+08 162 216 161 216 160 216 160 217 159 217
638 4668 593 1.35163e+08 158 217 159 217
639 4715 594 411094 192 189 191 189 190 189 189 189 189 188 188 188
640 4638 594 411094 183 188 184 188 185 188 186 188 187 188 188 188
641 4629 595 7.40024e+06 195 175 195 176 196 176 197 176 197 177 198 177 198 178
642 4685 595 7.40024e+06 199 179 198 179 198 178
643 4691 597 3900 207 156 207 157 207 158 206 158
644 4669 597 3900 205 158 206 158
645 4670 598 162906 201 154 201 153 201 152 200 152
646 4678 598 162906 199 151 200 151 200 152
647 4679 599 162906 195 147 196 147 196 148
648 4671 599 162906 197 149 196 149 196 148
649 4679 600 162906 196 147 195 147
650 4697 600 162906 195 144 195 145 195 146 195 147
651 4703 604 inf 129 79 129 78 128 78 127 78 126 78
652 4794 604 9262.51 133 74 132 74 131 74 130 74 129 74 129 75 129 76 129 77 129 78 128 78 127 78 126 78
653 4673 604 inf 125 78 126 78
654 4687 606 137087 151 228 150 228
655 4595 606 137087 140 226 141 226 141 227 142 227 143 227 144 227 145 227 145 228 146 228 147 228 148 228 149 228 150 228
656 4700 608 26250 189 138 188 138
657 4604 608 26250 178 139 179 139 180 139 181 139 182 139 183 139 184 139 185 139 186 139 187 139 188 139 188 138
658 4771 610 1.35163e+08 168 218 168 217 167 217 166 217 165 217 164 217 164 216 163 216 162 216 162 217
659 4683 610 1.35163e+08 161 216 162 216 162 217
660 4690 612 inf 213 165 214 165
661 4716 612 inf 214 167 214 166 214 165
662 4718 613 inf 213 160 213 161 213 162
663 4690 613 inf 214 165 213 165 213 164 213 163 213 162
664 4698 616 162906 194 143 194 144 195 144
665 4697 616 162906 195 145 195 144
666 4710 617 inf 131 79 130 79
667 4703 617 inf 129 78 129 79 130 79
668 4704 618 137087 154 225 154 226 154 227 154 228 153 228 152 228
669 4687 618 137087 150 228 151 228 152 228
670 4685 623 7.40024e+06 198 179 199 179 200 179 201 179 201 180
671 4727 623 7.40024e+06 201 181 201 180
672 4748 629 14968.7 164 109 163 109 162 109
673 4702 629 14968.7 159 109 160 109 161 109 162 109
674 4757 630 inf 135 79 134 79 133 79 132 79
675 4710 630 inf 130 79 131 79 132 79
676 4759 634 411094 195 190 194 190 193 190 192 190
677 4715 634 411094 191 189 192 189 192 190
678 4735 635 162906 208 175 207 175
679 4619 635 3900 203 161 202 161 202 162 202 163 202 164 202 165 202 166 202 167 202 168 203 168 203 169 203 170 204 170 204 171 204 172 205 172 205 173 206 173 206 174 207 174 207 175
680 4598 635 162906 201 165 201 166 202 166 202 167 202 168 203 168 203 169 203 170 204 170 204 171 204 172 205 172 205 173 206 173 206 174 207 174 207 175
681 4738 636 inf 213 158 213 159
682 4718 636 inf 213 161 213 160 213 159
683 4728 637 3900 207 153 207 154 208 154
684 4691 637 3900 207 157 207 156 207 155 208 155 208 154
685 4743 638 18806.3 195 140 194 140
686 4744 638 18806.3 193 139 194 139 194 140
687 4744 639 18806.3 194 139 193 139
688 4745 639 18806.3 193 138 193 139
689 4716 642 inf 214 166 214 167 214 168 214 169
690 4754 642 inf 214 170 214 169
691 4778 643 162906 201 143 200 143 199 143 198 143
692 4755 643 162906 197 142 198 142 198 143
693 4755 644 162906 198 142 197 142
694 4742 644 162906 196 141 196 142 197 142
695 4743 645 18806.3 194 140 195 140 195 141 196 141
696 4698 645 162906 194 144 194 143 194 142 194 141 195 141 196 141
697 4742 645 162906 196 142 196 141
698 4768 647 inf 137 80 137 81 136 81
699 4750 647 inf 135 80 135 81 136 81
700 4773 650 7.40024e+06 203 183 203 182 202 182
701 4727 650 7.40024e+06 201 180 201 181 202 181 202 182
702 4761 651 162906 209 176 208 176
703 4735 651 162906 207 175 208 175 208 176
704 4781 656 6.65976e+06 180 122 179 122 178 122
705 4702 656 14968.7 160 109 159 109 159 110 159 111 159 112 159 113 159 114 159 115 159 116 159 117 160 117 161 117 161 118 162 118 163 118 164 118 165 118 166 118 167 118 168 118 169 118 169 119 170 119 171 119 172 119 172 120 173 120 174 120 174 121 175 121 176 121 177 121 177 122 178 122
706 4622 656 5206.24 157 115 157 116 157 117 158 117 159 117 160 117 161 117 161 118 162 118 163 118 164 118 165 118 166 118 167 118 168 118 169 118 169 119 170 119 171 119 172 119 172 120 173 120 174 120 174 121 175 121 176 121 177 121 177 122 178 122
707 4556 656 6.65976e+06 148 118 148 117 149 117 150 117 151 117 152 117 153 117 154 117 155 117 156 117 157 117 158 117 159 117 160 117 161 117 161 118 162 118 163 118 164 118 165 118 166 118 167 118 168 118 169 118 169 119 170 119 171 119 172 119 172 120 173 120 174 120 174 121 175 121 176 121 177 121 177 122 178 122
708 4757 657 inf 134 79 135 79
709 4750 657 inf 135 81 135 80 135 79
710 4780 660 26250 192 134 192 135 192 136 193 136
711 4700 660 26250 188 138 189 138 190 138 190 137 191 137 191 136 192 136 193 136
712 4745 660 18806.3 193 139 193 138 193 137 193 136
713 4792 661 6.65976e+06 182 123 181 123 180 123
714 4781 661 6.65976e+06 179 122 180 122 180 123
715 4761 663 162906 208 176 209 176 209 177
716 4785 663 162906 209 178 209 177
717 4787 664 162906 202 143 201 143
718 4778 664 162906 200 143 201 143
719 4791 665 6.65976e+06 183 124 182 124
720 4792 665 6.65976e+06 181 123 182 123 182 124
721 4771 668 1.35163e+08 168 217 168 218 169 218
722 4798 668 1.35163e+08 169 219 169 218
723 4759 669 411094 194 190 195 190 195 191 196 191
724 4812 669 411094 197 192 196 192 196 191
725 4773 671 7.40024e+06 203 182 203 183 204 183
726 4831 671 7.40024e+06 205 185 205 184 204 184 204 183
727 4816 674 162906 205 144 204 144 203 144
728 4787 674 162906 201 143 202 143 202 144 203 144
729 4805 676 6.65976e+06 185 125 184 125
730 4791 676 6.65976e+06 182 124 183 124 184 124 184 125
731 4768 677 inf 137 81 137 80 138 80 139 80
732 4793 677 inf 139 81 139 80
733 4815 679 162906 211 178 210 178
734 4785 679 162906 209 177 209 178 210 178
735 4822 682 inf 142 81 141 81
736 4793 682 inf 139 80 139 81 140 81 141 81
737 4840 684 9262.51 134 72 134 73 134 74
738 4794 684 9262.51 132 74 133 74 134 74
739 4826 686 1.35163e+08 171 219 170 219
740 4798 686 1.35163e+08 169 218 169 219 170 219
741 4812 689 411094 196 192 197 192
742 4843 689 411094 198 193 197 193 197 192
743 4754 692 inf 214 169 214 170 214 171 215 171 215 172 215 173 215 174
744 4853 692 inf 217 175 216 175 215 175 215 174
745 4855 693 6.65976e+06 189 125 188 125 187 125 187 126
746 4805 693 6.65976e+06 184 125 185 125 185 126 186 126 187 126
747 4870 695 inf 148 84 148 83 147 83 146 83 145 83 144 83 144 82 143 82
748 4880 695 3343.77 144 78 144 79 144 80 144 81 144 82 143 82
749 4822 695 inf 141 81 142 81 142 82 143 82
750 4831 698 7.40024e+06 205 184 205 185
751 4845 698 7.40024e+06 205 186 205 185
752 4851 700 411094 199 193 198 193
753 4843 700 411094 197 193 198 193
754 4866 701 7.40024e+06 205 188 205 187 204 187
755 4845 701 7.40024e+06 205 185 205 186 205 187 204 187
756 4861 707 9262.51 137 73 136 73 136 72 135 72
757 4840 707 9262.51 134 73 134 72 135 72
758 4855 710 6.65976e+06 188 125 189 125
759 4780 710 26250 192 135 192 134 192 133 192 132 193 132 193 131 193 130 193 129 193 128 193 127 192 127 191 127 191 126 190 126 189 126 189 125
760 4900 710 6.65976e+06 195 127 194 127 193 127 192 127 191 127 191 126 190 126 189 126 189 125
761 4878 715 inf 151 85 150 85 150 84 149 84
762 4870 715 inf 148 83 148 84 149 84
763 4888 720 14968.7 171 104 170 104
764 4748 720 14968.7 163 109 164 109 165 109 166 109 166 108 167 108 167 107 167 106 167 105 167 104 168 104 169 104 170 104
765 4889 721 inf 152 86 152 85 151 85
766 4878 721 inf 150 85 151 85
767 4895 724 411094 204 192 203 192
768 4851 724 411094 198 193 199 193 200 193 201 193 202 193 203 193 203 192
769 4815 727 162906 210 178 211 178 212 178 212 179 213 179 214 179 214 180 215 180
770 4898 727 162906 215 181 215 180
771 4903 728 inf 154 87 154 86 153 86
772 4889 728 inf 152 85 152 86 153 86
773 4826 731 1.35163e+08 170 219 171 219 171 220 171 221 171 222 172 222 172 223 173 223 174 223
774 4911 731 1.35163e+08 174 224 174 223
775 4914 733 7.40024e+06 209 189 208 189
776 4866 733 7.40024e+06 205 187 205 188 205 189 206 189 207 189 208 189
777 4917 735 162906 216 182 215 182
778 4898 735 162906 215 180 215 181 215 182
779 4919 736 14968.7 181 112 181 111 180 111
780 4920 736 14968.7 178 108 178 109 179 109 179 110 180 110 180 111
781 4920 737 14968.7 178 109 178 108 177 108
782 4909 737 14968.7 176 107 176 108 177 108
783 4888 738 14968.7 170 104 171 104 171 105 172 105 173 105 173 106 174 106 175 106 175 107 176 107
784 4909 738 14968.7 176 108 176 107
785 4921 739 inf 157 88 157 87 156 87
786 4949 739 8925.01 158 85 157 85 156 85 156 86 156 87
787 4903 739 inf 154 86 154 87 155 87 156 87
788 4927 742 14968.7 184 113 183 113
789 4918 742 14968.7 182 112 182 113 183 113
790 4919 743 14968.7 181 111 181 112 182 112
791 4918 743 14968.7 182 113 182 112
792 4929 744 inf 159 89 159 88 158 88
793 4955 744 2737.49 160 86 159 86 159 87 159 88 158 88
794 4921 744 inf 157 87 157 88 158 88
795 4939 745 9262.51 144 73 144 72 143 72 142 72
796 4861 745 9262.51 136 73 137 73 138 73 139 73 140 73 141 73 141 72 142 72
797 4853 750 inf 216 175 217 175 217 176 217 177 217 178 217 179 217 180 217 181 217 182 216 182 216 183
798 4917 750 162906 215 182 216 182 216 183
799 4953 750 inf 217 185 216 185 216 184 216 183
800 4935 754 inf 161 90 161 89 160 89
801 4929 754 inf 159 88 159 89 160 89
802 4958 755 9262.51 147 73 146 73 145 73 144 73
803 4939 755 9262.51 144 72 144 73
804 4945 758 14968.7 187 114 186 114
805 4946 758 14968.7 185 113 186 113 186 114
806 4946 759 14968.7 186 113 185 113
807 4927 759 14968.7 183 113 184 113 185 113
808 4963 763 inf 166 91 165 91 164 91 163 91
809 4948 763 inf 163 90 163 91
810 4948 764 inf 163 91 163 90 162 90
811 4935 764 inf 161 89 161 90 162 90
812 4959 767 1.35163e+08 178 225 177 225
813 4911 767 1.35163e+08 174 223 174 224 175 224 176 224 176 225 177 225
814 4945 769 14968.7 186 114 187 114 188 114
815 4954 769 14968.7 188 115 188 114
816 4966 770 2737.49 160 85 160 86
817 4955 770 2737.49 159 86 160 86
818 4976 775 2756.25 197 207 197 208 196 208
819 4975 775 2756.25 195 209 196 209 196 208
820 4977 776 2756.25 198 206 198 207 197 207
821 4976 776 2756.25 197 208 197 207
822 4970 777 2756.25 198 205 198 206
823 4977 777 2756.25 198 207 198 206
824 4982 779 inf 167 90 166 90
825 4983 779 23700 165 88 165 89 165 90 166 90
826 4963 779 inf 165 91 166 91 166 90
827 5009 780 9262.51 152 73 151 73 151 74 150 74
828 4958 780 9262.51 146 73 147 73 148 73 148 74 149 74 150 74
829 4880 780 3343.77 144 79 144 78 145 78 145 77 145 76 146 76 147 76 148 76 149 76 150 76 150 75 150 74
830 4959 781 1.35163e+08 177 225 178 225 178 226 179 226
831 5002 781 1.35163e+08 180 227 179 227 179 226
832 4989 782 2756.25 195 211 194 211 194 212 193 212
833 4988 782 2756.25 193 213 193 212
834 4975 783 2756.25 196 209 195 209 195 210
835 4989 783 2756.25 194 211 195 211 195 210
836 4953 785 inf 216 185 217 185 217 186 217 187 217 188 216 188 216 189
837 5003 785 inf 217 190 216 190 216 189
838 4993 786 84075 227 150 227 149 226 149
839 4994 786 84075 225 148 226 148 226 149
840 4994 787 84075 226 148 225 148
841 4995 787 84075 225 147 225 148
842 5007 789 19118.8 166 87 165 87 165 88
843 4984 789 23700 164 87 164 88 165 88
844 4983 789 23700 165 89 165 88
845 4998 790 23700 162 84 162 85 163 85 164 85 164 86 164 87
846 4984 790 23700 164 88 164 87
847 4998 791 23700 162 85 162 84 161 84
848 4985 791 23700 160 83 160 84 161 84
849 4949 791 8925.01 157 85 158 85 159 85 160 85 160 84 161 84
850 4966 791 2737.49 160 86 160 85 160 84 161 84
851 4999 792 23700 158 80 158 81 158 82 158 83 159 83 160 83
852 4985 792 23700 160 84 160 83
853 4999 793 23700 158 81 158 80 157 80
854 4986 793 23700 156 79 156 80 157 80
855 4993 795 84075 227 149 227 150 228 150
856 4992 795 84075 229 151 228 151 228 150
857 5012 796 84075 224 144 224 145 224 146
858 4995 796 84075 225 148 225 147 224 147 224 146
859 5006 799 inf 169 91 169 90 168 90
860 4982 799 inf 166 90 167 90 168 90
861 5000 800 23700 155 77 155 78 156 78
862 4986 800 23700 156 80 156 79 156 78
863 5037 801 1.35163e+08 183 229 182 229 182 228 181 228 181 227 180 227
864 5002 801 1.35163e+08 179 227 180 227
865 5016 802 1.20112e+07 186 223 186 222 185 222
866 5015 802 1.20112e+07 185 224 185 223 185 222
867 5033 804 19118.8 169 86 168 86 167 86 167 87 166 87
868 5034 804 3937.5 166 83 166 84 166 85 166 86 166 87
869 5007 804 19118.8 165 87 166 87
870 5014 805 9262.51 153 74 153 73 152 73
871 5009 805 9262.51 151 73 152 73
872 5029 806 inf 175 92 174 92 173 92 172 92 172 91 171 91
873 5030 806 23700 174 91 173 91 172 91 171 91
874 5006 806 inf 169 90 169 91 170 91 171 91
875 5000 807 23700 155 78 155 77 155 76 155 75 155 74 154 74
876 5026 807 23700 156 74 155 74 154 74
877 5014 807 9262.51 153 73 153 74 154 74
878 5027 808 1.20112e+07 187 224 187 223 186 223
879 5016 808 1.20112e+07 186 222 186 223
880 5023 810 inf 218 192 217 192
881 5003 810 inf 216 190 217 190 217 191 217 192
882 5039 814 7.40024e+06 217 195 216 195
883 4914 814 7.40024e+06 208 189 209 189 210 189 210 190 210 191 210 192 211 192 212 192 213 192 214 192 215 192 215 193 215 194 216 194 216 195
884 4895 814 411094 203 192 204 192 205 192 206 192 207 192 208 192 209 192 210 192 211 192 212 192 213 192 214 192 215 192 215 193 215 194 216 194 216 195
885 5053 815 23700 175 89 174 89 174 90 174 91
886 5030 815 23700 173 91 174 91
887 5059 816 3937.5 170 83 169 83 168 83 167 83 166 83
888 5034 816 3937.5 166 84 166 83
889 5046 818 1.35163e+08 184 230 184 229 183 229
890 5015 818 1.20112e+07 185 223 185 224 185 225 185 226 185 227 185 228 185 229 184 229 183 229
891 5037 818 1.35163e+08 182 229 183 229
892 5038 819 1.20112e+07 189 223 188 223 188 224
893 5027 819 1.20112e+07 187 223 187 224 188 224
894 5023 820 inf 217 192 218 192 218 193 218 194
895 5048 820 inf 218 196 218 195 218 194
896 5052 822 inf 178 92 177 92 176 92
897 5029 822 inf 174 92 175 92 176 92
898 5045 823 23700 158 73 158 74
899 5026 823 23700 155 74 156 74 157 74 158 74
900 5047 824 1.20112e+07 191 223 190 223
901 5038 824 1.20112e+07 188 223 189 223 190 223
902 5041 825 8.51444e+07 240 156 241 156
903 5050 825 8.51444e+07 243 158 243 157 242 157 241 157 241 156
904 5042 826 8.51444e+07 239 155 240 155
905 5041 826 8.51444e+07 241 156 240 156 240 155
906 5043 827 8.51444e+07 238 154 239 154
907 5042 827 8.51444e+07 240 155 239 155 239 154
908 5051 828 8.51444e+07 230 144 230 145 230 146 231 146 231 147 232 147 232 148 233 148
909 4992 828 84075 228 151 229 151 230 151 231 151 231 150 232 150 232 149 232 148 233 148
910 5043 828 8.51444e+07 239 154 238 154 238 153 238 152 237 152 237 151 236 151 236 150 235 150 234 150 234 149 233 149 233 148
911 5145 829 1.35163e+08 188 239 188 238 188 237 188 236 188 235 188 234 188 233 188 232 187 232 186 232 186 231 185 231 185 230 184 230
912 5255 829 36368.7 206 239 205 239 204 239 203 239 202 239 201 239 200 239 199 239 198 239 197 239 196 239 196 238 195 238 195 237 194 237 194 236 193 236 192 236 192 235 191 235 191 234 190 234 189 234 189 233 188 233 188 232 187 232 186 232 186 231 185 231 185 230 184 230
913 5046 829 1.35163e+08 184 229 184 230
914 5050 831 8.51444e+07 243 157 243 158 244 158
915 5129 831 60756.2 242 181 242 180 242 179 242 178 242 177 242 176 242 175 242 174 242 173 242 172 242 171 243 171 243 170 243 169 243 168 243 167 243 166 243 165 243 164 243 163 243 162 243 161 243 160 243 159 243 158 244 158
916 5049 831 8.51444e+07 245 159 244 159 244 158
917 5063 832 8.51444e+07 230 142 230 143 230 144
918 5051 832 8.51444e+07 230 145 230 144
919 5057 833 inf 180 93 179 93
920 5052 833 inf 177 92 178 92 178 93 179 93
921 5058 834 19118.8 174 87 173 87 173 86 172 86
922 5059 834 3937.5 169 83 170 83 170 84 171 84 171 85 171 86 172 86
923 5033 834 19118.8 168 86 169 86 170 86 171 86 172 86
924 5068 836 23700 159 71 158 71 158 72
925 5045 836 23700 158 74 158 73 158 72
926 5048 837 inf 218 195 218 196 218 197
927 5039 837 7.40024e+06 216 195 217 195 217 196 217 197 218 197
928 4970 837 2756.25 198 206 198 205 198 204 198 203 198 202 198 201 198 200 198 199 198 198 199 198 200 198 201 198 202 198 203 198 204 198 205 198 205 197 206 197 206 196 207 196 208 196 209 196 210 196 211 196 212 196 213 196 214 196 215 196 216 196 217 196 217 197 218 197
929 5061 837 inf 218 198 218 197
930 5176 839 7.94517e+06 258 156 257 156 256 156 255 156 254 156 254 157 254 158 254 159 254 160 253 160 252 160 251 160 250 160 249 160 248 160 247 160
931 5056 839 8.51444e+07 246 160 247 160
932 5069 839 8.51444e+07 252 164 252 163 251 163 250 163 249 163 249 162 248 162 248 161 247 161 247 160
933 5049 840 8.51444e+07 244 159 245 159 246 159
934 5056 840 8.51444e+07 247 160 246 160 246 159
935 5064 841 inf 213 125 212 125
936 5073 841 inf 210 121 210 122 211 122 211 123 211 124 212 124 212 125
937 5169 842 8.51444e+07 254 175 254 174 253 174 253 173 253 172 253 171 253 170 253 169 253 168 253 167 253 166 253 165 253 164 252 164
938 5069 842 8.51444e+07 252 163 252 164
939 5156 842 35312.5 252 176 252 175 252 174 252 173 252 172 252 171 252 170 252 169 252 168 252 167 252 166 252 165 252 164
940 5012 843 84075 224 145 224 144 224 143 224 142 224 141 224 140 224 139 224 138 224 137 223 137 223 136 222 136 222 135 222 134 221 134 221 133 221 132 221 131 220 131 219 131
941 5063 843 8.51444e+07 230 143 230 142 229 142 229 141 228 141 228 140 227 140 227 139 226 139 226 138 225 138 224 138 224 137 223 137 223 136 222 136 222 135 222 134 221 134 221 133 221 132 221 131 220 131 219 131
942 5071 843 8.51444e+07 219 130 219 131
943 5072 844 inf 214 126 215 126 215 127 216 127 216 128
944 4816 844 162906 204 144 205 144 206 144 207 144 208 144 209 144 210 144 211 144 212 144 213 144 214 144 215 144 216 144 217 144 217 143 217 142 217 141 217 140 217 139 217 138 217 137 217 136 217 135 217 134 217 133 217 132 217 131 217 130 217 129 216 129 216 128
945 4728 844 3900 207 154 207 153 207 152 207 151 207 150 207 149 207 148 207 147 208 147 209 147 210 147 211 147 212 147 213 147 214 147 215 147 215 146 216 146 217 146 217 145 218 145 218 144 218 143 218 142 218 141 218 140 218 139 218 138 218 137 218 136 218 135 218 134 218 133 218 132 218 131 218 130 217 130 217 129 216 129 216 128
946 4738 844 inf 213 159 213 158 213 157 214 157 214 156 215 156 215 155 216 155 216 154 216 153 216 152 216 151 216 150 216 149 216 148 216 147 216 146 217 146 217 145 218 145 218 144 218 143 218 142 218 141 218 140 218 139 218 138 218 137 218 136 218 135 218 134 218 133 218 132 218 131 218 130 217 130 217 129 216 129 216 128
947 5071 844 8.51444e+07 219 131 219 130 218 130 217 130 217 129 216 129 216 128
948 5072 845 inf 215 126 214 126
949 5064 845 inf 212 125 213 125 213 126 214 126
950 4900 845 6.65976e+06 194 127 195 127 196 127 197 127 198 127 199 127 200 127 201 127 202 127 203 127 204 127 205 127 206 127 207 127 208 127 209 127 210 127 211 127 212 127 213 127 213 126 214 126
951 5081 846 inf 183 94 182 94
952 5057 846 inf 179 93 180 93 180 94 181 94 182 94
953 5084 847 23700 177 88 176 88
954 5053 847 23700 174 89 175 89 176 89 176 88
955 5074 849 inf 204 115 204 116 205 116 205 117 206 117 206 118 207 118 207 119 208 119 209 119 209 120 210 120 210 121
956 4954 849 14968.7 188 114 188 115 189 115 190 115 191 115 191 116 192 116 193 116 194 116 195 116 196 116 197 116 198 116 199 116 200 116 201 116 202 116 203 116 204 116 205 116 205 117 206 117 206 118 207 118 207 119 208 119 209 119 209 120 210 120 210 121
957 5073 849 inf 210 122 210 121
958 5075 850 inf 203 114 203 115 204 115
959 5074 850 inf 204 116 204 115
960 5076 851 inf 202 113 202 114 203 114
961 5075 851 inf 203 115 203 114
962 5090 852 inf 201 112 202 112 202 113
963 5076 852 inf 202 114 202 113
964 5090 853 inf 202 112 201 112
965 5077 853 inf 200 111 200 112 201 112
966 5078 854 inf 199 110 199 111 200 111
967 5077 854 inf 200 112 200 111
968 5079 855 inf 198 109 198 110 199 110
969 5078 855 inf 199 111 199 110
970 5080 856 inf 197 108 197 109 198 109
971 5079 856 inf 198 110 198 109
972 5091 857 inf 196 107 197 107 197 108
973 5080 857 inf 197 109 197 108
974 5096 858 inf 187 98 187 97 186 97 186 96 185 96
975 5133 858 7018.75 187 91 186 91 186 92 186 93 186 94 186 95 186 96 185 96
976 5097 858 inf 185 95 185 96
977 5097 859 inf 185 96 185 95 184 95
978 5081 859 inf 182 94 183 94 183 95 184 95
979 5109 861 23700 161 70 161 71 160 71
980 5068 861 23700 158 71 159 71 160 71
981 5061 862 inf 218 197 218 198 219 198 219 199
982 5131 862 inf 221 203 221 202 220 202 220 201 220 200 219 200 219 199
983 5146 862 4512.47 224 203 224 202 223 202 223 201 222 201 221 201 220 201 220 200 219 200 219 199
984 5142 864 9287.5 200 102 199 102 199 103 198 103 198 104 197 104 197 105 197 106 196 106
985 5092 864 inf 195 105 195 106 196 106
986 5091 864 inf 197 107 196 107 196 106
987 5093 865 inf 194 105 195 105
988 5092 865 inf 195 106 195 105
989 5094 866 inf 193 103 193 104 194 104
990 5093 866 inf 195 105 194 105 194 104
991 5095 867 inf 192 103 193 103
992 5094 867 inf 193 104 193 103
993 5105 868 inf 189 98 188 98
994 5096 868 inf 187 97 187 98 188 98
995 5103 878 inf 191 101 192 101
996 5095 878 inf 193 103 192 103 192 102 192 101
997 5138 879 9287.5 194 97 194 98 193 98 193 99 192 99 191 99 191 100
998 5104 879 inf 190 99 190 100 191 100
999 5103 879 inf 192 101 191 101 191 100
1000 5105 880 inf 188 98 189 98 189 99 190 99
1001 5104 880 inf 190 100 190 99
1002 5153 881 23700 183 84 183 85 182 85 182 86 181 86 180 86 179 86 178 86 178 87
1003 5058 881 19118.8 173 87 174 87 175 87 176 87 177 87 178 87
1004 5084 881 23700 176 88 177 88 177 87 178 87
1005 5109 883 23700 161 71 161 70 162 70
1006 5128 883 23700 167 74 167 73 166 73 165 73 164 73 163 73 162 73 162 72 162 71 162 70
1007 5139 894 23700 171 74 170 74 169 74 168 74 167 74
1008 5128 894 23700 167 73 167 74
1009 5163 895 1.20112e+07 207 222 207 221 206 221 205 221 204 221 203 221 202 221 201 221
1010 4988 895 2756.25 193 212 193 213 193 214 193 215 192 215 192 216 192 217 192 218 192 219 192 220 193 220 194 220 194 221 195 221 196 221 197 221 198 221 199 221 200 221 201 221
1011 5047 895 1.20112e+07 190 223 191 223 192 223 193 223 193 222 194 222 195 222 196 222 197 222 198 222 199 222 200 222 201 222 201 221
1012 5131 899 inf 221 202 221 203
1013 5184 899 inf 223 208 222 208 222 207 222 206 222 205 222 204 221 204 221 203
1014 5141 900 60756.2 242 184 242 183 241 183
1015 5136 900 60756.2 242 182 242 183 241 183
1016 5129 901 60756.2 242 180 242 181 242 182
1017 5136 901 60756.2 242 183 242 182
1018 5150 903 7018.75 191 92 190 92 189 92 188 92 188 91 187 91
1019 5151 903 5143.7 189 90 189 91 188 91 187 91
1020 5133 903 7018.75 186 91 187 91
1021 5185 905 60756.2 243 188 243 187 243 186 243 185 243 184 242 184
1022 5141 905 60756.2 242 183 242 184
1023 5149 906 9287.5 199 101 200 101 200 102
1024 5142 906 9287.5 199 102 200 102
1025 5149 907 9287.5 200 101 199 101
1026 5157 907 9287.5 199 99 199 100 199 101
1027 5154 908 23700 175 76 174 76
1028 5144 908 23700 172 75 173 75 173 76 174 76
1029 5139 909 23700 170 74 171 74 172 74
1030 5144 909 23700 173 75 172 75 172 74
1031 5224 911 35312.5 252 185 252 184 252 183 252 182 252 181 252 180 252 179 252 178 252 177 252 176 251 176
1032 5156 911 35312.5 252 175 252 176 251 176
1033 5158 912 9287.5 195 95 195 96
1034 5138 912 9287.5 194 98 194 97 194 96 195 96
1035 5159 913 7018.75 191 91 191 92
1036 5150 913 7018.75 190 92 191 92
1037 5171 914 5143.7 189 88 189 89 189 90
1038 5151 914 5143.7 189 91 189 90
1039 5146 916 4512.47 224 202 224 203 225 203
1040 5164 916 4512.47 225 204 225 203
1041 5182 919 5143.7 189 88 189 87 188 87 187 87
1042 5172 919 5143.7 187 86 187 87
1043 5190 923 23700 181 78 181 79 181 80 181 81 182 81 182 82 183 82 184 82 184 83
1044 5153 923 23700 183 85 183 84 184 84 184 83
1045 5172 923 5143.7 187 87 187 86 186 86 186 85 185 85 185 84 184 84 184 83
1046 5183 924 23700 179 78 179 77 178 77
1047 5154 924 23700 174 76 175 76 175 77 176 77 177 77 178 77
1048 5185 925 60756.2 243 187 243 188 242 188
1049 5192 925 26325 234 198 234 197 234 196 234 195 234 194 235 194 236 194 237 194 237 193 237 192 238 192 239 192 240 192 240 191 240 190 240 189 240 188 241 188 242 188
1050 5222 925 60756.2 242 195 242 194 242 193 242 192 242 191 242 190 242 189 242 188
1051 5189 928 9287.5 198 96 198 95 197 95
1052 5180 928 7018.75 196 94 196 95 197 95
1053 5158 928 9287.5 195 96 195 95 196 95 197 95
1054 5159 929 7018.75 191 92 191 91 192 91 193 91 193 92 194 92 194 93 195 93 195 94 196 94
1055 5180 929 7018.75 196 95 196 94
1056 5182 931 5143.7 189 87 189 88 190 88
1057 5171 931 5143.7 189 89 189 88 190 88
1058 5226 933 1.82343e+06 259 178 259 177 258 177 258 176 257 176 257 175 256 175
1059 5251 933 8.51444e+07 266 178 265 178 265 177 264 177 263 177 262 177 261 177 260 177 259 177 258 177 258 176 257 176 257 175 256 175
1060 5169 933 8.51444e+07 254 174 254 175 255 175 256 175
1061 5201 934 7.94517e+06 259 154 259 155 258 155
1062 5176 934 7.94517e+06 257 156 258 156 258 155
1063 5188 936 9287.5 199 96 199 97 200 97
1064 5157 936 9287.5 199 100 199 99 199 98 200 98 200 97
1065 5189 937 9287.5 198 95 198 96 199 96
1066 5188 937 9287.5 199 97 199 96
1067 5183 938 23700 179 77 179 78 180 78 181 78
1068 5190 938 23700 181 79 181 78
1069 5208 940 inf 224 210 224 209 223 209
1070 5184 940 inf 222 208 223 208 223 209
1071 5209 941 26325 234 199 234 200 234 201 234 202 234 203 234 204 233 204 233 205 232 205 231 205 230 205 229 205 228 205 227 205 226 205 226 206
1072 5164 941 4512.47 225 203 225 204 226 204 226 205 226 206
1073 5200 941 26325 226 207 226 206
1074 5192 946 26325 234 197 234 198 234 199
1075 5209 946 26325 234 200 234 199
1076 5216 949 1.35163e+08 192 243 191 243
1077 5145 949 1.35163e+08 188 238 188 239 189 239 189 240 190 240 190 241 191 241 191 242 191 243
1078 5217 950 1.20112e+07 212 223 211 223 210 223 210 224
1079 5163 950 1.20112e+07 207 221 207 222 208 222 208 223 209 223 209 224 210 224
1080 5208 956 inf 224 209 224 210 225 210
1081 5220 956 inf 225 211 225 210
1082 5221 957 26325 228 208 227 208
1083 5200 957 26325 226 206 226 207 227 207 227 208
1084 5221 959 26325 227 208 228 208 228 209
1085 5229 959 26325 228 210 228 209
1086 5222 960 60756.2 242 194 242 195
1087 5240 960 60756.2 244 197 243 197 243 196 242 196 242 195
1088 5248 962 35312.5 254 189 253 189 253 188 253 187 253 186 253 185 252 185
1089 5224 962 35312.5 252 184 252 185
1090 5250 963 1.82343e+06 262 182 262 181 262 180 261 180 261 179 260 179 260 178 259 178
1091 5226 963 1.82343e+06 259 177 259 178
1092 5217 964 1.20112e+07 211 223 212 223 213 223 214 223 215 223
1093 5230 964 1.20112e+07 215 224 215 223
1094 5231 965 inf 227 212 226 212
1095 5220 965 inf 225 210 225 211 226 211 226 212
1096 5201 967 7.94517e+06 259 155 259 154 260 154 261 154 262 154 263 154 263 153
1097 5232 967 7.94517e+06 264 153 263 153
1098 5238 970 26325 230 211 229 211
1099 5229 970 26325 228 209 228 210 229 210 229 211
1100 5240 975 60756.2 243 197 244 197
1101 5272 975 60756.2 244 203 244 202 244 201 244 200 244 199 244 198 244 197
1102 5244 977 1.35163e+08 195 248 194 248
1103 5216 977 1.35163e+08 191 243 192 243 192 244 192 245 193 245 193 246 194 246 194 247 194 248
1104 5238 979 26325 229 211 230 211 230 212
1105 5231 979 inf 226 212 227 212 228 212 229 212 230 212
1106 5258 979 inf 230 215 230 214 230 213 230 212
1107 5232 982 7.94517e+06 263 153 264 153 265 153 266 153 267 153
1108 5268 982 7.94517e+06 270 152 269 152 269 153 268 153 267 153
1109 5244 985 1.35163e+08 194 248 195 248 195 249
1110 5253 985 1.35163e+08 195 250 195 249
1111 5265 986 35312.5 255 191 255 190 254 190
1112 5248 986 35312.5 253 189 254 189 254 190
1113 5251 987 8.51444e+07 265 178 266 178
1114 5266 987 8.51444e+07 267 179 266 179 266 178
1115 5271 990 36368.7 208 239 207 239 206 239
1116 5255 990 36368.7 205 239 206 239
1117 5273 993 1.82343e+06 264 183 264 182 263 182
1118 5250 993 1.82343e+06 262 181 262 182 263 182
1119 5253 994 1.35163e+08 195 249 195 250 196 250
1120 5269 994 1.35163e+08 196 251 196 250
1121 5265 996 35312.5 255 190 255 191
1122 5315 996 35312.5 259 196 259 195 258 195 258 194 257 194 257 193 256 193 256 192 255 192 255 191
1123 5266 997 8.51444e+07 266 179 267 179
1124 5286 997 8.51444e+07 270 180 269 180 268 180 267 180 267 179
1125 5281 998 7.94517e+06 273 152 272 152 271 152 270 152
1126 5268 998 7.94517e+06 269 152 270 152
1127 5276 999 36368.7 210 239 209 239 208 239
1128 5271 999 36368.7 207 239 208 239
1129 5258 1000 inf 230 214 230 215 231 215 231 216
1130 5284 1000 inf 231 219 231 218 231 217 231 216
1131 5277 1001 60756.2 245 204 245 203 244 203
1132 5272 1001 60756.2 244 202 244 203
1133 5279 1002 1.82343e+06 265 184 265 183 264 183
1134 5273 1002 1.82343e+06 264 182 264 183
1135 5282 1006 1.20112e+07 226 224 225 224
1136 5230 1006 1.20112e+07 215 223 215 224 216 224 217 224 218 224 219 224 220 224 221 224 222 224 223 224 224 224 225 224
1137 5263 1006 8868.75 211 234 212 234 212 233 213 233 213 232 213 231 213 230 213 229 213 228 213 227 213 226 214 226 215 226 216 226 217 226 218 226 219 226 220 226 221 226 222 226 223 226 224 226 224 225 224 224 225 224
1138 5277 1008 60756.2 245 203 245 204
1139 5289 1008 60756.2 245 206 245 205 245 204
1140 5371 1009 1.82343e+06 273 191 272 191 272 190 271 190 271 189 270 189 270 188 270 187 270 186 269 186 268 186 268 185 267 185 266 185 266 184 265 184
1141 5279 1009 1.82343e+06 265 183 265 184
1142 5314 1010 36368.7 215 240 215 239 214 239 213 239 212 239 211 239
1143 5263 1010 8868.75 212 234 211 234 211 235 211 236 211 237 211 238 211 239
1144 5276 1010 36368.7 209 239 210 239 211 239
1145 5286 1012 8.51444e+07 269 180 270 180
1146 5302 1012 8.51444e+07 270 183 270 182 270 181 270 180
1147 5284 1015 inf 231 218 231 219 231 220
1148 5296 1015 inf 231 222 231 221 231 220
1149 5299 1016 60756.2 247 206 246 206 245 206
1150 5289 1016 60756.2 245 205 245 206
1151 5305 1022 7.94517e+06 276 152 276 151 275 151
1152 5281 1022 7.94517e+06 272 152 273 152 273 151 274 151 275 151
1153 5299 1027 60756.2 246 206 247 206
1154 5326 1027 60756.2 248 209 248 208 248 207 247 207 247 206
1155 5334 1028 8.51444e+07 274 184 273 184 272 184 271 184 271 183 270 183
1156 5302 1028 8.51444e+07 270 182 270 183
1157 5330 1033 7.94517e+06 281 152 280 152 279 152
1158 5305 1033 7.94517e+06 276 151 276 152 277 152 278 152 279 152
1159 5351 1034 36368.7 220 241 219 241 219 240 218 240 217 240 216 240
1160 5314 1034 36368.7 215 239 215 240 216 240
1161 5315 1035 35312.5 259 195 259 196 260 196
1162 5341 1035 35312.5 261 198 261 197 260 197 260 196
1163 5332 1036 1.20112e+07 231 227 230 227
1164 5282 1036 1.20112e+07 225 224 226 224 227 224 228 224 228 225 229 225 229 226 230 226 230 227
1165 5338 1040 inf 233 226 232 226
1166 5340 1040 60756.2 245 213 245 214 244 214 244 215 244 216 244 217 244 218 244 219 244 220 244 221 243 221 242 221 241 221 241 222 241 223 240 223 239 223 238 223 237 223 236 223 235 223 234 223 233 223 233 224 232 224 232 225 232 226
1167 5296 1040 inf 231 221 231 222 232 222 232 223 232 224 232 225 232 226
1168 5339 1041 60756.2 246 213 245 213
1169 5340 1041 60756.2 245 214 245 213
1170 5326 1042 60756.2 248 208 248 209 248 210
1171 5339 1042 60756.2 245 213 246 213 247 213 247 212 247 211 248 211 248 210
1172 5335 1043 8.51444e+07 275 183 274 183 274 184
1173 5334 1043 8.51444e+07 273 184 274 184
1174 5332 1044 1.20112e+07 230 227 231 227 231 228
1175 5346 1044 1.20112e+07 231 229 231 228
1176 5353 1045 8.51444e+07 279 182 278 182 278 183 277 183 276 183
1177 5335 1045 8.51444e+07 274 183 275 183 276 183
1178 5330 1048 7.94517e+06 280 152 281 152 281 153 282 153 283 153 283 154 284 154 285 154
1179 5345 1048 7.94517e+06 285 155 285 154
1180 5341 1050 35312.5 261 197 261 198 262 198
1181 5358 1050 35312.5 263 199 262 199 262 198
1182 5345 1051 7.94517e+06 285 154 285 155 286 155 287 155
1183 5350 1051 7.94517e+06 287 156 287 155
1184 5269 1052 1.35163e+08 196 250 196 251 197 251 197 252 198 252 199 252 199 253 200 253 200 254 201 254 201 255 202 255 202 256 203 256 203 257 204 257
1185 5361 1052 1.35163e+08 205 258 204 258 204 257
1186 5352 1053 inf 232 228 232 229
1187 5346 1053 1.20112e+07 231 228 231 229 232 229
1188 5362 1053 inf 233 230 232 230 232 229
1189 5338 1054 inf 232 226 233 226 233 227 233 228
1190 5352 1054 inf 232 229 232 228 233 228
1191 5378 1055 8.51444e+07 283 182 282 182 281 182 280 182 279 182
1192 5353 1055 8.51444e+07 278 182 279 182
1193 5350 1057 7.94517e+06 287 155 287 156 288 156 289 156
1194 5349 1057 7.94517e+06 290 158 289 158 289 157 289 156
1195 5389 1058 36368.7 225 241 225 242 224 242 223 242 222 242 222 241 221 241
1196 5351 1058 36368.7 219 241 220 241 221 241
1197 5358 1059 35312.5 262 199 263 199
1198 5364 1059 35312.5 263 200 263 199
1199 5349 1061 7.94517e+06 289 158 290 158 291 158 291 157
1200 5374 1061 7.94517e+06 295 159 294 159 294 158 293 158 292 158 291 158 291 157
1201 5381 1062 1.35163e+08 207 259 206 259 206 258 205 258
1202 5361 1062 1.35163e+08 204 258 205 258
1203 5362 1063 inf 232 230 233 230
1204 5383 1063 inf 235 231 234 231 233 231 233 230
1205 5364 1067 35312.5 263 199 263 200 264 200
1206 5386 1067 35312.5 265 201 264 201 264 200
1207 5380 1068 7.94517e+06 299 162 298 162 298 161 297 161 297 160 296 160 296 159 295 159
1208 5374 1068 7.94517e+06 294 159 295 159
1209 5391 1073 1.82343e+06 275 192 275 191 274 191
1210 5371 1073 1.82343e+06 272 191 273 191 274 191
1211 5378 1075 8.51444e+07 282 182 283 182
1212 5392 1075 8.51444e+07 284 183 283 183 283 182
1213 5380 1076 7.94517e+06 298 162 299 162
1214 5379 1076 7.94517e+06 300 163 299 163 299 162
1215 5381 1077 1.35163e+08 206 259 207 259
1216 5397 1077 1.35163e+08 208 260 207 260 207 259
1217 5401 1079 35312.5 266 202 266 201 265 201
1218 5386 1079 35312.5 264 201 265 201
1219 5405 1084 3743.74 236 233 236 232 235 232
1220 5404 1084 inf 237 232 236 232 235 232
1221 5383 1084 inf 234 231 235 231 235 232
1222 5403 1084 36368.7 235 234 235 233 235 232
1223 5408 1086 63743.7 276 193 276 192 275 192
1224 5391 1086 1.82343e+06 275 191 275 192
1225 5413 1086 304238 268 201 269 201 270 201 271 201 272 201 272 200 273 200 273 199 273 198 273 197 274 197 274 196 275 196 275 195 275 194 275 193 275 192
1226 5518 1086 1.82343e+06 275 218 275 217 275 216 275 215 275 214 275 213 275 212 275 211 275 210 275 209 275 208 275 207 275 206 275 205 275 204 275 203 275 202 275 201 275 200 275 199 275 198 275 197 275 196 275 195 275 194 275 193 275 192
1227 5397 1089 1.35163e+08 207 260 208 260
1228 5411 1089 1.35163e+08 209 261 208 261 208 260
1229 5407 1092 304238 267 202 266 202
1230 5401 1092 35312.5 266 201 266 202
1231 5463 1092 304238 265 217 265 216 265 215 265 214 265 213 265 212 265 211 265 210 265 209 265 208 266 208 266 207 266 206 266 205 266 204 266 203 266 202
1232 5403 1093 36368.7 235 233 235 234
1233 5389 1093 36368.7 225 242 225 241 225 240 225 239 225 238 226 238 226 237 227 237 228 237 228 236 229 236 230 236 231 236 232 236 233 236 233 235 233 234 234 234 235 234
1234 5419 1094 3743.74 237 235 237 234 237 233 236 233
1235 5405 1094 3743.74 236 232 236 233
1236 5420 1095 inf 240 232 239 232 238 232 237 232
1237 5404 1095 inf 236 232 237 232
1238 5413 1097 304238 269 201 268 201
1239 5407 1097 304238 266 202 267 202 268 202 268 201
1240 5424 1098 63743.7 278 195 277 195 277 194 277 193 276 193
1241 5408 1098 63743.7 276 192 276 193
1242 5392 1100 8.51444e+07 283 183 284 183 285 183 286 183 287 183
1243 5416 1100 8.51444e+07 287 184 287 183
1244 5423 1101 3743.74 237 236 237 235 236 235
1245 5419 1101 3743.74 237 234 237 235 236 235
1246 5431 1105 1.35163e+08 211 264 210 264 210 263 209 263
1247 5411 1105 1.35163e+08 208 261 209 261 209 262 209 263
1248 5416 1107 8.51444e+07 287 183 287 184 288 184
1249 5427 1107 8.51444e+07 288 185 288 184
1250 5420 1108 inf 239 232 240 232 241 232
1251 5432 1108 inf 242 233 241 233 241 232
1252 5379 1109 7.94517e+06 299 163 300 163 300 164 301 164 302 164 302 165 303 165 304 165 304 166 305 166 305 167 306 167
1253 5430 1109 7.94517e+06 307 167 306 167
1254 5423 1110 3743.74 237 235 237 236 238 236
1255 5434 1110 3743.74 239 237 238 237 238 236
1256 5424 1111 63743.7 277 195 278 195 279 195
1257 5437 1111 63743.7 280 196 279 196 279 195
1258 5439 1112 1.35163e+08 212 265 212 264 211 264
1259 5431 1112 1.35163e+08 210 264 211 264
1260 5427 1113 8.51444e+07 288 184 288 185 289 185 290 185
1261 5438 1113 8.51444e+07 290 186 290 185
1262 5442 1114 3743.74 240 238 240 237 239 237
1263 5434 1114 3743.74 238 237 239 237
1264 5430 1116 7.94517e+06 306 167 307 167 307 168 308 168
1265 5446 1116 7.94517e+06 309 169 308 169 308 168
1266 5447 1117 1.35163e+08 214 265 213 265 212 265
1267 5439 1117 1.35163e+08 212 264 212 265
1268 5444 1119 63743.7 282 196 281 196
1269 5437 1119 63743.7 279 196 280 196 281 196
1270 5445 1121 8.51444e+07 292 186 291 186
1271 5438 1121 8.51444e+07 290 185 290 186 291 186
1272 5454 1122 3743.74 243 238 242 238 241 238 240 238
1273 5442 1122 3743.74 240 237 240 238
1274 5446 1123 7.94517e+06 308 169 309 169
1275 5461 1123 7.94517e+06 311 170 310 170 310 169 309 169
1276 5457 1125 inf 246 235 246 234 245 234
1277 5432 1125 inf 241 233 242 233 243 233 244 233 244 234 245 234
1278 5460 1129 8.51444e+07 293 188 293 187 292 187
1279 5445 1129 8.51444e+07 291 186 292 186 292 187
1280 5444 1130 63743.7 281 196 282 196 282 197 283 197
1281 5458 1130 63743.7 283 198 283 197
1282 5469 1132 3200.01 248 235 247 235 246 235
1283 5457 1132 inf 246 234 246 235
1284 5462 1132 inf 246 236 246 235
1285 5467 1134 8.51444e+07 294 188 293 188
1286 5460 1134 8.51444e+07 293 187 293 188
1287 5461 1135 7.94517e+06 310 170 311 170
1288 5533 1135 7.94517e+06 319 177 318 177 318 176 318 175 318 174 317 174 317 173 316 173 316 172 315 172 314 172 314 171 313 171 312 171 312 170 311 170
1289 5471 1138 63743.7 285 199 285 198 284 198
1290 5458 1138 63743.7 283 197 283 198 284 198
1291 5474 1139 3200.01 249 236 249 235 248 235
1292 5469 1139 3200.01 247 235 248 235
1293 5467 1142 8.51444e+07 293 188 294 188 294 189
1294 5475 1142 8.51444e+07 295 190 294 190 294 189
1295 5481 1143 inf 249 238 248 238 247 238
1296 5462 1143 inf 246 235 246 236 246 237 246 238 247 238
1297 5454 1143 3743.74 242 238 243 238 244 238 245 238 246 238 247 238
1298 5463 1144 304238 265 216 265 217 265 218 265 219 266 219
1299 5482 1144 304238 265 222 265 221 266 221 266 220 266 219
1300 5485 1145 2837.48 288 199 287 199 286 199
1301 5471 1145 63743.7 285 198 285 199 286 199
1302 5483 1145 63743.7 286 201 285 201 285 200 285 199 286 199
1303 5475 1148 8.51444e+07 294 190 295 190
1304 5480 1148 8.51444e+07 295 191 295 190
1305 5488 1149 1.35163e+08 221 267 221 266 220 266
1306 5447 1149 1.35163e+08 213 265 214 265 215 265 216 265 217 265 218 265 218 266 219 266 220 266
1307 5474 1151 3200.01 249 235 249 236 250 236
1308 5490 1151 3200.01 251 237 250 237 250 236
1309 5481 1152 inf 248 238 249 238
1310 5522 1152 inf 252 242 252 241 252 240 251 240 251 239 250 239 249 239 249 238
1311 5482 1153 304238 265 221 265 222
1312 5502 1153 304238 264 226 264 225 264 224 265 224 265 223 265 222
1313 5491 1154 2837.48 289 199 288 199
1314 5485 1154 2837.48 287 199 288 199
1315 5480 1156 8.51444e+07 295 190 295 191 296 191
1316 5509 1156 8.51444e+07 297 194 297 193 297 192 296 192 296 191
1317 5501 1157 3200.01 252 238 252 237 251 237
1318 5490 1157 3200.01 250 237 251 237
1319 5483 1158 63743.7 285 201 286 201 287 201
1320 5496 1158 63743.7 287 202 287 201
1321 5500 1162 1.35163e+08 223 267 222 267
1322 5488 1162 1.35163e+08 221 266 221 267 222 267
1323 5508 1163 2837.48 290 201 290 200 289 200
1324 5491 1163 2837.48 288 199 289 199 289 200
1325 5536 1167 3187.49 256 241 256 240 256 239 255 239 255 238 254 238 253 238 252 238
1326 5535 1167 3200.01 257 240 256 240 256 239 255 239 255 238 254 238 253 238 252 238
1327 5501 1167 3200.01 252 237 252 238
1328 5496 1168 63743.7 287 201 287 202 288 202
1329 5506 1168 63743.7 288 203 288 202
1330 5561 1169 3.18254e+06 229 272 229 271 228 271 227 271 227 270 226 270 225 270 225 269 224 269 224 268 223 268
1331 5514 1169 1.35163e+08 228 265 227 265 227 266 227 267 227 268 226 268 225 268 224 268 223 268
1332 5500 1169 1.35163e+08 222 267 223 267 223 268
1333 5524 1171 63743.7 290 204 290 203 289 203
1334 5506 1171 63743.7 288 202 288 203 289 203
1335 5542 1172 1.82343e+06 278 220 278 219 277 219 276 219 276 218 275 218
1336 5518 1172 1.82343e+06 275 217 275 218
1337 5525 1173 1.35163e+08 230 265 229 265
1338 5514 1173 1.35163e+08 227 265 228 265 229 265
1339 5526 1174 1.35163e+08 231 264 230 264
1340 5525 1174 1.35163e+08 229 265 230 265 230 264
1341 5509 1177 8.51444e+07 297 193 297 194 297 195 297 196 298 196
1342 5537 1177 8.51444e+07 299 198 298 198 298 197 298 196
1343 5522 1179 inf 252 241 252 242 253 242
1344 5530 1179 inf 253 243 253 242
1345 5534 1180 1.35163e+08 234 263 233 263
1346 5526 1180 1.35163e+08 230 264 231 264 231 263 232 263 233 263
1347 5539 1181 1.35163e+08 236 261 236 262 235 262 234 262
1348 5534 1181 1.35163e+08 233 263 234 263 234 262
1349 5533 1184 7.94517e+06 318 177 319 177
1350 5544 1184 7.94517e+06 320 178 319 178 319 177
1351 5549 1185 inf 256 243 255 243 254 243
1352 5530 1185 inf 253 242 253 243 254 243
1353 5529 1185 2875 250 246 250 245 250 244 251 244 252 244 252 243 253 243 254 243
1354 5548 1185 15693.8 255 244 254 244 254 243
1355 5554 1187 1.35163e+08 239 260 239 261 238 261 237 261
1356 5539 1187 1.35163e+08 236 262 236 261 237 261
1357 5540 1188 2875 250 247 250 248
1358 5555 1188 2875 251 249 250 249 250 248
1359 5529 1189 2875 250 245 250 246 250 247 251 247
1360 5540 1189 2875 250 248 250 247 251 247
1361 5565 1191 3200.01 260 241 259 241 259 240 258 240
1362 5535 1191 3200.01 256 240 257 240 258 240
1363 5585 1192 1.82343e+06 281 223 281 222 280 222 280 221 279 221 279 220 278 220
1364 5542 1192 1.82343e+06 278 219 278 220
1365 5552 1193 63743.7 295 204 294 204
1366 5508 1193 2837.48 290 200 290 201 291 201 291 202 292 202 292 203 293 203 293 204 294 204
1367 5524 1193 63743.7 290 203 290 204 291 204 292 204 293 204 294 204
1368 5548 1195 15693.8 254 244 255 244
1369 5563 1195 15693.8 256 245 255 245 255 244
1370 5579 1198 1.35163e+08 244 260 243 260 242 260 241 260 240 260
1371 5554 1198 1.35163e+08 239 261 239 260 240 260
1372 5564 1201 inf 258 243 257 243
1373 5536 1201 3187.49 256 240 256 241 256 242 256 243 257 243
1374 5549 1201 inf 255 243 256 243 257 243
1375 5571 1202 8.51444e+07 301 201 301 200 300 200
1376 5537 1202 8.51444e+07 298 198 299 198 299 199 300 199 300 200
1377 5573 1204 2875 252 251 252 250 251 250
1378 5555 1204 2875 250 249 251 249 251 250
1379 5563 1205 15693.8 255 245 256 245
1380 5576 1205 15693.8 257 246 256 246 256 245
1381 5577 1206 3200.01 261 242 261 241 260 241
1382 5565 1206 3200.01 259 241 260 241
1383 5581 1211 inf 259 245 259 244 258 244
1384 5564 1211 inf 257 243 258 243 258 244
1385 5561 1213 3.18254e+06 229 271 229 272 230 272 231 272
1386 5649 1213 3.18254e+06 240 276 239 276 239 275 238 275 237 275 236 275 236 274 235 274 234 274 234 273 233 273 232 273 231 273 231 272
1387 5576 1214 15693.8 256 246 257 246
1388 5590 1214 15693.8 258 247 257 247 257 246
1389 5571 1216 8.51444e+07 301 200 301 201 302 201
1390 5587 1216 8.51444e+07 302 202 302 201
1391 5595 1218 1.35163e+08 246 260 245 260 244 260
1392 5579 1218 1.35163e+08 243 260 244 260
1393 5596 1219 inf 261 245 260 245 259 245
1394 5581 1219 inf 259 244 259 245
1395 5597 1220 304238 263 243 263 242 262 242
1396 5502 1220 304238 264 225 264 226 264 227 263 227 263 228 263 229 263 230 263 231 263 232 263 233 263 234 263 235 263 236 263 237 263 238 263 239 263 240 263 241 263 242 262 242
1397 5577 1220 3200.01 261 241 261 242 262 242
1398 5598 1222 1.82343e+06 282 224 282 223 281 223
1399 5585 1222 1.82343e+06 281 222 281 223
1400 5586 1223 63743.7 300 203 300 204
1401 5552 1223 63743.7 294 204 295 204 296 204 297 204 298 204 299 204 300 204
1402 5601 1225 2875 257 250 257 249 256 249
1403 5573 1225 2875 252 250 252 251 253 251 254 251 255 251 256 251 256 250 256 249
1404 5590 1226 15693.8 257 247 258 247
1405 5602 1226 15693.8 259 248 258 248 258 247
1406 5611 1227 4181.25 307 201 306 201 305 201 304 201
1407 5593 1227 4181.25 303 201 304 201
1408 5604 1229 304238 264 243 263 243
1409 5597 1229 304238 263 242 263 243
1410 5609 1230 1.82343e+06 283 225 283 224 282 224
1411 5598 1230 1.82343e+06 282 223 282 224
1412 5544 1233 7.94517e+06 319 178 320 178 320 179 321 179 321 180 322 180 322 181 323 181 324 181 325 181
1413 5606 1233 7.94517e+06 325 182 325 181
1414 5613 1236 3537.49 259 250 258 250 257 250
1415 5601 1236 2875 257 249 257 250
1416 5620 1236 3537.49 257 253 257 252 257 251 257 250
1417 5602 1237 15693.8 258 248 259 248
1418 5608 1237 15693.8 259 249 259 248
1419 5614 1238 inf 264 245 263 245 262 245
1420 5596 1238 inf 260 245 261 245 262 245
1421 5609 1240 1.82343e+06 283 224 283 225
1422 5615 1240 1.82343e+06 283 226 283 225
1423 5617 1242 8.51444e+07 305 204 304 204
1424 5593 1242 4181.25 304 201 303 201 303 202 303 203 304 203 304 204
1425 5587 1242 8.51444e+07 302 201 302 202 303 202 303 203 304 203 304 204
1426 5586 1242 63743.7 300 204 300 203 301 203 301 202 302 202 303 202 303 203 304 203 304 204
1427 5611 1243 4181.25 306 201 307 201
1428 5622 1243 4181.25 308 202 307 202 307 201
1429 5606 1244 7.94517e+06 325 181 325 182 326 182
1430 5627 1244 7.94517e+06 327 184 326 184 326 183 326 182
1431 5620 1247 3537.49 257 252 257 253
1432 5624 1247 3537.49 257 254 257 253
1433 5630 1248 1.82343e+06 285 227 285 226 284 226
1434 5615 1248 1.82343e+06 283 225 283 226 284 226
1435 5642 1250 5531.28 306 208 306 207 306 206 306 205 305 205
1436 5647 1250 8.51444e+07 308 207 307 207 307 206 306 206 306 205 305 205
1437 5617 1250 8.51444e+07 304 204 305 204 305 205
1438 5622 1251 4181.25 307 202 308 202
1439 5626 1251 4181.25 308 203 308 202
1440 5632 1253 1.35163e+08 253 259 253 260 252 260
1441 5595 1253 1.35163e+08 245 260 246 260 247 260 248 260 249 260 250 260 251 260 252 260
1442 5624 1254 3537.49 257 253 257 254 258 254
1443 5633 1254 3537.49 258 255 258 254
1444 5634 1255 15693.8 262 251 261 251
1445 5608 1255 15693.8 259 248 259 249 259 250 260 250 260 251 261 251
1446 5613 1255 3537.49 258 250 259 250 260 250 260 251 261 251
1447 5604 1256 304238 263 243 264 243 264 244 264 245 264 246 265 246 266 246
1448 5614 1256 inf 263 245 264 245 264 246 265 246 266 246
1449 5640 1256 inf 267 247 266 247 266 246
1450 5654 1257 4162.5 287 229 287 228 286 228 286 227 285 227
1451 5630 1257 1.82343e+06 285 226 285 227
1452 5665 1257 1.82343e+06 285 233 285 232 285 231 285 230 285 229 285 228 285 227
1453 5626 1259 4181.25 308 202 308 203 309 203
1454 5638 1259 4181.25 309 204 309 203
1455 5627 1260 7.94517e+06 326 184 327 184 328 184
1456 5643 1260 7.94517e+06 329 185 328 185 328 184
1457 5639 1261 1.35163e+08 257 257 256 257
1458 5632 1261 1.35163e+08 253 260 253 259 254 259 255 259 256 259 256 258 256 257
1459 5645 1265 1.35163e+08 260 255 259 255
1460 5633 1265 3537.49 258 254 258 255 259 255
1461 5639 1265 1.35163e+08 256 257 257 257 257 256 257 255 258 255 259 255
1462 5634 1266 15693.8 261 251 262 251 263 251
1463 5646 1266 15693.8 263 252 263 251
1464 5640 1267 inf 266 247 267 247
1465 5653 1267 inf 267 249 267 248 267 247
1466 5638 1268 4181.25 309 203 309 204 310 204
1467 5656 1268 4181.25 310 206 310 205 310 204
1468 5643 1269 7.94517e+06 328 185 329 185
1469 5657 1269 7.94517e+06 330 186 329 186 329 185
1470 5660 1272 8.51444e+07 309 208 309 207 308 207
1471 5647 1272 8.51444e+07 307 207 308 207
1472 5676 1273 3.18254e+06 243 277 243 276 242 276 241 276 240 276
1473 5649 1273 3.18254e+06 239 276 240 276
1474 5668 1276 1.35163e+08 266 253 265 253 265 252 264 252
1475 5646 1276 15693.8 263 251 263 252 264 252
1476 5652 1276 1.35163e+08 263 253 263 252 264 252
1477 5666 1277 4162.5 288 230 288 229 287 229
1478 5654 1277 4162.5 287 228 287 229
1479 5642 1282 5531.28 306 207 306 208 306 209 306 210 307 210
1480 5762 1282 148875 305 241 305 240 305 239 305 238 305 237 305 236 305 235 305 234 305 233 305 232 305 231 305 230 305 229 305 228 305 227 305 226 305 225 305 224 305 223 305 222 305 221 305 220 305 219 305 218 305 217 305 216 305 215 305 214 305 213 306 213 306 212 306 211 307 211 307 210
1481 5751 1282 61325 308 232 307 232 306 232 306 231 306 230 306 229 305 229 305 228 305 227 305 226 305 225 305 224 305 223 305 222 305 221 305 220 305 219 305 218 305 217 305 216 305 215 305 214 305 213 306 213 306 212 306 211 307 211 307 210
1482 5671 1282 148875 308 211 307 211 307 210
1483 5657 1283 7.94517e+06 329 186 330 186 331 186
1484 5673 1283 7.94517e+06 332 187 331 187 331 186
1485 5677 1285 7487.53 264 256 264 255 263 255
1486 5652 1285 1.35163e+08 263 252 263 253 263 254 263 255
1487 5645 1285 1.35163e+08 259 255 260 255 261 255 262 255 263 255
1488 5678 1286 inf 269 251 269 250 268 250
1489 5653 1286 inf 267 248 267 249 268 249 268 250
1490 5666 1287 4162.5 288 229 288 230
1491 5679 1287 4162.5 289 231 288 231 288 230
1492 5671 1289 148875 307 211 308 211
1493 5682 1289 148875 309 212 308 212 308 211
1494 5673 1290 7.94517e+06 331 187 332 187
1495 5696 1290 7.94517e+06 334 190 334 189 334 188 333 188 333 187 332 187
1496 5684 1292 7487.53 265 257 265 256 264 256
1497 5677 1292 7487.53 264 255 264 256
1498 5678 1293 inf 269 250 269 251
1499 5686 1293 inf 270 252 269 252 269 251
1500 5685 1294 1.35163e+08 268 254 267 254
1501 5668 1294 1.35163e+08 265 253 266 253 267 253 267 254
1502 5679 1295 4162.5 288 231 289 231 289 232
1503 5692 1295 4162.5 290 233 289 233 289 232
1504 5695 1296 148875 311 213 310 213 310 212 309 212
1505 5682 1296 148875 308 212 309 212
1506 5687 1297 8.51444e+07 313 209 312 209
1507 5656 1297 4181.25 310 205 310 206 310 207 310 208 311 208 312 208 312 209
1508 5660 1297 8.51444e+07 309 207 309 208 310 208 311 208 312 208 312 209
1509 5686 1298 inf 269 252 270 252
1510 5691 1298 inf 270 253 270 252
1511 5665 1299 1.82343e+06 285 232 285 233 285 234 285 235 286 235 286 236
1512 5702 1299 1.82343e+06 284 240 285 240 285 239 285 238 285 237 286 237 286 236
1513 5700 1301 2812.51 268 257 267 257 266 257
1514 5684 1301 7487.53 265 256 265 257 266 257
1515 5699 1301 7487.53 267 258 266 258 266 257
1516 5692 1303 4162.5 289 233 290 233
1517 5733 1303 4162.5 292 241 292 240 292 239 292 238 292 237 291 237 291 236 291 235 290 235 290 234 290 233
1518 5691 1305 inf 270 252 270 253 271 253
1519 5701 1305 inf 271 254 271 253
1520 5699 1306 7487.53 266 258 267 258
1521 5710 1306 7487.53 268 259 267 259 267 258
1522 5715 1308 4968.75 317 211 317 210 317 209 316 209
1523 5723 1308 4968.75 320 210 319 210 318 210 318 209 317 209 316 209
1524 5712 1310 7.94517e+06 335 192 335 191 334 191
1525 5696 1310 7.94517e+06 334 189 334 190 334 191
1526 5710 1312 7487.53 267 259 268 259
1527 5717 1312 7487.53 269 260 268 260 268 259
1528 5714 1313 inf 273 255 272 255
1529 5701 1313 inf 271 253 271 254 272 254 272 255
1530 5685 1313 1.35163e+08 267 254 268 254 269 254 270 254 271 254 272 254 272 255
1531 5718 1313 2812.51 272 257 272 256 272 255
1532 5722 1314 8.51444e+07 317 213 316 213 316 212 315 212
1533 5715 1314 4968.75 317 210 317 211 317 212 316 212 315 212
1534 5687 1314 8.51444e+07 312 209 313 209 313 210 314 210 314 211 315 211 315 212
1535 5695 1314 148875 310 213 311 213 312 213 313 213 314 213 315 213 315 212
1536 5716 1315 7.94517e+06 336 192 335 192
1537 5712 1315 7.94517e+06 335 191 335 192
1538 5718 1316 2812.51 272 256 272 257 271 257 270 257 270 258
1539 5700 1316 2812.51 267 257 268 257 269 257 269 258 270 258
1540 5717 1318 7487.53 268 260 269 260
1541 5726 1318 7487.53 270 262 269 262 269 261 269 260
1542 5725 1319 inf 275 256 275 255 274 255
1543 5714 1319 inf 272 255 273 255 274 255
1544 5734 1321 8.51444e+07 319 214 318 214 318 213 317 213
1545 5722 1321 8.51444e+07 316 213 317 213
1546 5735 1322 4968.75 323 210 322 210 321 210 320 210
1547 5723 1322 4968.75 319 210 320 210
1548 5732 1323 7.94517e+06 339 193 338 193
1549 5716 1323 7.94517e+06 335 192 336 192 337 192 337 193 338 193
1550 5726 1324 7487.53 269 262 270 262
1551 5736 1324 7487.53 271 263 270 263 270 262
1552 5737 1326 inf 277 257 277 256 276 256
1553 5725 1326 inf 275 255 275 256 276 256
1554 5748 1327 8.51444e+07 322 216 321 216 321 215 320 215 320 214 319 214
1555 5734 1327 8.51444e+07 318 214 319 214
1556 5776 1328 3.18254e+06 270 280 269 280 269 281 268 281 267 281 266 281 265 281 264 281 263 281 262 281 261 281 261 280 260 280 259 280 258 280 257 280 256 280 255 280 254 280
1557 5676 1328 3.18254e+06 243 276 243 277 243 278 243 279 244 279 245 279 246 279 247 279 248 279 249 279 250 279 250 280 251 280 252 280 253 280 254 280
1558 5736 1329 7487.53 270 263 271 263
1559 5740 1329 7487.53 272 264 271 264 271 263
1560 5733 1331 4162.5 292 240 292 241 292 242
1561 5753 1331 4162.5 293 248 293 247 293 246 293 245 293 244 293 243 292 243 292 242
1562 5745 1332 4968.75 326 211 326 210 325 210 324 210
1563 5735 1332 4968.75 322 210 323 210 324 210
1564 5732 1333 7.94517e+06 338 193 339 193 339 194 340 194 341 194
1565 5742 1333 7.94517e+06 341 195 341 194
1566 5750 1334 7487.53 274 266 274 265 273 265 273 264 272 264
1567 5740 1334 7487.53 271 264 272 264
1568 5743 1335 inf 280 257 279 257
1569 5737 1335 inf 277 256 277 257 278 257 279 257
1570 5742 1337 7.94517e+06 341 194 341 195 342 195
1571 5749 1337 7.94517e+06 342 197 342 196 342 195
1572 5751 1339 61325 307 232 308 232 308 231
1573 5799 1339 61325 317 242 316 242 316 241 315 241 315 240 314 240 314 239 314 238 314 237 313 237 312 237 312 236 312 235 311 235 311 234 311 233 310 233 309 233 308 233 308 232 308 231
1574 5756 1340 7487.53 276 267 276 266 275 266
1575 5750 1340 7487.53 274 265 274 266 275 266
1576 5765 1341 4968.75 332 214 331 214 330 214 329 214 328 214 327 214
1577 5745 1341 4968.75 326 210 326 211 327 211 328 211 328 212 328 213 328 214 327 214
1578 5748 1344 8.51444e+07 321 216 322 216 323 216 324 216 325 216 326 216
1579 5759 1344 8.51444e+07 326 217 326 216
1580 5772 1345 148875 305 243 304 243 303 243 302 243 301 243
1581 5761 1345 148875 299 246 300 246 300 245 300 244 300 243 301 243
1582 5763 1346 8.51444e+07 329 217 328 217 327 217
1583 5759 1346 8.51444e+07 326 216 326 217 327 217
1584 5761 1347 148875 300 246 299 246
1585 5768 1347 148875 299 248 299 247 299 246
1586 5767 1348 7487.53 280 267 279 267
1587 5756 1348 7487.53 276 266 276 267 277 267 278 267 279 267
1588 5769 1349 8.51444e+07 330 217 329 217
1589 5763 1349 8.51444e+07 328 217 329 217
1590 5775 1351 inf 287 262 287 261 286 261
1591 5702 1351 1.82343e+06 285 240 284 240 284 241 284 242 284 243 283 243 283 244 283 245 283 246 283 247 283 248 283 249 283 250 283 251 283 252 283 253 283 254 283 255 283 256 283 257 283 258 283 259 284 259 284 260 285 260 286 260 286 261
1592 5743 1351 inf 279 257 280 257 281 257 282 257 282 258 283 258 283 259 284 259 284 260 285 260 286 260 286 261
1593 5771 1351 7487.53 280 267 281 267 281 266 281 265 281 264 281 263 281 262 281 261 282 261 283 261 283 260 284 260 285 260 286 260 286 261
1594 5762 1352 148875 305 240 305 241 305 242
1595 5772 1352 148875 304 243 305 243 305 242
1596 5773 1353 8.51444e+07 332 216 331 216
1597 5774 1353 8.51444e+07 331 217 331 216
1598 5771 1354 7487.53 281 267 280 267 280 268
1599 5767 1354 7487.53 279 267 280 267 280 268
1600 5774 1355 8.51444e+07 331 216 331 217 330 217 330 218
1601 5769 1355 8.51444e+07 329 217 330 217 330 218
1602 5781 1358 inf 289 263 289 262 288 262
1603 5775 1358 inf 287 261 287 262 288 262
1604 5765 1360 4968.75 331 214 332 214 332 215 333 215 334 215 335 215 336 215
1605 5773 1360 8.51444e+07 331 216 332 216 332 215 333 215 334 215 335 215 336 215
1606 5784 1360 8.51444e+07 337 216 336 216 336 215
1607 5749 1362 7.94517e+06 342 196 342 197 343 197 343 198 343 199 344 199 344 200 345 200 345 201 346 201 346 202 347 202 347 203 348 203
1608 5783 1362 7.94517e+06 348 204 348 203
1609 5776 1364 3.18254e+06 269 280 270 280 271 280 272 280 273 280
1610 5785 1364 3.18254e+06 273 281 273 280
1611 5753 1366 4162.5 293 247 293 248 293 249 293 250 293 251 293 252 293 253 293 254 293 255 293 256 293 257 293 258 293 259 293 260 293 261 293 262 292 262 292 263 291 263 290 263
1612 5781 1366 inf 289 262 289 263 290 263
1613 5798 1366 2700.01 289 270 289 269 289 268 289 267 289 266 289 265 289 264 289 263 290 263
1614 5790 1366 inf 292 264 291 264 290 264 290 263
1615 5783 1367 7.94517e+06 348 203 348 204 349 204
1616 5787 1367 7.94517e+06 349 205 349 204
1617 5784 1369 8.51444e+07 336 216 337 216 338 216 339 216
1618 5792 1369 8.51444e+07 339 217 339 216
1619 5787 1370 7.94517e+06 349 204 349 205 350 205
1620 5794 1370 7.94517e+06 350 206 350 205
1621 5803 1374 inf 296 264 296 263 295 263 294 263 294 264 293 264
1622 5790 1374 inf 291 264 292 264 293 264
1623 5798 1375 2700.01 289 269 289 270 288 270
1624 5805 1375 2700.01 286 276 286 275 286 274 286 273 286 272 287 272 287 271 288 271 288 270
1625 5799 1377 61325 316 242 317 242
1626 5873 1377 4306.25 321 261 321 260 321 259 320 259 320 258 319 258 318 258 318 257 318 256 318 255 318 254 318 253 318 252 318 251 318 250 318 249 318 248 318 247 318 246 318 245 317 245 317 244 317 243 317 242
1627 5872 1377 61325 329 252 329 251 329 250 329 249 328 249 327 249 327 248 327 247 326 247 325 247 324 247 323 247 322 247 321 247 320 247 320 246 320 245 319 245 318 245 317 245 317 244 317 243 317 242
1628 5804 1378 8.51444e+07 342 218 341 218
1629 5792 1378 8.51444e+07 339 216 339 217 340 217 340 218 341 218
1630 5889 1378 9487.5 340 252 340 251 339 251 339 250 338 250 338 249 338 248 338 247 338 246 338 245 338 244 338 243 338 242 338 241 338 240 338 239 338 238 338 237 338 236 338 235 338 234 338 233 338 232 338 231 338 230 339 230 340 230 340 229 340 228 340 227 340 226 340 225 340 224 340 223 340 222 340 221 340 220 340 219 340 218 341 218
1631 5814 1381 8.51444e+07 344 220 344 219 343 219 342 219
1632 5804 1381 8.51444e+07 341 218 342 218 342 219
1633 5832 1392 8.51444e+07 346 222 346 221 345 221
1634 5814 1392 8.51444e+07 344 219 344 220 344 221 345 221
1635 5768 1394 148875 299 247 299 248 299 249 298 249 298 250 298 251 298 252 298 253 298 254 298 255 298 256 298 257 298 258 298 259 298 260 298 261 298 262 298 263 298 264 299 264 300 264 300 265 301 265 301 266
1636 5803 1394 inf 296 263 296 264 297 264 298 264 299 264 300 264 300 265 301 265 301 266
1637 5831 1394 inf 301 267 301 266
1638 5794 1395 7.94517e+06 350 205 350 206 351 206 351 207 352 207 352 208 353 208 353 209 354 209 354 210 355 210 355 211 356 211
1639 5833 1395 7.94517e+06 356 212 356 211
1640 5842 1398 8.51444e+07 349 222 348 222 347 222 346 222
1641 5832 1398 8.51444e+07 346 221 346 222
1642 5831 1399 inf 301 266 301 267 301 268
1643 5837 1399 inf 301 269 301 268
1644 5833 1402 7.94517e+06 356 211 356 212 357 212 358 212
1645 5844 1402 7.94517e+06 359 213 358 213 358 212
1646 5843 1403 inf 303 269 302 269
1647 5837 1403 inf 301 268 301 269 302 269
1648 5844 1404 7.94517e+06 358 213 359 213
1649 5848 1404 7.94517e+06 359 214 359 213
1650 5855 1406 inf 305 271 305 270 304 270 303 270
1651 5843 1406 inf 302 269 303 269 303 270
1652 5842 1407 8.51444e+07 348 222 349 222 350 222 351 222 352 222
1653 5852 1407 8.51444e+07 352 223 352 222
1654 5857 1408 7.94517e+06 361 215 361 214 360 214
1655 5848 1408 7.94517e+06 359 213 359 214 360 214
1656 5861 1410 3.18254e+06 294 284 293 284 292 284 291 284
1657 5805 1410 2700.01 286 275 286 276 286 277 286 278 287 278 288 278 288 279 288 280 289 280 289 281 289 282 289 283 290 283 290 284 291 284
1658 5785 1410 3.18254e+06 273 280 273 281 274 281 275 281 276 281 277 281 278 281 279 281 280 281 281 281 282 281 282 280 282 279 283 279 284 279 285 279 286 279 287 279 288 279 288 280 289 280 289 281 289 282 289 283 290 283 290 284 291 284
1659 5871 1414 2.88866e+07 357 223 356 223 355 223 354 223
1660 5852 1414 8.51444e+07 352 222 352 223 353 223 354 223
1661 5879 1414 8.51444e+07 351 233 351 232 351 231 351 230 351 229 351 228 351 227 351 226 351 225 351 224 351 223 352 223 353 223 354 223
1662 5855 1416 inf 305 270 305 271 306 271 307 271
1663 5866 1416 inf 307 272 307 271
1664 5876 1421 61325 331 253 331 252 330 252
1665 5872 1421 61325 329 251 329 252 330 252
1666 5881 1424 61325 332 254 332 253 331 253
1667 5876 1424 61325 331 252 331 253
1668 5882 1426 2.88866e+07 362 225 362 224 361 224
1669 5857 1426 7.94517e+06 361 214 361 215 361 216 361 217 361 218 361 219 361 220 361 221 361 222 361 223 361 224
1670 5871 1426 2.88866e+07 356 223 357 223 358 223 359 223 359 224 360 224 361 224
1671 5881 1427 61325 332 253 332 254 333 254
1672 5885 1427 61325 334 255 333 255 333 254
1673 5888 1429 61325 336 256 336 255 335 255 334 255
1674 5885 1429 61325 333 255 334 255
1675 5886 1430 8.51444e+07 354 236 353 236
1676 5879 1430 8.51444e+07 351 232 351 233 352 233 352 234 353 234 353 235 353 236
1677 5873 1431 4306.25 321 260 321 261 321 262 321 263 321 264 321 265 321 266 321 267 321 268 321 269
1678 5887 1431 4306.25 321 270 321 269
1679 5891 1432 2.88866e+07 366 226 366 225 365 225
1680 5882 1432 2.88866e+07 362 224 362 225 363 225 364 225 365 225
1681 5892 1433 8.51444e+07 355 238 355 237 354 237
1682 5886 1433 8.51444e+07 353 236 354 236 354 237
1683 5893 1434 61325 337 257 337 256 336 256
1684 5888 1434 61325 336 255 336 256
1685 5894 1435 9487.5 341 255 341 254 341 253 340 253
1686 5889 1435 9487.5 340 251 340 252 340 253
1687 5895 1436 2.88866e+07 369 227 368 227 368 226 367 226
1688 5891 1436 2.88866e+07 366 225 366 226 367 226
1689 5897 1437 61325 340 257 339 257 338 257
1690 5893 1437 61325 337 256 337 257 338 257
1691 5892 1438 8.51444e+07 355 237 355 238 355 239 356 239
1692 5898 1438 8.51444e+07 357 240 356 240 356 239
1693 5899 1439 3.18254e+06 314 284 313 284 312 284
1694 5861 1439 3.18254e+06 293 284 294 284 295 284 296 284 297 284 298 284 299 284 300 284 301 284 302 284 303 284 304 284 305 284 306 284 306 283 307 283 308 283 309 283 310 283 311 283 312 283 312 284
1695 5900 1440 2.88866e+07 370 228 369 228
1696 5895 1440 2.88866e+07 368 227 369 227 369 228
1697 5917 1442 9900 345 261 344 261 344 260 343 260 343 259 342 259 342 258 341 258
1698 5894 1442 9487.5 341 254 341 255 341 256 341 257 341 258
1699 5897 1442 61325 339 257 340 257 340 258 341 258
1700 5904 1442 61325 341 260 341 259 341 258
1701 5905 1443 8.51444e+07 358 243 358 242 357 242
1702 5898 1443 8.51444e+07 356 240 357 240 357 241 357 242
1703 5909 1443 9900 351 252 350 252 350 251 350 250 350 249 350 248 350 247 350 246 350 245 349 245 349 244 349 243 349 242 350 242 351 242 352 242 353 242 354 242 355 242 356 242 357 242
1704 5906 1444 2.88866e+07 371 230 371 229 370 229
1705 5900 1444 2.88866e+07 369 228 370 228 370 229
1706 5910 1446 8.51444e+07 359 244 358 244
1707 5905 1446 8.51444e+07 358 242 358 243 358 244
1708 5913 1447 2.88866e+07 373 231 373 230 372 230
1709 5906 1447 2.88866e+07 371 229 371 230 372 230
1710 5909 1449 9900 350 252 351 252
1711 5918 1449 9900 351 255 351 254 351 253 351 252
1712 5910 1452 8.51444e+07 358 244 359 244 359 245 359 246
1713 5919 1452 8.51444e+07 359 247 359 246
1714 5994 1454 5.81658e+06 392 241 391 241 391 240 390 240 389 240 389 239 388 239 388 238 387 238 386 238 386 237 385 237 384 237 384 236 383 236 382 236 382 235 381 235 380 235 380 234 379 234 379 233 378 233 378 232 377 232 376 232 376 231 375 231 374 231
1715 6026 1454 2.88866e+07 407 238 406 238 405 238 404 238 403 238 402 238 402 239 401 239 400 239 399 239 398 239 397 239 396 239 395 239 394 239 393 239 392 239 391 239 390 239 389 239 388 239 388 238 387 238 386 238 386 237 385 237 384 237 384 236 383 236 382 236 382 235 381 235 380 235 380 234 379 234 379 233 378 233 378 232 377 232 376 232 376 231 375 231 374 231
1716 5947 1454 153487 401 216 400 216 399 216 399 217 399 218 399 219 399 220 399 221 399 222 399 223 399 224 399 225 399 226 399 227 398 227 398 228 398 229 398 230 398 231 398 232 398 233 398 234 398 235 398 236 398 237 397 237 396 237 395 237 394 237 393 237 392 237 391 237 390 237 389 237 388 237 387 237 386 237 385 237 384 237 384 236 383 236 382 236 382 235 381 235 380 235 380 234 379 234 379 233 378 233 378 232 377 232 376 232 376 231 375 231 374 231
1717 5913 1454 2.88866e+07 373 230 373 231 374 231
1718 5961 1454 3093.76 375 247 374 247 374 246 374 245 374 244 374 243 374 242 374 241 374 240 374 239 374 238 374 237 374 236 374 235 374 234 374 233 374 232 374 231
1719 5904 1455 61325 341 259 341 260 341 261 341 262 341 263 341 264 341 265
1720 5923 1455 61325 341 267 341 266 341 265
1721 5929 1456 9900 347 262 347 261 346 261 345 261
1722 5917 1456 9900 344 261 345 261
1723 5925 1457 9900 350 258 349 258 348 258
1724 5921 1457 9900 348 259 348 258
1725 5918 1458 9900 351 254 351 255
1726 5922 1458 9900 351 256 351 255
1727 5922 1459 9900 351 255 351 256 350 256 350 257
1728 5925 1459 9900 349 258 350 258 350 257
1729 5928 1460 61325 341 267 341 268 340 268
1730 5927 1460 61325 340 269 340 268
1731 5923 1461 61325 341 266 341 267
1732 5928 1461 61325 341 268 341 267
1733 5919 1463 8.51444e+07 359 246 359 247 360 247 360 248
1734 5931 1463 8.51444e+07 360 249 360 248
1735 5933 1465 inf 324 287 324 286 323 286
1736 5887 1465 4306.25 321 269 321 270 321 271 321 272 321 273 321 274 320 274 320 275 320 276 320 277 320 278 320 279 320 280 320 281 320 282 320 283 320 284 321 284 321 285 322 285 322 286 323 286
1737 5866 1465 inf 307 271 307 272 307 273 307 274 307 275 307 276 307 277 308 277 308 278 309 278 310 278 310 279 311 279 312 279 313 279 313 280 314 280 315 280 315 281 316 281 316 282 317 282 318 282 318 283 319 283 320 283 320 284 321 284 321 285 322 285 322 286 323 286
1738 5899 1465 3.18254e+06 313 284 314 284 315 284 316 284 317 284 317 283 318 283 319 283 320 283 320 284 321 284 321 285 322 285 322 286 323 286
1739 5921 1466 9900 348 258 348 259 348 260 348 261 348 262
1740 5929 1466 9900 347 261 347 262 348 262
1741 5931 1467 8.51444e+07 360 248 360 249 361 249
1742 5935 1467 8.51444e+07 361 251 361 250 361 249
1743 5937 1470 inf 326 287 325 287
1744 5933 1470 inf 324 286 324 287 325 287
1745 5935 1473 8.51444e+07 361 250 361 251 362 251
1746 5939 1473 8.51444e+07 362 252 362 251
1747 5952 1475 inf 331 289 330 289 330 288 329 288 328 288 327 288
1748 5937 1475 inf 325 287 326 287 326 288 327 288
1749 5939 1476 8.51444e+07 362 251 362 252 362 253
1750 5946 1476 8.51444e+07 362 255 362 254 362 253
1751 6037 1478 153487 428 203 428 204 428 205 428 206 427 206 427 207 427 208 427 209 426 209 425 209 424 209 423 209 423 210 423 211 422 211 422 212 422 213 422 214 421 214 420 214 419 214 418 214 417 214 416 214 415 214 414 214 414 215 413 215 412 215 411 215 410 215 409 215 408 215 407 215 406 215 406 216 405 216 404 216 403 216 402 216 401 216
1752 5947 1478 153487 400 216 401 216
1753 5946 1481 8.51444e+07 362 254 362 255 363 255
1754 5954 1481 8.51444e+07 363 257 363 256 363 255
1755 5958 1483 inf 332 290 332 289 331 289
1756 5952 1483 inf 330 289 331 289
1757 5978 1486 3093.76 376 253 375 253 375 254 375 255 375 256 374 256 373 256 372 256 371 256 370 256 369 256 368 256 367 256 366 256 365 256 364 256 364 257 364 258
1758 5954 1486 8.51444e+07 363 256 363 257 364 257 364 258
1759 5963 1486 8.51444e+07 365 259 364 259 364 258
1760 5961 1487 3093.76 374 247 375 247
1761 5965 1487 3093.76 376 248 375 248 375 247
1762 5967 1488 inf 334 291 334 290 333 290
1763 5958 1488 inf 332 289 332 290 333 290
1764 5965 1490 3093.76 375 248 376 248
1765 5969 1490 3093.76 376 250 376 249 376 248
1766 5963 1492 8.51444e+07 364 259 365 259 365 260
1767 5972 1492 8.51444e+07 366 261 365 261 365 260
1768 5969 1493 3093.76 376 249 376 250
1769 5974 1493 3093.76 376 251 376 250
1770 5977 1496 8.51444e+07 367 262 366 262
1771 5972 1496 8.51444e+07 365 261 366 261 366 262
1772 5975 1497 3093.76 376 251 376 252
1773 5978 1497 3093.76 375 253 376 253 376 252
1774 5974 1498 3093.76 376 250 376 251 377 251
1775 5975 1498 3093.76 376 252 376 251 377 251
1776 5927 1501 61325 340 268 340 269 340 270 340 271 340 272 340 273 340 274 340 275 339 275 339 276 338 276 338 277 338 278 338 279 338 280 338 281 338 282 338 283 338 284 338 285 338 286 338 287 338 288 338 289 338 290 338 291 338 292
1777 5967 1501 inf 334 290 334 291 335 291 336 291 336 292 337 292 338 292
1778 5982 1501 inf 338 293 338 292
1779 5977 1502 8.51444e+07 366 262 367 262 367 263
1780 5984 1502 8.51444e+07 367 264 367 263
1781 5996 1509 inf 341 293 340 293
1782 5987 1509 3825 352 280 352 279 352 278 351 278 351 277 350 277 349 277 348 277 347 277 346 277 345 277 344 277 343 277 342 277 342 278 342 279 342 280 342 281 342 282 342 283 342 284 342 285 342 286 342 287 342 288 342 289 342 290 341 290 340 290 339 290 339 291 339 292 339 293 340 293
1783 5982 1509 inf 338 292 338 293 339 293 340 293
1784 6001 1511 5.81658e+06 393 242 393 241 392 241
1785 5994 1511 5.81658e+06 391 241 392 241
1786 6094 1515 108231 394 266 394 265 395 265 396 265 397 265 398 265 398 264 399 264 399 263 399 262 400 262 400 261 400 260 400 259 400 258 401 258 401 257 401 256 401 255 401 254 401 253 401 252 401 251 401 250 401 249 401 248 401 247 401 246 401 245 400 245 399 245 399 244 398 244 397 244 397 243 396 243 395 243 395 242 394 242 393 242
1787 6071 1515 5.81658e+06 407 248 407 247 406 247 405 247 404 247 404 246 403 246 402 246 402 245 401 245 400 245 399 245 399 244 398 244 397 244 397 243 396 243 395 243 395 242 394 242 393 242
1788 6001 1515 5.81658e+06 393 241 393 242
1789 6015 1516 inf 346 296 345 296 345 295 344 295 343 295 343 294 342 294
1790 5996 1516 inf 340 293 341 293 341 294 342 294
1791 5984 1519 8.51444e+07 367 263 367 264 368 264 368 265 368 266 369 266 369 267 370 267
1792 6007 1519 8.51444e+07 370 268 370 267
1793 6014 1521 8.51444e+07 372 269 372 268 371 268
1794 6007 1521 8.51444e+07 370 267 370 268 371 268
1795 6020 1523 49131.3 361 282 360 282 359 282 359 283 358 283
1796 6016 1523 49131.3 358 284 358 283
1797 6014 1525 8.51444e+07 372 268 372 269
1798 6022 1525 8.51444e+07 373 270 372 270 372 269
1799 6023 1528 68781.3 425 217 425 218 424 218
1800 6018 1528 68781.3 423 218 424 218
1801 6024 1529 49131.3 356 288 355 288
1802 6013 1529 49131.3 353 287 354 287 354 288 355 288
1803 6015 1530 inf 345 296 346 296 347 296 348 296
1804 6025 1530 inf 348 297 348 296
1805 6051 1531 49131.3 370 282 369 282 368 282 367 282 366 282 365 282 364 282 363 282 362 282
1806 6020 1531 49131.3 360 282 361 282 362 282
1807 6028 1532 8.51444e+07 374 272 374 271 373 271
1808 6022 1532 8.51444e+07 372 270 373 270 373 271
1809 6027 1533 68781.3 428 217 427 217
1810 6023 1533 68781.3 425 218 425 217 426 217 427 217
1811 6031 1534 4162.5 357 291 357 290 357 289 356 289
1812 6016 1534 49131.3 358 283 358 284 358 285 358 286 358 287 358 288 358 289 357 289 356 289
1813 6024 1534 49131.3 355 288 356 288 356 289
1814 6057 1535 2.88866e+07 416 237 415 237 414 237 413 237 412 237 411 237 411 238 410 238 409 238 408 238 407 238
1815 6026 1535 2.88866e+07 406 238 407 238
1816 6030 1536 68781.3 431 215 431 216 430 216 429 216
1817 6027 1536 68781.3 427 217 428 217 428 216 429 216
1818 6034 1537 inf 351 298 351 297 350 297 349 297
1819 6025 1537 inf 348 296 348 297 349 297
1820 6062 1538 49131.3 371 282 372 282 373 282 374 282 375 282 376 282 376 281 376 280 376 279 376 278 376 277 376 276 376 275 376 274 376 273 375 273 375 272 374 272
1821 6046 1538 8.51444e+07 377 274 376 274 376 273 375 273 375 272 374 272
1822 6039 1538 108231 382 268 381 268 380 268 379 268 378 268 377 268 377 269 377 270 377 271 377 272 377 273 376 273 375 273 375 272 374 272
1823 6028 1538 8.51444e+07 374 271 374 272
1824 6054 1540 68781.3 438 213 438 214 437 214 436 214 435 214 434 214 433 214 433 215 432 215
1825 6030 1540 68781.3 431 216 431 215 432 215
1826 6049 1541 inf 354 298 353 298 352 298 351 298
1827 6013 1541 49131.3 354 287 353 287 352 287 352 288 352 289 352 290 352 291 352 292 352 293 352 294 352 295 352 296 352 297 352 298 351 298
1828 5987 1541 3825 352 279 352 280 352 281 353 281 353 282 353 283 353 284 353 285 353 286 353 287 352 287 352 288 352 289 352 290 352 291 352 292 352 293 352 294 352 295 352 296 352 297 352 298 351 298
1829 6034 1541 inf 351 297 351 298
1830 6047 1544 108231 383 268 382 268
1831 6039 1544 108231 381 268 382 268
1832 6056 1546 8.51444e+07 378 275 378 274 377 274
1833 6046 1546 8.51444e+07 376 274 377 274
1834 6060 1547 153487 428 199 428 200 428 201
1835 6037 1547 153487 428 204 428 203 428 202 428 201
1836 6059 1548 68781.3 441 212 440 212 440 213 439 213
1837 6054 1548 68781.3 438 214 438 213 439 213
1838 6062 1550 49131.3 372 282 371 282
1839 6051 1550 49131.3 369 282 370 282 371 282
1840 6069 1551 8.51444e+07 380 275 379 275 378 275
1841 6056 1551 8.51444e+07 378 274 378 275
1842 6070 1553 108231 385 270 385 269 384 269
1843 6047 1553 108231 382 268 383 268 383 269 384 269
1844 6064 1554 2.88866e+07 417 236 417 237 416 237
1845 6057 1554 2.88866e+07 415 237 416 237
1846 6075 1555 2.88866e+07 423 233 422 233 422 234 421 234 420 234 419 234
1847 6072 1555 2.88866e+07 419 236 419 235 419 234
1848 6077 1556 68781.3 442 210 442 211 441 211 441 212
1849 6059 1556 68781.3 440 212 441 212
1850 6072 1557 2.88866e+07 419 235 419 236 418 236
1851 6064 1557 2.88866e+07 417 237 417 236 418 236
1852 6085 1558 6612.49 435 223 434 223 433 223 433 224 432 224 431 224 430 224
1853 6065 1558 6612.49 429 224 430 224
1854 6060 1560 153487 428 200 428 199 428 198
1855 6078 1560 11606.2 430 198 429 198 428 198
1856 6079 1560 153487 429 197 429 198 428 198
1857 6069 1561 8.51444e+07 379 275 380 275
1858 6089 1561 8.51444e+07 381 278 381 277 381 276 380 276 380 275
1859 6083 1564 108231 387 271 387 270 386 270
1860 6070 1564 108231 385 269 385 270 386 270
1861 6130 1565 1.35853e+06 414 253 414 252 414 251 414 250 413 250 413 249 413 248 412 248 411 248 410 248 409 248 408 248
1862 6166 1565 5.81658e+06 421 254 420 254 420 253 419 253 419 252 418 252 417 252 417 251 416 251 415 251 415 250 414 250 413 250 413 249 413 248 412 248 411 248 410 248 409 248 408 248
1863 6199 1565 408612 426 253 425 253 425 252 424 252 423 252 423 251 422 251 422 250 421 250 420 250 419 250 418 250 417 250 416 250 415 250 414 250 413 250 413 249 413 248 412 248 411 248 410 248 409 248 408 248
1864 6071 1565 5.81658e+06 407 247 407 248 408 248
1865 6101 1566 11606.2 435 198 434 198 433 198 432 198 431 198 430 198
1866 6078 1566 11606.2 429 198 430 198
1867 6079 1567 153487 429 198 429 197 429 196
1868 6092 1567 153487 430 195 430 196 429 196
1869 6107 1568 108231 391 272 390 272 389 272 389 271 388 271 387 271
1870 6083 1568 108231 387 270 387 271
1871 6086 1569 6612.49 436 221 436 222
1872 6085 1569 6612.49 434 223 435 223 435 222 436 222
1873 6090 1570 6612.49 438 220 438 221 437 221
1874 6086 1570 6612.49 436 222 436 221 437 221
1875 6091 1571 6612.49 441 217 441 218 440 218
1876 6090 1571 6612.49 438 221 438 220 438 219 439 219 439 218 440 218
1877 6095 1572 8.51444e+07 382 279 382 278 381 278
1878 6089 1572 8.51444e+07 381 277 381 278
1879 6098 1574 2.88866e+07 429 232 428 232 427 232
1880 6065 1574 6612.49 430 224 429 224 428 224 427 224 427 225 427 226 427 227 427 228 427 229 427 230 427 231 427 232
1881 6018 1574 68781.3 424 218 423 218 423 219 422 219 421 219 421 220 421 221 421 222 421 223 421 224 421 225 421 226 421 227 421 228 421 229 421 230 421 231 422 231 423 231 424 231 425 231 426 231 426 232 427 232
1882 6075 1574 2.88866e+07 422 233 423 233 424 233 425 233 426 233 427 233 427 232
1883 6113 1574 4793.75 430 234 429 234 428 234 428 233 427 233 427 232
1884 6100 1575 68781.3 446 209 446 210 445 210
1885 6077 1575 68781.3 442 211 442 210 443 210 444 210 445 210
1886 6094 1576 108231 394 265 394 266
1887 6093 1576 108231 393 267 393 266 394 266
1888 6092 1577 153487 430 196 430 195 430 194
1889 6102 1577 153487 431 194 430 194
1890 6118 1578 2.88866e+07 433 232 433 231 432 231 431 231 430 231
1891 6098 1578 2.88866e+07 428 232 429 232 429 231 430 231
1892 6099 1579 6612.49 445 216 444 216 444 217
1893 6091 1579 6612.49 441 218 441 217 442 217 443 217 444 217
1894 6115 1580 68781.3 449 209 448 209 447 209 446 209
1895 6100 1580 68781.3 446 210 446 209
1896 6119 1581 11606.2 437 196 436 196 436 197 435 197 435 198
1897 6101 1581 11606.2 434 198 435 198
1898 6095 1582 8.51444e+07 382 278 382 279 383 279
1899 6111 1582 8.51444e+07 384 280 383 280 383 279
1900 6110 1583 6612.49 447 215 447 216 446 216
1901 6099 1583 6612.49 444 216 445 216 446 216
1902 6102 1584 153487 430 194 431 194 431 193
1903 6116 1584 153487 432 192 431 192 431 193
1904 6093 1585 108231 393 266 393 267 393 268 393 269 393 270 393 271 393 272 392 272 391 272
1905 6107 1585 108231 390 272 391 272
1906 6114 1589 6612.49 449 214 449 215 448 215
1907 6110 1589 6612.49 447 216 447 215 448 215
1908 6121 1590 8.51444e+07 385 281 385 280 384 280
1909 6111 1590 8.51444e+07 383 280 384 280
1910 6136 1591 68781.3 452 216 452 215 452 214 451 214 450 214
1911 6115 1591 68781.3 448 209 449 209 450 209 451 209 451 210 451 211 451 212 451 213 451 214 450 214
1912 6114 1591 6612.49 449 215 449 214 450 214
1913 6116 1593 153487 431 192 432 192
1914 6120 1593 153487 433 192 432 192
1915 6126 1595 2.88866e+07 434 232 433 232
1916 6118 1595 2.88866e+07 433 231 433 232
1917 6132 1597 11606.2 438 195 437 195 437 196
1918 6119 1597 11606.2 436 196 437 196
1919 6144 1599 8.51444e+07 388 283 388 282 387 282 386 282 386 281 385 281
1920 6121 1599 8.51444e+07 385 280 385 281
1921 6120 1600 153487 432 192 433 192 433 191
1922 6137 1600 153487 435 191 434 191 433 191
1923 6164 1602 1.35853e+06 416 259 416 258 416 257 416 256 416 255 416 254 415 254 415 253 414 253
1924 6130 1602 1.35853e+06 414 252 414 253
1925 6140 1604 11606.2 439 194 439 195 438 195
1926 6132 1604 11606.2 437 195 438 195
1927 6200 1606 22425 439 240 438 240 437 240 437 239 437 238 437 237 437 236 436 236 436 235 436 234 436 233 435 233
1928 6135 1606 2.88866e+07 436 231 436 232 435 232 435 233
1929 6126 1606 2.88866e+07 433 232 434 232 435 232 435 233
1930 6113 1606 4793.75 429 234 430 234 431 234 432 234 433 234 433 233 434 233 435 233
1931 6031 1608 4162.5 357 290 357 291 357 292 357 293 357 294 357 295 357 296 357 297 357 298 357 299 358 299 359 299 360 299 361 299 362 299 363 299 364 299 365 299 366 299 367 299 368 299 369 299 370 299
1932 6049 1608 inf 353 298 354 298 355 298 356 298 357 298 357 299 358 299 359 299 360 299 361 299 362 299 363 299 364 299 365 299 366 299 367 299 368 299 369 299 370 299
1933 6143 1608 inf 371 300 370 300 370 299
1934 6153 1609 2.88866e+07 441 232 440 232 440 231 439 231 438 231
1935 6135 1609 2.88866e+07 436 232 436 231 437 231 438 231
1936 6137 1610 153487 434 191 435 191 435 190
1937 6145 1610 153487 437 190 436 190 435 190
1938 6149 1613 11606.2 441 193 441 194 440 194
1939 6140 1613 11606.2 439 195 439 194 440 194
1940 6143 1614 inf 370 300 371 300
1941 6150 1614 inf 372 301 371 301 371 300
1942 6144 1615 8.51444e+07 388 282 388 283
1943 6174 1615 8.51444e+07 391 285 390 285 390 284 389 284 388 284 388 283
1944 6159 1616 inf 373 301 373 300 373 299
1945 6173 1616 inf 375 301 375 300 374 300 373 300 373 299
1946 6145 1618 153487 436 190 437 190 437 189
1947 6194 1618 153487 443 189 442 189 441 189 440 189 439 189 438 189 437 189
1948 6159 1619 inf 373 300 373 301 372 301
1949 6150 1619 inf 371 301 372 301
1950 6162 1622 2.88866e+07 443 231 442 231 442 232 441 232
1951 6153 1622 2.88866e+07 440 232 441 232
1952 6156 1624 2.88866e+07 450 223 449 223 449 224
1953 6170 1624 2.88866e+07 449 226 449 225 449 224
1954 6179 1624 4562.5 451 224 451 225 450 225 449 225 449 224
1955 6157 1625 2.88866e+07 451 221 451 222 450 222 450 223
1956 6156 1625 2.88866e+07 449 223 450 223
1957 6163 1626 2.88866e+07 453 221 452 221
1958 6157 1626 2.88866e+07 451 222 451 221 452 221
1959 6171 1627 2.88866e+07 455 220 454 220 453 220
1960 6136 1627 68781.3 452 215 452 216 452 217 452 218 452 219 452 220 453 220
1961 6163 1627 2.88866e+07 452 221 453 221 453 220
1962 6225 1631 108894 449 232 448 232 448 231 447 231 446 231 445 231 444 231 443 231
1963 6177 1631 2.88866e+07 448 227 448 228 447 228 447 229 446 229 446 230 445 230 444 230 443 230 443 231
1964 6162 1631 2.88866e+07 442 231 443 231
1965 6187 1632 11606.2 443 190 443 191 443 192 442 192
1966 6149 1632 11606.2 441 194 441 193 442 193 442 192
1967 6166 1634 5.81658e+06 420 254 421 254
1968 6176 1634 5.81658e+06 421 255 421 254
1969 6178 1635 2.88866e+07 449 226 449 227 448 227
1970 6177 1635 2.88866e+07 448 228 448 227
1971 6170 1636 2.88866e+07 449 225 449 226
1972 6178 1636 2.88866e+07 449 227 449 226
1973 6181 1637 2.88866e+07 456 220 455 220
1974 6171 1637 2.88866e+07 454 220 455 220
1975 6195 1639 8.51444e+07 393 286 393 285 392 285 391 285
1976 6174 1639 8.51444e+07 390 285 391 285
1977 6179 1640 4562.5 451 225 451 224 452 224
1978 6215 1640 4562.5 453 227 453 226 452 226 452 225 452 224
1979 6230 1642 inf 379 303 378 303 377 303 377 302 376 302 375 302
1980 6220 1642 2800 379 302 379 301 378 301 377 301 376 301 375 301 375 302
1981 6173 1642 inf 375 300 375 301 375 302
1982 6189 1644 1.35853e+06 417 261 416 261
1983 6164 1644 1.35853e+06 416 258 416 259 416 260 416 261
1984 6198 1646 5.81658e+06 422 257 421 257
1985 6176 1646 5.81658e+06 421 254 421 255 421 256 421 257
1986 6209 1649 1.35853e+06 418 262 417 262
1987 6189 1649 1.35853e+06 416 261 417 261 417 262
1988 6223 1650 408612 427 254 427 253 426 253
1989 6199 1650 408612 425 253 426 253
1990 6224 1651 22425 441 240 440 240 439 240
1991 6200 1651 22425 438 240 439 240
1992 6202 1653 2.88866e+07 458 221 457 221 457 222
1993 6181 1653 2.88866e+07 455 220 456 220 457 220 457 221 457 222
1994 6221 1658 8.51444e+07 395 286 394 286
1995 6195 1658 8.51444e+07 393 285 393 286 394 286
1996 6226 1659 4562.5 451 229 451 230 450 230
1997 6234 1659 4562.5 450 232 450 231 450 230
1998 6227 1660 4562.5 453 228 452 228 452 229 451 229
1999 6226 1660 4562.5 451 230 451 229
2000 6209 1664 1.35853e+06 417 262 418 262 418 263
2001 6232 1664 1.35853e+06 418 264 418 263
2002 6251 1665 5.81658e+06 425 259 425 258 424 258 423 258
2003 6198 1665 5.81658e+06 421 257 422 257 422 258 423 258
2004 6228 1666 4562.5 453 227 453 228
2005 6227 1666 4562.5 452 228 453 228
2006 6215 1667 4562.5 453 226 453 227 454 227
2007 6228 1667 4562.5 453 228 453 227 454 227
2008 6249 1669 8.51444e+07 397 287 397 286 396 286
2009 6221 1669 8.51444e+07 394 286 395 286 396 286
2010 6238 1670 408612 429 254 428 254
2011 6223 1670 408612 427 253 427 254 428 254
2012 6240 1672 2.88866e+07 462 221 461 221
2013 6202 1672 2.88866e+07 457 221 458 221 459 221 460 221 461 221
2014 6241 1673 2.88866e+07 463 219 463 220 462 220
2015 6240 1673 2.88866e+07 461 221 462 221 462 220
2016 6248 1676 inf 381 303 380 303
2017 6220 1676 2800 379 301 379 302 379 303 380 303
2018 6230 1676 inf 378 303 379 303 380 303
2019 6232 1678 1.35853e+06 418 263 418 264 419 264
2020 6259 1678 1.35853e+06 420 265 419 265 419 264
2021 6254 1679 2.88866e+07 465 218 465 219 464 219
2022 6241 1679 2.88866e+07 463 220 463 219 464 219
2023 6242 1680 2.88866e+07 466 216 466 217 466 218 465 218
2024 6254 1680 2.88866e+07 465 219 465 218
2025 6243 1681 2.88866e+07 467 215 467 216
2026 6242 1681 2.88866e+07 466 217 466 216 467 216
2027 6244 1682 2.88866e+07 469 214 468 214 468 215
2028 6243 1682 2.88866e+07 467 216 467 215 468 215
2029 6256 1683 2.88866e+07 470 213 470 214 469 214
2030 6244 1683 2.88866e+07 468 214 469 214
2031 6255 1684 2.88866e+07 471 213 470 213
2032 6256 1684 2.88866e+07 470 214 470 213
2033 6265 1685 2.88866e+07 472 211 472 212 471 212
2034 6255 1685 2.88866e+07 470 213 471 213 471 212
2035 6301 1687 5.81658e+06 430 260 430 259 429 259 428 259 427 259 426 259 425 259
2036 6251 1687 5.81658e+06 425 258 425 259
2037 6253 1688 108894 448 235 448 236
2038 6252 1688 108894 447 237 447 236 448 236
2039 6261 1689 108894 450 235 449 235
2040 6253 1689 108894 448 236 448 235 449 235
2041 6283 1690 inf 383 305 382 305 382 304 381 304
2042 6248 1690 inf 380 303 381 303 381 304
2043 6267 1691 408612 431 255 430 255
2044 6238 1691 408612 428 254 429 254 430 254 430 255
2045 6277 1692 22425 447 240 446 240 445 240
2046 6224 1692 22425 440 240 441 240 442 240 443 240 444 240 445 240
2047 6262 1693 108894 451 233 451 234
2048 6261 1693 108894 449 235 450 235 450 234 451 234
2049 6263 1694 34875 453 232 452 232 452 233
2050 6234 1694 4562.5 450 231 450 232 451 232 451 233 452 233
2051 6225 1694 108894 448 232 449 232 450 232 451 232 451 233 452 233
2052 6262 1694 108894 451 234 451 233 452 233
2053 6264 1695 34875 454 230 454 231 453 231 453 232
2054 6263 1695 34875 452 232 453 232
2055 6295 1696 34875 458 231 457 231 457 230 456 230 455 230
2056 6264 1696 34875 454 231 454 230 455 230
2057 6268 1697 2.88866e+07 473 211 472 211
2058 6265 1697 2.88866e+07 472 212 472 211
2059 6194 1699 153487 442 189 443 189 444 189 445 189 446 189 447 189 448 189 449 189 450 189
2060 6187 1699 11606.2 443 191 443 190 443 189 444 189 445 189 446 189 447 189 448 189 449 189 450 189
2061 6266 1699 153487 451 190 450 190 450 189
2062 6249 1700 8.51444e+07 397 286 397 287 398 287 399 287
2063 6272 1700 8.51444e+07 399 288 399 287
2064 6271 1701 153487 452 191 453 191
2065 6270 1701 153487 454 192 453 192 453 191
2066 6266 1702 153487 450 190 451 190 452 190
2067 6271 1702 153487 453 191 452 191 452 190
2068 6259 1705 1.35853e+06 419 265 420 265 420 266 421 266
2069 6284 1705 1.35853e+06 421 267 421 266
2070 6292 1706 108894 448 241 448 240 447 240
2071 6252 1706 108894 447 236 447 237 447 238 447 239 447 240
2072 6277 1706 22425 446 240 447 240
2073 6270 1708 153487 453 192 454 192 455 192
2074 6282 1708 153487 456 193 455 193 455 192
2075 6308 1709 inf 385 306 385 305 384 305 383 305
2076 6309 1709 4012.5 386 304 386 305 385 305 384 305 383 305
2077 6283 1709 inf 382 305 383 305
2078 6300 1710 8.51444e+07 402 288 401 288 400 288
2079 6272 1710 8.51444e+07 399 287 399 288 400 288
2080 6318 1712 408612 441 251 440 251 439 251 438 251 437 251 436 251 435 251 434 251 434 252 434 253 434 254 434 255 434 256 433 256 432 256
2081 6267 1712 408612 430 255 431 255 431 256 432 256
2082 6302 1712 9768.74 433 257 432 257 432 256
2083 6296 1714 2.88866e+07 476 211 475 211
2084 6268 1714 2.88866e+07 472 211 473 211 474 211 475 211
2085 6288 1716 153487 458 195 459 195
2086 6298 1716 153487 461 196 460 196 460 195 459 195
2087 6289 1717 153487 457 194 458 194
2088 6288 1717 153487 459 195 458 195 458 194
2089 6282 1718 153487 455 193 456 193 457 193
2090 6289 1718 153487 458 194 457 194 457 193
2091 6284 1720 1.35853e+06 421 266 421 267 422 267
2092 6364 1720 1.35853e+06 423 277 423 276 423 275 423 274 423 273 423 272 423 271 423 270 423 269 422 269 422 268 422 267
2093 6331 1721 34875 466 227 466 228 465 228 465 229 464 229 463 229 463 230 462 230 461 230 460 230 459 230 459 231 458 231
2094 6295 1721 34875 457 231 458 231
2095 6338 1722 4012.5 392 303 391 303 390 303 389 303 388 303 387 303 387 304 386 304
2096 6309 1722 4012.5 386 305 386 304
2097 6316 1723 8.51444e+07 404 288 403 288 402 288
2098 6300 1723 8.51444e+07 401 288 402 288
2099 6329 1724 5.81658e+06 433 261 433 260 432 260 431 260 430 260
2100 6301 1724 5.81658e+06 430 259 430 260
2101 6317 1725 9768.74 434 258 434 257 433 257
2102 6302 1725 9768.74 432 257 433 257
2103 6323 1726 108894 454 239 453 239 452 239 451 239 450 239 450 240 450 241 449 241
2104 6292 1726 108894 448 240 448 241 449 241
2105 6313 1728 2.88866e+07 477 210 476 210
2106 6296 1728 2.88866e+07 475 211 476 211 476 210
2107 6337 1730 inf 389 306 388 306 387 306 386 306 385 306
2108 6308 1730 inf 385 305 385 306
2109 6298 1731 153487 460 196 461 196 462 196 463 196 463 197 464 197
2110 6336 1731 153487 467 198 467 197 466 197 465 197 464 197
2111 6339 1733 9768.74 436 259 436 258 435 258 434 258
2112 6317 1733 9768.74 434 257 434 258
2113 6334 1735 2.88866e+07 478 208 478 209 477 209
2114 6313 1735 2.88866e+07 476 210 477 210 477 209
2115 6372 1737 408612 447 254 447 253 446 253 446 252 446 251 445 251 444 251 443 251 442 251
2116 6318 1737 408612 440 251 441 251 442 251
2117 6332 1738 34875 468 225 468 226 467 226 466 226 466 227
2118 6331 1738 34875 466 228 466 227
2119 6348 1739 153487 470 198 469 198 468 198 468 199
2120 6336 1739 153487 467 197 467 198 468 198 468 199
2121 6344 1741 34875 470 225 469 225
2122 6332 1741 34875 468 226 468 225 469 225
2123 6347 1742 2.88866e+07 479 207 479 208 478 208
2124 6334 1742 2.88866e+07 478 209 478 208
2125 6441 1744 inf 404 310 404 309 403 309 402 309 402 308 402 307 401 307 400 307 399 307 398 307 397 307 397 306 396 306 395 306 394 306 393 306 392 306 391 306 390 306 389 306
2126 6409 1744 4237.5 405 304 404 304 403 304 403 305 403 306 403 307 402 307 401 307 400 307 399 307 398 307 397 307 397 306 396 306 395 306 394 306 393 306 392 306 391 306 390 306 389 306
2127 6399 1744 2656.25 404 302 404 303 404 304 403 304 403 305 403 306 403 307 402 307 401 307 400 307 399 307 398 307 397 307 397 306 396 306 395 306 394 306 393 306 392 306 391 306 390 306 389 306
2128 6337 1744 inf 388 306 389 306
2129 6358 1745 4012.5 400 299 399 299 399 300 399 301 399 302 399 303 399 304 398 304 397 304 396 304 395 304 394 304 393 304 393 303 392 303
2130 6338 1745 4012.5 391 303 392 303
2131 6377 1746 5.81658e+06 439 263 439 262 438 262 437 262 437 261 436 261 435 261 434 261
2132 6346 1746 9768.74 436 259 436 260 436 261 435 261 434 261
2133 6329 1746 5.81658e+06 433 260 433 261 434 261
2134 6339 1747 9768.74 436 258 436 259
2135 6346 1747 9768.74 436 260 436 259
2136 6353 1749 20425 456 240 456 241 455 241
2137 6387 1749 20425 455 249 455 248 455 247 455 246 455 245 455 244 455 243 455 242 455 241
2138 6413 1750 108894 471 238 470 238 469 238 468 238 467 238 466 238 465 238 464 238 463 238 462 238 461 238 460 238 459 238 458 238 458 239 457 239
2139 6323 1750 108894 453 239 454 239 455 239 456 239 457 239
2140 6353 1750 20425 456 241 456 240 456 239 457 239
2141 6354 1753 34875 474 222 474 223
2142 6344 1753 34875 469 225 470 225 471 225 471 224 472 224 473 224 473 223 474 223
2143 6362 1757 2.88866e+07 480 205 479 205
2144 6363 1757 153487 473 198 473 199 474 199 475 199 475 200 475 201 475 202 475 203 475 204 476 204 477 204 478 204 478 205 479 205
2145 6347 1757 2.88866e+07 479 208 479 207 479 206 479 205
2146 6369 1758 4012.5 402 299 401 299 400 299
2147 6358 1758 4012.5 399 299 400 299
2148 6348 1764 153487 469 198 470 198 471 198 472 198 473 198 473 197
2149 6363 1764 153487 473 199 473 198 473 197
2150 6316 1765 8.51444e+07 403 288 404 288 405 288 405 289 406 289 407 289 408 289 409 289 410 289 411 289 411 290
2151 6376 1765 8.51444e+07 411 291 411 290
2152 6380 1766 2.88866e+07 482 204 481 204
2153 6362 1766 2.88866e+07 479 205 480 205 480 204 481 204
2154 6385 1770 1.33522e+08 487 216 486 216
2155 6394 1770 1.33522e+08 486 219 486 218 486 217 486 216
2156 6391 1772 5.81658e+06 443 262 442 262 441 262 440 262 440 263
2157 6377 1772 5.81658e+06 439 262 439 263 440 263
2158 6379 1773 1.33522e+08 487 214 487 215 488 215
2159 6385 1773 1.33522e+08 486 216 487 216 487 215 488 215
2160 6391 1778 5.81658e+06 442 262 443 262
2161 6396 1778 5.81658e+06 443 263 443 262
2162 6400 1780 4012.5 407 300 406 300
2163 6369 1780 4012.5 401 299 402 299 402 300 403 300 404 300 405 300 406 300
2164 6399 1780 2656.25 404 303 404 302 404 301 405 301 405 300 406 300
2165 6394 1782 1.33522e+08 486 218 486 219 486 220
2166 6354 1782 34875 474 223 474 222 475 222 476 222 477 222 478 222 479 222 480 222 481 222 482 222 483 222 484 222 485 222 485 221 486 221 486 220
2167 6404 1782 408612 483 225 483 224 484 224 484 223 485 223 485 222 485 221 486 221 486 220
2168 6438 1782 1.33522e+08 485 228 485 227 485 226 485 225 485 224 485 223 485 222 485 221 486 221 486 220
2169 6422 1786 5.81658e+06 446 264 446 263 445 263
2170 6396 1786 5.81658e+06 443 262 443 263 444 263 445 263
2171 6416 1788 408612 483 226 482 226
2172 6415 1788 408612 481 228 481 227 482 227 482 226
2173 6404 1789 408612 483 224 483 225
2174 6416 1789 408612 482 226 483 226 483 225
2175 6420 1791 4012.5 410 300 409 300
2176 6400 1791 4012.5 406 300 407 300 408 300 409 300
2177 6414 1793 408612 480 228 480 229
2178 6433 1793 408612 477 235 477 234 478 234 478 233 478 232 479 232 479 231 479 230 480 230 480 229
2179 6415 1794 408612 481 227 481 228
2180 6414 1794 408612 480 229 480 228 481 228
2181 6467 1797 5.81658e+06 452 265 451 265 451 264 450 264 449 264 448 264 447 264 446 264
2182 6422 1797 5.81658e+06 446 263 446 264
2183 6436 1798 1.37164e+06 498 210 498 211 497 211
2184 6424 1798 1.37164e+06 497 212 497 211
2185 6481 1801 10318.7 502 217 502 216 502 215 501 215 500 215 499 215 498 215 497 215 496 215
2186 6435 1801 1.37164e+06 497 214 497 215 496 215
2187 6439 1801 1.37164e+06 495 217 496 217 496 216 496 215
2188 6424 1802 1.37164e+06 497 211 497 212 497 213 497 214
2189 6435 1802 1.37164e+06 497 215 497 214
2190 6437 1803 1.33522e+08 489 201 489 202
2191 6380 1803 2.88866e+07 481 204 482 204 483 204 484 204 485 204 486 204 487 204 488 204 489 204 489 203 489 202
2192 6379 1803 1.33522e+08 487 215 487 214 487 213 487 212 487 211 488 211 488 210 488 209 488 208 488 207 488 206 488 205 488 204 489 204 489 203 489 202
2193 6433 1804 408612 477 234 477 235
2194 6413 1804 108894 470 238 471 238 472 238 473 238 474 238 475 238 476 238 476 237 476 236 477 236 477 235
2195 6454 1804 408612 475 239 476 239 476 238 476 237 476 236 477 236 477 235
2196 6447 1805 1.37164e+06 499 209 498 209 498 210
2197 6436 1805 1.37164e+06 498 211 498 210
2198 6443 1806 4237.5 410 304 409 304
2199 6409 1806 4237.5 404 304 405 304 406 304 407 304 408 304 409 304
2200 6445 1807 1.33522e+08 486 228 485 228
2201 6438 1807 1.33522e+08 485 227 485 228
2202 6439 1808 1.37164e+06 496 217 495 217 495 218
2203 6446 1808 1.37164e+06 494 219 495 219 495 218
2204 6456 1809 inf 406 310 405 310 404 310
2205 6441 1809 inf 404 309 404 310
2206 6450 1810 4237.5 413 302 412 302
2207 6443 1810 4237.5 409 304 410 304 410 303 411 303 411 302 412 302
2208 6452 1811 408612 461 254 460 254
2209 6387 1811 20425 455 248 455 249 455 250 455 251 455 252 455 253 456 253 457 253 458 253 458 254 459 254 460 254
2210 6372 1811 408612 447 253 447 254 448 254 449 254 450 254 451 254 452 254 453 254 454 254 454 255 455 255 456 255 457 255 458 255 458 254 459 254 460 254
2211 6454 1812 408612 476 239 475 239
2212 6459 1812 408612 474 241 475 241 475 240 475 239
2213 6453 1813 408612 462 252 462 253
2214 6452 1813 408612 460 254 461 254 461 253 462 253
2215 6459 1814 408612 475 241 474 241
2216 6458 1814 408612 473 242 474 242 474 241
2217 6455 1815 1.37164e+06 494 221 493 221 493 222
2218 6461 1815 1.37164e+06 492 223 493 223 493 222
2219 6446 1816 1.37164e+06 495 219 494 219 494 220 494 221
2220 6455 1816 1.37164e+06 493 221 494 221
2221 6463 1817 1.33522e+08 491 199 490 199
2222 6437 1817 1.33522e+08 489 202 489 201 490 201 490 200 490 199
2223 6465 1819 inf 407 310 406 310
2224 6456 1819 inf 405 310 406 310
2225 6468 1821 408612 468 249 467 249
2226 6453 1821 408612 462 253 462 252 463 252 464 252 464 251 465 251 465 250 466 250 467 250 467 249
2227 6469 1822 408612 469 247 469 248 468 248
2228 6468 1822 408612 467 249 468 249 468 248
2229 6458 1823 408612 474 242 473 242 473 243
2230 6472 1823 408612 473 244 473 243
2231 6461 1824 1.37164e+06 493 223 492 223 492 224
2232 6460 1824 1.37164e+06 491 225 491 224 492 224
2233 6492 1825 5.81658e+06 456 266 455 266 455 265 454 265 453 265 452 265
2234 6467 1825 5.81658e+06 451 265 452 265
2235 6470 1826 408612 470 246 470 247
2236 6469 1826 408612 469 248 469 247 470 247
2237 6471 1827 408612 472 245 471 245 471 246
2238 6470 1827 408612 470 247 470 246 471 246
2239 6472 1828 408612 473 243 473 244 472 244 472 245
2240 6471 1828 408612 471 245 472 245
2241 6460 1829 1.37164e+06 491 224 491 225 491 226 490 226 490 227
2242 6473 1829 1.37164e+06 489 227 490 227
2243 6484 1830 1.37164e+06 501 205 501 206 500 206 500 207
2244 6447 1830 1.37164e+06 498 209 499 209 499 208 499 207 500 207
2245 6477 1831 inf 408 309 408 310
2246 6465 1831 inf 406 310 407 310 408 310
2247 6473 1832 1.37164e+06 490 227 489 227 489 228 489 229 488 229 488 230
2248 6445 1832 1.33522e+08 485 228 486 228 487 228 488 228 488 229 488 230
2249 6480 1832 1.33522e+08 488 231 488 230
2250 6483 1836 1.33522e+08 487 232 487 233 486 233
2251 6490 1836 1.33522e+08 486 235 486 234 486 233
2252 6480 1837 1.33522e+08 488 230 488 231 487 231 487 232
2253 6483 1837 1.33522e+08 487 233 487 232
2254 6494 1838 10318.7 504 218 504 217 503 217 502 217
2255 6481 1838 10318.7 502 216 502 217
2256 6485 1839 1.33522e+08 492 196 491 196
2257 6463 1839 1.33522e+08 490 199 491 199 491 198 491 197 491 196
2258 6503 1840 1.37164e+06 503 203 502 203 501 203 501 204 501 205
2259 6484 1840 1.37164e+06 501 206 501 205
2260 6493 1841 1.33522e+08 484 237 484 238 483 238
2261 6497 1841 1.33522e+08 482 240 483 240 483 239 483 238
2262 6488 1842 1.33522e+08 485 236 484 236 484 237
2263 6493 1842 1.33522e+08 484 238 484 237
2264 6489 1843 1.33522e+08 485 235 485 236
2265 6488 1843 1.33522e+08 484 236 485 236
2266 6490 1844 1.33522e+08 486 234 486 235
2267 6489 1844 1.33522e+08 485 236 485 235 486 235
2268 6497 1846 1.33522e+08 483 240 482 240
2269 6502 1846 1.33522e+08 481 243 481 242 482 242 482 241 482 240
2270 6559 1847 10318.7 506 228 506 227 506 226 506 225 506 224 505 224 505 223 505 222 505 221 505 220 505 219 505 218 504 218
2271 6494 1847 10318.7 504 217 504 218
2272 6505 1848 1.33522e+08 493 193 492 193 492 194
2273 6485 1848 1.33522e+08 491 196 492 196 492 195 492 194
2274 6529 1851 5.81658e+06 463 266 462 266 461 266 460 266 459 266
2275 6492 1851 5.81658e+06 455 266 456 266 457 266 458 266 459 266
2276 6502 1852 1.33522e+08 481 242 481 243 481 244
2277 6513 1852 1.33522e+08 481 245 481 244
2278 6518 1854 1.37164e+06 503 200 503 201 503 202
2279 6503 1854 1.37164e+06 502 203 503 203 503 202
2280 6512 1856 1.33522e+08 479 246 479 247
2281 6514 1856 1.33522e+08 478 249 478 248 479 248 479 247
2282 6513 1857 1.33522e+08 481 244 481 245 480 245 480 246
2283 6512 1857 1.33522e+08 479 247 479 246 480 246
2284 6524 1858 882231 515 211 514 211 514 212
2285 6523 1858 882231 514 214 514 213 514 212
2286 6531 1859 1.33522e+08 494 189 493 189 493 190 493 191
2287 6505 1859 1.33522e+08 492 193 493 193 493 192 493 191
2288 6514 1860 1.33522e+08 478 248 478 249
2289 6520 1860 1.33522e+08 477 251 477 250 478 250 478 249
2290 6520 1863 1.33522e+08 477 250 477 251
2291 6530 1863 1.33522e+08 476 253 476 252 477 252 477 251
2292 6523 1864 882231 514 213 514 214
2293 6532 1864 882231 514 216 514 215 514 214
2294 6534 1866 1.37164e+06 505 199 505 200 504 200
2295 6518 1866 1.37164e+06 503 201 503 200 504 200
2296 6530 1868 1.33522e+08 476 252 476 253
2297 6529 1868 5.81658e+06 462 266 463 266 463 265 464 265 464 264 465 264 465 263 466 263 466 262 467 262 467 261 468 261 469 261 469 260 470 260 471 260 472 260 473 260 474 260 474 259 474 258 474 257 474 256 475 256 475 255 475 254 476 254 476 253
2298 6561 1868 1.33522e+08 474 261 474 260 474 259 474 258 474 257 474 256 475 256 475 255 475 254 476 254 476 253
2299 6533 1870 882231 515 209 515 210
2300 6524 1870 882231 514 211 515 211 515 210
2301 6549 1871 882231 515 218 515 217 515 216 514 216
2302 6532 1871 882231 514 215 514 216
2303 6544 1872 882231 515 208 515 207 514 207 513 207
2304 6545 1872 882231 513 205 513 206 513 207
2305 6582 1873 882231 513 201 513 200 513 199 512 199 511 199 510 199 509 199 508 199 507 199 506 199 505 199
2306 6564 1873 1.37164e+06 506 195 506 196 505 196 505 197 505 198 505 199
2307 6534 1873 1.37164e+06 505 200 505 199
2308 6556 1875 1.33522e+08 495 186 494 186 494 187 494 188
2309 6531 1875 1.33522e+08 493 189 494 189 494 188
2310 6558 1877 inf 432 302 431 302 430 302 429 302
2311 6536 1877 3781.26 430 301 429 301 429 302
2312 6364 1877 1.35853e+06 423 276 423 277 423 278 423 279 423 280 423 281 423 282 423 283 423 284 423 285 423 286 423 287 423 288 424 288 425 288 425 289 426 289 426 290 426 291 426 292 426 293 426 294 426 295 426 296 426 297 426 298 426 299 426 300 426 301 426 302 427 302 428 302 429 302
2313 6376 1877 8.51444e+07 411 290 411 291 412 291 413 291 414 291 414 292 415 292 415 293 415 294 415 295 415 296 415 297 415 298 415 299 416 299 417 299 418 299 419 299 420 299 421 299 422 299 423 299 424 299 425 299 425 300 425 301 425 302 426 302 427 302 428 302 429 302
2314 6420 1877 4012.5 409 300 410 300 411 300 412 300 413 300 414 300 415 300 416 300 417 300 418 300 419 300 420 300 421 300 422 300 423 300 424 300 425 300 425 301 425 302 426 302 427 302 428 302 429 302
2315 6450 1877 4237.5 412 302 413 302 414 302 415 302 416 302 417 302 418 302 419 302 420 302 421 302 422 302 423 302 424 302 425 302 426 302 427 302 428 302 429 302
2316 6477 1877 inf 408 310 408 309 409 309 410 309 410 308 411 308 412 308 413 308 414 308 415 308 415 307 416 307 417 307 417 306 418 306 419 306 420 306 420 305 421 305 422 305 422 304 423 304 424 304 425 304 425 303 426 303 427 303 427 302 428 302 429 302
2317 6542 1878 3781.26 433 299 432 299 432 300 431 300 431 301 430 301
2318 6536 1878 3781.26 429 301 430 301
2319 6544 1879 882231 515 207 515 208
2320 6533 1879 882231 515 210 515 209 515 208
2321 6546 1880 3781.26 434 299 433 299
2322 6542 1880 3781.26 432 299 433 299
2323 6565 1886 inf 434 302 433 302 432 302
2324 6558 1886 inf 431 302 432 302
2325 6559 1887 10318.7 506 227 506 228
2326 6570 1887 10318.7 507 229 506 229 506 228
2327 6572 1888 1.33522e+08 495 183 495 184 495 185
2328 6556 1888 1.33522e+08 494 186 495 186 495 185
2329 6571 1889 882231 513 202 514 202 514 203
2330 6545 1889 882231 513 206 513 205 514 205 514 204 514 203
2331 6566 1891 inf 435 300 435 301
2332 6565 1891 inf 433 302 434 302 434 301 435 301
2333 6567 1892 220175 445 291 444 291 444 292
2334 6573 1892 220175 441 296 441 295 441 294 441 293 442 293 443 293 443 292 444 292
2335 6574 1893 220175 446 290 446 291 445 291
2336 6567 1893 220175 444 291 445 291
2337 6582 1894 882231 513 200 513 201
2338 6571 1894 882231 514 202 513 202 513 201
2339 6597 1895 4725 448 292 448 291 448 290 447 290
2340 6585 1895 220175 448 289 448 290 447 290
2341 6574 1895 220175 446 291 446 290 447 290
2342 6593 1899 1.37164e+06 508 193 508 194 507 194
2343 6564 1899 1.37164e+06 506 196 506 195 506 194 507 194
2344 6609 1900 1.33522e+08 496 178 496 179 496 180 496 181 496 182 496 183
2345 6572 1900 1.33522e+08 495 184 495 183 496 183
2346 6584 1901 inf 440 297 440 298
2347 6546 1901 3781.26 433 299 434 299 435 299 436 299 437 299 437 298 438 298 439 298 440 298
2348 6566 1901 inf 435 301 435 300 436 300 436 299 437 299 437 298 438 298 439 298 440 298
2349 6596 1902 inf 443 297 442 297 441 297
2350 6573 1902 220175 441 295 441 296 441 297
2351 6584 1902 inf 440 298 440 297 441 297
2352 6589 1903 220175 450 288 450 289 449 289
2353 6585 1903 220175 448 290 448 289 449 289
2354 6602 1904 220175 453 288 452 288 451 288
2355 6589 1904 220175 450 289 450 288 451 288
2356 6570 1907 10318.7 506 229 507 229 508 229 509 229 509 230 509 231 509 232 508 232
2357 6608 1907 10318.7 508 234 508 233 508 232
2358 6617 1910 1.37164e+06 510 191 509 191 509 192
2359 6593 1910 1.37164e+06 508 194 508 193 508 192 509 192
2360 6606 1911 inf 445 296 445 297
2361 6596 1911 inf 442 297 443 297 444 297 445 297
2362 6607 1912 inf 447 295 446 295 446 296
2363 6606 1912 inf 445 297 445 296 446 296
2364 6610 1913 inf 448 295 447 295
2365 6607 1913 inf 446 295 447 295
2366 6611 1914 inf 450 292 450 293 449 293 449 294 448 294
2367 6597 1914 4725 448 291 448 292 448 293 448 294
2368 6610 1914 inf 447 295 448 295 448 294
2369 6619 1915 inf 452 292 451 292 450 292
2370 6611 1915 inf 450 293 450 292
2371 6608 1916 10318.7 508 233 508 234 508 235 507 235
2372 6613 1916 10318.7 507 236 507 235
2373 6628 1922 1.37164e+06 511 190 511 191 510 191
2374 6617 1922 1.37164e+06 509 191 510 191
2375 6622 1923 inf 454 291 453 291
2376 6619 1923 inf 451 292 452 292 452 291 453 291
2377 6636 1924 inf 459 288 458 288 457 288 456 288
2378 6602 1924 220175 452 288 453 288 454 288 455 288 456 288
2379 6623 1924 inf 455 290 455 289 455 288 456 288
2380 6629 1929 1.33522e+08 496 175 496 176
2381 6609 1929 1.33522e+08 496 179 496 178 496 177 496 176
2382 6613 1930 10318.7 507 235 507 236 507 237 507 238
2383 6634 1930 10318.7 507 239 507 238
2384 6623 1931 inf 455 289 455 290 456 290
2385 6622 1931 inf 453 291 454 291 454 290 455 290 456 290
2386 6633 1937 10318.7 503 242 503 243
2387 6642 1937 10318.7 503 244 503 243
2388 6643 1938 10318.7 505 242 504 242
2389 6633 1938 10318.7 503 243 503 242 504 242
2390 6634 1939 10318.7 507 238 507 239 506 239 506 240 506 241 505 241
2391 6643 1939 10318.7 504 242 505 242 505 241
2392 6651 1940 1.33522e+08 497 173 497 174 496 174
2393 6629 1940 1.33522e+08 496 176 496 175 496 174
2394 6637 1941 inf 460 287 459 287 459 288
2395 6636 1941 inf 458 288 459 288
2396 6638 1942 inf 462 284 462 285 461 285 461 286 461 287 460 287
2397 6637 1942 inf 459 287 460 287
2398 6660 1945 1.37164e+06 512 187 512 188 511 188
2399 6628 1945 1.37164e+06 511 191 511 190 511 189 511 188
2400 6646 1946 2856.26 491 256 491 257
2401 6645 1946 2856.26 490 257 491 257
2402 6662 1956 inf 471 278 471 279
2403 6638 1956 inf 462 285 462 284 463 284 463 283 464 283 464 282 464 281 465 281 466 281 466 280 467 280 468 280 469 280 470 280 470 279 471 279
2404 6673 1957 2856.26 497 254 496 254
2405 6646 1957 2856.26 491 257 491 256 492 256 493 256 493 255 494 255 494 254 495 254 496 254
2406 6642 1958 10318.7 503 243 503 244 503 245 503 246 504 246
2407 6678 1958 10318.7 504 248 504 247 504 246
2408 6672 1963 inf 476 274 476 275
2409 6662 1963 inf 471 279 471 278 472 278 473 278 473 277 474 277 474 276 475 276 475 275 476 275
2410 6677 1964 inf 479 273 478 273 478 274 477 274
2411 6561 1964 1.33522e+08 474 260 474 261 474 262 474 263 474 264 474 265 474 266 474 267 474 268 474 269 474 270 474 271 474 272 474 273 474 274 475 274 476 274 477 274
2412 6672 1964 inf 476 275 476 274 477 274
2413 6687 1966 1.37164e+06 514 185 513 185 513 186
2414 6660 1966 1.37164e+06 512 188 512 187 512 186 513 186
2415 6683 1967 inf 481 272 480 272 480 273 479 273
2416 6677 1967 inf 478 273 479 273
2417 6698 1971 inf 483 272 482 272 481 272
2418 6683 1971 inf 480 272 481 272
2419 6693 1972 7250 490 264 489 264 489 265 488 265
2420 6692 1972 7250 488 266 488 265
2421 6716 1977 1.37164e+06 515 183 515 184 515 185 514 185
2422 6687 1977 1.37164e+06 513 185 514 185
2423 6707 1981 7250 493 262 493 263 492 263 491 263 491 264 490 264
2424 6645 1981 2856.26 491 257 490 257 490 258 490 259 490 260 490 261 490 262 491 262 491 263 491 264 490 264
2425 6693 1981 7250 489 264 490 264
2426 6719 1986 7250 495 262 494 262 493 262
2427 6707 1986 7250 493 263 493 262
2428 6702 1987 inf 503 251 503 252
2429 6701 1987 inf 502 253 502 252 503 252
2430 6720 1990 2587.5 500 257 499 257
2431 6700 1990 2587.5 497 258 497 257 498 257 499 257
2432 6708 1991 inf 505 250 505 251
2433 6678 1991 10318.7 504 247 504 248 504 249 504 250 504 251 505 251
2434 6702 1991 inf 503 252 503 251 504 251 505 251
2435 6721 1992 inf 507 249 507 250 506 250
2436 6708 1992 inf 505 251 505 250 506 250
2437 6717 1995 inf 485 272 484 272 484 273
2438 6698 1995 inf 482 272 483 272 484 272 484 273
2439 6737 1996 inf 495 265 494 265 494 266 493 266 493 267 492 267 492 268 491 268 491 269 490 269 489 269 488 269 487 269 487 270 486 270 486 271 485 271 485 272
2440 6692 1996 7250 488 265 488 266 488 267 488 268 488 269 487 269 487 270 486 270 486 271 485 271 485 272
2441 6717 1996 inf 484 272 485 272
2442 6727 1997 inf 509 249 508 249
2443 6721 1997 inf 507 250 507 249 508 249
2444 6700 2001 2587.5 497 257 497 258 496 258 496 259 496 260 496 261 496 262
2445 6719 2001 7250 494 262 495 262 496 262
2446 6731 2001 7250 496 263 496 262
2447 6738 2002 6112.51 504 256 503 256 503 257 502 257 501 257 500 257 500 258
2448 6701 2002 inf 502 252 502 253 501 253 501 254 501 255 500 255 500 256 500 257 500 258
2449 6673 2002 2856.26 496 254 497 254 498 254 498 255 499 255 500 255 500 256 500 257 500 258
2450 6720 2002 2587.5 499 257 500 257 500 258
2451 6733 2002 inf 500 259 500 258
2452 6749 2004 inf 513 248 512 248 511 248 510 248
2453 6727 2004 inf 508 249 509 249 510 249 510 248
2454 6740 2004 6112.51 509 250 510 250 510 249 510 248
2455 6741 2005 6112.51 509 250 509 251 508 251
2456 6763 2005 6112.51 508 254 508 253 508 252 508 251
2457 6740 2006 6112.51 510 250 509 250
2458 6741 2006 6112.51 509 251 509 250
2459 6735 2007 882231 521 237 521 238 520 238 520 239 519 239 519 240
2460 6742 2007 inf 518 241 519 241 519 240
2461 6754 2007 inf 520 241 519 241 519 240
2462 6549 2008 882231 515 217 515 218 515 219 515 220 516 220 517 220 517 221 517 222 517 223 518 223 518 224 518 225 518 226 519 226 519 227 519 228 519 229 519 230 519 231 519 232 519 233 519 234 519 235 520 235 520 236 521 236 521 237 522 237
2463 6735 2008 882231 521 238 521 237 522 237
2464 6743 2010 1.33522e+08 500 164 499 164
2465 6651 2010 1.33522e+08 497 174 497 173 497 172 498 172 498 171 498 170 498 169 498 168 498 167 499 167 499 166 499 165 499 164
2466 6745 2011 inf 496 264 496 265 495 265
2467 6737 2011 inf 494 265 495 265
2468 6771 2012 inf 499 264 498 264 497 264 496 264
2469 6731 2012 7250 496 262 496 263 496 264
2470 6745 2012 inf 496 265 496 264
2471 6733 2014 inf 500 258 500 259 500 260 499 260 499 261
2472 6747 2014 inf 499 262 499 261
2473 6762 2015 6112.51 507 255 506 255 505 255 505 256 504 256
2474 6738 2015 6112.51 503 256 504 256
2475 6752 2016 inf 516 244 516 245 515 245
2476 6751 2016 inf 514 246 515 246 515 245
2477 6753 2017 inf 518 243 517 243 517 244 516 244
2478 6752 2017 inf 516 245 516 244
2479 6742 2018 inf 519 241 518 241 518 242
2480 6753 2018 inf 517 243 518 243 518 242
2481 6776 2021 1.37164e+06 517 178 516 178 516 179 516 180
2482 6716 2021 1.37164e+06 515 184 515 183 515 182 516 182 516 181 516 180
2483 6821 2021 236194 528 181 527 181 526 181 525 181 525 182 524 182 524 183 523 183 522 183 521 183 520 183 519 183 518 183 517 183 516 183 516 182 516 181 516 180
2484 6763 2022 6112.51 508 253 508 254 507 254
2485 6762 2022 6112.51 506 255 507 255 507 254
2486 6750 2023 inf 513 247 513 248
2487 6749 2023 inf 512 248 513 248
2488 6751 2024 inf 515 246 514 246 514 247
2489 6750 2024 inf 513 248 513 247 514 247
2490 6764 2025 inf 522 239 522 240 521 240 521 241 520 241
2491 6754 2025 inf 519 241 520 241
2492 6765 2026 inf 524 238 523 238 523 239 522 239
2493 6764 2026 inf 522 240 522 239
2494 6773 2029 inf 526 236 526 237 525 237 525 238 524 238
2495 6765 2029 inf 523 238 524 238
2496 6774 2030 inf 528 235 527 235 527 236 526 236
2497 6773 2030 inf 526 237 526 236
2498 6778 2031 inf 530 235 529 235 528 235
2499 6774 2031 inf 527 235 528 235
2500 6784 2033 1.37164e+06 517 176 517 177 517 178
2501 6776 2033 1.37164e+06 516 178 517 178
2502 6747 2034 inf 499 261 499 262 499 263 499 264 500 264
2503 6771 2034 inf 498 264 499 264 500 264
2504 6789 2038 inf 551 214 551 215 550 215
2505 6788 2038 inf 549 216 550 216 550 215
2506 6781 2039 inf 552 212 552 213 551 213 551 214
2507 6789 2039 inf 551 215 551 214
2508 6791 2041 inf 532 235 531 235
2509 6778 2041 inf 529 235 530 235 531 235
2510 6859 2042 11518.8 536 249 535 249 534 249 534 248 534 247 534 246 534 245 534 244 534 243 534 242 534 241 534 240 534 239 534 238 534 237 534 236 534 235 533 235 533 234 532 234
2511 6792 2042 inf 533 233 533 234 532 234
2512 6791 2042 inf 531 235 532 235 532 234
2513 6795 2043 inf 537 230 537 229 537 228 538 228
2514 6803 2043 inf 539 229 538 229 538 228
2515 6796 2044 inf 545 222 544 222
2516 6797 2044 inf 544 223 544 222
2517 6788 2045 inf 550 216 549 216 549 217
2518 6799 2045 inf 548 218 549 218 549 217
2519 6808 2046 inf 553 209 553 210 552 210
2520 6781 2046 inf 552 213 552 212 552 211 552 210
2521 6810 2047 1.37164e+06 518 174 517 174 517 175
2522 6784 2047 1.37164e+06 517 177 517 176 517 175
2523 6793 2048 inf 535 232 534 232 534 233
2524 6792 2048 inf 533 234 533 233 534 233
2525 6802 2049 inf 536 232 535 232
2526 6793 2049 inf 534 232 535 232
2527 6795 2050 inf 537 229 537 230
2528 6802 2050 inf 535 232 536 232 536 231 536 230 537 230
2529 6798 2051 inf 547 219 547 220
2530 6805 2051 inf 546 221 547 221 547 220
2531 6888 2052 11518.8 564 227 565 227 565 226 565 225 565 224 565 223 565 222 565 221 564 221 563 221 562 221 561 221 560 221 559 221 558 221 558 220 557 220 556 220 555 220 554 220 554 219 553 219 552 219 551 219 550 219 549 219 548 219
2532 6799 2052 inf 549 218 548 218 548 219
2533 6798 2052 inf 547 220 547 219 548 219
2534 6812 2054 inf 540 229 539 229
2535 6803 2054 inf 538 229 539 229
2536 6797 2055 inf 544 222 544 223 543 223 543 224 543 225
2537 6812 2055 inf 539 229 540 229 540 228 541 228 541 227 541 226 542 226 542 225 543 225
2538 6805 2056 inf 547 221 546 221 546 222
2539 6796 2056 inf 544 222 545 222 546 222
2540 6819 2060 inf 554 208 554 209
2541 6808 2060 inf 553 210 553 209 554 209
2542 6832 2063 1.37164e+06 518 168 518 169 518 170 518 171 518 172 518 173
2543 6810 2063 1.37164e+06 517 174 518 174 518 173
2544 6830 2067 inf 556 206 556 207 556 208
2545 6819 2067 inf 554 209 554 208 555 208 556 208
2546 6831 2068 236194 528 178 528 179 528 180
2547 6821 2068 236194 527 181 528 181 528 180
2548 6830 2074 inf 556 207 556 206 556 205 555 205
2549 6837 2074 inf 556 204 556 205 555 205
2550 6838 2075 236194 529 177 529 178 528 178
2551 6831 2075 236194 528 179 528 178
2552 6858 2076 3956.25 526 166 525 166 524 166 523 166 522 166 521 166 520 166 519 166 518 166 518 167
2553 6891 2076 1.37164e+06 524 156 523 156 523 157 522 157 521 157 520 157 519 157 519 158 519 159 519 160 519 161 518 161 518 162 518 163 518 164 518 165 518 166 518 167
2554 6909 2076 54293.8 519 149 519 150 519 151 519 152 519 153 518 153 518 154 518 155 518 156 518 157 518 158 518 159 518 160 518 161 518 162 518 163 518 164 518 165 518 166 518 167
2555 6828 2076 12693.7 513 165 514 165 515 165 516 165 517 165 518 165 518 166 518 167
2556 6832 2076 1.37164e+06 518 169 518 168 518 167
2557 6856 2078 4693.75 563 203 562 203 561 203 560 203 559 203 558 203 557 203 556 203 556 204
2558 6855 2078 inf 556 197 556 198 556 199 557 199 557 200 557 201 557 202 557 203 556 203 556 204
2559 6837 2078 inf 556 205 556 204
2560 6845 2079 3956.25 530 176 529 176 528 176
2561 6846 2079 3956.25 529 175 529 176 528 176
2562 6844 2080 1.33522e+08 506 153 506 154
2563 6743 2080 1.33522e+08 499 164 500 164 500 163 500 162 501 162 501 161 502 161 502 160 502 159 503 159 503 158 503 157 504 157 504 156 505 156 505 155 506 155 506 154
2564 6828 2080 12693.7 514 165 513 165 512 165 511 165 510 165 509 165 508 165 507 165 506 165 505 165 505 164 505 163 505 162 505 161 505 160 505 159 505 158 505 157 505 156 505 155 506 155 506 154
2565 6850 2083 236194 532 176 532 177 531 177
2566 6845 2083 3956.25 529 176 530 176 530 177 531 177
2567 6838 2083 236194 529 178 529 177 530 177 531 177
2568 6851 2084 3956.25 528 172 528 173 528 174 529 174 529 175
2569 6846 2084 3956.25 529 176 529 175
2570 6862 2087 3956.25 527 166 527 167 528 167 528 168 528 169 528 170 528 171 528 172
2571 6851 2087 3956.25 528 173 528 172
2572 6857 2090 236194 535 175 534 175 534 176 533 176
2573 6850 2090 236194 532 177 532 176 533 176
2574 6861 2092 236194 535 174 535 175
2575 6857 2092 236194 534 175 535 175
2576 6862 2093 3956.25 527 167 527 166 526 166
2577 6858 2093 3956.25 525 166 526 166
2578 6866 2094 4693.75 564 201 564 202 564 203
2579 6856 2094 4693.75 562 203 563 203 564 203
2580 6870 2096 11518.8 538 250 537 250 536 250
2581 6859 2096 11518.8 535 249 536 249 536 250
2582 6869 2098 236194 536 173 536 174
2583 6861 2098 236194 535 175 535 174 536 174
2584 6875 2101 inf 556 191 556 192
2585 6855 2101 inf 556 198 556 197 556 196 556 195 556 194 556 193 556 192
2586 6876 2102 236194 537 172 537 173
2587 6869 2102 236194 536 174 536 173 537 173
2588 6873 2104 11518.8 540 249 539 249 539 250
2589 6870 2104 11518.8 537 250 538 250 539 250
2590 6883 2105 11518.8 542 249 541 249 540 249
2591 6873 2105 11518.8 539 249 540 249
2592 6900 2106 inf 557 188 557 189 556 189 556 190
2593 6875 2106 inf 556 192 556 191 556 190
2594 6876 2107 236194 537 173 537 172 537 171
2595 6882 2107 236194 538 172 537 172 537 171
2596 6913 2108 54293.8 518 148 518 147 518 146 518 145 518 144 517 144 516 144 515 144 514 144 513 144 512 144 511 144 510 144 509 144 509 143 509 142 508 142 508 141 507 141
2597 6886 2108 1.33522e+08 507 140 507 141
2598 6844 2108 1.33522e+08 506 154 506 153 507 153 507 152 507 151 507 150 507 149 507 148 507 147 507 146 507 145 507 144 507 143 507 142 507 141
2599 6888 2110 11518.8 565 227 564 227
2600 6898 2110 11518.8 563 230 563 229 564 229 564 228 564 227
2601 6906 2112 4693.75 566 196 565 196 565 197
2602 6866 2112 4693.75 564 202 564 201 565 201 565 200 565 199 565 198 565 197
2603 6912 2113 236194 544 173 543 173 542 173 541 173
2604 6890 2113 236194 540 172 540 173 541 173
2605 6908 2114 1.37164e+06 525 155 525 156 524 156
2606 6891 2114 1.37164e+06 523 156 524 156
2607 6940 2115 1.03817e+07 514 137 514 138 513 138 512 138 511 138 510 138 509 138 508 138 507 138 507 139
2608 6910 2115 1.33522e+08 507 137 507 138 507 139
2609 6886 2115 1.33522e+08 507 141 507 140 507 139
2610 6901 2116 11518.8 545 248 545 249 544 249
2611 6883 2116 11518.8 541 249 542 249 543 249 544 249
2612 6904 2117 11518.8 563 231 562 231
2613 6911 2117 11518.8 561 234 561 233 562 233 562 232 562 231
2614 6898 2118 11518.8 563 229 563 230
2615 6904 2118 11518.8 562 231 563 231 563 230
2616 6931 2119 67925 541 167 541 168 541 169 541 170 540 170 540 171
2617 6882 2119 236194 537 172 538 172 539 172 539 171 540 171
2618 6890 2119 236194 540 173 540 172 540 171
2619 6909 2120 54293.8 519 150 519 149 518 149
2620 6913 2120 54293.8 518 147 518 148 518 149
2621 6921 2121 11518.8 549 247 549 248 548 248 547 248 546 248
2622 6901 2121 11518.8 545 249 545 248 546 248
2623 6949 2123 1.33522e+08 510 130 510 131 510 132 510 133 510 134 510 135 509 135 509 136 508 136 508 137 507 137
2624 6910 2123 1.33522e+08 507 138 507 137
2625 6915 2124 11518.8 557 238 557 239 556 239 556 240 555 240
2626 6914 2124 11518.8 555 241 555 240
2627 6916 2125 11518.8 559 237 558 237 558 238 557 238
2628 6915 2125 11518.8 557 239 557 238
2629 6917 2126 11518.8 560 235 560 236 559 236
2630 6916 2126 11518.8 558 237 559 237 559 236
2631 6918 2127 11518.8 561 234 561 235 560 235
2632 6917 2127 11518.8 560 236 560 235
2633 6911 2128 11518.8 561 233 561 234
2634 6918 2128 11518.8 561 235 561 234
2635 6925 2129 1.37164e+06 527 154 527 155 526 155
2636 6908 2129 1.37164e+06 525 156 525 155 526 155
2637 6923 2130 11518.8 554 242 554 243 553 243
2638 6922 2130 11518.8 552 244 553 244 553 243
2639 6914 2131 11518.8 555 240 555 241 554 241 554 242
2640 6923 2131 11518.8 554 243 554 242
2641 6936 2132 inf 561 185 560 185 560 186 559 186 559 187
2642 6900 2132 inf 557 189 557 188 558 188 558 187 559 187
2643 6926 2133 11518.8 551 247 550 247
2644 6921 2133 11518.8 549 248 549 247 550 247
2645 6927 2134 11518.8 552 245 552 246 551 246
2646 6926 2134 11518.8 550 247 551 247 551 246
2647 6922 2135 11518.8 553 244 552 244 552 245
2648 6927 2135 11518.8 552 246 552 245
2649 6935 2142 4693.75 566 190 566 191
2650 6906 2142 4693.75 565 196 566 196 566 195 566 194 566 193 566 192 566 191
2651 6938 2143 67925 542 166 541 166
2652 6931 2143 67925 541 168 541 167 541 166
2653 6939 2144 1.37164e+06 529 152 529 153 529 154
2654 6925 2144 1.37164e+06 527 155 527 154 528 154 529 154
2655 6945 2147 67925 542 163 542 164 542 165
2656 6938 2147 67925 541 166 542 166 542 165
2657 6946 2148 1.37164e+06 530 151 530 152
2658 6939 2148 1.37164e+06 529 153 529 152 530 152
2659 6951 2149 1.03817e+07 516 135 515 135 515 136 514 136
2660 6940 2149 1.03817e+07 514 138 514 137 514 136
2661 6954 2151 67925 542 160 543 160 543 161 543 162
2662 6945 2151 67925 542 164 542 163 543 163 543 162
2663 6984 2152 440394 526 132 526 131 526 130 525 130 524 130 523 130 522 130 521 130 520 130 519 130 519 131 519 132 518 132 518 133 517 133 517 134 516 134 516 135
2664 6993 2152 1.03817e+07 527 129 526 129 525 129 524 129 523 129 522 129 521 129 520 129 520 130 519 130 519 131 519 132 518 132 518 133 517 133 517 134 516 134 516 135
2665 6951 2152 1.03817e+07 515 135 516 135
2666 6955 2157 67925 540 158 541 158 542 158 542 159
2667 6954 2157 67925 543 160 542 160 542 159
2668 6960 2158 1.33522e+08 511 126 511 127 510 127
2669 6949 2158 1.33522e+08 510 131 510 130 510 129 510 128 510 127
2670 6966 2161 1.37164e+06 535 148 535 149 534 149
2671 6946 2161 1.37164e+06 530 152 530 151 531 151 532 151 532 150 533 150 533 149 534 149
2672 6975 2162 1.33522e+08 512 120 512 121 512 122 511 122 511 123 511 124 511 125 511 126
2673 6960 2162 1.33522e+08 511 127 511 126
2674 7002 2165 7700 574 174 574 173 574 172 574 171 573 171 572 171 571 171 570 171 569 171 568 171 567 171 566 171 566 172 566 173 566 174 566 175 566 176 566 177 566 178 566 179
2675 7003 2165 3050 567 166 567 167 566 167 566 168 566 169 566 170 566 171 566 172 566 173 566 174 566 175 566 176 566 177 566 178 566 179
2676 7006 2165 inf 566 164 566 165 566 166 566 167 566 168 566 169 566 170 566 171 566 172 566 173 566 174 566 175 566 176 566 177 566 178 566 179
2677 6970 2165 236194 562 174 563 174 564 174 565 174 565 175 565 176 565 177 565 178 565 179 566 179
2678 6936 2165 inf 560 185 561 185 562 185 562 184 563 184 563 183 564 183 564 182 564 181 564 180 565 180 565 179 566 179
2679 6935 2165 4693.75 566 191 566 190 566 189 566 188 566 187 565 187 565 186 565 185 565 184 565 183 564 183 564 182 564 181 564 180 565 180 565 179 566 179
2680 6974 2165 7700 572 180 572 181 571 181 570 181 569 181 569 180 568 180 567 180 566 180 566 179
2681 6970 2166 236194 563 174 562 174 562 175
2682 6912 2166 236194 543 173 544 173 545 173 546 173 547 173 548 173 549 173 550 173 551 173 552 173 553 173 554 173 555 173 556 173 557 173 558 173 559 173 560 173 561 173 561 174 562 174 562 175
2683 6983 2167 1.37164e+06 547 152 546 152 546 151 545 151 545 150 544 150 543 150 542 150 541 150 540 150 540 151 539 151 538 151 537 151 537 150 537 149 537 148 536 148
2684 6971 2167 440394 537 147 537 148 536 148
2685 6966 2167 1.37164e+06 535 149 535 148 536 148
2686 6955 2167 67925 541 158 540 158 540 157 539 157 539 156 539 155 538 155 537 155 537 154 537 153 536 153 536 152 536 151 536 150 536 149 536 148
2687 6978 2170 440394 539 146 539 147 538 147
2688 6971 2170 440394 537 148 537 147 538 147
2689 6990 2171 440394 541 145 540 145 540 146 539 146
2690 6978 2171 440394 539 147 539 146
2691 6987 2173 7700 574 178 573 178 572 178
2692 6974 2173 7700 572 181 572 180 572 179 572 178
2693 6992 2174 440394 529 132 528 132 527 132 527 133
2694 6984 2174 440394 526 131 526 132 527 132 527 133
2695 6975 2175 1.33522e+08 512 121 512 120 512 119 512 118
2696 6985 2175 1.33522e+08 513 118 512 118
2697 7025 2178 440394 545 135 545 136 545 137 545 138 544 138 544 139 544 140 544 141 544 142 544 143 543 143 543 144 542 144 542 145 541 145
2698 6990 2178 440394 540 145 541 145
2699 6985 2180 1.33522e+08 512 118 513 118 513 117 513 116
2700 6997 2180 1.33522e+08 514 115 514 116 513 116
2701 7001 2181 3050 576 175 576 176 575 176 574 176
2702 6998 2181 7700 574 174 574 175 574 176
2703 6987 2181 7700 573 178 574 178 574 177 574 176
2704 7004 2182 440394 532 131 531 131 531 132 530 132
2705 6992 2182 440394 528 132 529 132 530 132
2706 6999 2183 1.03817e+07 528 128 528 129
2707 6993 2183 1.03817e+07 526 129 527 129 528 129
2708 7002 2185 7700 574 173 574 174
2709 6998 2185 7700 574 175 574 174
2710 6997 2186 1.33522e+08 514 116 514 115 514 114
2711 7008 2186 1.33522e+08 515 113 515 114 514 114
2712 7014 2187 3050 577 173 577 172 577 171 577 170 577 169 577 168 577 167 577 166 577 165 576 165 575 165 574 165 573 165 572 165 571 165 570 165 569 165 568 165 567 165 567 166
2713 7003 2187 3050 567 167 567 166
2714 7010 2188 440394 534 130 533 130 533 131 532 131
2715 7004 2188 440394 531 131 532 131
2716 7014 2189 3050 577 172 577 173 577 174 576 174
2717 7001 2189 3050 576 176 576 175 576 174
2718 7009 2190 inf 567 163 566 163
2719 7006 2190 inf 566 165 566 164 566 163
2720 7011 2191 1.03817e+07 530 126 530 127
2721 6999 2191 1.03817e+07 528 129 528 128 529 128 530 128 530 127
2722 7008 2192 1.33522e+08 515 114 515 113 515 112
2723 7012 2192 1.33522e+08 517 113 516 113 515 113 515 112
2724 7024 2193 inf 567 157 567 158 567 159 567 160 567 161 567 162
2725 7009 2193 inf 566 163 567 163 567 162
2726 7036 2193 2.72789e+07 578 163 577 163 576 163 575 163 574 163 573 163 572 163 571 163 570 163 569 163 568 163 567 163 567 162
2727 7019 2194 440394 536 129 535 129 535 130
2728 7010 2194 440394 533 130 534 130 535 130
2729 7020 2197 1.03817e+07 532 125 532 126
2730 7011 2197 1.03817e+07 530 127 530 126 531 126 532 126
2731 7026 2199 440394 538 128 537 128 537 129 536 129
2732 7019 2199 440394 535 129 536 129
2733 7046 2201 inf 568 147 568 148 568 149 568 150 568 151 568 152 568 153 568 154 567 154 567 155 567 156 567 157
2734 6983 2201 1.37164e+06 546 152 547 152 548 152 549 152 550 152 551 152 552 152 553 152 554 152 555 152 556 152 557 152 558 152 559 152 560 152 561 152 562 152 563 152 564 152 564 153 565 153 565 154 566 154 566 155 566 156 566 157 567 157
2735 7024 2201 inf 567 158 567 157
2736 7025 2202 440394 545 136 545 135 545 134 545 133 545 132 545 131 545 130 545 129 545 128 545 127 544 127 543 127 542 127 541 127 540 127 539 127 539 128 538 128
2737 7071 2202 42106.3 555 128 554 128 553 128 552 128 552 127 551 127 551 126 551 125 550 125 549 125 548 125 547 125 546 125 545 125 544 125 543 125 543 126 542 126 541 126 541 127 540 127 539 127 539 128 538 128
2738 7026 2202 440394 537 128 538 128
2739 7033 2206 1.03817e+07 535 122 535 123
2740 7020 2206 1.03817e+07 532 126 532 125 532 124 533 124 534 124 534 123 535 123
2741 7098 2209 1.33522e+08 527 94 527 95 527 96 527 97 527 98 526 98 526 99 526 100 525 100 524 100 524 101 524 102 524 103 523 103 523 104 522 104 522 105 522 106
2742 7060 2209 3631.25 523 100 524 100 524 101 524 102 524 103 523 103 523 104 522 104 522 105 522 106
2743 7012 2209 1.33522e+08 516 113 517 113 518 113 519 113 520 113 520 112 520 111 521 111 521 110 521 109 521 108 521 107 521 106 522 106
2744 7041 2210 2.72789e+07 583 165 583 164 582 164 581 164
2745 7043 2210 7250 581 160 581 161 580 161 580 162 580 163 580 164 581 164
2746 7036 2210 2.72789e+07 577 163 578 163 579 163 580 163 580 164 581 164
2747 7041 2211 2.72789e+07 583 164 583 165 584 165
2748 7040 2211 2.72789e+07 584 166 584 165
2749 7061 2213 2.72789e+07 591 166 590 166 589 166 588 166 587 166
2750 7040 2213 2.72789e+07 584 165 584 166 585 166 586 166 587 166
2751 7051 2214 7250 583 160 582 160 581 160
2752 7043 2214 7250 581 161 581 160
2753 7054 2215 inf 569 146 568 146 568 147
2754 7046 2215 inf 568 148 568 147
2755 7060 2217 3631.25 524 100 523 100
2756 7085 2217 3631.25 518 96 519 96 520 96 521 96 522 96 523 96 523 97 523 98 523 99 523 100
2757 7064 2218 7250 585 159 584 159 583 159
2758 7051 2218 7250 582 160 583 160 583 159
2759 7062 2221 1.03817e+07 542 117 542 118
2760 7033 2221 1.03817e+07 535 123 535 122 536 122 537 122 537 121 538 121 539 121 539 120 539 119 540 119 541 119 541 118 542 118
2761 7063 2222 2.72789e+07 592 166 591 166
2762 7061 2222 2.72789e+07 590 166 591 166
2763 7069 2223 inf 570 143 570 144 570 145 570 146 571 146
2764 7054 2223 inf 568 146 569 146 570 146 571 146
2765 7086 2224 7250 590 159 589 159 588 159 587 159 586 159 585 159
2766 7064 2224 7250 584 159 585 159
2767 7076 2226 inf 571 142 571 143 570 143
2768 7069 2226 inf 570 144 570 143
2769 7074 2229 42106.3 557 129 556 129
2770 7071 2229 42106.3 554 128 555 128 555 129 556 129
2771 7088 2230 2.72789e+07 598 166 597 166 596 166 596 167 595 167 594 167 593 167
2772 7063 2230 2.72789e+07 591 166 592 166 592 167 593 167
2773 7083 2231 1.03817e+07 545 115 545 116 544 116
2774 7062 2231 1.03817e+07 542 118 542 117 543 117 544 117 544 116
2775 7087 2233 inf 572 141 571 141 571 142
2776 7076 2233 inf 571 143 571 142
2777 7093 2236 1.03817e+07 546 114 546 115 545 115
2778 7083 2236 1.03817e+07 545 116 545 115
2779 7085 2237 3631.25 519 96 518 96
2780 7095 2237 3631.25 518 94 518 95 518 96
2781 7105 2238 7250 592 156 592 157 591 157 591 158 590 158 590 159
2782 7086 2238 7250 589 159 590 159
2783 7090 2239 inf 572 140 572 141
2784 7087 2239 inf 571 141 572 141
2785 7123 2242 6574.95 577 138 576 138 575 138 574 138 573 138 573 139 572 139
2786 7124 2242 inf 574 135 573 135 573 136 573 137 573 138 573 139 572 139
2787 7090 2242 inf 572 141 572 140 572 139
2788 7095 2243 3631.25 518 95 518 94 517 94
2789 7131 2243 3631.25 518 86 518 87 518 88 518 89 517 89 517 90 517 91 517 92 517 93 517 94
2790 7110 2244 2.72789e+07 603 166 602 166 601 166 600 166
2791 7088 2244 2.72789e+07 597 166 598 166 599 166 600 166
2792 7104 2246 1.03817e+07 548 113 548 114
2793 7093 2246 1.03817e+07 546 115 546 114 547 114 548 114
2794 7119 2249 1.03817e+07 550 112 550 113 549 113
2795 7104 2249 1.03817e+07 548 114 548 113 549 113
2796 7125 2252 2.72789e+07 605 167 604 167
2797 7110 2252 2.72789e+07 602 166 603 166 603 167 604 167
2798 7137 2253 6574.95 579 137 578 137 578 138 577 138
2799 7123 2253 6574.95 576 138 577 138
2800 7135 2256 1.03817e+07 552 111 551 111 551 112
2801 7119 2256 1.03817e+07 550 113 550 112 551 112
2802 7129 2257 1.33522e+08 529 89 528 89
2803 7098 2257 1.33522e+08 527 95 527 94 527 93 527 92 527 91 527 90 528 90 528 89
2804 7139 2260 inf 574 132 574 133 574 134
2805 7124 2260 inf 573 135 574 135 574 134
2806 7131 2261 3631.25 518 87 518 86 518 85 519 85
2807 7141 2261 3631.25 519 83 519 84 519 85
2808 7142 2262 2.72789e+07 608 167 608 166 607 166
2809 7154 2262 121437 608 163 608 164 608 165 608 166 607 166
2810 7125 2262 2.72789e+07 604 167 605 167 606 167 606 166 607 166
2811 7171 2263 1.03817e+07 556 109 555 109 555 110 554 110 553 110 553 111 552 111
2812 7135 2263 1.03817e+07 551 111 552 111
2813 7149 2264 inf 574 130 573 130 572 130
2814 7150 2264 inf 573 129 573 130 572 130
2815 7074 2264 42106.3 556 129 557 129 557 130 558 130 559 130 560 130 561 130 562 130 563 130 564 130 565 130 566 130 567 130 568 130 569 130 570 130 571 130 572 130
2816 7141 2265 3631.25 519 84 519 83
2817 7140 2265 3631.25 520 82 520 83 519 83
2818 7157 2268 6574.95 580 135 579 135 579 136
2819 7137 2268 6574.95 578 137 579 137 579 136
2820 7148 2269 inf 574 131 575 131 575 132
2821 7139 2269 inf 574 133 574 132 575 132
2822 7140 2270 3631.25 520 83 520 82 520 81
2823 7144 2270 3631.25 521 80 521 81 520 81
2824 7152 2271 2.72789e+07 611 166 610 166 609 166 609 167
2825 7142 2271 2.72789e+07 608 166 608 167 609 167
2826 7149 2273 inf 573 130 574 130
2827 7148 2273 inf 575 131 574 131 574 130
2828 7144 2274 3631.25 521 81 521 80 521 79
2829 7151 2274 3631.25 522 79 521 79
2830 7150 2275 inf 573 130 573 129 573 128
2831 7168 2275 inf 576 129 575 129 574 129 573 129 573 128
2832 7151 2276 3631.25 521 79 522 79 523 79 523 78
2833 7180 2276 3631.25 526 77 525 77 524 77 524 78 523 78
2834 7160 2278 6375 611 165 611 166 612 166
2835 7152 2278 2.72789e+07 610 166 611 166 612 166
2836 7166 2278 2.72789e+07 612 167 612 166
2837 7162 2279 7250 607 161 607 162 608 162
2838 7154 2279 121437 608 164 608 163 608 162
2839 7161 2279 121437 609 163 608 163 608 162
2840 7146 2280 7250 603 159 603 160 604 160 604 161 605 161 606 161 607 161
2841 7162 2280 7250 607 162 607 161
2842 7175 2282 6574.95 581 133 580 133 580 134
2843 7157 2282 6574.95 579 135 580 135 580 134
2844 7105 2284 7250 592 157 592 156 592 155 593 155 594 155 595 155 596 155 596 156 597 156 598 156 598 157 599 157 600 157 601 157 602 157 603 157 603 156
2845 7146 2284 7250 603 160 603 159 603 158 603 157 603 156
2846 7192 2284 3793.75 607 154 607 155 607 156 607 157 606 157 605 157 604 157 603 157 603 156
2847 7211 2286 1.03817e+07 565 109 564 109 563 109 562 109 561 109 560 109 559 109 558 109 557 109 556 109
2848 7171 2286 1.03817e+07 555 109 556 109
2849 7166 2288 2.72789e+07 612 166 612 167 613 167
2850 7198 2288 2.72789e+07 618 169 617 169 616 169 616 168 615 168 614 168 613 168 613 167
2851 7178 2289 121437 611 162 611 163
2852 7161 2289 121437 608 163 609 163 610 163 611 163
2853 7160 2289 6375 611 166 611 165 611 164 611 163
2854 7181 2290 1.33522e+08 533 83 532 83 532 84
2855 7129 2290 1.33522e+08 528 89 529 89 529 88 529 87 530 87 530 86 531 86 531 85 532 85 532 84
2856 7183 2292 6574.95 581 130 581 131
2857 7175 2292 6574.95 580 133 581 133 581 132 581 131
2858 7168 2293 inf 575 129 576 129 577 129 577 128 577 127 577 126 576 126
2859 7184 2293 inf 576 125 576 126
2860 7220 2294 121437 619 161 618 161 617 161 616 161 615 161 614 161 613 161 612 161
2861 7216 2294 3793.75 614 157 614 158 614 159 614 160 614 161 613 161 612 161
2862 7178 2294 121437 611 163 611 162 611 161 612 161
2863 7194 2296 1.33522e+08 534 81 534 82 533 82
2864 7185 2296 3631.25 532 81 532 82 533 82
2865 7181 2296 1.33522e+08 532 83 533 83 533 82
2866 7180 2298 3631.25 525 77 526 77 527 77 528 77 529 77 530 77 531 77 531 78 531 79 531 80 532 80
2867 7185 2298 3631.25 532 82 532 81 532 80
2868 7282 2299 7500 595 128 594 128 593 128 592 128 591 128 590 128 589 128 588 128 587 128 586 128 585 128 584 128 583 128 582 128 582 129
2869 7208 2299 7500 583 127 583 128 582 128 582 129
2870 7183 2299 6574.95 581 131 581 130 582 130 582 129
2871 7201 2302 inf 577 122 576 122 576 123
2872 7184 2302 inf 576 126 576 125 576 124 576 123
2873 7197 2303 1.33522e+08 535 81 534 81
2874 7194 2303 1.33522e+08 534 82 534 81
2875 7227 2306 inf 578 120 578 121 577 121 577 122
2876 7201 2306 inf 576 122 577 122
2877 7213 2308 1.33522e+08 536 80 535 80
2878 7197 2308 1.33522e+08 534 81 535 81 535 80
2879 7238 2310 1.03817e+07 568 109 567 109 566 109 565 109
2880 7211 2310 1.03817e+07 564 109 565 109
2881 7219 2312 2.72789e+07 620 170 619 170
2882 7198 2312 2.72789e+07 617 169 618 169 618 170 619 170
2883 7233 2313 121437 621 163 621 162 620 162 619 162
2884 7220 2313 121437 618 161 619 161 619 162
2885 7221 2314 3793.75 613 156 614 156 614 157
2886 7216 2314 3793.75 614 158 614 157
2887 7221 2315 3793.75 614 156 613 156
2888 7222 2315 3793.75 613 155 613 156
2889 7222 2316 3793.75 613 156 613 155 612 155
2890 7223 2316 3793.75 612 154 612 155
2891 7223 2317 3793.75 612 155 612 154 611 154
2892 7217 2317 3793.75 610 153 610 154 611 154
2893 7192 2318 3793.75 607 155 607 154 607 153 608 153 609 153 610 153
2894 7217 2318 3793.75 610 154 610 153
2895 7225 2322 7500 584 126 583 126
2896 7208 2322 7500 583 128 583 127 583 126
2897 7239 2324 1.33522e+08 537 78 536 78 536 79
2898 7213 2324 1.33522e+08 535 80 536 80 536 79
2899 7232 2327 24375 624 167 624 166 624 165 624 164 624 163 623 163 622 163
2900 7240 2327 121437 625 165 624 165 624 164 624 163 623 163 622 163
2901 7279 2327 4300 624 157 624 158 624 159 623 159 623 160 623 161 623 162 623 163 622 163
2902 7233 2327 121437 621 162 621 163 622 163
2903 7247 2331 1.33522e+08 538 77 538 78 537 78
2904 7239 2331 1.33522e+08 536 78 537 78
2905 7253 2334 1.03817e+07 570 108 569 108 569 109
2906 7238 2334 1.03817e+07 567 109 568 109 569 109
2907 7265 2335 121437 629 164 628 164 628 165 627 165 626 165
2908 7240 2335 121437 624 165 625 165 626 165
2909 7251 2338 7500 584 122 584 123
2910 7225 2338 7500 583 126 584 126 584 125 584 124 584 123
2911 7251 2339 7500 584 123 584 122 583 122
2912 7252 2339 7500 583 121 583 122
2913 7270 2340 1.03817e+07 572 107 571 107 570 107 570 108
2914 7253 2340 1.03817e+07 569 108 570 108
2915 7293 2342 177469 548 80 548 79 547 79 546 79 545 79 545 78 545 77 544 77 543 77 542 77 541 77 540 77 539 77
2916 7264 2342 1.33522e+08 540 76 540 77 539 77
2917 7247 2342 1.33522e+08 538 78 538 77 539 77
2918 7274 2345 7500 587 121 586 121 585 121
2919 7257 2345 7500 583 121 584 121 585 121
2920 7269 2346 7500 582 117 582 118
2921 7252 2346 7500 583 122 583 121 583 120 582 120 582 119 582 118
2922 7257 2346 7500 584 121 583 121 583 120 582 120 582 119 582 118
2923 7269 2347 7500 582 118 582 117 581 117
2924 7275 2347 inf 582 116 581 116 581 117
2925 7227 2347 inf 578 121 578 120 579 120 579 119 580 119 580 118 580 117 581 117
2926 7396 2348 1.33522e+08 552 68 551 68 551 69 550 69 550 70 549 70 548 70 548 71 547 71 546 71 546 72 545 72 545 73 544 73 544 74 543 74 543 75 542 75 542 76 541 76 540 76
2927 7264 2348 1.33522e+08 540 77 540 76
2928 7277 2349 2.72789e+07 626 173 626 172 625 172
2929 7232 2349 24375 624 166 624 167 624 168 624 169 624 170 624 171 625 171 625 172
2930 7219 2349 2.72789e+07 619 170 620 170 621 170 622 170 623 170 623 171 624 171 625 171 625 172
2931 7295 2350 121437 632 162 632 163 632 164 631 164 630 164 629 164
2932 7265 2350 121437 628 164 629 164
2933 7288 2351 6350 598 130 597 130 596 130 595 130
2934 7289 2351 7500 596 128 595 128 595 129 595 130
2935 7282 2351 7500 594 128 595 128 595 129 595 130
2936 7283 2352 1.03817e+07 574 107 573 107 572 107
2937 7270 2352 1.03817e+07 571 107 572 107
2938 7332 2353 7500 597 125 597 124 598 124 598 123 598 122 598 121 598 120 597 120 596 120 595 120 594 120 593 120 592 120 591 120 590 120 589 120 588 120 587 120
2939 7274 2353 7500 586 121 587 121 587 120
2940 7284 2354 2.72789e+07 628 172 627 172 627 173
2941 7277 2354 2.72789e+07 626 172 626 173 627 173
2942 7306 2355 6350 603 133 602 133 601 133
2943 7287 2355 6350 600 133 601 133
2944 7290 2356 6350 600 131 600 132
2945 7287 2356 6350 601 133 600 133 600 132
2946 7288 2357 6350 597 130 598 130
2947 7290 2357 6350 600 132 600 131 599 131 598 131 598 130
2948 7294 2358 2.72789e+07 630 172 629 172
2949 7284 2358 2.72789e+07 627 172 628 172 629 172
2950 7297 2359 29393.7 622 152 621 152
2951 7298 2359 29393.7 620 151 621 151 621 152
2952 7298 2360 29393.7 621 151 620 151
2953 7299 2360 29393.7 619 149 619 150 620 150 620 151
2954 7302 2361 6350 609 139 608 139
2955 7303 2361 6350 607 138 608 138 608 139
2956 7303 2362 6350 608 138 607 138
2957 7304 2362 6350 606 137 607 137 607 138
2958 7321 2363 7500 597 126 596 126 596 127
2959 7289 2363 7500 595 128 596 128 596 127
2960 7309 2365 inf 584 114 584 115
2961 7275 2365 inf 581 116 582 116 583 116 583 115 584 115
2962 7313 2368 121437 632 161 632 162
2963 7295 2368 121437 632 163 632 162
2964 7314 2369 29393.7 625 155 625 154 624 154
2965 7296 2369 29393.7 623 153 623 154 624 154
2966 7279 2369 4300 624 158 624 157 624 156 624 155 624 154
2967 7297 2370 29393.7 621 152 622 152 622 153 623 153
2968 7296 2370 29393.7 623 154 623 153
2969 7300 2371 29393.7 618 148 618 149 619 149
2970 7299 2371 29393.7 619 150 619 149
2971 7301 2372 29393.7 617 147 617 148 618 148
2972 7300 2372 29393.7 618 149 618 148
2973 7315 2373 29393.7 616 146 617 146 617 147
2974 7301 2373 29393.7 617 148 617 147
2975 7315 2374 29393.7 617 146 616 146
2976 7316 2374 29393.7 615 145 616 145 616 146
2977 7316 2375 29393.7 616 145 615 145
2978 7317 2375 29393.7 614 144 615 144 615 145
2979 7317 2376 29393.7 615 144 614 144
2980 7318 2376 29393.7 613 143 614 143 614 144
2981 7318 2377 29393.7 614 143 613 143
2982 7319 2377 29393.7 612 142 613 142 613 143
2983 7319 2378 29393.7 613 142 612 142
2984 7336 2378 29393.7 612 138 612 139 612 140 612 141 612 142
2985 7320 2378 6350 611 141 612 141 612 142
2986 7320 2379 6350 612 141 611 141
2987 7302 2379 6350 608 139 609 139 609 140 610 140 610 141 611 141
2988 7305 2380 6350 604 134 604 135 605 135 605 136 606 136
2989 7304 2380 6350 607 137 606 137 606 136
2990 7306 2381 6350 602 133 603 133 603 134 604 134
2991 7305 2381 6350 604 135 604 134
2992 7323 2382 177469 551 80 550 80
2993 7293 2382 177469 548 79 548 80 549 80 550 80
2994 7324 2383 29393.7 628 156 627 156 627 155 626 155
2995 7314 2383 29393.7 625 154 625 155 626 155
2996 7335 2385 29393.7 632 158 631 158 630 158
2997 7328 2385 29393.7 629 156 629 157 629 158 630 158
2998 7332 2387 7500 597 124 597 125
2999 7321 2387 7500 596 126 597 126 597 125
3000 7333 2388 177469 553 80 552 80
3001 7323 2388 177469 550 80 551 80 552 80
3002 7324 2389 29393.7 627 156 628 156 629 156
3003 7328 2389 29393.7 629 157 629 156
3004 7371 2391 29393.7 612 131 612 132 612 133 612 134 612 135 612 136 612 137 612 138
3005 7336 2391 29393.7 612 139 612 138
3006 7358 2400 177469 559 80 558 80 557 80
3007 7333 2400 177469 552 80 553 80 554 80 555 80 556 80 557 80
3008 7335 2401 29393.7 631 158 632 158 633 158 634 158 635 158 635 157
3009 7313 2401 121437 632 162 632 161 632 160 632 159 632 158 633 158 634 158 635 158 635 157
3010 7355 2401 121437 637 158 636 158 635 158 635 157
3011 7357 2404 inf 588 109 587 109
3012 7283 2404 1.03817e+07 573 107 574 107 575 107 576 107 577 107 578 107 578 108 579 108 580 108 581 108 582 108 583 108 583 109 584 109 585 109 586 109 587 109
3013 7309 2404 inf 584 115 584 114 585 114 585 113 585 112 585 111 586 111 586 110 586 109 587 109
3014 7374 2405 2.72789e+07 638 176 637 176 637 175 636 175
3015 7294 2405 2.72789e+07 629 172 630 172 630 173 631 173 631 174 632 174 633 174 634 174 634 175 635 175 636 175
3016 7355 2406 121437 636 158 637 158 637 157
3017 7359 2406 121437 638 158 637 158 637 157
3018 7393 2416 inf 591 107 591 108 590 108 590 109
3019 7357 2416 inf 587 109 588 109 589 109 590 109
3020 7395 2417 177469 565 81 564 81 563 81 562 81
3021 7358 2417 177469 558 80 559 80 560 80 560 81 561 81 562 81
3022 7407 2418 2.72789e+07 642 177 642 176 641 176 640 176 639 176 638 176
3023 7374 2418 2.72789e+07 637 176 638 176
3024 7390 2420 29393.7 613 129 613 130 613 131
3025 7371 2420 29393.7 612 132 612 131 613 131
3026 7401 2425 177469 567 83 567 82 566 82 565 82
3027 7395 2425 177469 564 81 565 81 565 82
3028 7413 2431 121437 645 157 645 158 645 159 645 160 645 161 646 161
3029 7359 2431 121437 637 158 638 158 639 158 640 158 641 158 642 158 643 158 644 158 645 158 645 159 645 160 645 161 646 161
3030 7403 2432 29393.7 614 128 614 129
3031 7390 2432 29393.7 613 130 613 129 614 129
3032 7403 2433 29393.7 614 129 614 128 614 127 614 126 613 126 612 126 611 126
3033 7423 2433 29393.7 615 126 614 126 613 126 612 126 611 126
3034 7406 2435 177469 569 84 569 83 568 83
3035 7401 2435 177469 567 82 567 83 568 83
3036 7412 2436 1.33522e+08 554 67 554 68 553 68
3037 7396 2436 1.33522e+08 551 68 552 68 553 68
3038 7453 2439 177469 577 83 576 83 575 83 574 83 573 83 573 84 572 84 571 84 570 84
3039 7406 2439 177469 569 83 569 84 570 84
3040 7418 2443 1.33522e+08 554 66 554 67
3041 7412 2443 1.33522e+08 554 68 554 67
3042 7419 2444 121437 645 156 645 157
3043 7413 2444 121437 645 158 645 157
3044 7430 2450 57756.2 655 164 654 164
3045 7455 2450 57756.2 651 156 651 157 652 157 652 158 653 158 653 159 654 159 654 160 654 161 654 162 654 163 654 164
3046 7436 2453 121437 645 153 645 154
3047 7419 2453 121437 645 157 645 156 645 155 645 154
3048 7444 2454 121437 644 151 643 151 642 151
3049 7437 2454 121437 642 150 642 151
3050 7441 2458 29393.7 616 124 615 124
3051 7423 2458 29393.7 614 126 615 126 615 125 615 124
3052 7444 2461 121437 643 151 644 151
3053 7436 2461 121437 645 154 645 153 644 153 644 152 644 151
3054 7457 2462 121437 641 146 641 147 641 148
3055 7437 2462 121437 642 151 642 150 641 150 641 149 641 148
3056 7482 2462 57756.2 648 151 648 150 647 150 646 150 646 149 645 149 644 149 643 149 642 149 641 149 641 148
3057 7463 2465 29393.7 620 125 619 125 618 125 618 124 617 124
3058 7441 2465 29393.7 615 124 616 124 617 124
3059 7454 2468 1.33522e+08 557 63 557 64
3060 7418 2468 1.33522e+08 554 67 554 66 555 66 555 65 556 65 556 64 557 64
3061 7468 2472 57756.2 649 154 650 154 650 155 650 156 651 156
3062 7455 2472 57756.2 651 157 651 156
3063 7476 2473 121437 641 144 641 145 641 146
3064 7457 2473 121437 641 147 641 146
3065 7453 2474 177469 576 83 577 83 577 82
3066 7472 2474 177469 579 83 578 83 577 83 577 82
3067 7485 2475 1.33522e+08 560 62 559 62 558 62 557 62
3068 7454 2475 1.33522e+08 557 64 557 63 557 62
3069 7478 2476 2.72789e+07 650 180 650 179 649 179
3070 7407 2476 2.72789e+07 642 176 642 177 643 177 644 177 645 177 646 177 647 177 647 178 648 178 649 178 649 179
3071 7475 2477 57756.2 648 152 649 152 649 153
3072 7468 2477 57756.2 650 154 649 154 649 153
3073 7482 2480 57756.2 648 150 648 151
3074 7475 2480 57756.2 649 152 648 152 648 151
3075 7490 2481 inf 600 101 600 102 599 102
3076 7393 2481 inf 591 108 591 107 591 106 592 106 592 105 593 105 594 105 594 104 595 104 595 103 596 103 597 103 597 102 598 102 599 102
3077 7484 2482 177469 579 81 579 82
3078 7472 2482 177469 578 83 579 83 579 82
3079 7517 2483 2.72789e+07 655 181 654 181 653 181 652 181 652 180 651 180 650 180
3080 7478 2483 2.72789e+07 650 179 650 180
3081 7463 2485 29393.7 619 125 620 125 621 125 621 124 621 123
3082 7488 2485 29393.7 623 124 622 124 621 124 621 123
3083 7496 2487 1.33522e+08 562 62 561 62 560 62
3084 7485 2487 1.33522e+08 559 62 560 62
3085 7497 2488 57756.2 666 167 665 167 664 167
3086 7430 2488 57756.2 654 164 655 164 656 164 656 165 656 166 656 167 657 167 658 167 659 167 660 167 661 167 662 167 663 167 664 167
3087 7530 2488 4056.24 664 174 664 173 664 172 664 171 664 170 663 170 663 169 663 168 663 167 664 167
3088 7503 2496 inf 667 165 667 166
3089 7497 2496 57756.2 665 167 666 167 667 167 667 166
3090 7528 2496 inf 669 168 668 168 667 168 667 167 667 166
3091 7521 2503 121437 641 137 641 138 641 139
3092 7476 2503 121437 641 145 641 144 641 143 641 142 641 141 641 140 641 139
3093 7515 2504 177469 582 79 582 80
3094 7484 2504 177469 579 82 579 81 579 80 580 80 581 80 582 80
3095 7516 2505 1.33522e+08 564 61 563 61
3096 7496 2505 1.33522e+08 561 62 562 62 562 61 563 61
3097 7521 2508 121437 641 138 641 137 640 137
3098 7522 2508 121437 640 136 640 137
3099 7522 2509 121437 640 137 640 136 639 136
3100 7523 2509 121437 639 135 639 136
3101 7523 2510 121437 639 136 639 135 638 135
3102 7524 2510 121437 637 134 638 134 638 135
3103 7525 2511 510488 574 70 573 70
3104 7511 2511 510488 571 70 572 70 573 70
3105 7532 2512 inf 668 162 668 163 668 164
3106 7503 2512 inf 667 166 667 165 668 165 668 164
3107 7538 2514 4056.24 664 175 664 174 663 174
3108 7530 2514 4056.24 664 173 664 174 663 174
3109 7554 2516 510488 581 73 580 73 580 72 579 72 579 71 578 71 577 71 577 72
3110 7525 2516 510488 573 70 574 70 575 70 576 70 576 71 577 71 577 72
3111 7555 2522 1.33522e+08 569 61 568 61 567 61
3112 7516 2522 1.33522e+08 563 61 564 61 565 61 566 61 567 61
3113 7563 2523 inf 669 173 669 172 669 171 668 171
3114 7547 2523 inf 669 170 669 171 668 171
3115 7528 2524 inf 668 168 669 168 669 169 669 170
3116 7547 2524 inf 669 171 669 170
3117 7562 2528 1.33522e+08 570 61 570 62 569 62
3118 7555 2528 1.33522e+08 568 61 569 61 569 62
3119 7568 2536 inf 611 101 610 101 609 101
3120 7490 2536 inf 600 102 600 101 601 101 602 101 603 101 604 101 605 101 606 101 607 101 608 101 609 101
3121 7557 2537 inf 667 158 667 159 668 159
3122 7532 2537 inf 668 163 668 162 668 161 668 160 668 159
3123 7571 2537 46406.3 671 160 670 160 669 160 668 160 668 159
3124 7538 2539 4056.24 664 174 664 175 664 176 664 177 664 178
3125 7582 2539 4056.24 665 180 665 179 664 179 664 178
3126 7586 2541 inf 666 153 666 154 666 155 666 156
3127 7557 2541 inf 667 159 667 158 667 157 666 157 666 156
3128 7573 2542 121437 637 126 637 127
3129 7524 2542 121437 638 134 637 134 637 133 637 132 637 131 637 130 637 129 637 128 637 127
3130 7577 2544 inf 615 104 614 104
3131 7568 2544 inf 610 101 611 101 611 102 612 102 612 103 613 103 614 103 614 104
3132 7571 2545 46406.3 670 160 671 160
3133 7591 2545 46406.3 673 159 673 160 673 161 672 161 671 161 671 160
3134 7579 2547 29393.7 637 125 636 125
3135 7574 2547 29393.7 635 125 636 125
3136 7488 2548 29393.7 622 124 623 124 624 124 625 124 626 124 627 124 628 124 629 124 630 124 631 124 632 124 633 124 634 124 635 124
3137 7574 2548 29393.7 636 125 635 125 635 124
3138 7581 2550 1.33522e+08 573 61 572 61
3139 7562 2550 1.33522e+08 570 62 570 61 571 61 572 61
3140 7511 2550 510488 572 70 571 70 571 69 571 68 571 67 571 66 571 65 571 64 571 63 571 62 571 61 572 61
3141 7563 2551 inf 669 172 669 173 669 174 669 175
3142 7584 2551 inf 669 176 669 175
3143 7593 2553 inf 617 103 616 103 616 104
3144 7577 2553 inf 614 104 615 104 616 104
3145 7581 2556 1.33522e+08 572 61 573 61 573 60
3146 7681 2556 1.33522e+08 586 61 585 61 584 61 583 61 582 61 581 61 580 61 579 61 578 61 577 61 576 61 575 61 574 61 573 61 573 60
3147 7584 2557 inf 669 175 669 176 669 177
3148 7600 2557 inf 669 179 669 178 669 177
3149 7590 2558 46406.3 679 166 679 167
3150 7601 2558 46406.3 680 168 679 168 679 167
3151 7626 2559 46406.3 677 158 676 158 675 158 674 158 673 158 673 159
3152 7591 2559 46406.3 673 160 673 159
3153 7596 2561 inf 665 150 665 151 665 152 666 152
3154 7586 2561 inf 666 154 666 153 666 152
3155 7605 2563 inf 617 101 617 102 617 103
3156 7593 2563 inf 616 103 617 103
3157 7614 2564 inf 664 148 665 148 665 149 665 150
3158 7596 2564 inf 665 151 665 150
3159 7607 2567 inf 668 181 667 181
3160 7582 2567 4056.24 665 179 665 180 666 180 666 181 667 181
3161 7615 2567 inf 666 184 666 183 666 182 666 181 667 181
3162 7616 2568 46406.3 677 159 677 160 677 161
3163 7611 2568 46406.3 679 162 678 162 677 162 677 161
3164 7600 2570 inf 669 178 669 179 669 180
3165 7607 2570 inf 667 181 668 181 669 181 669 180
3166 7601 2572 46406.3 679 168 680 168 680 169
3167 7623 2572 46406.3 681 170 680 170 680 169
3168 7617 2577 inf 664 146 664 147
3169 7614 2577 inf 665 148 664 148 664 147
3170 7617 2578 inf 664 147 664 146 663 146
3171 7669 2578 2.65983e+07 668 143 667 143 666 143 665 143 664 143 663 143 663 144 663 145 663 146
3172 7627 2578 inf 662 144 663 144 663 145 663 146
3173 7637 2581 inf 620 100 619 100 618 100 618 101
3174 7605 2581 inf 617 102 617 101 618 101
3175 7611 2584 46406.3 678 162 679 162 679 161
3176 7590 2584 46406.3 679 167 679 166 679 165 679 164 679 163 679 162 679 161
3177 7626 2585 46406.3 676 158 677 158 677 159
3178 7616 2585 46406.3 677 160 677 159
3179 7627 2586 inf 663 144 662 144
3180 7634 2586 inf 661 141 661 142 662 142 662 143 662 144
3181 7579 2587 29393.7 636 125 637 125 637 124 637 123 637 122 637 121 637 120 637 119 637 118 637 117 637 116 637 115 637 114 636 114 635 114 635 113 634 113 634 112 633 112 633 111 632 111 631 111 631 112 630 112
3182 7573 2587 121437 637 127 637 126 637 125 637 124 637 123 637 122 637 121 637 120 637 119 637 118 637 117 637 116 637 115 637 114 636 114 635 114 635 113 634 113 634 112 633 112 633 111 632 111 631 111 631 112 630 112
3183 7650 2587 inf 639 118 639 117 638 117 638 116 637 116 637 115 637 114 636 114 635 114 635 113 634 113 634 112 633 112 633 111 632 111 631 111 631 112 630 112
3184 7636 2587 inf 630 110 630 111 630 112
3185 7623 2589 46406.3 680 170 681 170
3186 7697 2589 46406.3 683 176 683 175 682 175 682 174 682 173 682 172 682 171 681 171 681 170
3187 7634 2591 inf 661 142 661 141 660 141
3188 7635 2591 inf 660 140 660 141
3189 7671 2603 inf 661 136 661 137 660 137 660 138
3190 7635 2603 inf 660 141 660 140 660 139 660 138
3191 7680 2606 inf 642 117 641 117 640 117 640 118
3192 7650 2606 inf 639 117 639 118 640 118
3193 7682 2619 2.65983e+07 692 166 691 166
3194 7683 2619 2.65983e+07 691 165 691 166
3195 7699 2620 2.65983e+07 690 163 689 163 688 163
3196 7684 2620 2.65983e+07 688 162 688 163
3197 7669 2621 2.65983e+07 667 143 668 143
3198 7757 2621 2.65983e+07 674 144 673 144 672 144 671 144 670 144 669 144 668 144 668 143
3199 7686 2623 inf 661 135 661 136
3200 7671 2623 inf 661 137 661 136
3201 7708 2627 inf 646 119 645 119 644 119
3202 7679 2627 inf 643 119 644 119
3203 7690 2628 inf 642 117 643 117 643 118
3204 7679 2628 inf 644 119 643 119 643 118
3205 7680 2631 inf 641 117 642 117 642 116
3206 7690 2631 inf 643 117 642 117 642 116
3207 7710 2633 1.33522e+08 616 89 615 89
3208 7780 2633 1.33522e+08 613 82 613 83 614 83 614 84 614 85 614 86 614 87 614 88 614 89 615 89
3209 7554 2633 510488 580 73 581 73 581 74 582 74 583 74 584 74 585 74 586 74 586 75 587 75 588 75 589 75 589 76 590 76 590 77 591 77 592 77 592 78 593 78 593 79 594 79 595 79 595 80 595 81 596 81 597 81 597 82 598 82 599 82 600 82 601 82 601 83 602 83 603 83 603 84 604 84 605 84 605 85 606 85 607 85 607 86 608 86 609 86 609 87 610 87 611 87 612 87 612 88 613 88 614 88 614 89 615 89
3210 7515 2633 177469 582 80 582 79 583 79 584 79 585 79 586 79 587 79 588 79 589 79 590 79 591 79 592 79 593 79 594 79 595 79 595 80 595 81 596 81 597 81 597 82 598 82 599 82 600 82 601 82 601 83 602 83 603 83 603 84 604 84 605 84 605 85 606 85 607 85 607 86 608 86 609 86 609 87 610 87 611 87 612 87 612 88 613 88 614 88 614 89 615 89
3211 7681 2634 1.33522e+08 585 61 586 61 587 61
3212 7693 2634 1.33522e+08 588 62 587 62 587 61
3213 7749 2636 46406.3 685 177 684 177 684 176 683 176
3214 7697 2636 46406.3 683 175 683 176
3215 7698 2637 2.65983e+07 693 166 692 166 692 167
3216 7682 2637 2.65983e+07 691 166 692 166 692 167
3217 7699 2638 2.65983e+07 689 163 690 163 690 164 691 164
3218 7683 2638 2.65983e+07 691 166 691 165 691 164
3219 7715 2639 2.65983e+07 689 161 688 161
3220 7684 2639 2.65983e+07 688 163 688 162 688 161
3221 7703 2642 inf 660 134 661 134
3222 7686 2642 inf 661 136 661 135 661 134
3223 7704 2643 inf 659 133 660 133
3224 7703 2643 inf 661 134 660 134 660 133
3225 7887 2644 30156.3 666 129 665 129 664 129 663 129 663 130 662 130 661 130 660 130 659 130 659 131 659 132
3226 7758 2644 inf 658 129 659 129 659 130 659 131 659 132
3227 7704 2644 inf 660 133 659 133 659 132
3228 7891 2646 30156.3 636 99 635 99 634 99 633 99 632 99 631 99 630 99 630 100 629 100 628 100 627 100
3229 7729 2646 inf 627 99 627 100
3230 7636 2646 inf 630 111 630 110 630 109 630 108 629 108 629 107 628 107 628 106 627 106 627 105 627 104 627 103 627 102 627 101 627 100
3231 7731 2647 inf 666 195 665 195
3232 7747 2647 7931.25 674 188 673 188 672 188 671 188 670 188 669 188 668 188 667 188 666 188 665 188 665 189 665 190 664 190 664 191 664 192 664 193 665 193 665 194 665 195
3233 7615 2647 inf 666 183 666 184 665 184 665 185 665 186 665 187 665 188 665 189 665 190 664 190 664 191 664 192 664 193 665 193 665 194 665 195
3234 7517 2647 2.72789e+07 654 181 655 181 656 181 656 182 657 182 657 183 658 183 658 184 658 185 659 185 659 186 660 186 660 187 660 188 661 188 662 188 663 188 663 189 663 190 664 190 664 191 664 192 664 193 665 193 665 194 665 195
3235 7758 2653 inf 659 129 658 129 657 129
3236 7724 2653 inf 656 128 656 129 657 129
3237 7741 2654 inf 651 122 651 123
3238 7740 2654 inf 653 124 652 124 651 124 651 123
3239 7741 2655 inf 651 123 651 122 650 122
3240 7742 2655 inf 649 121 650 121 650 122
3241 7710 2657 1.33522e+08 615 89 616 89 616 90 616 91 617 91 618 91 618 92 619 92 620 92 621 92 621 93 622 93 622 94 623 94 623 95 624 95 624 96 625 96 625 97
3242 7637 2657 inf 619 100 620 100 621 100 622 100 623 100 624 100 625 100 625 99 625 98 625 97
3243 7729 2657 inf 627 100 627 99 626 99 626 98 625 98 625 97
3244 7746 2658 1.33522e+08 592 63 591 63 591 62 590 62
3245 7693 2658 1.33522e+08 587 62 588 62 589 62 590 62
3246 7751 2662 2.65983e+07 694 165 695 165 695 166
3247 7750 2662 2.65983e+07 695 167 695 166
3248 7751 2663 2.65983e+07 695 165 694 165
3249 7698 2663 2.65983e+07 692 166 693 166 693 165 694 165
3250 7752 2664 2.65983e+07 688 159 689 159 689 160
3251 7715 2664 2.65983e+07 688 161 689 161 689 160
3252 7753 2665 2.65983e+07 688 158 687 158 686 158 686 157 686 156 685 156
3253 7754 2665 2.65983e+07 685 155 685 156
3254 7787 2667 2.65983e+07 676 144 675 144 674 144 674 145
3255 7757 2667 2.65983e+07 673 144 674 144 674 145
3256 7738 2668 inf 655 126 655 127 656 127
3257 7724 2668 inf 656 129 656 128 656 127
3258 7739 2669 inf 654 126 655 126
3259 7738 2669 inf 655 127 655 126
3260 7740 2670 inf 652 124 653 124 653 125 654 125
3261 7739 2670 inf 655 126 654 126 654 125
3262 7708 2671 inf 645 119 646 119 647 119 648 119 648 120 649 120
3263 7742 2671 inf 650 121 649 121 649 120
3264 7731 2674 inf 665 195 666 195 666 196
3265 7819 2674 14275 665 201 665 200 665 199 665 198 665 197 665 196 666 196
3266 7797 2674 3500 666 199 665 199 665 198 665 197 665 196 666 196
3267 7798 2674 inf 668 197 667 197 666 197 666 196
3268 7753 2675 2.65983e+07 687 158 688 158
3269 7752 2675 2.65983e+07 689 159 688 159 688 158
3270 7746 2680 1.33522e+08 591 63 592 63 593 63
3271 7761 2680 1.33522e+08 594 64 593 64 593 63
3272 7747 2682 7931.25 673 188 674 188 674 189
3273 7857 2682 7931.25 675 193 675 192 675 191 675 190 674 190 674 189
3274 7749 2684 46406.3 684 177 685 177 686 177
3275 7876 2684 46406.3 688 181 688 180 687 180 686 180 686 179 686 178 686 177
3276 7807 2686 2.65983e+07 677 144 676 144 676 145
3277 7787 2686 2.65983e+07 675 144 676 144 676 145
3278 7794 2694 1.33522e+08 596 65 596 64 595 64
3279 7761 2694 1.33522e+08 593 64 594 64 595 64
3280 7820 2696 2.65983e+07 697 169 697 168 696 168
3281 7750 2696 2.65983e+07 695 166 695 167 696 167 696 168
3282 7816 2702 1.33522e+08 612 80 613 80 613 81
3283 7780 2702 1.33522e+08 613 83 613 82 613 81
3284 7794 2703 1.33522e+08 596 64 596 65 597 65
3285 7793 2703 1.33522e+08 598 66 597 66 597 65
3286 7824 2706 2.65983e+07 684 150 684 151
3287 7754 2706 2.65983e+07 685 156 685 155 685 154 685 153 685 152 684 152 684 151
3288 7824 2707 2.65983e+07 684 151 684 150 683 150
3289 7825 2707 2.65983e+07 683 149 683 150
3290 7835 2713 1.33522e+08 612 78 612 79
3291 7816 2713 1.33522e+08 613 80 612 80 612 79
3292 7838 2714 6000 607 73 606 73
3293 7817 2714 6000 605 72 605 73 606 73
3294 7839 2715 6000 605 71 605 72
3295 7817 2715 6000 605 73 605 72
3296 7842 2716 1.33522e+08 600 66 599 66
3297 7793 2716 1.33522e+08 597 66 598 66 599 66
3298 7798 2718 inf 667 197 668 197 668 198
3299 7843 2718 inf 667 199 668 199 668 198
3300 7836 2728 1.33522e+08 609 76 610 76
3301 7835 2728 1.33522e+08 612 79 612 78 611 78 611 77 610 77 610 76
3302 7837 2729 1.33522e+08 608 75 609 75
3303 7836 2729 1.33522e+08 610 76 609 76 609 75
3304 7852 2730 1.33522e+08 607 72 607 73 608 73 608 74
3305 7838 2730 6000 606 73 607 73 608 73 608 74
3306 7837 2730 1.33522e+08 609 75 608 75 608 74
3307 7854 2731 1.33522e+08 604 69 603 69
3308 7840 2731 1.33522e+08 602 69 603 69
3309 7841 2732 1.33522e+08 601 67 601 68 602 68
3310 7840 2732 1.33522e+08 603 69 602 69 602 68
3311 7842 2733 1.33522e+08 599 66 600 66 600 67 601 67
3312 7841 2733 1.33522e+08 601 68 601 67
3313 7843 2734 inf 668 199 667 199 667 200
3314 7797 2734 3500 665 199 666 199 667 199 667 200
3315 7819 2734 14275 665 200 665 201 666 201 667 201 667 200
3316 7874 2734 inf 666 203 666 202 667 202 667 201 667 200
3317 7820 2735 2.65983e+07 697 168 697 169 698 169
3318 7957 2735 2.65983e+07 701 173 700 173 699 173 699 172 698 172 698 171 698 170 698 169
3319 7880 2743 2875 688 151 687 151 687 150 686 150
3320 7881 2743 2875 686 149 686 150
3321 7881 2744 2875 686 150 686 149 685 149
3322 7882 2744 2875 684 148 685 148 685 149
3323 7882 2745 2875 685 148 684 148
3324 7929 2745 3850 684 144 684 145 684 146 683 146 683 147 683 148 684 148
3325 7867 2745 2.65983e+07 682 147 683 147 683 148 684 148
3326 7825 2745 2.65983e+07 683 150 683 149 683 148 684 148
3327 7884 2746 2.65983e+07 680 143 680 144
3328 7867 2746 2.65983e+07 683 147 682 147 681 147 680 147 680 146 680 145 680 144
3329 7884 2747 2.65983e+07 680 144 680 143 679 143
3330 7885 2747 2.65983e+07 679 142 679 143
3331 7807 2748 2.65983e+07 676 144 677 144 677 143 677 142 677 141
3332 7885 2748 2.65983e+07 679 143 679 142 678 142 677 142 677 141
3333 7872 2750 1.33522e+08 606 71 607 71
3334 7852 2750 1.33522e+08 607 73 607 72 607 71
3335 7893 2751 1.33522e+08 605 69 606 69 606 70
3336 7839 2751 6000 605 72 605 71 606 71 606 70
3337 7872 2751 1.33522e+08 607 71 606 71 606 70
3338 7893 2752 1.33522e+08 606 69 605 69
3339 7854 2752 1.33522e+08 603 69 604 69 605 69
3340 7857 2754 7931.25 675 192 675 193 676 193
3341 7894 2754 7931.25 676 194 676 193
3342 7876 2756 46406.3 688 180 688 181
3343 7941 2756 46406.3 691 182 690 182 689 182 688 182 688 181
3344 7880 2757 2875 687 151 688 151
3345 7912 2757 2875 691 152 690 152 689 152 688 152 688 151
3346 7887 2760 30156.3 665 129 666 129
3347 7902 2760 30156.3 668 130 667 130 666 130 666 129
3348 7874 2762 inf 666 202 666 203 666 204
3349 7938 2762 inf 667 206 667 205 666 205 666 204
3350 7905 2764 2875 700 162 700 161 699 161
3351 7906 2764 2875 699 160 699 161
3352 7920 2768 30156.3 668 129 668 130
3353 7902 2768 30156.3 667 130 668 130
3354 7921 2770 30156.3 638 100 638 99 637 99
3355 7904 2770 30156.3 636 99 637 99
3356 7891 2771 30156.3 635 99 636 99 636 98
3357 7904 2771 30156.3 637 99 636 99 636 98
3358 7894 2772 7931.25 676 193 676 194 677 194
3359 8096 2772 7931.25 680 204 680 203 679 203 679 202 679 201 678 201 678 200 678 199 678 198 678 197 677 197 677 196 677 195 677 194
3360 7962 2774 2875 707 165 706 165 705 165 705 164 704 164 703 164 703 163 702 163 702 162 701 162
3361 7905 2774 2875 700 161 700 162 701 162
3362 7926 2775 2875 697 158 697 157 696 157
3363 7908 2775 2875 695 157 696 157
3364 7909 2776 2875 694 156 695 156
3365 7908 2776 2875 696 157 695 157 695 156
3366 7910 2777 2875 693 155 694 155
3367 7909 2777 2875 695 156 694 156 694 155
3368 7927 2778 2875 692 153 693 153 693 154
3369 7910 2778 2875 694 155 693 155 693 154
3370 7927 2779 2875 693 153 692 153
3371 7911 2779 2875 691 152 691 153 692 153
3372 7912 2780 2875 690 152 691 152
3373 7911 2780 2875 691 153 691 152
3374 7921 2786 30156.3 638 99 638 100 639 100
3375 7987 2786 30156.3 644 102 644 101 643 101 642 101 641 101 640 101 639 101 639 100
3376 7925 2788 2875 698 159 699 159
3377 7906 2788 2875 699 161 699 160 699 159
3378 7926 2789 2875 697 157 697 158 698 158
3379 7925 2789 2875 699 159 698 159 698 158
3380 8000 2791 3850 688 144 687 144 686 144 685 144 684 144
3381 7929 2791 3850 684 145 684 144
3382 7938 2794 inf 667 205 667 206
3383 8021 2794 inf 668 210 667 210 667 209 667 208 667 207 667 206
3384 7946 2799 30156.3 668 127 668 128 669 128
3385 7920 2799 30156.3 668 130 668 129 668 128 669 128
3386 7947 2800 30156.3 667 126 667 127 668 127
3387 7946 2800 30156.3 668 128 668 127
3388 7941 2809 46406.3 690 182 691 182 691 183
3389 8008 2809 46406.3 692 185 691 185 691 184 691 183
3390 7962 2819 2875 706 165 707 165 707 164
3391 7995 2819 2875 710 166 709 166 708 166 708 165 707 165 707 164
3392 8035 2821 3850 691 146 691 145 690 145 689 145 689 146
3393 7999 2821 3850 688 145 689 145 689 146
3394 8002 2824 30156.3 667 123 667 124
3395 7947 2824 30156.3 667 127 667 126 667 125 667 124
3396 8020 2829 30156.3 647 102 646 102 645 102
3397 7987 2829 30156.3 644 101 644 102 645 102
3398 8060 2836 3850 690 142 689 142 688 142 688 143 688 144
3399 8000 2836 3850 687 144 688 144
3400 7999 2836 3850 689 145 688 145 688 144
3401 7995 2840 2875 709 166 710 166 711 166
3402 8040 2840 2875 712 167 711 167 711 166
3403 8045 2841 3850 693 146 692 146 691 146
3404 8035 2841 3850 691 145 691 146
3405 8016 2842 30156.3 666 121 666 122 667 122
3406 8002 2842 30156.3 667 124 667 123 667 122
3407 8021 2843 inf 667 210 668 210
3408 8087 2843 inf 669 214 669 213 669 212 669 211 668 211 668 210
3409 8053 2844 46406.3 693 187 693 186 692 186
3410 8008 2844 46406.3 691 185 692 185 692 186
3411 8016 2854 30156.3 666 122 666 121 666 120 665 120 665 119 665 118 664 118
3412 8051 2854 30156.3 664 117 664 118
3413 8020 2855 30156.3 646 102 647 102 648 102
3414 8037 2855 30156.3 649 103 648 103 648 102
3415 7993 2857 3362.51 705 171 704 171 703 171 703 172 703 173 703 174 703 175 704 175
3416 7957 2857 2.65983e+07 700 173 701 173 702 173 703 173 703 174 703 175 704 175
3417 8065 2857 2.65983e+07 705 176 704 176 704 175
3418 8040 2858 2875 711 167 712 167
3419 8066 2858 2875 712 169 712 168 712 167
3420 8037 2862 30156.3 648 103 649 103 650 103
3421 8052 2862 30156.3 651 104 650 104 650 103
3422 8053 2863 46406.3 693 186 693 187
3423 8098 2863 46406.3 694 190 694 189 694 188 693 188 693 187
3424 8066 2864 2875 712 168 712 169 712 170 712 171 711 171 710 171 710 172 709 172 709 173 708 173 707 173
3425 7993 2864 3362.51 704 171 705 171 706 171 706 172 706 173 707 173
3426 8093 2864 5.73989e+06 707 176 707 175 707 174 707 173
3427 8099 2864 5.73989e+06 710 174 709 174 708 174 707 174 707 173
3428 8057 2866 3850 693 145 693 146 694 146
3429 8045 2866 3850 692 146 693 146 694 146
3430 8058 2867 3850 692 144 692 145 693 145
3431 8057 2867 3850 693 146 693 145
3432 8073 2868 3850 691 142 691 143 692 143 692 144
3433 8058 2868 3850 692 145 692 144
3434 8078 2871 30156.3 654 106 654 105 653 105
3435 8062 2871 30156.3 652 105 653 105
3436 8052 2872 30156.3 650 104 651 104 652 104
3437 8062 2872 30156.3 653 105 652 105 652 104
3438 8092 2875 5.73989e+06 707 176 706 176 705 176
3439 8065 2875 2.65983e+07 704 176 705 176
3440 8102 2875 2.65983e+07 705 180 705 179 705 178 705 177 705 176
3441 8060 2879 3850 689 142 690 142 691 142
3442 8073 2879 3850 691 143 691 142
3443 8075 2880 30156.3 661 113 662 113
3444 8082 2880 30156.3 664 114 663 114 663 113 662 113
3445 8076 2881 30156.3 660 111 660 112 661 112
3446 8075 2881 30156.3 662 113 661 113 661 112
3447 8084 2882 30156.3 658 109 658 108 657 108
3448 8085 2882 30156.3 657 107 657 108
3449 8085 2883 30156.3 657 108 657 107 656 107
3450 8077 2883 30156.3 655 106 655 107 656 107
3451 8078 2884 30156.3 654 105 654 106 655 106
3452 8077 2884 30156.3 655 107 655 106
3453 8082 2888 30156.3 663 114 664 114
3454 8051 2888 30156.3 664 118 664 117 664 116 664 115 664 114
3455 8083 2889 30156.3 659 109 659 110 660 110
3456 8076 2889 30156.3 660 112 660 111 660 110
3457 8084 2890 30156.3 658 108 658 109 659 109
3458 8083 2890 30156.3 659 110 659 109
3459 8098 2894 46406.3 694 189 694 190
3460 8109 2894 46406.3 695 192 695 191 694 191 694 190
3461 8093 2895 5.73989e+06 707 175 707 176 707 177
3462 8092 2895 5.73989e+06 706 176 707 176 707 177
3463 8099 2896 5.73989e+06 709 174 710 174
3464 8104 2896 5.73989e+06 710 175 710 174
3465 8087 2898 inf 669 213 669 214 669 215 670 215
3466 8116 2898 inf 670 218 670 217 670 216 670 215
3467 8102 2900 2.65983e+07 705 179 705 180
3468 8110 2900 2.65983e+07 705 182 705 181 705 180
3469 8117 2901 7931.25 682 206 682 205 681 205
3470 8096 2901 7931.25 680 203 680 204 681 204 681 205
3471 8119 2902 2.65983e+07 705 183 705 182 704 182
3472 8110 2902 2.65983e+07 705 181 705 182 704 182
3473 8112 2904 5.73989e+06 712 175 711 175
3474 8104 2904 5.73989e+06 710 174 710 175 711 175
3475 8146 2906 46406.3 700 194 700 193 699 193 698 193 698 192 697 192 696 192 695 192
3476 8109 2906 46406.3 695 191 695 192
3477 8116 2909 inf 670 217 670 218
3478 8124 2909 inf 670 219 670 218
3479 8117 2910 7931.25 682 205 682 206
3480 8132 2910 7931.25 683 208 682 208 682 207 682 206
3481 8129 2913 5.73989e+06 713 177 713 176 712 176
3482 8112 2913 5.73989e+06 711 175 712 175 712 176
3483 8127 2918 2.65983e+07 706 184 705 184
3484 8119 2918 2.65983e+07 705 182 705 183 705 184
3485 8124 2922 inf 670 218 670 219 671 219 671 220 672 220
3486 8144 2922 inf 673 221 672 221 672 220
3487 8145 2923 7931.25 684 210 684 209 683 209
3488 8132 2923 7931.25 682 208 683 208 683 209
3489 8129 2924 5.73989e+06 713 176 713 177 713 178 714 178
3490 8158 2924 5.73989e+06 715 181 715 180 715 179 714 179 714 178
3491 8147 2929 2.65983e+07 708 186 707 186
3492 8127 2929 2.65983e+07 705 184 706 184 706 185 707 185 707 186
3493 8145 2932 7931.25 684 209 684 210
3494 8150 2932 7931.25 684 211 684 210
3495 8144 2933 inf 672 221 673 221 673 222
3496 8160 2933 inf 674 223 673 223 673 222
3497 8146 2936 46406.3 700 193 700 194 701 194
3498 8155 2936 46406.3 701 195 701 194
3499 8156 2937 2.65983e+07 709 187 708 187
3500 8147 2937 2.65983e+07 707 186 708 186 708 187
3501 8150 2940 7931.25 684 210 684 211 685 211 686 211
3502 8165 2940 7931.25 686 212 686 211
3503 8162 2943 46406.3 701 195 701 196
3504 8174 2943 46406.3 701 198 701 197 701 196
3505 8155 2944 46406.3 701 194 701 195 702 195
3506 8162 2944 46406.3 701 196 701 195 702 195
3507 8156 2945 2.65983e+07 708 187 709 187 709 188
3508 8169 2945 2.65983e+07 709 189 709 188
3509 8170 2946 5.73989e+06 717 181 716 181
3510 8158 2946 5.73989e+06 715 180 715 181 716 181
3511 8160 2948 inf 673 223 674 223 674 224
3512 8179 2948 inf 674 226 674 225 674 224
3513 8195 2948 7931.25 685 219 685 220 685 221 685 222 685 223 685 224 684 224 683 224 683 225 682 225 681 225 680 225 679 225 678 225 677 225 676 225 675 225 674 225 674 224
3514 8193 2951 inf 675 229 675 228 674 228 674 227 674 226 673 226
3515 8179 2951 inf 674 225 674 226 673 226
3516 8181 2952 506213 718 183 718 182 717 182
3517 8182 2952 5.73989e+06 720 181 719 181 718 181 717 181 717 182
3518 8170 2952 5.73989e+06 716 181 717 181 717 182
3519 8175 2952 4231.25 714 185 714 184 715 184 716 184 716 183 716 182 717 182
3520 8165 2954 7931.25 686 211 686 212 687 212 688 212 688 213
3521 8195 2954 7931.25 685 220 685 219 686 219 686 218 687 218 687 217 688 217 688 216 688 215 688 214 688 213
3522 8196 2954 7918.75 689 216 688 216 688 215 688 214 688 213
3523 8183 2955 46406.3 703 199 702 199
3524 8174 2955 46406.3 701 197 701 198 701 199 702 199
3525 8190 2956 506213 719 184 719 183 718 183
3526 8181 2956 506213 718 182 718 183
3527 8182 2957 5.73989e+06 719 181 720 181
3528 8185 2957 5.73989e+06 720 182 720 181
3529 8199 2961 5.73989e+06 723 182 722 182 721 182
3530 8185 2961 5.73989e+06 720 181 720 182 721 182
3531 8183 2964 46406.3 702 199 703 199 703 200 704 200
3532 8197 2964 46406.3 704 201 704 200
3533 8202 2965 2.65983e+07 713 193 713 192 712 192
3534 8175 2965 4231.25 714 184 714 185 713 185 713 186 713 187 713 188 712 188 712 189 712 190 712 191 712 192
3535 8169 2965 2.65983e+07 709 188 709 189 710 189 710 190 711 190 711 191 712 191 712 192
3536 8190 2966 506213 719 183 719 184 720 184
3537 8203 2966 506213 721 185 720 185 720 184
3538 8193 2967 inf 675 228 675 229 676 229
3539 8207 2967 inf 677 230 676 230 676 229
3540 8200 2968 5.73989e+06 723 181 723 182
3541 8199 2968 5.73989e+06 722 182 723 182
3542 8200 2969 5.73989e+06 723 182 723 181 724 181
3543 8205 2969 5.73989e+06 724 182 724 181
3544 8196 2972 7918.75 688 216 689 216 690 216
3545 8210 2972 7918.75 690 218 690 217 690 216
3546 8211 2973 2.65983e+07 714 194 714 193 713 193
3547 8202 2973 2.65983e+07 713 192 713 193
3548 8207 2975 inf 676 230 677 230
3549 8219 2975 inf 678 232 678 231 677 231 677 230
3550 8214 2976 46406.3 707 202 706 202 705 202
3551 8197 2976 46406.3 704 200 704 201 705 201 705 202
3552 8209 2977 5.73989e+06 725 182 724 182 724 183
3553 8205 2977 5.73989e+06 724 181 724 182 724 183
3554 8220 2978 7918.75 691 219 691 218 690 218
3555 8210 2978 7918.75 690 217 690 218
3556 8215 2979 2.65983e+07 715 194 714 194
3557 8211 2979 2.65983e+07 714 193 714 194
3558 8216 2980 506213 723 186 722 186
3559 8203 2980 506213 720 185 721 185 721 186 722 186
3560 8222 2982 5.73989e+06 728 182 727 182 726 182
3561 8209 2982 5.73989e+06 724 182 725 182 726 182
3562 8234 2984 inf 680 233 679 233 679 232 678 232
3563 8219 2984 inf 678 231 678 232
3564 8228 2985 46406.3 708 204 708 203 707 203
3565 8229 2985 3550 711 201 710 201 709 201 709 202 708 202 708 203 707 203
3566 8214 2985 46406.3 706 202 707 202 707 203
3567 8230 2986 2.65983e+07 716 196 716 195 715 195
3568 8215 2986 2.65983e+07 714 194 715 194 715 195
3569 8216 2987 506213 722 186 723 186 723 187
3570 8231 2987 506213 724 188 723 188 723 187
3571 8226 2989 5.73989e+06 729 182 728 182
3572 8222 2989 5.73989e+06 727 182 728 182
3573 8220 2990 7918.75 691 218 691 219 692 219
3574 8235 2990 7918.75 693 220 692 220 692 219
3575 8226 2993 5.73989e+06 728 182 729 182 730 182
3576 8237 2993 5.73989e+06 731 183 730 183 730 182
3577 8234 2994 inf 679 233 680 233
3578 8250 2994 inf 682 236 681 236 681 235 680 235 680 234 680 233
3579 8228 2995 46406.3 708 203 708 204 709 204
3580 8238 2995 46406.3 710 205 709 205 709 204
3581 8230 2996 2.65983e+07 716 195 716 196 717 196
3582 8239 2996 2.65983e+07 718 197 717 197 717 196
3583 8240 2997 506213 725 190 725 189 724 189
3584 8231 2997 506213 723 188 724 188 724 189
3585 8242 2998 7918.75 694 222 694 221 693 221
3586 8235 2998 7918.75 692 220 693 220 693 221
3587 8252 2999 46406.3 712 206 711 206 711 205 710 205
3588 8238 2999 46406.3 709 205 710 205
3589 8242 3001 7918.75 694 221 694 222
3590 8259 3001 7918.75 693 226 693 225 693 224 694 224 694 223 694 222
3591 8284 3001 6243.75 698 227 697 227 697 226 696 226 696 225 696 224 695 224 695 223 694 223 694 222
3592 8253 3002 2.65983e+07 719 199 719 198 718 198
3593 8239 3002 2.65983e+07 717 197 718 197 718 198
3594 8240 3003 506213 725 189 725 190 726 190
3595 8254 3003 506213 727 191 726 191 726 190
3596 8257 3005 5.73989e+06 734 184 733 184 732 184
3597 8237 3005 5.73989e+06 730 183 731 183 731 184 732 184
3598 8258 3007 inf 683 236 682 236
3599 8250 3007 inf 681 236 682 236
3600 8252 3008 46406.3 711 206 712 206
3601 8261 3008 46406.3 713 207 712 207 712 206
3602 8254 3009 506213 726 191 727 191
3603 8281 3009 506213 731 193 730 193 729 193 728 193 728 192 727 192 727 191
3604 8264 3012 5.73989e+06 736 184 735 184 734 184
3605 8257 3012 5.73989e+06 733 184 734 184
3606 8253 3014 2.65983e+07 719 198 719 199 720 199
3607 8262 3014 2.65983e+07 720 200 720 199
3608 8266 3015 inf 684 237 683 237
3609 8258 3015 inf 682 236 683 236 683 237
3610 8270 3016 46406.3 714 208 714 207 713 207
3611 8261 3016 46406.3 712 207 713 207
3612 8296 3018 5.73989e+06 741 186 740 186 739 186 739 185 738 185 738 184 737 184 736 184
3613 8275 3018 11018.7 740 183 739 183 739 184 738 184 737 184 736 184
3614 8264 3018 5.73989e+06 735 184 736 184
3615 8272 3019 46406.3 717 205 716 205
3616 8271 3019 46406.3 715 206 716 206 716 205
3617 8274 3020 2.65983e+07 722 201 722 200 721 200
3618 8262 3020 2.65983e+07 720 199 720 200 721 200
3619 8229 3020 3550 710 201 711 201 712 201 713 201 714 201 715 201 716 201 717 201 718 201 719 201 720 201 720 200 721 200
3620 8272 3020 46406.3 716 205 717 205 717 204 717 203 717 202 718 202 719 202 720 202 720 201 720 200 721 200
3621 8285 3022 10243.8 716 209 716 208 715 208 714 208
3622 8271 3022 46406.3 716 206 715 206 715 207 715 208 714 208
3623 8270 3022 46406.3 714 207 714 208
3624 8294 3022 6243.75 713 213 714 213 714 212 714 211 714 210 714 209 714 208
3625 8276 3024 11018.7 743 180 742 180 742 181 742 182 742 183 741 183 740 183
3626 8275 3024 11018.7 739 183 740 183
3627 8277 3025 11018.7 744 179 743 179 743 180
3628 8276 3025 11018.7 742 180 743 180
3629 8283 3026 11018.7 745 179 744 179
3630 8277 3026 11018.7 743 179 744 179
3631 8266 3027 inf 683 237 684 237 684 238 684 239 685 239
3632 8289 3027 inf 686 240 685 240 685 239
3633 8274 3028 2.65983e+07 722 200 722 201 723 201
3634 8286 3028 2.65983e+07 723 202 723 201
3635 8281 3030 506213 730 193 731 193
3636 8287 3030 506213 731 194 731 193
3637 8291 3031 506213 735 191 735 190 734 190 733 190 732 190 732 191 732 192
3638 8288 3031 506213 732 193 732 192
3639 8325 3032 6243.75 706 227 705 227 705 228 705 229 704 229 703 229 702 229 701 229 700 229 700 228 699 228 699 227 698 227
3640 8284 3032 6243.75 697 227 698 227
3641 8300 3034 10243.8 718 210 717 210 717 209 716 209
3642 8285 3034 10243.8 716 208 716 209
3643 8298 3035 11018.7 747 180 746 180 745 180
3644 8283 3035 11018.7 744 179 745 179 745 180
3645 8289 3036 inf 685 240 686 240
3646 8293 3036 inf 686 241 686 240
3647 8288 3037 506213 732 192 732 193 732 194
3648 8287 3037 506213 731 193 731 194 732 194
3649 8302 3037 11418.7 732 196 732 195 732 194
3650 8303 3038 506213 736 192 736 191 735 191
3651 8291 3038 506213 735 190 735 191
3652 8294 3039 6243.75 714 213 713 213 713 214
3653 8299 3039 6243.75 711 217 711 216 711 215 712 215 712 214 713 214
3654 8301 3040 2.65983e+07 725 203 724 203
3655 8286 3040 2.65983e+07 723 201 723 202 724 202 724 203
3656 8304 3041 11018.7 748 180 747 180
3657 8298 3041 11018.7 746 180 747 180
3658 8308 3042 inf 688 242 688 241 687 241
3659 8293 3042 inf 686 240 686 241 687 241
3660 8341 3042 3381.25 684 251 684 250 685 250 686 250 686 249 686 248 686 247 686 246 686 245 686 244 686 243 686 242 686 241 687 241
3661 8314 3043 6243.75 712 219 712 218 712 217 711 217
3662 8299 3043 6243.75 711 216 711 217
3663 8321 3044 10243.8 721 211 720 211 719 211 719 210 718 210
3664 8300 3044 10243.8 717 210 718 210
3665 8306 3045 506213 737 192 736 192
3666 8303 3045 506213 736 191 736 192
3667 8307 3046 5.73989e+06 745 184 744 184 743 184 742 184 741 184 741 185 741 186 742 186
3668 8296 3046 5.73989e+06 740 186 741 186 742 186
3669 8311 3046 3962.5 743 187 742 187 742 186
3670 8302 3047 11418.7 732 195 732 196 733 196
3671 8315 3047 11418.7 734 197 733 197 733 196
3672 8307 3048 5.73989e+06 744 184 745 184
3673 8312 3048 5.73989e+06 745 185 745 184
3674 8334 3049 11018.7 751 182 751 181 750 181 749 181 748 181
3675 8304 3049 11018.7 747 180 748 180 748 181
3676 8301 3050 2.65983e+07 724 203 725 203 725 204 726 204
3677 8322 3050 2.65983e+07 727 205 726 205 726 204
3678 8318 3051 506213 738 193 737 193
3679 8306 3051 506213 736 192 737 192 737 193
3680 8332 3053 3962.5 745 188 744 188 744 187 743 187
3681 8311 3053 3962.5 742 187 743 187
3682 8315 3054 11418.7 733 197 734 197
3683 8330 3054 11418.7 735 198 734 198 734 197
3684 8324 3056 5.73989e+06 747 185 746 185
3685 8312 3056 5.73989e+06 745 184 745 185 746 185
3686 8335 3057 inf 691 243 691 242 690 242
3687 8308 3057 inf 688 241 688 242 689 242 690 242
3688 8326 3058 6243.75 709 224 708 224 707 224 707 225 706 225 706 226
3689 8325 3058 6243.75 705 227 706 227 706 226
3690 8337 3059 10243.8 722 212 722 211 721 211
3691 8321 3059 10243.8 720 211 721 211
3692 8338 3060 2.65983e+07 728 206 728 205 727 205
3693 8322 3060 2.65983e+07 726 205 727 205
3694 8340 3061 506213 740 194 739 194 738 194
3695 8318 3061 506213 737 193 738 193 738 194
3696 8336 3062 6243.75 712 221 712 222 711 222 710 222 710 223 709 223 709 224
3697 8326 3062 6243.75 708 224 709 224
3698 8330 3063 11418.7 734 198 735 198
3699 8347 3063 11418.7 736 199 735 199 735 198
3700 8332 3065 3962.5 744 188 745 188
3701 8393 3065 3962.5 749 192 748 192 748 191 747 191 747 190 746 190 746 189 745 189 745 188
3702 8350 3066 11018.7 752 183 752 182 751 182
3703 8334 3066 11018.7 751 181 751 182
3704 8314 3067 6243.75 712 218 712 219 712 220 712 221 713 221
3705 8336 3067 6243.75 712 222 712 221 713 221
3706 8360 3069 10243.8 724 213 723 213 723 212 722 212
3707 8337 3069 10243.8 722 211 722 212
3708 8345 3070 2.65983e+07 729 206 728 206
3709 8338 3070 2.65983e+07 728 205 728 206
3710 8324 3071 5.73989e+06 746 185 747 185 747 186 748 186
3711 8349 3071 5.73989e+06 748 187 748 186
3712 8352 3072 inf 693 243 692 243
3713 8259 3072 7918.75 693 225 693 226 693 227 692 227 692 228 692 229 692 230 692 231 692 232 692 233 692 234 692 235 692 236 692 237 692 238 692 239 692 240 692 241 692 242 692 243
3714 8335 3072 inf 691 242 691 243 692 243
3715 8357 3073 506213 741 195 740 195
3716 8340 3073 506213 739 194 740 194 740 195
3717 8359 3074 11018.7 753 183 752 183
3718 8350 3074 11018.7 752 182 752 183
3719 8361 3077 2.65983e+07 730 207 729 207
3720 8345 3077 2.65983e+07 728 206 729 206 729 207
3721 8370 3078 11418.7 738 200 737 200 736 200
3722 8347 3078 11418.7 735 199 736 199 736 200
3723 8341 3080 3381.25 684 250 684 251 684 252 685 252
3724 8375 3080 3381.25 686 253 685 253 685 252
3725 8376 3081 inf 696 243 695 243 694 243
3726 8352 3081 inf 692 243 693 243 694 243
3727 8390 3082 10243.8 727 214 726 214 726 213 725 213 724 213
3728 8360 3082 10243.8 723 213 724 213
3729 8371 3083 506213 742 196 741 196
3730 8357 3083 506213 740 195 741 195 741 196
3731 8349 3084 5.73989e+06 748 186 748 187 749 187 750 187
3732 8381 3084 5.73989e+06 751 188 750 188 750 187
3733 8385 3087 2.65983e+07 731 209 731 208 730 208
3734 8361 3087 2.65983e+07 729 207 730 207 730 208
3735 8370 3088 11418.7 737 200 738 200
3736 8419 3088 11418.7 738 207 738 206 738 205 738 204 739 204 739 203 739 202 739 201 738 201 738 200
3737 8388 3090 11018.7 755 185 755 184 754 184
3738 8359 3090 11018.7 752 183 753 183 753 184 754 184
3739 8392 3094 506213 743 198 743 197 742 197
3740 8371 3094 506213 741 196 742 196 742 197
3741 8397 3095 3381.25 687 255 687 254 686 254
3742 8375 3095 3381.25 685 253 686 253 686 254
3743 8398 3097 inf 697 245 697 244 696 244
3744 8376 3097 inf 695 243 696 243 696 244
3745 8406 3099 10243.8 732 211 731 211 731 210 730 210
3746 8413 3099 10243.8 729 214 730 214 730 213 730 212 730 211 730 210
3747 8381 3100 5.73989e+06 750 188 751 188 752 188
3748 8401 3100 5.73989e+06 753 189 752 189 752 188
3749 8413 3103 10243.8 730 214 729 214 728 214 727 214
3750 8390 3103 10243.8 726 214 727 214
3751 8400 3104 2.65983e+07 733 209 732 209
3752 8385 3104 2.65983e+07 731 208 731 209 732 209
3753 8453 3105 3962.5 754 196 754 195 753 195 752 195 752 194 751 194 751 193 750 193 750 192 749 192
3754 8393 3105 3962.5 748 192 749 192
3755 8422 3106 3381.25 689 257 689 256 688 256 688 255 687 255
3756 8397 3106 3381.25 687 254 687 255
3757 8402 3107 5206.25 696 247 695 247
3758 8411 3107 5206.25 694 250 694 249 694 248 694 247 695 247
3759 8414 3109 5.73989e+06 754 190 754 189 753 189
3760 8401 3109 5.73989e+06 752 189 753 189
3761 8416 3110 61662.5 757 187 757 186 756 186
3762 8415 3110 61662.5 758 186 757 186 756 186
3763 8388 3110 11018.7 755 184 755 185 756 185 756 186
3764 8412 3112 inf 699 245 698 245
3765 8398 3112 inf 697 244 697 245 698 245
3766 8402 3112 5206.25 695 247 696 247 697 247 697 246 697 245 698 245
3767 8428 3116 5206.25 696 251 695 251 695 250 694 250
3768 8411 3116 5206.25 694 249 694 250
3769 8433 3118 61662.5 761 186 760 186 759 186 758 186
3770 8415 3118 61662.5 757 186 758 186
3771 8429 3120 inf 701 246 701 245 700 245
3772 8412 3120 inf 698 245 699 245 700 245
3773 8443 3122 5.73989e+06 757 192 756 192 756 191 756 190 755 190
3774 8426 3122 61662.5 757 188 757 189 757 190 756 190 755 190
3775 8414 3122 5.73989e+06 754 189 754 190 755 190
3776 8416 3123 61662.5 757 186 757 187 757 188
3777 8426 3123 61662.5 757 189 757 188
3778 8434 3124 3381.25 690 258 690 257 689 257
3779 8422 3124 3381.25 689 256 689 257
3780 8442 3125 506213 747 202 747 201 747 200 746 200
3781 8392 3125 506213 743 197 743 198 744 198 744 199 745 199 745 200 746 200
3782 8428 3126 5206.25 695 251 696 251
3783 8435 3126 5206.25 696 252 696 251
3784 8437 3127 2.65983e+07 736 212 735 212
3785 8400 3127 2.65983e+07 732 209 733 209 733 210 734 210 734 211 735 211 735 212
3786 8406 3127 10243.8 731 211 732 211 733 211 734 211 735 211 735 212
3787 8447 3129 inf 704 246 703 246 702 246
3788 8429 3129 inf 701 245 701 246 702 246
3789 8445 3132 61662.5 763 185 763 186 762 186
3790 8433 3132 61662.5 760 186 761 186 762 186
3791 8446 3133 3381.25 692 258 691 258
3792 8434 3133 3381.25 690 257 690 258 691 258
3793 8457 3134 5206.25 698 253 698 252 697 252
3794 8435 3134 5206.25 696 251 696 252 697 252
3795 8450 3137 2.65983e+07 738 212 737 212
3796 8437 3137 2.65983e+07 735 212 736 212 737 212
3797 8456 3139 61662.5 766 184 765 184
3798 8445 3139 61662.5 763 186 763 185 763 184 764 184 765 184
3799 8463 3141 206631 749 203 749 202 748 202
3800 8479 3141 506213 753 201 752 201 751 201 750 201 749 201 749 202 748 202
3801 8442 3141 506213 747 201 747 202 748 202
3802 8493 3142 3962.5 757 199 757 198 757 197 756 197 756 196 755 196 754 196
3803 8453 3142 3962.5 754 195 754 196
3804 8467 3143 5206.25 699 254 699 253 698 253
3805 8457 3143 5206.25 698 252 698 253
3806 8471 3145 2.65983e+07 739 214 739 213 738 213
3807 8419 3145 11418.7 738 206 738 207 738 208 738 209 738 210 738 211 738 212 738 213
3808 8450 3145 2.65983e+07 737 212 738 212 738 213
3809 8443 3146 5.73989e+06 756 192 757 192 757 193 758 193
3810 8465 3146 5.73989e+06 758 194 758 193
3811 8468 3147 inf 706 247 705 247
3812 8447 3147 inf 703 246 704 246 704 247 705 247
3813 8476 3150 3381.25 695 259 694 259
3814 8446 3150 3381.25 691 258 692 258 692 259 693 259 694 259
3815 8497 3151 5206.25 702 256 702 255 701 255 701 254 700 254 699 254
3816 8467 3151 5206.25 699 253 699 254
3817 8463 3152 206631 749 202 749 203 750 203
3818 8486 3152 206631 751 204 750 204 750 203
3819 8487 3153 506213 755 200 754 200 753 200
3820 8479 3153 506213 752 201 753 201 753 200
3821 8498 3154 inf 709 249 708 249 708 248 707 248 706 248
3822 8539 3154 6681.25 720 247 719 247 718 247 718 246 717 246 716 246 715 246 714 246 713 246 712 246 711 246 710 246 710 247 710 248 709 248 708 248 707 248 706 248
3823 8468 3154 inf 705 247 706 247 706 248
3824 8471 3156 2.65983e+07 739 213 739 214 740 214
3825 8490 3156 2.65983e+07 741 215 740 215 740 214
3826 8494 3158 5.73989e+06 761 195 761 194 760 194
3827 8465 3158 5.73989e+06 758 193 758 194 759 194 760 194
3828 8520 3159 61662.5 773 188 772 188 771 188 771 187 770 187 770 186 769 186 768 186
3829 8456 3159 61662.5 765 184 766 184 766 185 767 185 767 186 768 186
3830 8503 3163 206631 753 205 752 205 752 204 751 204
3831 8486 3163 206631 750 204 751 204
3832 8501 3164 2.65983e+07 742 216 742 215 741 215
3833 8490 3164 2.65983e+07 740 215 741 215
3834 8504 3166 506213 758 200 757 200 756 200
3835 8493 3166 3962.5 757 198 757 199 757 200 756 200
3836 8487 3166 506213 754 200 755 200 756 200
3837 8496 3168 3381.25 698 260 697 260
3838 8476 3168 3381.25 694 259 695 259 695 260 696 260 697 260
3839 8522 3169 5.73989e+06 766 196 765 196 764 196 764 195 763 195 762 195
3840 8494 3169 5.73989e+06 761 194 761 195 762 195
3841 8509 3170 inf 710 250 710 249 709 249
3842 8498 3170 inf 708 249 709 249
3843 8528 3174 2.65983e+07 746 218 745 218 745 217 744 217 743 217 743 216 742 216
3844 8501 3174 2.65983e+07 742 215 742 216
3845 8515 3175 506213 759 201 759 200 758 200
3846 8504 3175 506213 757 200 758 200
3847 8516 3176 5206.25 705 256 704 256 703 256
3848 8497 3176 5206.25 702 255 702 256 703 256
3849 8514 3178 206631 755 205 754 205
3850 8503 3178 206631 752 205 753 205 754 205
3851 8523 3179 inf 712 251 711 251 711 250 710 250
3852 8509 3179 inf 710 249 710 250
3853 8524 3181 206631 756 207 756 206 755 206
3854 8514 3181 206631 754 205 755 205 755 206
3855 8526 3182 3381.25 704 260 703 260 702 260
3856 8496 3182 3381.25 697 260 698 260 699 260 700 260 701 260 702 260
3857 8536 3183 5206.25 709 257 708 257 707 257 706 257 705 257
3858 8516 3183 5206.25 704 256 705 256 705 257
3859 8526 3183 3381.25 703 260 704 260 705 260 705 259 705 258 705 257
3860 8529 3184 506213 762 202 762 201 761 201
3861 8515 3184 506213 759 200 759 201 760 201 761 201
3862 8534 3184 7531.25 761 204 761 203 761 202 761 201
3863 8530 3185 5.73989e+06 768 196 767 196 766 196
3864 8522 3185 5.73989e+06 765 196 766 196
3865 8531 3186 61662.5 775 189 775 188 774 188
3866 8520 3186 61662.5 772 188 773 188 774 188
3867 8532 3187 inf 713 252 713 251 712 251
3868 8523 3187 inf 711 251 712 251
3869 8537 3188 206631 758 208 757 208 757 207 756 207
3870 8533 3188 7531.25 761 204 760 204 760 205 760 206 760 207 759 207 758 207 757 207 756 207
3871 8524 3188 206631 756 206 756 207
3872 8528 3189 2.65983e+07 745 218 746 218
3873 8562 3189 2.65983e+07 750 222 750 221 749 221 748 221 748 220 747 220 747 219 746 219 746 218
3874 8541 3190 5.73989e+06 771 196 770 196 769 196 768 196
3875 8530 3190 5.73989e+06 767 196 768 196
3876 8538 3191 61662.5 777 189 776 189 775 189
3877 8531 3191 61662.5 775 188 775 189
3878 8534 3192 7531.25 761 203 761 204
3879 8533 3192 7531.25 760 204 761 204
3880 8547 3193 5206.25 711 256 711 257 710 257 709 257
3881 8536 3193 5206.25 708 257 709 257
3882 8551 3196 206631 759 209 759 208 758 208
3883 8537 3196 206631 757 208 758 208
3884 8552 3197 506213 765 203 765 202 764 202
3885 8529 3197 506213 762 201 762 202 763 202 764 202
3886 8554 3200 inf 717 253 717 252 716 252 715 252
3887 8532 3200 inf 713 251 713 252 714 252 715 252
3888 8547 3200 5206.25 711 257 711 256 712 256 713 256 713 255 713 254 713 253 713 252 714 252 715 252
3889 8555 3201 6681.25 722 248 721 248 721 247 720 247
3890 8539 3201 6681.25 719 247 720 247
3891 8560 3204 61662.5 779 192 779 191 779 190 778 190
3892 8538 3204 61662.5 776 189 777 189 777 190 778 190
3893 8559 3205 206631 760 211 760 210 759 210
3894 8551 3205 206631 759 208 759 209 759 210
3895 8574 3206 inf 722 254 721 254 720 254 720 253 719 253 718 253
3896 8554 3206 inf 717 252 717 253 718 253
3897 8567 3207 6681.25 724 249 724 248 723 248
3898 8555 3207 6681.25 721 248 722 248 723 248
3899 8559 3208 206631 760 210 760 211
3900 8612 3208 206631 767 218 766 218 766 217 765 217 765 216 764 216 764 215 763 215 763 214 762 214 762 213 761 213 761 212 760 212 760 211
3901 8617 3208 19381.3 770 215 770 216 769 216 768 216 767 216 766 216 765 216 764 216 764 215 763 215 763 214 762 214 762 213 761 213 761 212 760 212 760 211
3902 8570 3211 2.65983e+07 751 223 751 222 750 222
3903 8562 3211 2.65983e+07 750 221 750 222
3904 8576 3214 6681.25 727 249 726 249 725 249
3905 8567 3214 6681.25 724 248 724 249 725 249
3906 8577 3216 506213 773 202 773 203 772 203 771 203
3907 8552 3216 506213 765 202 765 203 766 203 767 203 768 203 769 203 770 203 771 203
3908 8579 3219 2.65983e+07 753 224 753 223 752 223
3909 8570 3219 2.65983e+07 751 222 751 223 752 223
3910 8580 3221 506213 776 201 775 201 775 202 774 202
3911 8577 3221 506213 773 203 773 202 774 202
3912 8594 3223 inf 726 255 725 255 724 255 724 254 723 254
3913 8574 3223 inf 721 254 722 254 723 254
3914 8576 3224 6681.25 726 249 727 249 728 249
3915 8583 3224 6681.25 728 251 728 250 728 249
3916 8619 3225 5.73989e+06 790 196 790 195 790 194 789 194 788 194 787 194 786 194 785 194 784 194 783 194
3917 8560 3225 61662.5 779 191 779 192 779 193 779 194 780 194 781 194 782 194 783 194
3918 8541 3225 5.73989e+06 770 196 771 196 772 196 772 195 773 195 774 195 775 195 775 194 776 194 777 194 778 194 779 194 780 194 781 194 782 194 783 194
3919 8592 3225 506213 781 199 781 198 782 198 783 198 783 197 783 196 783 195 783 194
3920 8610 3226 2.65983e+07 760 225 759 225 758 225 757 225 756 225 755 225 755 224 754 224
3921 8579 3226 2.65983e+07 753 223 753 224 754 224
3922 8587 3227 506213 778 200 778 201 777 201
3923 8580 3227 506213 775 201 776 201 777 201
3924 8602 3228 30400 781 202 781 201 781 200 780 200 779 200 778 200
3925 8591 3228 506213 780 199 780 200 779 200 778 200
3926 8587 3228 506213 778 201 778 200
3927 8592 3230 506213 781 198 781 199 780 199
3928 8591 3230 506213 780 200 780 199
3929 8609 3236 inf 729 256 728 256 727 256
3930 8594 3236 inf 725 255 726 255 726 256 727 256
3931 8630 3236 4962.5 727 262 727 261 727 260 727 259 727 258 727 257 727 256
3932 8616 3238 6681.25 732 254 731 254 730 254
3933 8583 3238 6681.25 728 250 728 251 728 252 728 253 728 254 729 254 730 254
3934 8613 3241 30400 782 203 781 203
3935 8602 3241 30400 781 201 781 202 781 203
3936 8622 3243 19381.3 772 215 771 215 770 215
3937 8617 3243 19381.3 770 216 770 215
3938 8624 3244 5.73989e+06 791 195 791 196 790 196 789 196
3939 8619 3244 5.73989e+06 790 195 790 196 789 196
3940 8620 3245 inf 731 256 730 256
3941 8609 3245 inf 728 256 729 256 730 256
3942 8626 3246 6681.25 733 255 733 254 732 254
3943 8616 3246 6681.25 731 254 732 254
3944 8635 3247 206631 769 221 769 220 769 219 768 219 767 219
3945 8612 3247 206631 766 218 767 218 767 219
3946 8627 3249 19381.3 773 215 772 215
3947 8622 3249 19381.3 771 215 772 215
3948 8631 3251 30400 785 204 784 204
3949 8613 3251 30400 781 203 782 203 782 204 783 204 784 204
3950 8651 3251 2650 783 212 783 211 783 210 783 209 783 208 783 207 783 206 783 205 783 204 784 204
3951 8638 3252 4962.5 728 263 727 263 726 263
3952 8630 3252 4962.5 727 261 727 262 727 263 726 263
3953 8639 3254 30400 788 202 788 203 787 203 786 203
3954 8631 3254 30400 784 204 785 204 785 203 786 203
3955 8641 3255 19381.3 775 217 775 216 774 216
3956 8627 3255 19381.3 772 215 773 215 773 216 774 216
3957 8656 3256 30400 797 200 796 200 796 201 795 201 794 201 793 201 792 201 792 202 791 202 790 202 789 202 788 202
3958 8639 3256 30400 788 203 788 202
3959 8653 3257 inf 740 257 739 257 738 257 738 256 737 256 736 256 735 256
3960 8626 3257 6681.25 733 254 733 255 733 256 734 256 735 256
3961 8620 3257 inf 730 256 731 256 731 257 732 257 733 257 734 257 734 256 735 256
3962 8644 3257 4962.5 731 263 731 262 731 261 731 260 731 259 731 258 731 257 732 257 733 257 734 257 734 256 735 256
3963 8658 3258 2.65983e+07 770 228 769 228 769 227 768 227 768 226 767 226 767 225 766 225
3964 8635 3258 206631 769 220 769 221 769 222 769 223 769 224 769 225 769 226 768 226 767 226 767 225 766 225
3965 8610 3258 2.65983e+07 759 225 760 225 761 225 762 225 763 225 764 225 765 225 766 225
3966 8644 3260 4962.5 731 262 731 263 730 263 729 263
3967 8638 3260 4962.5 727 263 728 263 729 263
3968 8652 3262 19381.3 779 217 778 217 777 217 776 217
3969 8641 3262 19381.3 775 216 775 217 776 217
3970 8650 3263 2650 779 216 779 215 778 215
3971 8651 3263 2650 783 211 783 212 783 213 783 214 782 214 782 215 781 215 780 215 779 215 778 215
3972 8650 3267 2650 779 215 779 216
3973 8652 3267 19381.3 778 217 779 217 779 216
3974 8655 3267 19381.3 779 218 779 217 779 216
3975 8624 3269 5.73989e+06 791 196 791 195 792 195 793 195 794 195 795 195 796 195 797 195 798 195 799 195 800 195 800 194 801 194 802 194
3976 8662 3269 30400 799 200 799 199 799 198 799 197 799 196 799 195 800 195 800 194 801 194 802 194
3977 8660 3269 5.73989e+06 803 195 802 195 802 194
3978 8659 3272 19381.3 780 218 779 218
3979 8655 3272 19381.3 779 217 779 218
3980 8675 3273 inf 746 258 745 258 744 258 743 258 742 258 742 257 741 257
3981 8653 3273 inf 739 257 740 257 741 257
3982 8718 3274 24431.3 782 241 782 240 782 239 782 238 782 237 782 236 782 235 782 234 781 234 781 233 780 233 780 232 779 232 779 231 778 231 777 231 776 231 776 230 775 230 774 230 774 229 773 229 772 229 771 229 771 228 770 228
3983 8698 3274 2.65983e+07 786 229 785 229 784 229 783 229 782 229 781 229 780 229 779 229 778 229 777 229 777 230 776 230 775 230 774 230 774 229 773 229 772 229 771 229 771 228 770 228
3984 8658 3274 2.65983e+07 769 228 770 228
3985 8662 3275 30400 799 199 799 200 798 200
3986 8656 3275 30400 796 200 797 200 798 200
3987 8670 3276 19381.3 782 220 781 220 781 219 780 219
3988 8659 3276 19381.3 779 218 780 218 780 219
3989 8665 3277 5.73989e+06 805 195 804 195
3990 8660 3277 5.73989e+06 802 195 803 195 804 195
3991 8682 3281 19381.3 785 222 784 222 784 221 783 221 783 220 782 220
3992 8670 3281 19381.3 781 220 782 220
3993 8677 3284 5.73989e+06 807 197 807 196 806 196
3994 8665 3284 5.73989e+06 804 195 805 195 805 196 806 196
3995 8677 3287 5.73989e+06 807 196 807 197 808 197
3996 8681 3287 5.73989e+06 808 198 808 197
3997 8688 3288 inf 751 259 751 258 750 258 749 258
3998 8675 3288 inf 745 258 746 258 747 258 748 258 749 258
3999 8682 3290 19381.3 784 222 785 222
4000 8693 3290 19381.3 787 225 787 224 786 224 786 223 785 223 785 222
4001 8687 3291 5.73989e+06 810 199 810 198 809 198
4002 8681 3291 5.73989e+06 808 197 808 198 809 198
4003 8687 3294 5.73989e+06 810 198 810 199 811 199
4004 8696 3294 5.73989e+06 813 200 812 200 811 200 811 199
4005 8717 3295 185975 815 207 815 206 815 205 815 204 815 203 815 202 815 201 814 201 814 200 813 200
4006 8724 3295 5.73989e+06 819 206 819 205 818 205 817 205 817 204 816 204 816 203 816 202 815 202 815 201 814 201 814 200 813 200
4007 8696 3295 5.73989e+06 812 200 813 200
4008 8703 3296 inf 757 260 756 260 756 259 755 259
4009 8688 3296 inf 751 258 751 259 752 259 753 259 754 259 755 259
4010 8699 3299 2.65983e+07 787 228 786 228 786 229
4011 8698 3299 2.65983e+07 785 229 786 229
4012 8708 3300 32843.7 798 219 798 220 797 220 796 220
4013 8711 3300 32843.7 796 223 796 222 796 221 796 220
4014 8711 3301 32843.7 796 222 796 223 795 223 794 223 794 224 793 224
4015 8710 3301 32843.7 793 226 793 225 793 224
4016 8715 3302 32843.7 802 219 801 219 800 219 799 219 798 219
4017 8708 3302 32843.7 798 220 798 219
4018 8719 3305 2.65983e+07 791 232 791 231 791 230 791 229 791 228 790 228
4019 8710 3305 32843.7 793 225 793 226 793 227 793 228 792 228 791 228 790 228
4020 8693 3305 19381.3 787 224 787 225 787 226 787 227 787 228 788 228 789 228 790 228
4021 8699 3305 2.65983e+07 786 228 787 228 788 228 789 228 790 228
4022 8716 3306 inf 765 256 765 257 764 257 763 257 762 257
4023 8712 3306 inf 761 259 761 258 761 257 762 257
4024 8730 3308 7018.75 767 260 766 260 765 260 764 260 763 260 762 260 761 260 761 261
4025 8712 3308 inf 761 258 761 259 761 260 761 261
4026 8703 3308 inf 756 260 757 260 758 260 759 260 760 260 761 260 761 261
4027 8717 3309 185975 815 206 815 207
4028 8721 3309 185975 814 209 814 208 815 208 815 207
4029 8726 3310 24431.3 784 242 783 242 783 241 782 241
4030 8718 3310 24431.3 782 240 782 241
4031 8727 3311 32843.7 806 220 806 219 805 219 804 219
4032 8715 3311 32843.7 801 219 802 219 803 219 804 219
4033 8725 3313 inf 770 255 770 256 769 256
4034 8716 3313 inf 765 257 765 256 766 256 767 256 768 256 769 256
4035 8735 3314 inf 773 255 772 255 771 255
4036 8725 3314 inf 770 256 770 255 771 255
4037 8733 3315 24431.3 785 242 784 242
4038 8726 3315 24431.3 783 242 784 242
4039 8721 3316 185975 814 208 814 209 814 210 814 211 814 212
4040 8734 3316 185975 813 214 813 213 814 213 814 212
4041 8738 3319 5.73989e+06 822 207 822 206 821 206
4042 8724 3319 5.73989e+06 819 205 819 206 820 206 821 206
4043 8743 3320 24431.3 786 244 786 243 785 243
4044 8733 3320 24431.3 784 242 785 242 785 243
4045 8745 3321 32843.7 809 221 809 220 808 220
4046 8727 3321 32843.7 806 219 806 220 807 220 808 220
4047 8734 3322 185975 813 213 813 214 813 215
4048 8747 3322 185975 813 217 813 216 813 215
4049 8741 3323 inf 775 255 774 255
4050 8735 3323 inf 772 255 773 255 774 255
4051 8748 3323 7018.75 773 258 773 257 773 256 773 255 774 255
4052 8742 3324 inf 777 253 776 253 776 254 775 254
4053 8741 3324 inf 774 255 775 255 775 254
4054 8751 3326 inf 779 252 779 253 778 253 777 253
4055 8742 3326 inf 776 253 777 253
4056 8757 3327 5.73989e+06 826 208 825 208 825 207 824 207 823 207
4057 8738 3327 5.73989e+06 822 206 822 207 823 207
4058 8760 3328 inf 783 252 782 252 781 252 780 252 779 252
4059 8751 3328 inf 779 253 779 252
4060 8754 3329 24431.3 789 244 788 244 787 244
4061 8743 3329 24431.3 786 243 786 244 787 244
4062 8755 3330 32843.7 812 221 811 221 810 221
4063 8745 3330 32843.7 809 220 809 221 810 221
4064 8747 3331 185975 813 216 813 217 814 217
4065 8753 3331 185975 814 218 814 217
4066 8750 3332 7018.75 773 259 772 259 772 260
4067 8730 3332 7018.75 766 260 767 260 768 260 769 260 770 260 771 260 772 260
4068 8748 3333 7018.75 773 257 773 258 773 259
4069 8750 3333 7018.75 772 259 773 259
4070 8763 3335 2.65983e+07 800 235 799 235
4071 8719 3335 2.65983e+07 791 231 791 232 792 232 792 233 793 233 794 233 795 233 796 233 796 234 797 234 798 234 799 234 799 235
4072 8756 3336 32843.7 814 220 813 220 813 221
4073 8755 3336 32843.7 811 221 812 221 813 221
4074 8770 3337 43575 827 211 827 210 827 209 827 208 826 208
4075 8782 3337 5.73989e+06 836 206 836 207 835 207 834 207 833 207 833 208 832 208 831 208 830 208 829 208 828 208 827 208 826 208
4076 8757 3337 5.73989e+06 825 208 826 208
4077 8768 3338 185975 817 220 816 220 815 220
4078 8753 3338 185975 814 217 814 218 815 218 815 219 815 220
4079 8756 3338 32843.7 813 220 814 220 815 220
4080 8779 3341 43575 830 212 829 212 828 212 828 211 827 211
4081 8770 3341 43575 827 210 827 211
4082 8771 3342 inf 786 252 786 253 786 254 785 254
4083 8760 3342 inf 782 252 783 252 783 253 783 254 784 254 785 254
4084 8772 3343 inf 788 252 787 252
4085 8771 3343 inf 786 253 786 252 787 252
4086 8786 3344 2.65983e+07 808 236 807 236 806 236 805 236 805 237 804 237 803 237
4087 8763 3344 2.65983e+07 799 235 800 235 801 235 801 236 802 236 802 237 803 237
4088 8783 3346 5.73989e+06 839 204 838 204 837 204
4089 8782 3346 5.73989e+06 836 207 836 206 836 205 836 204 837 204
4090 8784 3349 inf 792 252 791 252
4091 8772 3349 inf 787 252 788 252 789 252 790 252 791 252
4092 8792 3350 43575 832 214 831 214 831 213 830 213
4093 8779 3350 43575 829 212 830 212 830 213
4094 8787 3353 2.65983e+07 809 235 808 235 808 236
4095 8786 3353 2.65983e+07 807 236 808 236
4096 8797 3356 5.73989e+06 842 205 841 205 840 205
4097 8783 3356 5.73989e+06 838 204 839 204 839 205 840 205
4098 8803 3358 inf 800 251 799 251 798 251 797 251 796 251 796 252 795 252
4099 8754 3358 24431.3 788 244 789 244 789 245 790 245 791 245 792 245 792 246 792 247 792 248 792 249 792 250 792 251 792 252 793 252 794 252 795 252
4100 8784 3358 inf 791 252 792 252 793 252 794 252 795 252
4101 8805 3361 5.73989e+06 843 208 843 207 843 206 842 206
4102 8797 3361 5.73989e+06 841 205 842 205 842 206
4103 8802 3362 2.65983e+07 816 234 815 234
4104 8787 3362 2.65983e+07 808 235 809 235 810 235 811 235 812 235 813 235 813 234 814 234 815 234
4105 8804 3363 2.65983e+07 818 233 817 233 816 233
4106 8802 3363 2.65983e+07 815 234 816 234 816 233
4107 8809 3366 2.65983e+07 822 232 821 232 820 232
4108 8768 3366 185975 816 220 817 220 818 220 818 221 818 222 818 223 818 224 818 225 818 226 818 227 818 228 818 229 818 230 818 231 818 232 819 232 820 232
4109 8804 3366 2.65983e+07 817 233 818 233 818 232 819 232 820 232
4110 8814 3367 inf 805 251 804 251 803 251 802 251
4111 8803 3367 inf 799 251 800 251 801 251 802 251
4112 8810 3368 2.65983e+07 823 231 822 231
4113 8809 3368 2.65983e+07 821 232 822 232 822 231
4114 8811 3369 43575 838 215 838 216
4115 8792 3369 43575 831 214 832 214 833 214 833 215 833 216 834 216 835 216 836 216 837 216 838 216
4116 8821 3370 43575 841 215 840 215 839 215
4117 8811 3370 43575 838 216 838 215 839 215
4118 8824 3376 inf 807 251 806 251
4119 8814 3376 inf 804 251 805 251 806 251
4120 8826 3378 inf 810 250 809 250
4121 8824 3378 inf 806 251 807 251 807 250 808 250 809 250
4122 8828 3379 inf 814 248 814 249 813 249 812 249
4123 8826 3379 inf 809 250 810 250 811 250 812 250 812 249
4124 8832 3380 inf 818 248 817 248 816 248
4125 8828 3380 inf 814 249 814 248 815 248 816 248
4126 8831 3382 7143.75 841 224 840 224
4127 8830 3382 7143.75 839 226 839 225 840 225 840 224
4128 8837 3387 7143.75 837 228 837 229 836 229
4129 8848 3387 7143.75 836 231 836 230 836 229
4130 8838 3388 7143.75 838 227 838 228 837 228
4131 8837 3388 7143.75 837 229 837 228
4132 8839 3389 7143.75 839 226 839 227 838 227
4133 8838 3389 7143.75 838 228 838 227
4134 8830 3390 7143.75 839 225 839 226
4135 8839 3390 7143.75 839 227 839 226
4136 8840 3391 7143.75 844 222 843 222
4137 8831 3391 7143.75 840 224 841 224 842 224 842 223 843 223 843 222
4138 8841 3392 7143.75 845 221 844 221
4139 8840 3392 7143.75 843 222 844 222 844 221
4140 8842 3393 7143.75 846 219 846 220 845 220
4141 8841 3393 7143.75 844 221 845 221 845 220
4142 8846 3394 inf 862 204 861 204
4143 8805 3394 5.73989e+06 843 207 843 208 843 209 843 210 843 211 843 212 843 213 844 213 845 213 846 213 847 213 848 213 849 213 850 213 851 213 852 213 853 213 853 212 854 212 854 211 855 211 855 210 855 209 855 208 856 208 856 207 857 207 857 206 858 206 859 206 859 205 860 205 860 204 861 204
4144 8845 3394 inf 852 214 852 213 853 213 853 212 854 212 854 211 855 211 855 210 855 209 855 208 856 208 856 207 857 207 857 206 858 206 859 206 859 205 860 205 860 204 861 204
4145 8878 3394 59956.2 856 217 856 216 855 216 855 215 855 214 854 214 854 213 854 212 854 211 855 211 855 210 855 209 855 208 856 208 856 207 857 207 857 206 858 206 859 206 859 205 860 205 860 204 861 204
4146 8900 3394 320938 861 216 861 215 860 215 859 215 858 215 858 214 858 213 858 212 858 211 858 210 858 209 858 208 858 207 858 206 859 206 859 205 860 205 860 204 861 204
4147 8843 3395 7143.75 847 218 847 219
4148 8842 3395 7143.75 846 220 846 219 847 219
4149 8850 3396 7143.75 849 218 848 218
4150 8843 3396 7143.75 847 219 847 218 848 218
4151 8851 3397 7143.75 850 217 849 217
4152 8850 3397 7143.75 848 218 849 218 849 217
4153 8852 3398 inf 851 215 851 216 850 216
4154 8821 3398 43575 840 215 841 215 842 215 843 215 844 215 845 215 846 215 847 215 848 215 849 215 850 215 850 216
4155 8851 3398 7143.75 849 217 850 217 850 216
4156 8861 3398 inf 848 221 849 221 850 221 850 220 850 219 850 218 850 217 850 216
4157 8844 3399 inf 851 214 851 215
4158 8852 3399 inf 851 216 851 215
4159 8845 3400 inf 852 213 852 214
4160 8844 3400 inf 851 215 851 214 852 214
4161 8857 3401 inf 867 200 866 200 866 201
4162 8846 3401 inf 861 204 862 204 862 203 863 203 864 203 864 202 865 202 865 201 866 201
4163 8854 3402 inf 824 245 823 245 823 246
4164 8832 3402 inf 817 248 818 248 818 247 819 247 820 247 821 247 821 246 822 246 823 246
4165 8860 3404 inf 848 222 847 222
4166 8865 3404 inf 847 224 847 223 847 222
4167 8861 3405 inf 849 221 848 221
4168 8860 3405 inf 847 222 848 222 848 221
4169 8867 3407 inf 868 199 868 200 867 200
4170 8857 3407 inf 866 200 867 200
4171 8858 3408 inf 826 244 825 244 825 245
4172 8854 3408 inf 823 245 824 245 825 245
4173 8864 3410 inf 827 243 827 244
4174 8858 3410 inf 825 244 826 244 827 244
4175 8869 3411 inf 830 242 829 242 829 243 828 243
4176 8864 3411 inf 827 244 827 243 828 243
4177 8870 3412 inf 831 241 830 241 830 242
4178 8869 3412 inf 829 242 830 242
4179 8848 3413 7143.75 836 230 836 231 836 232 836 233 836 234 836 235 836 236
4180 8880 3413 7143.75 836 238 836 237 836 236
4181 8892 3414 inf 845 231 845 230 845 229 845 228 844 228
4182 8872 3414 inf 846 226 845 226 845 227 845 228 844 228
4183 8865 3415 inf 847 223 847 224 847 225
4184 8872 3415 inf 845 226 846 226 846 225 847 225
4185 8879 3417 inf 869 198 869 199
4186 8867 3417 inf 868 200 868 199 869 199
4187 8874 3419 inf 833 240 832 240 832 241
4188 8810 3419 2.65983e+07 822 231 823 231 824 231 825 231 826 231 827 231 828 231 829 231 830 231 831 231 832 231 832 232 832 233 832 234 832 235 832 236 832 237 832 238 832 239 832 240 832 241
4189 8870 3419 inf 830 241 831 241 832 241
4190 8890 3420 inf 837 239 837 238 836 238 835 238 835 239 834 239 834 240 833 240
4191 8880 3420 7143.75 836 237 836 238 835 238 835 239 834 239 834 240 833 240
4192 8874 3420 inf 832 240 833 240
4193 8911 3427 59956.2 859 220 858 220 857 220 857 219 857 218 856 218
4194 8878 3427 59956.2 856 216 856 217 856 218
4195 8895 3428 inf 871 197 870 197 870 198
4196 8879 3428 inf 869 199 869 198 870 198
4197 8903 3431 inf 871 196 871 197
4198 8895 3431 inf 870 197 871 197
4199 8898 3433 inf 839 238 838 238 838 239
4200 8890 3433 inf 837 238 837 239 838 239
4201 8912 3440 320938 864 215 863 215 863 216 862 216
4202 8900 3440 320938 861 215 861 216 862 216
4203 8922 3443 inf 874 195 873 195 873 196 872 196
4204 8903 3443 inf 871 197 871 196 872 196
4205 8913 3444 inf 843 237 842 237
4206 8898 3444 inf 838 238 839 238 840 238 841 238 841 237 842 237
4207 8914 3445 inf 844 235 844 236 843 236
4208 8913 3445 inf 842 237 843 237 843 236
4209 8911 3447 59956.2 858 220 859 220
4210 8916 3447 59956.2 859 221 859 220
4211 8892 3448 inf 845 230 845 231 845 232 845 233 845 234 845 235
4212 8914 3448 inf 844 236 844 235 845 235
4213 8920 3450 320938 866 215 865 215
4214 8912 3450 320938 863 215 864 215 865 215
4215 8920 3451 320938 865 215 866 215 866 214
4216 8931 3451 320938 868 215 867 215 866 215 866 214
4217 8924 3453 59956.2 860 222 859 222
4218 8916 3453 59956.2 859 220 859 221 859 222
4219 8939 3454 320938 877 209 877 210 876 210 876 211 875 211 875 212 874 212 874 213 873 213 872 213 871 213 870 213 870 214 869 214 868 214
4220 8931 3454 320938 867 215 868 215 868 214
4221 8934 3455 inf 877 195 876 195 875 195
4222 8922 3455 inf 873 195 874 195 875 195
4223 8928 3457 59956.2 862 220 862 221 861 221 861 222
4224 8924 3457 59956.2 859 222 860 222 861 222
4225 8929 3458 59956.2 864 219 863 219 863 220
4226 8928 3458 59956.2 862 221 862 220 863 220
4227 8933 3459 59956.2 866 218 865 218 865 219 864 219
4228 8929 3459 59956.2 863 219 864 219
4229 8954 3462 59956.2 877 219 876 219 875 219 874 219 873 219 873 218 872 218 871 218 870 218 869 218 868 218 867 218 866 218
4230 8933 3462 59956.2 865 218 866 218
4231 8942 3465 320938 884 204 883 204 883 205 883 206 882 206 882 207 881 207 880 207 879 207 879 208 879 209 878 209
4232 8939 3465 320938 877 210 877 209 878 209
4233 8947 3466 inf 880 192 879 192 878 192
4234 8934 3466 inf 876 195 877 195 877 194 878 194 878 193 878 192
4235 8944 3467 2781.25 887 203 886 203
4236 8946 3467 2781.25 885 197 885 198 885 199 885 200 885 201 885 202 885 203 886 203
4237 8949 3469 320938 889 204 888 204 887 204
4238 8944 3469 2781.25 886 203 887 203 887 204
4239 8942 3469 320938 883 204 884 204 885 204 886 204 887 204
4240 8946 3470 2781.25 885 198 885 197 885 196 885 195 885 194 885 193 885 192 884 192 883 192 882 192 881 192
4241 8959 3470 inf 888 193 887 193 886 193 886 192 885 192 884 192 883 192 882 192 881 192
4242 8953 3470 3918.75 884 191 884 192 883 192 882 192 881 192
4243 8947 3470 inf 879 192 880 192 881 192
4244 8965 3473 3918.75 886 190 885 190 885 191 884 191
4245 8953 3473 3918.75 884 192 884 191
4246 8964 3474 320938 894 204 894 203 893 203
4247 8949 3474 320938 888 204 889 204 890 204 891 204 892 204 892 203 893 203
4248 8968 3477 3918.75 889 191 889 190 888 190 887 190 886 190
4249 8965 3477 3918.75 885 190 886 190
4250 8978 3478 3218.75 886 218 885 218 884 218 883 218 882 218 881 218 881 219 880 219
4251 8954 3478 59956.2 876 219 877 219 878 219 879 219 880 219
4252 8981 3478 59956.2 880 226 879 226 879 225 879 224 879 223 878 223 878 222 878 221 878 220 879 220 879 219 880 219
4253 8964 3481 320938 894 203 894 204 895 204 895 205 896 205
4254 8969 3481 320938 896 206 896 205
4255 8972 3482 inf 892 193 892 192 891 192
4256 8968 3482 3918.75 889 190 889 191 889 192 890 192 891 192
4257 8959 3482 inf 887 193 888 193 889 193 889 192 890 192 891 192
4258 8984 3487 3218.75 890 216 890 217 890 218 889 218 888 218 887 218 886 218
4259 8978 3487 3218.75 885 218 886 218
4260 8983 3489 inf 897 193 896 193 896 192 895 192
4261 8972 3489 inf 892 192 892 193 893 193 894 193 895 193 895 192
4262 8998 3490 59956.2 883 227 882 227 881 227 881 226 880 226
4263 8981 3490 59956.2 879 226 880 226
4264 8969 3491 320938 896 205 896 206 896 207 897 207 898 207 898 208
4265 8985 3491 320938 898 209 898 208
4266 8989 3495 inf 899 194 899 193 898 193 897 193
4267 8983 3495 inf 896 193 897 193
4268 8985 3496 320938 898 208 898 209 899 209
4269 8992 3496 320938 899 210 899 209
4270 8998 3500 59956.2 882 227 883 227 883 226
4271 9001 3500 59956.2 884 227 883 227 883 226
4272 8994 3501 inf 907 200 907 201 907 202
4273 9000 3501 inf 907 203 907 202
4274 9002 3503 320938 900 210 900 211 900 212 899 212 898 212
4275 9004 3503 320938 898 214 898 213 898 212
4276 8992 3504 320938 899 209 899 210 900 210
4277 9002 3504 320938 900 211 900 210
4278 9025 3505 59956.2 892 228 892 227 892 226 891 226 890 226 889 226 888 226 888 227 887 227 886 227 885 227 884 227
4279 9001 3505 59956.2 883 227 884 227
4280 8994 3506 inf 907 201 907 200 907 199 907 198 907 197 907 196 907 195 907 194 906 194 905 194 904 194
4281 9021 3506 56225 910 194 909 194 908 194 907 194 906 194 905 194 904 194
4282 8989 3506 inf 899 193 899 194 900 194 901 194 902 194 903 194 904 194
4283 9010 3507 320938 899 215 898 215
4284 9004 3507 320938 898 213 898 214 898 215
4285 8984 3507 3218.75 890 217 890 216 890 215 891 215 892 215 893 215 894 215 895 215 896 215 897 215 898 215
4286 9000 3511 inf 907 202 907 203 908 203 908 204 908 205 908 206
4287 9016 3511 inf 909 207 908 207 908 206
4288 9019 3518 320938 901 216 900 216
4289 9010 3518 320938 898 215 899 215 899 216 900 216
4290 9023 3519 inf 911 208 910 208 909 208
4291 9016 3519 inf 908 207 909 207 909 208
4292 9030 3520 56225 917 204 916 204 916 203 915 203 914 203 913 203 913 204
4293 9020 3520 56225 912 205 913 205 913 204
4294 9020 3521 56225 913 205 912 205 912 206 912 207 911 207 911 208
4295 9023 3521 inf 910 208 911 208
4296 9029 3521 inf 911 210 911 209 911 208
4297 9065 3522 56225 929 204 928 204 928 203 927 203 926 203 926 202 925 202 924 202 923 202 922 202 922 201 921 201 921 200 920 200 920 199 919 199 918 199 918 198 917 198 916 198 916 197 915 197 914 197 914 196 913 196 913 195 913 194 912 194 911 194
4298 9021 3522 56225 909 194 910 194 911 194
4299 9029 3525 inf 911 209 911 210 910 210
4300 9033 3525 inf 911 211 910 211 910 210
4301 9043 3527 56225 920 204 919 204 918 204 917 204
4302 9030 3527 56225 916 204 917 204
4303 9041 3529 59956.2 894 230 893 230
4304 9025 3529 59956.2 892 227 892 228 893 228 893 229 893 230
4305 9033 3530 inf 910 211 911 211 911 212
4306 9042 3530 inf 911 213 911 212
4307 9050 3535 56225 922 206 921 206 921 205 920 205
4308 9043 3535 56225 919 204 920 204 920 205
4309 9047 3536 59956.2 896 231 895 231
4310 9041 3536 59956.2 893 230 894 230 894 231 895 231
4311 9042 3537 inf 911 212 911 213 912 213 912 214 913 214 913 215
4312 9052 3537 inf 913 216 913 215
4313 9057 3540 59956.2 898 233 898 232 897 232
4314 9047 3540 59956.2 895 231 896 231 896 232 897 232
4315 9050 3542 56225 921 206 922 206 923 206
4316 9060 3542 56225 924 208 923 208 923 207 923 206
4317 9059 3544 inf 915 217 914 217
4318 9052 3544 inf 913 215 913 216 914 216 914 217
4319 9019 3544 320938 900 216 901 216 902 216 903 216 904 216 905 216 906 216 907 216 908 216 909 216 910 216 911 216 912 216 913 216 914 216 914 217
4320 9066 3547 59956.2 901 233 900 233
4321 9057 3547 59956.2 898 232 898 233 899 233 900 233
4322 9065 3548 56225 928 204 929 204
4323 9089 3548 56225 932 209 932 208 932 207 931 207 931 206 930 206 930 205 929 205 929 204
4324 9068 3549 inf 916 219 915 219
4325 9059 3549 inf 914 217 915 217 915 218 915 219
4326 9060 3550 56225 923 208 924 208 924 209 924 210
4327 9074 3550 56225 925 211 924 211 924 210
4328 9072 3551 59956.2 902 234 901 234
4329 9066 3551 59956.2 900 233 901 233 901 234
4330 9068 3553 inf 915 219 916 219 916 220
4331 9077 3553 inf 916 221 916 220
4332 9072 3554 59956.2 901 234 902 234 903 234
4333 9080 3554 59956.2 904 235 903 235 903 234
4334 9077 3555 inf 916 220 916 221 917 221
4335 9096 3555 inf 919 225 918 225 918 224 918 223 917 223 917 222 917 221
4336 9084 3557 59956.2 905 235 904 235
4337 9080 3557 59956.2 903 235 904 235
4338 9074 3559 56225 924 211 925 211 925 212 925 213 926 213
4339 9091 3559 56225 927 215 926 215 926 214 926 213
4340 9102 3564 56225 936 209 935 209 935 208 934 208 933 208 933 209 932 209
4341 9089 3564 56225 932 208 932 209
4342 9099 3566 56225 928 217 928 216 927 216
4343 9091 3566 56225 926 215 927 215 927 216
4344 9096 3567 inf 918 225 919 225
4345 9120 3567 inf 919 232 919 231 919 230 919 229 919 228 919 227 919 226 919 225
4346 9099 3569 56225 928 216 928 217
4347 9106 3569 56225 929 218 928 218 928 217
4348 9102 3570 56225 935 209 936 209
4349 9108 3570 56225 937 210 936 210 936 209
4350 9109 3572 59956.2 915 233 914 233
4351 9084 3572 59956.2 904 235 905 235 905 234 905 233 906 233 907 233 908 233 908 232 909 232 910 232 911 232 912 232 913 232 914 232 914 233
4352 9111 3574 56225 930 218 929 218
4353 9106 3574 56225 928 218 929 218
4354 9108 3576 56225 936 210 937 210
4355 9117 3576 56225 938 211 937 211 937 210
4356 9111 3579 56225 929 218 930 218 931 218
4357 9121 3579 56225 931 220 931 219 931 218
4358 9124 3582 56225 932 221 932 220 931 220
4359 9121 3582 56225 931 219 931 220
4360 9117 3584 56225 937 211 938 211 938 212 939 212
4361 9125 3584 56225 939 214 939 213 939 212
4362 9124 3585 56225 932 220 932 221 932 222
4363 9131 3585 56225 933 224 932 224 932 223 932 222
4364 9125 3586 56225 939 213 939 214 940 214
4365 9130 3586 56225 941 215 940 215 940 214
4366 9141 3588 14543.8 927 237 927 236 926 236 926 235 925 235 925 234 925 233 925 232 924 232 923 232 922 232 921 232 920 232 919 232 918 232 918 233 918 234 917 234 917 235 917 236 917 237 917 238 917 239 917 240
4367 9120 3588 inf 919 231 919 232 918 232 918 233 918 234 917 234 917 235 917 236 917 237 917 238 917 239 917 240
4368 9109 3588 59956.2 914 233 915 233 916 233 916 234 916 235 916 236 916 237 916 238 917 238 917 239 917 240
4369 9134 3588 inf 917 242 917 241 917 240
4370 9130 3589 56225 940 215 941 215 941 216
4371 9133 3589 56225 941 217 941 216
4372 9131 3590 56225 932 224 933 224 933 225
4373 9135 3590 56225 934 226 933 226 933 225
4374 9134 3592 inf 917 241 917 242 918 242
4375 9136 3592 inf 918 243 918 242
4376 9133 3593 56225 941 216 941 217 942 217 942 218
4377 9140 3593 56225 943 219 942 219 942 218
4378 9135 3594 56225 933 226 934 226 934 227
4379 9146 3594 56225 934 234 934 233 934 232 934 231 934 230 934 229 934 228 934 227
4380 9136 3595 inf 918 242 918 243 918 244
4381 9148 3595 inf 920 250 920 249 920 248 920 247 919 247 919 246 918 246 918 245 918 244
4382 9147 3595 26118.8 921 249 920 249 920 248 920 247 919 247 919 246 918 246 918 245 918 244
4383 9140 3597 56225 942 219 943 219 943 220
4384 9143 3597 56225 944 221 943 221 943 220
4385 9145 3598 14543.8 928 238 927 238
4386 9141 3598 14543.8 927 236 927 237 927 238
4387 9143 3599 56225 943 221 944 221 944 222 944 223
4388 9149 3599 56225 945 225 944 225 944 224 944 223
4389 9145 3600 14543.8 927 238 928 238 928 239 928 240
4390 9154 3600 14543.8 929 243 928 243 928 242 928 241 928 240
4391 9146 3601 56225 934 233 934 234
4392 9162 3601 56225 935 239 934 239 934 238 934 237 934 236 934 235 934 234
4393 9148 3602 inf 920 249 920 250
4394 9159 3602 inf 921 253 921 252 920 252 920 251 920 250
4395 9150 3603 26118.8 922 249 921 249
4396 9147 3603 26118.8 920 249 921 249
4397 9149 3604 56225 944 225 945 225
4398 9151 3604 56225 945 226 945 225
4399 9165 3605 26118.8 927 248 926 248 925 248 924 248 923 248 922 248 922 249 922 250
4400 9150 3605 26118.8 921 249 922 249 922 250
4401 9155 3606 14543.8 930 243 929 243
4402 9154 3606 14543.8 928 243 929 243
4403 9158 3607 56225 946 227 945 227
4404 9151 3607 56225 945 225 945 226 945 227
4405 9158 3613 56225 945 227 946 227 946 228
4406 9174 3613 56225 947 231 946 231 946 230 946 229 946 228
4407 9166 3614 26118.8 930 245 929 245 929 246 928 246 927 246 927 247 927 248
4408 9165 3614 26118.8 926 248 927 248
4409 9162 3615 56225 934 239 935 239 935 240
4410 9172 3615 56225 935 242 935 241 935 240
4411 9177 3616 3781.25 928 252 928 251 928 250 928 249
4412 9178 3616 3781.25 930 250 929 250 928 250 928 249
4413 9172 3617 56225 935 241 935 242
4414 9155 3617 14543.8 929 243 930 243 931 243 932 243 933 243 934 243 934 242 935 242
4415 9179 3617 56225 935 245 935 244 935 243 935 242
4416 9175 3618 inf 923 256 922 256 921 256 921 257
4417 9159 3618 inf 921 252 921 253 921 254 921 255 921 256 921 257
4418 9176 3618 2649.99 922 258 921 258 921 257
4419 9174 3619 56225 946 231 947 231 947 232
4420 9182 3619 56225 948 234 947 234 947 233 947 232
4421 9183 3620 inf 924 259 924 258 923 258
4422 9180 3620 13087.5 928 253 927 253 926 253 925 253 924 253 924 254 924 255 924 256 924 257 924 258 923 258
4423 9175 3620 inf 922 256 923 256 923 257 923 258
4424 9176 3620 2649.99 921 258 922 258 923 258
4425 9186 3621 2800 931 252 930 252 929 252
4426 9177 3621 3781.25 928 251 928 252 929 252
4427 9180 3621 13087.5 927 253 928 253 929 253 929 252
4428 9185 3621 13087.5 929 254 929 253 929 252
4429 9179 3622 56225 935 244 935 245 935 246
4430 9166 3622 26118.8 929 245 930 245 931 245 932 245 933 245 934 245 935 245 935 246
4431 9187 3622 56225 934 248 935 248 935 247 935 246
4432 9185 3623 13087.5 929 253 929 254 930 254
4433 9190 3623 13087.5 930 256 930 255 930 254
4434 9182 3624 56225 947 234 948 234 948 235 948 236
4435 9196 3624 56225 949 238 948 238 948 237 948 236
4436 9187 3625 56225 935 248 934 248 934 249 934 250 934 251
4437 9178 3625 3781.25 929 250 930 250 931 250 932 250 933 250 934 250 934 251
4438 9186 3625 2800 930 252 931 252 932 252 933 252 933 251 934 251
4439 9203 3625 56225 934 256 934 255 934 254 934 253 934 252 934 251
4440 9205 3626 2593.75 932 259 931 259 930 259 929 259 928 259 927 259 926 259 925 259 925 260 925 261
4441 9183 3626 inf 924 258 924 259 924 260 924 261 925 261
4442 9193 3626 inf 925 262 925 261
4443 9190 3628 13087.5 930 255 930 256 931 256
4444 9198 3628 13087.5 932 257 931 257 931 256
4445 9193 3630 inf 925 261 925 262 926 262
4446 9202 3630 inf 926 264 926 263 926 262
4447 9196 3631 56225 948 238 949 238 949 239
4448 9209 3631 56225 949 243 949 242 949 241 949 240 949 239
4449 9208 3633 13087.5 934 257 934 258 933 258 932 258
4450 9198 3633 13087.5 931 257 932 257 932 258
4451 9205 3633 2593.75 931 259 932 259 932 258
4452 9212 3634 56225 936 259 936 258 936 257 935 257 934 257
4453 9203 3634 56225 934 255 934 256 934 257
4454 9208 3634 13087.5 934 258 934 257
4455 9209 3636 56225 949 242 949 243 950 243
4456 9213 3636 56225 949 246 949 245 949 244 950 244 950 243
4457 9213 3637 56225 949 245 949 246 948 246
4458 9230 3637 56225 949 252 949 251 949 250 949 249 949 248 948 248 948 247 948 246
4459 9212 3638 56225 936 258 936 259
4460 9217 3638 56225 936 261 936 260 936 259
4461 9228 3640 4837.5 936 264 937 264 937 263 937 262 937 261 936 261
4462 9229 3640 56225 939 262 938 262 937 262 937 261 936 261
4463 9217 3640 56225 936 260 936 261
4464 9236 3642 6850 936 268 935 268 935 269 935 270 934 270 933 270 932 270 931 270 930 270 929 270 928 270
4465 9216 3642 4837.5 933 264 932 264 931 264 930 264 929 264 928 264 927 264 926 264 926 265 926 266 926 267 927 267 927 268 927 269 928 269 928 270
4466 9202 3642 inf 926 263 926 264 926 265 926 266 926 267 927 267 927 268 927 269 928 269 928 270
4467 9225 3642 inf 929 272 929 271 928 271 928 270
4468 9221 3643 4837.5 935 264 934 264
4469 9216 3643 4837.5 932 264 933 264 934 264
4470 9228 3645 4837.5 937 264 936 264 935 264 935 265
4471 9221 3645 4837.5 934 264 935 264 935 265
4472 9233 3646 56225 940 263 940 262 939 262
4473 9229 3646 56225 938 262 939 262
4474 9230 3647 56225 949 251 949 252
4475 9234 3647 56225 949 254 949 253 949 252
4476 9233 3650 56225 940 262 940 263
4477 9241 3650 56225 940 265 940 264 940 263
4478 9244 3651 inf 931 276 931 275 931 274 930 274
4479 9225 3651 inf 929 271 929 272 929 273 929 274 930 274
4480 9236 3652 6850 935 268 936 268 936 267 937 267
4481 9240 3652 6850 937 268 937 267
4482 9246 3653 56225 941 266 941 265 940 265
4483 9241 3653 56225 940 264 940 265
4484 9245 3653 6850 940 267 940 266 940 265
4485 9245 3655 6850 940 266 940 267 940 268 939 268 938 268
4486 9240 3655 6850 937 267 937 268 938 268
4487 9234 3656 56225 949 253 949 254 950 254 950 255 950 256
4488 9247 3656 2831.25 946 260 947 260 948 260 949 260 950 260 950 259 950 258 950 257 950 256
4489 9265 3656 56225 950 264 950 263 950 262 950 261 950 260 950 259 950 258 950 257 950 256
4490 9246 3657 56225 941 265 941 266
4491 9253 3657 56225 943 267 942 267 941 267 941 266
4492 9247 3658 2831.25 947 260 946 260 946 261
4493 9251 3658 2831.25 946 263 946 262 946 261
4494 9244 3659 inf 931 275 931 276 932 276
4495 9255 3659 inf 933 278 932 278 932 277 932 276
4496 9256 3662 56225 944 267 943 267
4497 9253 3662 56225 942 267 943 267
4498 9262 3664 56225 948 265 947 265 946 265
4499 9251 3664 2831.25 946 262 946 263 946 264 946 265
4500 9260 3664 56225 945 266 946 266 946 265
4501 9263 3665 inf 934 280 934 279 933 279
4502 9255 3665 inf 932 278 933 278 933 279
4503 9264 3667 13487.5 945 269 945 268 944 268
4504 9260 3667 56225 946 266 945 266 945 267 944 267 944 268
4505 9256 3667 56225 943 267 944 267 944 268
4506 9264 3668 13487.5 945 268 945 269
4507 9269 3668 13487.5 945 272 945 271 945 270 945 269
4508 9275 3669 43867.2 952 269 952 268 952 267 952 266 952 265 951 265 951 264 950 264
4509 9265 3669 56225 950 263 950 264
4510 9262 3669 56225 947 265 948 265 949 265 950 265 950 264
4511 3697 0 1.35163e+08 15 140 15 139 15 138 15 137 15 136 15 135 15 134 15 133 15 132 15 131 15 130
4512 3754 0 7.40024e+06 19 120 18 120 17 120 16 120
4513 3759 0 inf 18 117 17 117
4514 3903 0 476715 21 90 20 90
4515 9275 0 43867.2 952 268 952 269
4516 9269 0 13487.5 945 271 945 272 945 273
4517 9263 0 inf 934 279 934 280
