9694
0 -1 -1
1 16 166
2 17 167
3 18 166
4 18 168
5 19 169
6 20 170
7 24 170
8 14 148
9 25 171
10 14 145
11 26 172
12 15 144
13 27 173
14 32 160
15 26 176
16 35 161
17 22 148
18 28 175
19 37 162
20 15 140
21 18 142
22 27 178
23 29 176
24 40 165
25 28 179
26 30 177
27 37 170
28 41 166
29 43 164
30 30 180
31 32 178
32 42 168
33 31 181
34 32 182
35 46 168
36 50 164
37 48 162
38 34 183
39 35 184
40 47 172
41 19 126
42 54 168
43 18 124
44 37 186
45 57 162
46 38 187
47 42 144
48 19 121
49 23 124
50 22 123
51 40 188
52 25 125
53 27 126
54 66 164
55 63 161
56 24 122
57 22 120
58 42 189
59 58 173
60 26 123
61 30 126
62 20 116
63 43 190
64 67 166
65 66 161
66 65 169
67 32 126
68 22 116
69 44 191
70 49 186
71 63 172
72 34 127
73 71 165
74 29 121
75 22 114
76 45 192
77 69 168
78 67 158
79 51 187
80 36 126
81 32 122
82 61 178
83 66 173
84 34 123
85 47 193
86 69 171
87 68 156
88 30 118
89 62 179
90 38 125
91 48 194
92 50 136
93 32 118
94 30 113
95 63 183
96 43 125
97 51 196
98 80 161
99 50 131
100 46 127
101 56 136
102 38 118
103 76 155
104 64 186
105 78 156
106 57 135
107 85 159
108 58 132
109 30 104
110 25 99
111 58 197
112 66 189
113 84 157
114 69 187
115 62 134
116 32 104
117 29 101
118 26 98
119 22 94
120 73 184
121 75 182
122 89 160
123 88 159
124 87 158
125 86 157
126 61 132
127 60 130
128 34 104
129 30 100
130 27 97
131 25 95
132 21 91
133 70 189
134 88 157
135 86 155
136 46 115
137 33 102
138 63 197
139 63 131
140 28 96
141 26 94
142 22 90
143 38 105
144 34 101
145 32 99
146 58 124
147 37 103
148 36 102
149 91 156
150 70 135
151 66 131
152 40 105
153 39 104
154 22 87
155 66 198
156 99 163
157 52 116
158 51 115
159 34 98
160 62 125
161 42 105
162 76 190
163 54 116
164 32 94
165 94 155
166 76 137
167 38 99
168 37 98
169 76 192
170 98 158
171 66 126
172 64 124
173 43 103
174 40 100
175 24 84
176 23 83
177 89 180
178 61 120
179 58 117
180 46 105
181 70 200
182 87 183
183 96 154
184 64 122
185 44 102
186 40 98
187 35 93
188 68 125
189 66 123
190 47 104
191 39 96
192 30 87
193 29 86
194 79 193
195 63 119
196 38 94
197 95 178
198 103 158
199 82 137
200 67 122
201 50 105
202 90 184
203 108 162
204 101 155
205 74 128
206 70 124
207 69 123
208 60 114
209 87 188
210 93 182
211 94 181
212 95 180
213 96 179
214 68 121
215 62 115
216 98 178
217 82 134
218 72 124
219 50 102
220 46 98
221 94 183
222 86 137
223 79 130
224 71 122
225 69 120
226 93 185
227 77 127
228 74 124
229 56 106
230 109 158
231 89 138
232 85 134
233 76 125
234 62 111
235 81 199
236 88 192
237 82 130
238 79 127
239 78 126
240 98 183
241 99 182
242 88 135
243 77 124
244 68 115
245 64 111
246 77 205
247 80 126
248 79 125
249 89 194
250 100 183
251 89 134
252 78 123
253 77 122
254 78 206
255 95 189
256 96 188
257 80 124
258 68 112
259 62 106
260 58 102
261 92 135
262 90 133
263 87 130
264 86 129
265 82 125
266 79 122
267 78 121
268 86 200
269 96 138
270 94 136
271 85 127
272 70 112
273 54 96
274 80 207
275 93 194
276 104 183
277 93 134
278 83 124
279 98 138
280 90 130
281 89 129
282 88 128
283 85 125
284 80 120
285 81 208
286 84 123
287 83 122
288 79 118
289 74 113
290 96 194
291 86 124
292 88 125
293 85 122
294 84 121
295 83 209
296 103 139
297 100 136
298 94 130
299 87 123
300 81 117
301 73 109
302 65 101
303 62 98
304 60 96
305 46 82
306 105 188
307 102 137
308 98 133
309 97 132
310 90 125
311 76 111
312 84 210
313 95 129
314 82 116
315 80 114
316 78 112
317 66 100
318 62 96
319 47 81
320 89 122
321 88 121
322 87 120
323 84 117
324 69 102
325 106 190
326 108 140
327 96 128
328 95 127
329 93 125
330 92 124
331 86 118
332 81 113
333 78 110
334 86 211
335 85 116
336 94 124
337 90 120
338 88 118
339 84 114
340 82 112
341 78 108
342 66 96
343 86 115
344 96 124
345 90 118
346 89 117
347 83 111
348 82 110
349 79 107
350 70 98
351 89 212
352 106 133
353 98 125
354 93 120
355 87 114
356 116 142
357 110 136
358 84 110
359 90 213
360 102 201
361 103 128
362 102 127
363 101 126
364 99 124
365 88 113
366 69 94
367 66 91
368 86 110
369 84 108
370 130 153
371 99 122
372 132 154
373 104 126
374 101 123
375 92 114
376 93 214
377 102 205
378 107 128
379 106 127
380 103 124
381 94 115
382 86 107
383 78 99
384 69 90
385 136 156
386 118 138
387 96 116
388 90 110
389 89 109
390 138 157
391 105 124
392 104 123
393 103 122
394 98 117
395 87 106
396 78 97
397 108 126
398 91 109
399 90 108
400 66 84
401 110 201
402 134 151
403 132 149
404 144 160
405 142 158
406 141 157
407 107 123
408 106 122
409 96 112
410 94 110
411 92 108
412 97 216
413 146 161
414 139 154
415 122 137
416 91 106
417 137 151
418 134 148
419 107 121
420 104 118
421 98 112
422 96 110
423 147 168
424 146 159
425 140 153
426 103 116
427 77 90
428 114 202
429 148 160
430 138 150
431 135 147
432 126 138
433 125 137
434 112 124
435 110 122
436 96 108
437 92 104
438 74 86
439 148 169
440 150 161
441 109 120
442 108 119
443 82 93
444 152 162
445 139 149
446 132 142
447 102 112
448 97 107
449 149 170
450 154 163
451 144 153
452 143 152
453 106 115
454 83 92
455 127 135
456 115 123
457 114 122
458 113 121
459 111 119
460 99 107
461 98 106
462 118 203
463 133 140
464 116 122
465 114 120
466 112 118
467 100 106
468 81 87
469 153 170
470 135 140
471 130 135
472 129 134
473 127 132
474 107 112
475 106 111
476 105 110
477 104 109
478 103 108
479 102 107
480 108 216
481 115 119
482 112 116
483 110 114
484 109 113
485 81 85
486 122 203
487 138 141
488 108 111
489 107 110
490 106 109
491 102 105
492 155 171
493 162 164
494 161 163
495 159 161
496 158 160
497 132 134
498 119 121
499 116 118
500 114 116
501 82 84
502 157 170
503 157 158
504 136 137
505 112 113
506 156 172
507 138 138
508 119 119
509 116 116
510 106 106
511 115 114
512 126 204
513 120 118
514 117 115
515 106 104
516 105 103
517 158 173
518 160 171
519 109 106
520 108 105
521 148 184
522 142 138
523 138 134
524 135 131
525 118 114
526 137 132
527 120 115
528 162 172
529 148 142
530 146 140
531 119 113
532 118 112
533 94 88
534 121 114
535 162 154
536 151 143
537 125 117
538 164 173
539 138 129
540 122 113
541 150 140
542 126 116
543 134 205
544 141 198
545 157 146
546 156 145
547 122 111
548 121 110
549 115 104
550 161 179
551 166 174
552 154 142
553 153 141
554 125 113
555 124 112
556 142 199
557 157 144
558 156 143
559 121 221
560 136 206
561 162 180
562 163 149
563 126 112
564 125 111
565 123 109
566 120 106
567 118 104
568 114 100
569 166 151
570 165 150
571 170 154
572 169 153
573 168 152
574 126 110
575 164 181
576 128 111
577 140 206
578 164 146
579 126 108
580 118 100
581 125 222
582 182 163
583 180 161
584 179 160
585 167 148
586 166 147
587 134 115
588 129 110
589 184 164
590 128 108
591 126 223
592 181 160
593 180 159
594 178 157
595 177 156
596 176 155
597 155 134
598 130 109
599 167 183
600 183 167
601 185 165
602 172 150
603 166 144
604 165 143
605 137 115
606 128 106
607 126 104
608 187 164
609 186 163
610 185 162
611 184 161
612 183 160
613 181 158
614 177 154
615 158 135
616 139 116
617 134 218
618 184 168
619 185 167
620 186 166
621 180 156
622 171 147
623 162 138
624 143 119
625 137 113
626 145 208
627 169 184
628 188 165
629 179 154
630 178 153
631 173 148
632 164 139
633 134 109
634 131 106
635 185 169
636 190 164
637 189 163
638 188 162
639 187 161
640 186 160
641 185 159
642 184 158
643 183 157
644 146 120
645 143 117
646 142 116
647 126 100
648 189 166
649 176 149
650 170 143
651 169 142
652 168 141
653 164 137
654 163 136
655 148 121
656 132 105
657 114 87
658 171 185
659 187 169
660 180 152
661 178 150
662 173 145
663 172 144
664 166 138
665 146 118
666 142 114
667 133 224
668 190 167
669 186 157
670 182 153
671 113 84
672 188 170
673 193 165
674 194 164
675 193 163
676 192 162
677 178 148
678 169 139
679 148 118
680 147 117
681 144 114
682 134 104
683 133 103
684 133 226
685 173 186
686 180 179
687 191 168
688 185 154
689 184 153
690 172 141
691 171 140
692 151 120
693 150 119
694 146 115
695 132 101
696 189 171
697 194 166
698 176 144
699 174 142
700 153 121
701 192 169
702 189 156
703 188 155
704 187 154
705 186 153
706 185 152
707 184 151
708 183 150
709 178 145
710 151 118
711 135 102
712 175 187
713 190 172
714 195 167
715 198 164
716 182 148
717 159 125
718 197 162
719 196 161
720 161 126
721 154 210
722 191 173
723 194 170
724 199 165
725 195 159
726 194 158
727 190 154
728 186 150
729 152 116
730 150 114
731 140 104
732 130 94
733 118 82
734 138 227
735 177 188
736 201 164
737 192 155
738 159 122
739 158 121
740 139 102
741 134 97
742 155 211
743 192 174
744 195 171
745 167 129
746 149 111
747 148 110
748 137 99
749 136 98
750 157 118
751 156 117
752 152 113
753 151 112
754 142 103
755 134 95
756 121 82
757 179 189
758 193 175
759 196 172
760 191 151
761 190 150
762 171 131
763 170 130
764 154 114
765 149 109
766 141 101
767 164 123
768 163 122
769 162 121
770 161 120
771 160 119
772 122 81
773 169 201
774 195 175
775 197 173
776 203 167
777 152 110
778 142 100
779 173 130
780 144 228
781 150 222
782 170 202
783 182 190
784 153 109
785 152 108
786 146 102
787 159 214
788 166 207
789 195 178
790 196 177
791 176 131
792 168 123
793 125 80
794 198 176
795 178 132
796 167 121
797 160 114
798 147 101
799 158 217
800 168 207
801 184 191
802 174 202
803 197 179
804 199 177
805 150 102
806 169 208
807 170 207
808 174 125
809 150 228
810 162 216
811 176 202
812 198 180
813 178 128
814 165 115
815 159 109
816 164 215
817 187 192
818 171 209
819 177 203
820 215 166
821 124 71
822 166 216
823 176 206
824 174 209
825 179 204
826 200 183
827 218 165
828 218 163
829 162 222
830 217 161
831 136 80
832 176 209
833 177 208
834 201 184
835 170 216
836 169 111
837 202 185
838 215 172
839 140 81
840 171 217
841 179 209
842 142 82
843 136 76
844 203 186
845 216 173
846 172 218
847 180 210
848 202 189
849 204 187
850 173 219
851 183 209
852 189 203
853 219 173
854 154 90
855 147 83
856 194 199
857 226 161
858 225 160
859 224 159
860 149 84
861 136 71
862 174 220
863 203 191
864 217 177
865 166 100
866 151 85
867 139 73
868 205 190
869 153 86
870 142 75
871 204 192
872 217 179
873 170 102
874 155 87
875 138 70
876 134 66
877 176 221
878 202 195
879 207 190
880 173 104
881 157 88
882 145 76
883 178 220
884 159 89
885 144 74
886 142 72
887 203 196
888 216 183
889 218 181
890 162 91
891 161 90
892 178 222
893 205 195
894 192 120
895 177 105
896 175 103
897 152 80
898 180 221
899 204 197
900 155 82
901 154 81
902 159 85
903 157 83
904 171 232
905 206 197
906 161 86
907 154 79
908 182 222
909 220 144
910 166 90
911 163 87
912 150 74
913 216 189
914 218 187
915 226 149
916 180 103
917 176 99
918 174 97
919 165 88
920 225 147
921 224 146
922 178 100
923 170 92
924 164 86
925 189 218
926 166 87
927 180 228
928 208 200
929 188 108
930 158 78
931 192 217
932 220 139
933 194 216
934 159 77
935 181 230
936 196 215
937 166 83
938 218 194
939 220 192
940 158 74
941 248 163
942 240 155
943 239 154
944 238 153
945 233 148
946 177 92
947 182 232
948 186 228
949 216 198
950 247 161
951 246 160
952 245 159
953 244 158
954 172 86
955 162 76
956 158 72
957 234 147
958 180 93
959 203 213
960 231 143
961 230 142
962 229 141
963 214 126
964 213 125
965 212 124
966 182 94
967 150 62
968 184 233
969 195 222
970 196 221
971 219 198
972 210 121
973 198 109
974 184 95
975 227 137
976 226 136
977 200 110
978 197 107
979 193 103
980 187 97
981 186 96
982 154 64
983 185 234
984 233 142
985 195 104
986 192 101
987 191 100
988 190 99
989 189 98
990 178 87
991 177 86
992 220 200
993 197 105
994 182 90
995 174 82
996 170 78
997 162 70
998 186 235
999 235 186
1000 247 154
1001 246 153
1002 196 103
1003 195 102
1004 194 101
1005 178 85
1006 169 76
1007 168 75
1008 167 74
1009 191 231
1010 231 191
1011 250 172
1012 204 110
1013 218 205
1014 181 86
1015 187 237
1016 198 226
1017 220 204
1018 187 91
1019 180 84
1020 201 224
1021 189 92
1022 188 238
1023 206 220
1024 200 102
1025 199 101
1026 174 76
1027 235 192
1028 253 174
1029 235 136
1030 233 134
1031 223 124
1032 203 104
1033 202 103
1034 182 83
1035 203 225
1036 220 208
1037 188 88
1038 187 87
1039 176 76
1040 208 221
1041 225 204
1042 254 175
1043 184 83
1044 179 78
1045 178 77
1046 214 216
1047 220 210
1048 221 209
1049 225 123
1050 197 95
1051 196 94
1052 205 226
1053 208 223
1054 200 97
1055 199 96
1056 215 217
1057 225 207
1058 203 99
1059 183 79
1060 182 78
1061 181 77
1062 180 76
1063 230 203
1064 207 102
1065 206 101
1066 205 100
1067 186 81
1068 185 80
1069 207 227
1070 216 218
1071 255 179
1072 201 95
1073 192 86
1074 191 85
1075 222 213
1076 226 209
1077 270 165
1078 198 239
1079 227 210
1080 228 209
1081 258 179
1082 223 215
1083 260 178
1084 272 166
1085 217 107
1086 216 106
1087 199 240
1088 229 210
1089 264 153
1090 224 216
1091 260 180
1092 262 178
1093 273 167
1094 200 241
1095 230 211
1096 243 198
1097 219 106
1098 261 181
1099 274 168
1100 267 153
1101 225 218
1102 266 177
1103 214 230
1104 230 214
1105 231 213
1106 264 180
1107 269 175
1108 275 169
1109 261 184
1110 269 152
1111 202 244
1112 226 220
1113 232 214
1114 267 179
1115 277 170
1116 232 216
1117 233 215
1118 204 245
1119 227 222
1120 278 171
1121 270 149
1122 277 174
1123 264 188
1124 266 186
1125 268 184
1126 205 248
1127 211 242
1128 212 241
1129 213 240
1130 279 175
1131 267 188
1132 230 226
1133 245 212
1134 281 176
1135 285 172
1136 231 227
1137 236 222
1138 246 213
1139 270 189
1140 232 228
1141 236 224
1142 237 223
1143 273 187
1144 276 184
1145 282 178
1146 287 155
1147 204 257
1148 247 214
1149 289 156
1150 236 226
1151 238 224
1152 277 185
1153 291 157
1154 205 258
1155 275 188
1156 238 226
1157 239 225
1158 248 216
1159 282 182
1160 284 180
1161 287 177
1162 268 197
1163 207 259
1164 239 227
1165 240 226
1166 241 225
1167 249 217
1168 283 183
1169 287 179
1170 276 191
1171 286 181
1172 289 178
1173 300 161
1174 299 160
1175 208 260
1176 237 231
1177 242 226
1178 270 198
1179 278 190
1180 281 187
1181 288 180
1182 287 182
1183 278 192
1184 280 190
1185 209 262
1186 239 232
1187 242 229
1188 244 227
1189 270 201
1190 288 183
1191 290 181
1192 286 186
1193 240 233
1194 245 228
1195 274 199
1196 280 193
1197 289 184
1198 306 167
1199 272 202
1200 282 192
1201 287 187
1202 292 182
1203 211 264
1204 243 232
1205 246 229
1206 307 168
1207 276 200
1208 282 194
1209 288 188
1210 290 186
1211 212 265
1212 242 235
1213 243 234
1214 281 196
1215 286 191
1216 294 183
1217 245 233
1218 248 230
1219 276 202
1220 283 195
1221 309 169
1222 243 236
1223 244 235
1224 295 184
1225 242 238
1226 283 197
1227 240 241
1228 247 234
1229 275 206
1230 280 201
1231 311 170
1232 228 254
1233 246 236
1234 284 198
1235 286 196
1236 290 192
1237 297 185
1238 293 190
1239 246 238
1240 247 237
1241 249 235
1242 295 189
1243 280 205
1244 289 196
1245 220 266
1246 247 239
1247 248 238
1248 250 236
1249 292 194
1250 293 193
1251 314 172
1252 228 259
1253 285 202
1254 300 187
1255 248 240
1256 249 239
1257 251 237
1258 252 236
1259 298 190
1260 222 267
1261 283 206
1262 294 195
1263 316 173
1264 249 241
1265 250 240
1266 288 202
1267 296 194
1268 223 268
1269 252 239
1270 254 237
1271 270 221
1272 250 242
1273 295 197
1274 248 245
1275 255 238
1276 303 190
1277 231 263
1278 232 262
1279 299 195
1280 319 175
1281 234 261
1282 249 246
1283 252 243
1284 256 239
1285 293 202
1286 297 198
1287 226 270
1288 236 260
1289 303 193
1290 253 244
1291 257 240
1292 294 203
1293 305 192
1294 321 176
1295 272 226
1296 298 200
1297 302 197
1298 304 195
1299 306 193
1300 322 177
1301 259 241
1302 273 227
1303 296 204
1304 301 199
1305 223 278
1306 272 229
1307 295 206
1308 305 196
1309 307 194
1310 221 281
1311 230 272
1312 256 246
1313 282 221
1314 296 207
1315 298 205
1316 302 201
1317 306 197
1318 224 280
1319 257 247
1320 260 244
1321 304 200
1322 232 273
1323 299 206
1324 307 198
1325 261 245
1326 298 208
1327 304 202
1328 259 248
1329 290 217
1330 300 207
1331 306 201
1332 314 193
1333 258 250
1334 262 246
1335 264 244
1336 299 209
1337 326 182
1338 260 249
1339 284 225
1340 285 224
1341 310 199
1342 259 251
1343 264 246
1344 277 233
1345 300 210
1346 312 198
1347 302 209
1348 303 208
1349 308 203
1350 311 200
1351 224 288
1352 257 255
1353 260 252
1354 262 250
1355 264 248
1356 278 234
1357 285 227
1358 328 184
1359 312 201
1360 258 256
1361 261 253
1362 288 226
1363 303 211
1364 304 210
1365 310 204
1366 329 185
1367 263 252
1368 266 249
1369 267 248
1370 262 254
1371 310 206
1372 314 202
1373 267 250
1374 312 205
1375 331 186
1376 240 278
1377 260 258
1378 271 247
1379 286 232
1380 306 212
1381 263 256
1382 265 254
1383 266 253
1384 268 251
1385 270 249
1386 281 238
1387 290 229
1388 261 259
1389 306 214
1390 267 254
1391 271 250
1392 273 248
1393 290 231
1394 308 213
1395 313 208
1396 320 201
1397 262 260
1398 266 256
1399 334 188
1400 265 258
1401 292 231
1402 308 215
1403 245 279
1404 263 261
1405 268 256
1406 275 249
1407 310 214
1408 315 209
1409 266 259
1410 309 216
1411 319 206
1412 272 254
1413 318 208
1414 265 262
1415 267 260
1416 277 250
1417 284 243
1418 312 215
1419 331 196
1420 335 192
1421 337 190
1422 270 258
1423 276 252
1424 314 214
1425 268 261
1426 269 260
1427 274 255
1428 278 251
1429 291 238
1430 338 191
1431 314 216
1432 323 207
1433 326 204
1434 269 262
1435 279 252
1436 320 211
1437 339 192
1438 268 264
1439 271 261
1440 292 240
1441 324 208
1442 333 199
1443 270 263
1444 274 259
1445 339 194
1446 254 280
1447 276 258
1448 293 241
1449 317 217
1450 323 211
1451 273 262
1452 278 257
1453 279 256
1454 272 264
1455 274 263
1456 294 243
1457 316 221
1458 323 214
1459 342 195
1460 278 260
1461 280 258
1462 281 257
1463 258 281
1464 275 264
1465 323 216
1466 324 215
1467 331 208
1468 295 245
1469 327 213
1470 308 233
1471 321 220
1472 331 210
1473 275 267
1474 283 259
1475 296 246
1476 328 214
1477 344 198
1478 287 256
1479 326 217
1480 284 260
1481 323 221
1482 331 213
1483 333 211
1484 275 270
1485 327 218
1486 324 222
1487 286 261
1488 277 271
1489 331 217
1490 299 250
1491 323 226
1492 278 272
1493 281 269
1494 288 262
1495 301 250
1496 282 270
1497 289 263
1498 300 252
1499 334 218
1500 337 215
1501 342 210
1502 272 281
1503 302 251
1504 283 271
1505 301 253
1506 318 236
1507 338 216
1508 303 252
1509 344 211
1510 292 264
1511 302 254
1512 338 218
1513 284 273
1514 304 253
1515 337 220
1516 293 265
1517 303 255
1518 346 212
1519 285 274
1520 289 270
1521 279 281
1522 294 266
1523 304 256
1524 305 255
1525 339 221
1526 341 219
1527 346 214
1528 286 275
1529 290 271
1530 343 218
1531 344 217
1532 284 278
1533 287 276
1534 289 274
1535 291 272
1536 296 267
1537 343 220
1538 306 258
1539 288 278
1540 294 272
1541 297 269
1542 301 265
1543 333 233
1544 345 222
1545 286 282
1546 298 270
1547 301 267
1548 302 266
1549 309 260
1550 283 287
1551 287 284
1552 288 283
1553 302 269
1554 311 260
1555 331 240
1556 337 234
1557 352 219
1558 290 282
1559 292 281
1560 299 274
1561 305 268
1562 341 232
1563 333 241
1564 353 221
1565 360 214
1566 292 285
1567 301 276
1568 335 242
1569 285 293
1570 287 292
1571 288 291
1572 342 237
1573 351 228
1574 356 223
1575 358 221
1576 292 288
1577 337 243
1578 291 290
1579 343 238
1580 360 222
1581 299 284
1582 302 281
1583 309 275
1584 362 223
1585 345 241
1586 360 227
1587 363 224
1588 309 279
1589 321 268
1590 346 243
1591 362 228
1592 364 226
1593 322 269
1594 346 245
1595 347 244
1596 313 280
1597 314 279
1598 347 246
1599 348 247
1600 312 284
1601 317 282
1602 350 249
1603 351 250
1604 352 251
1605 353 252
1606 386 205
1607 322 285
1608 354 253
1609 387 204
1610 387 221
1611 323 286
1612 355 254
1613 375 234
1614 374 236
1615 394 208
1616 389 203
1617 386 225
1618 393 206
1619 325 287
1620 375 237
1621 392 220
1622 357 257
1623 392 222
1624 327 288
1625 377 238
1626 380 237
1627 382 235
1628 396 203
1629 381 238
1630 383 236
1631 385 234
1632 392 227
1633 394 225
1634 395 224
1635 331 289
1636 398 202
1637 378 243
1638 380 241
1639 382 239
1640 386 235
1641 393 228
1642 395 226
1643 349 273
1644 399 201
1645 398 200
1646 381 242
1647 383 240
1648 384 239
1649 394 229
1650 400 223
1651 361 263
1652 396 228
1653 399 199
1654 335 290
1655 385 240
1656 386 239
1657 390 235
1658 398 227
1659 400 225
1660 401 200
1661 362 264
1662 397 229
1663 403 223
1664 386 241
1665 387 240
1666 391 236
1667 402 225
1668 403 200
1669 363 265
1670 398 230
1671 405 224
1672 338 292
1673 364 266
1674 386 244
1675 392 238
1676 404 226
1677 400 231
1678 365 267
1679 393 239
1680 407 199
1681 406 198
1682 340 293
1683 400 233
1684 401 232
1685 409 200
1686 359 275
1687 366 268
1688 388 246
1689 394 240
1690 406 228
1691 407 227
1692 410 224
1693 367 269
1694 389 247
1695 395 241
1696 343 294
1697 405 232
1698 411 226
1699 391 247
1700 396 242
1701 398 240
1702 369 270
1703 393 246
1704 397 243
1705 399 241
1706 346 295
1707 370 271
1708 394 247
1709 428 211
1710 427 210
1711 426 209
1712 396 246
1713 400 242
1714 425 207
1715 394 249
1716 413 230
1717 416 227
1718 417 226
1719 348 296
1720 356 288
1721 372 272
1722 396 248
1723 402 242
1724 415 229
1725 421 201
1726 417 228
1727 425 204
1728 373 273
1729 432 210
1730 358 289
1731 397 250
1732 402 245
1733 411 236
1734 349 299
1735 374 274
1736 426 202
1737 403 246
1738 418 231
1739 435 214
1740 436 213
1741 437 212
1742 353 297
1743 360 290
1744 399 251
1745 400 250
1746 376 275
1747 427 200
1748 418 234
1749 439 213
1750 438 210
1751 355 298
1752 402 251
1753 433 220
1754 378 276
1755 406 248
1756 439 215
1757 441 211
1758 439 209
1759 438 208
1760 428 198
1761 365 290
1762 401 254
1763 404 252
1764 426 230
1765 440 208
1766 439 207
1767 367 290
1768 411 246
1769 416 241
1770 429 196
1771 362 296
1772 441 207
1773 406 253
1774 424 235
1775 405 255
1776 446 210
1777 442 206
1778 430 194
1779 391 270
1780 392 269
1781 393 268
1782 394 267
1783 395 266
1784 397 265
1785 398 264
1786 443 205
1787 431 193
1788 395 268
1789 427 236
1790 435 228
1791 441 222
1792 398 266
1793 400 264
1794 401 263
1795 432 192
1796 393 272
1797 441 224
1798 449 216
1799 445 204
1800 433 191
1801 384 283
1802 387 280
1803 370 298
1804 447 203
1805 413 256
1806 440 229
1807 445 224
1808 435 190
1809 386 284
1810 432 238
1811 455 215
1812 449 202
1813 391 281
1814 443 229
1815 437 189
1816 430 244
1817 444 194
1818 375 300
1819 389 286
1820 447 228
1821 453 201
1822 390 287
1823 419 258
1824 453 224
1825 454 223
1826 455 222
1827 377 301
1828 396 282
1829 451 227
1830 457 221
1831 430 249
1832 459 220
1833 460 219
1834 444 189
1835 432 248
1836 451 193
1837 453 194
1838 441 243
1839 442 242
1840 381 304
1841 444 241
1842 445 240
1843 450 189
1844 405 281
1845 461 225
1846 462 224
1847 453 191
1848 452 190
1849 447 240
1850 455 192
1851 383 305
1852 432 256
1853 462 226
1854 463 225
1855 464 224
1856 465 223
1857 475 213
1858 476 212
1859 458 194
1860 457 193
1861 429 260
1862 441 248
1863 451 238
1864 452 237
1865 467 222
1866 468 221
1867 469 220
1868 460 195
1869 449 241
1870 385 306
1871 456 235
1872 473 218
1873 474 217
1874 476 215
1875 477 214
1876 478 213
1877 479 212
1878 477 210
1879 463 196
1880 458 234
1881 433 260
1882 453 240
1883 454 239
1884 460 233
1885 471 222
1886 472 221
1887 473 220
1888 474 219
1889 480 211
1890 462 232
1891 479 209
1892 477 207
1893 435 260
1894 458 237
1895 464 231
1896 465 230
1897 470 225
1898 474 221
1899 475 220
1900 477 218
1901 480 215
1902 481 214
1903 483 212
1904 482 211
1905 395 301
1906 460 236
1907 461 235
1908 480 208
1909 387 310
1910 397 300
1911 398 299
1912 399 298
1913 400 297
1914 455 242
1915 456 241
1916 463 234
1917 464 233
1918 478 205
1919 470 197
1920 435 263
1921 466 232
1922 467 231
1923 474 224
1924 475 223
1925 476 222
1926 483 209
1927 480 206
1928 398 301
1929 464 235
1930 478 221
1931 479 220
1932 479 204
1933 392 308
1934 437 263
1935 470 230
1936 473 227
1937 474 226
1938 475 225
1939 476 224
1940 474 198
1941 390 311
1942 397 304
1943 399 302
1944 441 260
1945 482 219
1946 487 210
1947 481 204
1948 402 300
1949 468 234
1950 478 224
1951 481 221
1952 404 299
1953 429 274
1954 441 262
1955 464 239
1956 465 238
1957 470 233
1958 471 232
1959 474 229
1960 477 226
1961 488 209
1962 482 203
1963 476 228
1964 485 205
1965 481 201
1966 393 312
1967 444 261
1968 445 260
1969 489 208
1970 487 206
1971 448 258
1972 482 224
1973 484 202
1974 482 200
1975 403 304
1976 488 205
1977 487 204
1978 405 303
1979 406 302
1980 407 301
1981 485 201
1982 484 200
1983 396 313
1984 409 300
1985 486 223
1986 486 200
1987 485 199
1988 407 304
1989 408 303
1990 409 302
1991 416 295
1992 496 209
1993 495 208
1994 398 314
1995 494 206
1996 486 198
1997 485 197
1998 404 309
1999 490 223
2000 491 222
2001 492 203
2002 487 197
2003 486 196
2004 485 195
2005 461 254
2006 464 252
2007 486 230
2008 496 220
2009 497 219
2010 493 201
2011 488 196
2012 487 195
2013 481 236
2014 488 229
2015 454 264
2016 480 238
2017 496 222
2018 404 315
2019 467 252
2020 489 193
2021 468 253
2022 481 240
2023 507 214
2024 488 191
2025 506 216
2026 499 224
2027 499 200
2028 454 270
2029 462 262
2030 490 190
2031 456 269
2032 464 261
2033 473 252
2034 503 222
2035 486 185
2036 466 260
2037 475 251
2038 460 267
2039 477 250
2040 501 226
2041 502 225
2042 512 215
2043 508 205
2044 491 188
2045 432 296
2046 462 266
2047 463 265
2048 472 256
2049 479 249
2050 500 228
2051 511 217
2052 487 183
2053 484 245
2054 498 231
2055 499 230
2056 508 221
2057 509 220
2058 515 214
2059 514 209
2060 494 236
2061 495 235
2062 509 203
2063 429 302
2064 431 300
2065 432 299
2066 473 258
2067 475 256
2068 476 255
2069 478 253
2070 479 252
2071 480 251
2072 491 240
2073 492 239
2074 493 238
2075 516 209
2076 488 181
2077 434 298
2078 492 184
2079 485 248
2080 508 225
2081 515 218
2082 510 201
2083 509 200
2084 491 182
2085 447 287
2086 489 246
2087 509 226
2088 516 219
2089 491 180
2090 434 302
2091 435 301
2092 444 292
2093 481 255
2094 446 291
2095 440 298
2096 448 290
2097 449 289
2098 450 288
2099 494 244
2100 497 183
2101 499 184
2102 514 226
2103 497 181
2104 492 176
2105 516 199
2106 445 297
2107 446 296
2108 447 295
2109 448 294
2110 450 292
2111 499 180
2112 456 288
2113 464 280
2114 455 290
2115 517 196
2116 512 191
2117 501 245
2118 510 236
2119 511 235
2120 512 234
2121 463 284
2122 503 244
2123 505 242
2124 506 241
2125 507 240
2126 514 233
2127 515 232
2128 516 231
2129 512 189
2130 497 251
2131 499 249
2132 500 248
2133 513 235
2134 518 230
2135 496 172
2136 492 168
2137 508 241
2138 510 239
2139 530 219
2140 531 218
2141 471 279
2142 516 234
2143 518 232
2144 519 231
2145 503 248
2146 522 229
2147 493 166
2148 505 247
2149 506 246
2150 497 169
2151 467 286
2152 479 274
2153 508 245
2154 469 285
2155 481 273
2156 490 264
2157 502 252
2158 510 244
2159 511 243
2160 516 238
2161 532 202
2162 518 237
2163 519 236
2164 494 163
2165 484 272
2166 493 263
2167 499 257
2168 521 235
2169 522 234
2170 523 233
2171 533 201
2172 487 270
2173 507 250
2174 545 212
2175 495 162
2176 489 269
2177 496 262
2178 544 214
2179 506 253
2180 507 252
2181 508 251
2182 527 232
2183 543 216
2184 534 199
2185 490 270
2186 491 269
2187 534 226
2188 547 211
2189 495 266
2190 503 258
2191 510 251
2192 511 250
2193 523 238
2194 530 231
2195 531 230
2196 545 208
2197 535 198
2198 500 262
2199 513 249
2200 516 246
2201 518 244
2202 526 236
2203 528 234
2204 529 233
2205 498 265
2206 531 232
2207 532 231
2208 538 225
2209 544 219
2210 546 217
2211 547 216
2212 551 212
2213 536 197
2214 496 157
2215 504 260
2216 520 244
2217 522 242
2218 550 214
2219 506 259
2220 524 241
2221 546 219
2222 549 216
2223 553 212
2224 496 155
2225 510 256
2226 514 252
2227 515 251
2228 535 231
2229 542 224
2230 552 210
2231 517 250
2232 526 241
2233 527 240
2234 544 223
2235 547 220
2236 551 216
2237 554 211
2238 551 208
2239 549 206
2240 512 256
2241 524 244
2242 530 238
2243 540 228
2244 554 214
2245 497 153
2246 508 261
2247 509 260
2248 520 249
2249 521 248
2250 522 247
2251 526 243
2252 532 237
2253 546 223
2254 553 208
2255 552 207
2256 548 203
2257 516 254
2258 517 253
2259 518 252
2260 548 222
2261 552 218
2262 553 217
2263 557 213
2264 512 259
2265 527 244
2266 537 234
2267 555 216
2268 558 211
2269 556 209
2270 555 208
2271 498 151
2272 514 258
2273 516 256
2274 517 255
2275 520 252
2276 526 246
2277 529 243
2278 541 231
2279 546 226
2280 554 206
2281 519 254
2282 545 228
2283 559 210
2284 556 207
2285 553 204
2286 524 250
2287 527 247
2288 534 240
2289 535 239
2290 543 231
2291 518 168
2292 550 225
2293 560 215
2294 552 201
2295 549 198
2296 532 244
2297 533 243
2298 534 242
2299 555 221
2300 558 218
2301 555 203
2302 517 260
2303 518 259
2304 524 253
2305 525 252
2306 526 251
2307 541 236
2308 543 234
2309 544 233
2310 545 232
2311 551 226
2312 557 220
2313 560 217
2314 560 207
2315 528 250
2316 530 248
2317 533 245
2318 540 238
2319 550 228
2320 559 205
2321 553 199
2322 551 197
2323 507 152
2324 548 232
2325 558 202
2326 524 257
2327 525 256
2328 526 255
2329 556 199
2330 551 194
2331 562 204
2332 554 196
2333 534 176
2334 535 248
2335 564 205
2336 536 177
2337 558 198
2338 555 195
2339 553 193
2340 532 172
2341 564 203
2342 562 201
2343 565 221
2344 569 207
2345 561 199
2346 556 194
2347 554 192
2348 567 204
2349 563 200
2350 562 198
2351 557 193
2352 564 199
2353 556 191
2354 553 188
2355 506 141
2356 568 202
2357 558 192
2358 555 189
2359 563 196
2360 562 195
2361 554 187
2362 568 200
2363 565 197
2364 560 192
2365 544 249
2366 545 248
2367 564 195
2368 562 193
2369 553 184
2370 537 168
2371 527 157
2372 555 240
2373 569 198
2374 565 194
2375 548 248
2376 553 243
2377 564 192
2378 527 155
2379 550 247
2380 569 196
2381 566 193
2382 562 189
2383 554 181
2384 540 167
2385 552 246
2386 554 244
2387 512 138
2388 555 180
2389 507 132
2390 556 178
2391 544 259
2392 554 249
2393 558 178
2394 556 176
2395 537 157
2396 531 150
2397 530 149
2398 529 148
2399 515 134
2400 509 128
2401 555 251
2402 539 156
2403 549 259
2404 556 252
2405 560 176
2406 558 174
2407 557 253
2408 530 144
2409 566 179
2410 562 175
2411 557 170
2412 546 159
2413 542 155
2414 558 254
2415 545 157
2416 518 130
2417 539 150
2418 545 155
2419 519 129
2420 559 256
2421 535 144
2422 561 169
2423 560 168
2424 520 128
2425 559 259
2426 561 166
2427 541 146
2428 521 126
2429 512 117
2430 542 145
2431 527 130
2432 522 125
2433 564 166
2434 513 115
2435 543 144
2436 523 124
2437 565 165
2438 530 130
2439 528 128
2440 514 114
2441 544 143
2442 524 123
2443 529 127
2444 545 142
2445 515 112
2446 578 174
2447 525 121
2448 566 161
2449 546 141
2450 534 129
2451 563 157
2452 516 110
2453 536 128
2454 530 122
2455 565 156
2456 567 157
2457 563 153
2458 531 121
2459 567 155
2460 564 152
2461 539 127
2462 577 164
2463 533 120
2464 550 136
2465 534 119
2466 578 162
2467 566 150
2468 564 147
2469 582 164
2470 523 104
2471 585 165
2472 570 150
2473 568 148
2474 545 125
2475 588 166
2476 566 144
2477 549 127
2478 571 148
2479 572 147
2480 569 143
2481 542 116
2482 593 167
2483 588 160
2484 573 145
2485 572 144
2486 550 122
2487 569 140
2488 544 115
2489 590 160
2490 587 157
2491 592 161
2492 574 143
2493 573 142
2494 545 114
2495 572 140
2496 598 165
2497 575 142
2498 574 141
2499 569 136
2500 517 94
2501 573 139
2502 547 113
2503 526 92
2504 576 141
2505 572 137
2506 554 119
2507 601 165
2508 595 159
2509 594 158
2510 548 112
2511 572 135
2512 527 90
2513 574 136
2514 571 133
2515 604 167
2516 577 138
2517 576 137
2518 592 152
2519 575 135
2520 574 134
2521 551 111
2522 607 166
2523 573 132
2524 572 131
2525 528 87
2526 518 85
2527 578 136
2528 519 83
2529 591 148
2530 577 134
2531 576 133
2532 574 131
2533 553 110
2534 529 86
2535 520 81
2536 608 164
2537 593 149
2538 573 129
2539 556 112
2540 521 79
2541 599 154
2542 595 150
2543 554 109
2544 523 78
2545 610 168
2546 612 166
2547 579 133
2548 578 132
2549 525 79
2550 611 164
2551 610 163
2552 575 128
2553 613 167
2554 580 132
2555 579 131
2556 578 130
2557 560 112
2558 609 160
2559 586 137
2560 577 128
2561 557 108
2562 530 81
2563 614 168
2564 614 164
2565 611 161
2566 581 131
2567 576 126
2568 587 136
2569 562 111
2570 558 107
2571 547 96
2572 546 95
2573 531 80
2574 616 168
2575 617 165
2576 582 130
2577 580 128
2578 578 126
2579 576 124
2580 575 123
2581 619 166
2582 610 157
2583 564 111
2584 532 79
2585 617 169
2586 580 126
2587 620 167
2588 588 133
2589 582 127
2590 579 124
2591 577 122
2592 616 160
2593 606 150
2594 570 114
2595 566 110
2596 534 78
2597 590 133
2598 589 132
2599 609 151
2600 608 150
2601 582 124
2602 538 80
2603 535 77
2604 612 153
2605 584 125
2606 620 160
2607 590 130
2608 583 123
2609 581 121
2610 568 108
2611 613 152
2612 592 131
2613 560 99
2614 536 75
2615 623 161
2616 610 148
2617 591 129
2618 625 162
2619 593 130
2620 584 121
2621 582 119
2622 580 117
2623 579 116
2624 555 92
2625 553 90
2626 592 128
2627 537 73
2628 625 172
2629 615 150
2630 594 129
2631 583 118
2632 582 117
2633 580 115
2634 543 78
2635 542 77
2636 618 152
2637 591 125
2638 585 119
2639 616 149
2640 584 117
2641 581 114
2642 579 112
2643 540 73
2644 627 173
2645 614 146
2646 587 119
2647 574 106
2648 545 77
2649 582 113
2650 580 111
2651 541 72
2652 628 174
2653 586 116
2654 596 125
2655 588 117
2656 547 76
2657 543 71
2658 596 122
2659 589 115
2660 586 112
2661 584 110
2662 578 104
2663 549 75
2664 617 142
2665 616 141
2666 615 140
2667 619 143
2668 597 121
2669 596 120
2670 588 112
2671 621 144
2672 632 154
2673 598 120
2674 592 114
2675 590 112
2676 636 175
2677 608 129
2678 607 128
2679 559 80
2680 600 120
2681 599 119
2682 587 107
2683 551 71
2684 546 66
2685 562 81
2686 638 176
2687 588 106
2688 564 82
2689 642 159
2690 566 83
2691 548 65
2692 641 157
2693 600 116
2694 578 94
2695 646 171
2696 549 64
2697 645 159
2698 653 166
2699 640 153
2700 603 116
2701 591 104
2702 648 160
2703 639 151
2704 556 68
2705 551 63
2706 604 115
2707 603 114
2708 654 168
2709 656 166
2710 653 163
2711 618 128
2712 643 152
2713 637 146
2714 586 95
2715 648 156
2716 636 144
2717 647 178
2718 651 158
2719 635 142
2720 619 126
2721 607 114
2722 654 172
2723 656 170
2724 657 169
2725 656 162
2726 655 161
2727 654 160
2728 653 159
2729 650 156
2730 649 155
2731 647 153
2732 644 150
2733 643 149
2734 642 148
2735 634 140
2736 574 80
2737 648 179
2738 633 138
2739 597 102
2740 592 97
2741 655 173
2742 654 158
2743 647 151
2744 646 150
2745 645 149
2746 644 148
2747 609 113
2748 649 180
2749 657 172
2750 662 167
2751 632 135
2752 561 64
2753 655 175
2754 654 156
2755 645 147
2756 644 146
2757 631 133
2758 599 101
2759 576 78
2760 650 181
2761 657 174
2762 664 167
2763 630 131
2764 601 102
2765 563 64
2766 663 169
2767 662 162
2768 578 78
2769 651 182
2770 629 128
2771 628 127
2772 663 171
2773 666 168
2774 667 167
2775 667 165
2776 664 162
2777 626 124
2778 576 74
2779 652 183
2780 663 160
2781 666 170
2782 668 168
2783 669 165
2784 668 164
2785 620 116
2786 664 173
2787 607 102
2788 663 175
2789 670 168
2790 668 162
2791 667 161
2792 666 160
2793 665 159
2794 567 61
2795 657 182
2796 668 171
2797 589 82
2798 672 168
2799 669 161
2800 668 160
2801 608 100
2802 569 61
2803 663 178
2804 664 177
2805 667 174
2806 640 131
2807 610 101
2808 607 98
2809 658 184
2810 664 154
2811 663 153
2812 674 163
2813 670 159
2814 661 150
2815 613 102
2816 580 69
2817 673 171
2818 654 142
2819 616 104
2820 583 71
2821 582 70
2822 660 185
2823 667 178
2824 669 176
2825 585 72
2826 573 60
2827 679 165
2828 661 147
2829 660 146
2830 620 106
2831 672 175
2832 669 154
2833 680 164
2834 659 143
2835 618 102
2836 617 101
2837 610 94
2838 679 170
2839 669 181
2840 672 178
2841 683 167
2842 682 164
2843 679 161
2844 667 149
2845 666 147
2846 665 146
2847 658 139
2848 657 138
2849 626 107
2850 670 182
2851 616 96
2852 680 159
2853 640 119
2854 630 109
2855 654 132
2856 636 114
2857 670 185
2858 683 160
2859 644 121
2860 630 107
2861 669 187
2862 680 176
2863 654 130
2864 653 129
2865 649 125
2866 648 124
2867 646 122
2868 643 119
2869 636 112
2870 690 167
2871 685 160
2872 684 159
2873 683 158
2874 682 157
2875 658 133
2876 657 132
2877 652 127
2878 663 195
2879 670 188
2880 688 170
2881 691 165
2882 690 164
2883 688 162
2884 687 161
2885 656 130
2886 655 129
2887 651 125
2888 650 124
2889 638 112
2890 673 186
2891 691 168
2892 681 154
2893 679 152
2894 628 101
2895 627 100
2896 625 98
2897 687 173
2898 685 157
2899 678 150
2900 677 149
2901 673 145
2902 664 136
2903 663 135
2904 656 128
2905 652 124
2906 651 123
2907 647 119
2908 595 67
2909 665 196
2910 692 169
2911 693 168
2912 650 121
2913 646 117
2914 645 116
2915 593 64
2916 671 191
2917 675 145
2918 662 132
2919 649 119
2920 636 106
2921 694 169
2922 683 152
2923 681 150
2924 653 122
2925 648 117
2926 666 198
2927 660 128
2928 659 127
2929 658 126
2930 657 125
2931 655 123
2932 652 120
2933 647 115
2934 646 114
2935 597 65
2936 679 146
2937 678 145
2938 650 117
2939 611 78
2940 606 73
2941 605 72
2942 600 67
2943 672 194
2944 676 190
2945 699 165
2946 698 164
2947 656 122
2948 649 115
2949 645 111
2950 643 109
2951 642 108
2952 633 99
2953 624 90
2954 609 75
2955 608 74
2956 603 69
2957 671 196
2958 696 171
2959 686 151
2960 675 140
2961 655 120
2962 654 119
2963 684 148
2964 682 146
2965 674 138
2966 652 116
2967 650 114
2968 606 70
2969 605 69
2970 604 68
2971 667 202
2972 672 197
2973 690 179
2974 696 173
2975 679 142
2976 677 140
2977 647 110
2978 646 109
2979 666 204
2980 671 199
2981 681 189
2982 703 165
2983 702 164
2984 697 159
2985 675 137
2986 673 135
2987 645 107
2988 639 101
2989 636 98
2990 697 174
2991 690 151
2992 689 150
2993 686 147
2994 683 144
2995 682 143
2996 672 133
2997 651 112
2998 673 199
2999 690 182
3000 704 168
3001 704 164
3002 703 163
3003 700 160
3004 693 153
3005 685 145
3006 674 134
3007 699 174
3008 699 158
3009 698 157
3010 697 156
3011 684 143
3012 677 136
3013 689 185
3014 704 170
3015 705 169
3016 708 166
3017 706 164
3018 681 139
3019 676 134
3020 671 129
3021 693 182
3022 690 147
3023 673 130
3024 645 102
3025 667 209
3026 692 184
3027 700 176
3028 706 170
3029 710 166
3030 700 156
3031 677 133
3032 676 132
3033 671 127
3034 670 126
3035 650 106
3036 673 204
3037 709 168
3038 691 146
3039 689 144
3040 669 124
3041 675 203
3042 690 188
3043 691 187
3044 693 185
3045 707 171
3046 711 167
3047 697 151
3048 696 150
3049 694 148
3050 686 140
3051 685 139
3052 684 138
3053 683 137
3054 668 122
3055 649 103
3056 652 105
3057 651 104
3058 668 212
3059 694 186
3060 707 173
3061 711 169
3062 712 168
3063 693 145
3064 678 130
3065 654 106
3066 674 207
3067 675 206
3068 710 171
3069 692 143
3070 691 142
3071 662 113
3072 661 112
3073 658 109
3074 668 214
3075 677 205
3076 694 188
3077 704 178
3078 712 170
3079 713 169
3080 690 140
3081 660 110
3082 698 185
3083 709 174
3084 675 124
3085 674 123
3086 669 215
3087 705 179
3088 712 172
3089 680 128
3090 694 191
3091 696 189
3092 709 176
3093 710 175
3094 670 216
3095 700 186
3096 706 180
3097 713 173
3098 686 132
3099 677 210
3100 689 198
3101 695 192
3102 711 176
3103 670 218
3104 679 209
3105 707 181
3106 685 129
3107 684 128
3108 688 201
3109 697 192
3110 704 185
3111 712 177
3112 713 176
3113 696 194
3114 687 204
3115 698 193
3116 697 195
3117 713 179
3118 675 115
3119 672 221
3120 685 208
3121 691 202
3122 699 194
3123 725 168
3124 683 211
3125 678 116
3126 715 180
3127 680 117
3128 673 223
3129 700 196
3130 712 184
3131 718 178
3132 672 225
3133 714 183
3134 724 173
3135 674 224
3136 673 226
3137 686 213
3138 701 198
3139 711 188
3140 718 181
3141 721 178
3142 720 180
3143 674 227
3144 675 226
3145 683 218
3146 685 216
3147 712 189
3148 722 179
3149 703 199
3150 718 184
3151 720 182
3152 721 181
3153 728 174
3154 685 218
3155 713 190
3156 687 217
3157 721 183
3158 722 182
3159 728 176
3160 731 173
3161 676 229
3162 685 220
3163 704 201
3164 705 200
3165 723 183
3166 726 180
3167 732 174
3168 677 230
3169 690 217
3170 706 201
3171 719 188
3172 722 185
3173 731 176
3174 682 226
3175 716 192
3176 724 184
3177 725 183
3178 691 218
3179 693 216
3180 707 203
3181 724 186
3182 684 227
3183 726 185
3184 733 178
3185 734 177
3186 680 232
3187 708 204
3188 695 218
3189 720 193
3190 723 190
3191 726 187
3192 710 204
3193 694 221
3194 695 220
3195 742 173
3196 682 234
3197 722 194
3198 724 192
3199 711 206
3200 726 191
3201 728 189
3202 729 188
3203 731 186
3204 696 222
3205 695 224
3206 712 207
3207 723 196
3208 726 193
3209 728 191
3210 729 190
3211 735 184
3212 739 180
3213 681 239
3214 684 236
3215 697 224
3216 726 195
3217 727 194
3218 729 192
3219 730 191
3220 736 185
3221 682 240
3222 685 237
3223 714 208
3224 738 184
3225 698 225
3226 727 196
3227 730 193
3228 731 192
3229 737 186
3230 686 238
3231 732 193
3232 747 178
3233 687 239
3234 699 227
3235 717 209
3236 739 188
3237 688 240
3238 714 214
3239 734 194
3240 700 229
3241 712 217
3242 713 216
3243 733 196
3244 744 185
3245 711 219
3246 716 214
3247 730 200
3248 731 199
3249 735 195
3250 701 230
3251 734 197
3252 721 211
3253 736 196
3254 746 186
3255 692 241
3256 702 231
3257 716 217
3258 735 198
3259 740 194
3260 733 202
3261 695 242
3262 735 202
3263 741 196
3264 734 204
3265 750 188
3266 693 246
3267 696 243
3268 698 241
3269 736 203
3270 739 200
3271 760 180
3272 694 247
3273 738 204
3274 740 202
3275 745 197
3276 753 189
3277 699 244
3278 727 216
3279 762 182
3280 695 250
3281 737 208
3282 748 197
3283 755 190
3284 741 205
3285 742 204
3286 758 188
3287 696 251
3288 701 246
3289 705 242
3290 730 217
3291 764 183
3292 742 206
3293 759 189
3294 697 252
3295 746 203
3296 751 198
3297 765 184
3298 699 251
3299 740 210
3300 760 190
3301 698 253
3302 730 221
3303 747 204
3304 741 211
3305 761 191
3306 767 185
3307 699 254
3308 706 247
3309 747 206
3310 754 199
3311 702 252
3312 766 188
3313 724 231
3314 743 212
3315 748 207
3316 763 192
3317 701 255
3318 708 248
3319 749 209
3320 750 208
3321 763 195
3322 706 253
3323 744 215
3324 759 200
3325 765 194
3326 761 199
3327 768 192
3328 745 216
3329 746 215
3330 755 206
3331 765 196
3332 705 257
3333 730 232
3334 744 218
3335 711 252
3336 714 249
3337 741 222
3338 746 217
3339 750 213
3340 752 211
3341 766 197
3342 765 199
3343 707 258
3344 732 233
3345 753 212
3346 709 257
3347 716 250
3348 734 232
3349 746 220
3350 755 211
3351 768 198
3352 736 231
3353 748 219
3354 753 215
3355 716 253
3356 749 220
3357 712 258
3358 713 257
3359 719 251
3360 738 232
3361 754 216
3362 756 214
3363 759 211
3364 748 223
3365 750 221
3366 739 233
3367 744 228
3368 755 217
3369 773 199
3370 781 191
3371 761 212
3372 778 195
3373 749 225
3374 750 224
3375 766 208
3376 768 206
3377 774 200
3378 780 194
3379 717 258
3380 725 250
3381 762 213
3382 750 226
3383 770 206
3384 771 205
3385 747 230
3386 757 220
3387 777 200
3388 717 261
3389 751 227
3390 752 226
3391 758 221
3392 775 204
3393 752 228
3394 753 227
3395 780 200
3396 721 260
3397 749 232
3398 761 220
3399 759 223
3400 778 204
3401 790 192
3402 730 253
3403 750 233
3404 754 229
3405 762 221
3406 769 214
3407 728 256
3408 732 252
3409 760 224
3410 779 205
3411 783 201
3412 755 230
3413 727 259
3414 733 253
3415 761 225
3416 778 208
3417 794 192
3418 726 262
3419 734 254
3420 753 235
3421 756 232
3422 761 227
3423 762 226
3424 773 215
3425 779 209
3426 788 200
3427 755 236
3428 764 227
3429 785 206
3430 737 255
3431 775 217
3432 799 193
3433 730 263
3434 731 262
3435 756 237
3436 765 228
3437 782 211
3438 794 199
3439 758 236
3440 759 235
3441 761 233
3442 762 232
3443 796 198
3444 732 263
3445 739 256
3446 776 219
3447 783 212
3448 784 211
3449 745 251
3450 760 236
3451 762 234
3452 802 194
3453 784 213
3454 786 211
3455 744 254
3456 746 252
3457 747 251
3458 759 239
3459 768 230
3460 767 232
3461 777 222
3462 785 214
3463 790 209
3464 760 240
3465 805 195
3466 749 252
3467 778 223
3468 791 210
3469 796 205
3470 769 233
3471 798 204
3472 750 253
3473 751 252
3474 779 224
3475 800 203
3476 801 202
3477 802 201
3478 807 196
3479 753 251
3480 770 234
3481 771 233
3482 792 212
3483 768 237
3484 780 225
3485 789 216
3486 808 197
3487 750 256
3488 793 213
3489 749 258
3490 754 253
3491 756 252
3492 765 243
3493 788 220
3494 790 218
3495 810 198
3496 749 260
3497 752 257
3498 783 226
3499 754 256
3500 791 219
3501 798 212
3502 811 199
3503 751 260
3504 767 244
3505 801 210
3506 758 254
3507 792 220
3508 812 200
3509 761 252
3510 784 229
3511 755 259
3512 758 256
3513 770 244
3514 759 258
3515 781 236
3516 815 202
3517 784 234
3518 785 233
3519 814 204
3520 768 252
3521 759 262
3522 816 205
3523 817 204
3524 762 260
3525 789 233
3526 785 238
3527 817 206
3528 768 256
3529 772 252
3530 805 219
3531 788 237
3532 818 207
3533 796 230
3534 770 258
3535 773 255
3536 787 241
3537 776 254
3538 778 253
3539 779 252
3540 787 244
3541 824 207
3542 827 204
3543 772 260
3544 826 206
3545 776 257
3546 829 204
3547 799 236
3548 826 211
3549 834 203
3550 803 235
3551 782 257
3552 785 254
3553 787 252
3554 799 240
3555 801 239
3556 803 237
3557 804 236
3558 786 255
3559 809 232
3560 784 258
3561 791 252
3562 831 212
3563 787 257
3564 802 242
3565 795 251
3566 815 231
3567 816 230
3568 819 229
3569 795 255
3570 799 251
3571 795 257
3572 803 250
3573 799 255
3574 837 217
3575 838 216
3576 839 215
3577 840 214
3578 820 235
3579 809 250
3580 806 254
3581 854 206
3582 808 253
3583 812 249
3584 814 248
3585 858 204
3586 859 203
3587 851 212
3588 852 211
3589 853 210
3590 843 221
3591 848 216
3592 855 209
3593 856 208
3594 857 207
3595 818 247
3596 834 231
3597 835 230
3598 836 229
3599 837 228
3600 838 227
3601 839 226
3602 847 218
3603 850 215
3604 859 206
3605 861 204
3606 852 214
3607 864 200
3608 862 197
3609 822 246
3610 859 209
3611 865 199
3612 817 252
3613 824 245
3614 865 204
3615 866 203
3616 810 260
3617 826 244
3618 842 228
3619 859 211
3620 868 202
3621 869 201
3622 866 198
3623 828 243
3624 845 226
3625 846 225
3626 847 224
3627 848 223
3628 857 214
3629 830 242
3630 831 241
3631 832 240
3632 835 237
3633 836 236
3634 839 233
3635 844 228
3636 859 213
3637 861 211
3638 862 210
3639 846 227
3640 871 200
3641 868 196
3642 845 230
3643 853 222
3644 854 221
3645 855 220
3646 857 218
3647 859 216
3648 860 215
3649 861 214
3650 842 234
3651 870 196
3652 832 245
3653 838 239
3654 839 238
3655 852 225
3656 836 242
3657 860 218
3658 861 217
3659 872 196
3660 843 236
3661 840 240
3662 845 235
3663 850 230
3664 865 215
3665 866 214
3666 867 213
3667 868 212
3668 873 195
3669 872 210
3670 873 209
3671 875 194
3672 857 227
3673 866 218
3674 883 201
3675 884 202
3676 877 193
3677 869 218
3678 857 232
3679 877 212
3680 882 208
3681 879 212
3682 882 192
3683 854 239
3684 855 238
3685 889 204
3686 890 205
3687 884 191
3688 883 213
3689 878 220
3690 884 214
3691 880 219
3692 886 213
3693 884 216
3694 889 191
3695 890 211
3696 887 215
3697 889 189
3698 893 192
3699 891 213
3700 888 217
3701 895 192
3702 880 226
3703 892 214
3704 904 200
3705 889 218
3706 893 215
3707 907 200
3708 905 198
3709 900 193
3710 908 202
3711 874 237
3712 876 236
3713 907 205
3714 909 203
3715 877 237
3716 896 218
3717 908 206
3718 910 204
3719 906 194
3720 905 193
3721 909 209
3722 913 205
3723 884 235
3724 888 231
3725 911 208
3726 896 224
3727 891 230
3728 913 208
3729 888 234
3730 889 233
3731 912 210
3732 898 227
3733 916 209
3734 892 234
3735 913 214
3736 922 205
3737 915 213
3738 913 216
3739 923 206
3740 910 221
3741 912 219
3742 916 215
3743 914 218
3744 928 204
3745 924 209
3746 902 232
3747 915 220
3748 913 223
3749 916 221
3750 926 213
3751 932 208
3752 927 214
3753 928 213
3754 929 215
3755 930 214
3756 932 212
3757 919 226
3758 916 230
3759 930 216
3760 931 215
3761 933 213
3762 920 228
3763 931 217
3764 932 216
3765 940 208
3766 934 215
3767 937 212
3768 919 231
3769 932 218
3770 933 217
3771 943 207
3772 916 237
3773 933 222
3774 934 221
3775 917 240
3776 935 222
3777 913 246
3778 920 239
3779 934 225
3780 930 231
3781 941 220
3782 913 249
3783 918 244
3784 930 233
3785 935 228
3786 937 226
3787 942 221
3788 922 242
3789 919 246
3790 922 244
3791 936 230
3792 943 223
3793 923 245
3794 927 241
3795 919 250
3796 937 233
3797 944 226
3798 920 251
3799 937 235
3800 945 228
3801 923 251
3802 925 250
3803 938 237
3804 924 252
3805 921 256
3806 928 249
3807 925 253
3808 923 256
3809 930 250
3810 947 233
3811 929 253
3812 924 259
3813 938 245
3814 930 254
3815 948 236
3816 925 261
3817 932 254
3818 938 248
3819 931 256
3820 924 264
3821 936 252
3822 949 239
3823 926 263
3824 932 259
3825 933 260
3826 936 257
3827 938 256
3828 934 263
3829 937 260
3830 951 246
3831 928 270
3832 930 269
3833 937 262
3834 949 252
3835 936 266
3836 952 250
3837 929 274
3838 951 252
3839 937 267
3840 939 265
3841 938 268
3842 940 266
3843 932 276
3844 940 268
3845 953 255
3846 939 270
3847 952 257
3848 941 269
3849 950 260
3850 942 270
3851 934 279
3852 951 262
3853 943 271
3854 942 273
3855 944 272
3856 11 158.5
3857 16.5 166
3858 17.5 167
3859 18 166.5
3860 19 168.5
3861 20 169.5
3862 23 160.5
3863 23 169.5
3864 13.5 148
3865 28 166.5
3866 24.5 171
3867 25 171.5
3868 18.5 150
3869 13.5 145
3870 24 173.5
3871 14.5 144
3872 26.5 173
3873 18.5 147
3874 26 174.5
3875 32 168.5
3876 33.5 161
3877 32 159.5
3878 27.5 174
3879 16 142.5
3880 27.5 175
3881 35 167.5
3882 35 160.5
3883 22 147.5
3884 14.5 140
3885 26.5 177
3886 28.5 175
3887 37 161.5
3888 17.5 142
3889 28.5 176
3890 40 164.5
3891 37 160.5
3892 24 147.5
3893 15 138.5
3894 27.5 178
3895 29.5 176
3896 35.5 170
3897 18.5 141
3898 29.5 177
3899 41 165.5
3900 42.5 164
3901 40 161.5
3902 26 147.5
3903 29.5 178
3904 36.5 171
3905 38 169.5
3906 34.5 155
3907 29.5 179
3908 31 177.5
3909 42 167.5
3910 32 178.5
3911 31 180.5
3912 38.5 173
3913 46.5 165
3914 31.5 181
3915 44.5 168
3916 47 161.5
3917 48.5 162
3918 33.5 182
3919 49 166.5
3920 15.5 127
3921 51.5 166
3922 49 159.5
3923 35 183.5
3924 46.5 172
3925 46 174.5
3926 51 169.5
3927 19.5 127
3928 18 125.5
3929 51.5 170
3930 57 163.5
3931 17 123.5
3932 37 185.5
3933 52.5 171
3934 58 165.5
3935 57 161.5
3936 38 186.5
3937 20.5 124
3938 19 122.5
3939 18.5 121
3940 39.5 187
3941 56 170.5
3942 42 143.5
3943 22.5 124
3944 49 178.5
3945 54.5 173
3946 24.5 125
3947 21 121.5
3948 20 120.5
3949 63.5 165
3950 26 125.5
3951 23 122.5
3952 41 188.5
3953 55.5 174
3954 64.5 162
3955 63 160.5
3956 28.5 126
3957 25.5 123
3958 25 122.5
3959 22 119.5
3960 18.5 116
3961 42 189.5
3962 52 179.5
3963 26.5 123
3964 24 120.5
3965 65 167.5
3966 66 161.5
3967 65 160.5
3968 29 124.5
3969 20.5 116
3970 43.5 190
3971 64.5 169
3972 68 165.5
3973 65.5 160
3974 31.5 126
3975 48.5 186
3976 62.5 172
3977 67 160.5
3978 22 115.5
3979 56.5 179
3980 57.5 178
3981 59 176.5
3982 70.5 165
3983 34 126.5
3984 33.5 126
3985 32 124.5
3986 25.5 118
3987 45 191.5
3988 49.5 187
3989 69 167.5
3990 66.5 158
3991 29.5 121
3992 29 120.5
3993 65.5 172
3994 66.5 171
3995 35 125.5
3996 46 192.5
3997 50.5 188
3998 51 187.5
3999 69 169.5
4000 32.5 122
4001 61 178.5
4002 66 173.5
4003 67.5 156
4004 37 125.5
4005 47.5 193
4006 51 189.5
4007 30.5 118
4008 64.5 177
4009 49.5 136
4010 29.5 116
4011 50.5 136
4012 36 121.5
4013 35 120.5
4014 32.5 118
4015 49 194.5
4016 53 190.5
4017 29 113.5
4018 19 103.5
4019 65.5 179
4020 62.5 183
4021 44.5 127
4022 42.5 125
4023 79.5 161
4024 49.5 131
4025 32 113.5
4026 53.5 134
4027 46 126.5
4028 42.5 123
4029 63.5 185
4030 77 156.5
4031 75 154.5
4032 56 135.5
4033 41 120.5
4034 52.5 197
4035 80 158.5
4036 39 117.5
4037 38.5 117
4038 78 155.5
4039 77 154.5
4040 57.5 135
4041 64 187.5
4042 69 182.5
4043 78.5 155
4044 67.5 185
4045 20.5 96
4046 84.5 159
4047 30.5 105
4048 30 104.5
4049 25 99.5
4050 58 196.5
4051 68.5 186
4052 83.5 157
4053 58 131.5
4054 55.5 129
4055 30 103.5
4056 25 98.5
4057 20.5 94
4058 65.5 190
4059 61 133.5
4060 32 104.5
4061 73 183.5
4062 74.5 182
4063 87.5 159
4064 85.5 157
4065 63 134.5
4066 60 131.5
4067 34 105.5
4068 32.5 104
4069 31 102.5
4070 29.5 101
4071 22.5 94
4072 21 92.5
4073 20.5 92
4074 70 187.5
4075 89 159.5
4076 87 157.5
4077 31.5 102
4078 26.5 97
4079 89.5 159
4080 63 132.5
4081 35 104.5
4082 33 102.5
4083 25.5 95
4084 21.5 91
4085 20.5 90
4086 70 189.5
4087 88 156.5
4088 86 154.5
4089 62.5 131
4090 60 128.5
4091 37 105.5
4092 33.5 102
4093 33 101.5
4094 32.5 101
4095 31 99.5
4096 27.5 96
4097 22 90.5
4098 63.5 197
4099 89.5 157
4100 37.5 105
4101 36.5 104
4102 21.5 89
4103 62.5 129
4104 57.5 124
4105 38.5 105
4106 36 102.5
4107 35 101.5
4108 32 98.5
4109 29.5 96
4110 28.5 95
4111 28 94.5
4112 22 88.5
4113 79 183.5
4114 66 131.5
4115 35.5 101
4116 35 100.5
4117 21.5 87
4118 78.5 185
4119 98.5 163
4120 91 155.5
4121 71 135.5
4122 66 130.5
4123 60.5 125
4124 50.5 115
4125 40 104.5
4126 74.5 190
4127 92 155.5
4128 52.5 116
4129 51.5 115
4130 41.5 105
4131 39 102.5
4132 93 155.5
4133 64.5 127
4134 61 123.5
4135 42.5 105
4136 41 103.5
4137 35.5 98
4138 34.5 97
4139 23 85.5
4140 22 84.5
4141 101.5 163
4142 97.5 159
4143 74 135.5
4144 63 124.5
4145 33 94.5
4146 32.5 94
4147 75.5 192
4148 77 190.5
4149 97.5 158
4150 94.5 155
4151 76.5 137
4152 65 125.5
4153 63 123.5
4154 42 102.5
4155 37.5 98
4156 31.5 92
4157 23.5 84
4158 22.5 83
4159 69 199.5
4160 89 179.5
4161 101 160.5
4162 75 134.5
4163 63 122.5
4164 60 119.5
4165 57.5 117
4166 45.5 105
4167 43.5 103
4168 40 99.5
4169 38.5 98
4170 64.5 123
4171 64 122.5
4172 63.5 122
4173 46.5 105
4174 45.5 104
4175 43.5 102
4176 39 97.5
4177 86.5 184
4178 96 153.5
4179 67.5 125
4180 44 101.5
4181 35.5 93
4182 79.5 192
4183 92.5 179
4184 93 178.5
4185 101 157.5
4186 74 130.5
4187 67.5 124
4188 62.5 119
4189 57.5 114
4190 48 104.5
4191 46 102.5
4192 41.5 98
4193 39.5 96
4194 29.5 86
4195 79 193.5
4196 94 178.5
4197 102 157.5
4198 67.5 123
4199 66.5 122
4200 66 121.5
4201 48 103.5
4202 90 183.5
4203 91.5 182
4204 95.5 178
4205 100.5 155
4206 81 135.5
4207 80 134.5
4208 75 129.5
4209 73 127.5
4210 39.5 94
4211 34.5 89
4212 93 181.5
4213 94 180.5
4214 96 178.5
4215 99.5 175
4216 104.5 158
4217 76 129.5
4218 70 123.5
4219 69 122.5
4220 67.5 121
4221 61 114.5
4222 51.5 105
4223 87 188.5
4224 92 183.5
4225 95.5 180
4226 98 177.5
4227 108 160.5
4228 74 126.5
4229 72.5 125
4230 67.5 120
4231 89.5 187
4232 90 186.5
4233 94 182.5
4234 85.5 137
4235 79 130.5
4236 77 128.5
4237 72.5 124
4238 70.5 122
4239 60 111.5
4240 50 101.5
4241 93 184.5
4242 104.5 155
4243 85 135.5
4244 76.5 127
4245 72.5 123
4246 69 119.5
4247 62 112.5
4248 56 106.5
4249 79.5 199
4250 98.5 180
4251 99.5 179
4252 88.5 138
4253 84.5 134
4254 82 131.5
4255 79 128.5
4256 75.5 125
4257 73.5 123
4258 87.5 192
4259 96.5 183
4260 97 182.5
4261 98 181.5
4262 109.5 158
4263 87 135.5
4264 78.5 127
4265 77 125.5
4266 66 114.5
4267 93.5 187
4268 95 185.5
4269 96 184.5
4270 98.5 182
4271 87.5 135
4272 68 115.5
4273 63.5 111
4274 50.5 98
4275 77 204.5
4276 81 200.5
4277 88.5 193
4278 99.5 182
4279 81 127.5
4280 78.5 125
4281 78 124.5
4282 77 123.5
4283 67.5 114
4284 90.5 192
4285 100 182.5
4286 89 134.5
4287 83.5 129
4288 80 125.5
4289 78 123.5
4290 76.5 122
4291 49.5 95
4292 78 205.5
4293 89 194.5
4294 100 183.5
4295 85 129.5
4296 81 125.5
4297 79.5 124
4298 84.5 200
4299 96 188.5
4300 94.5 138
4301 93.5 137
4302 91.5 135
4303 89.5 133
4304 87 130.5
4305 79 122.5
4306 77.5 121
4307 67.5 111
4308 63 106.5
4309 58 101.5
4310 91.5 194
4311 95.5 190
4312 96.5 189
4313 104 181.5
4314 94.5 137
4315 91 133.5
4316 87 129.5
4317 84.5 127
4318 83 125.5
4319 79 121.5
4320 75 117.5
4321 69.5 112
4322 63 105.5
4323 80 206.5
4324 93 193.5
4325 93 134.5
4326 89.5 131
4327 86 127.5
4328 84 125.5
4329 82 123.5
4330 78.5 120
4331 49.5 91
4332 97.5 138
4333 88.5 129
4334 88 128.5
4335 81.5 122
4336 78 118.5
4337 81 207.5
4338 105.5 183
4339 91.5 131
4340 85.5 125
4341 83.5 123
4342 83 122.5
4343 79 118.5
4344 73 112.5
4345 87 125.5
4346 83 121.5
4347 82.5 121
4348 79 117.5
4349 90.5 200
4350 105 185.5
4351 101.5 139
4352 91 128.5
4353 87 124.5
4354 81 118.5
4355 75 112.5
4356 83 208.5
4357 97.5 194
4358 100 136.5
4359 94 130.5
4360 87 123.5
4361 86 122.5
4362 85 121.5
4363 83.5 120
4364 80 116.5
4365 73 109.5
4366 57 93.5
4367 46 82.5
4368 102 137.5
4369 97 132.5
4370 89.5 125
4371 86.5 122
4372 84.5 120
4373 83.5 119
4374 81.5 117
4375 73.5 109
4376 65.5 101
4377 62 97.5
4378 61 96.5
4379 60.5 96
4380 84 209.5
4381 99 133.5
4382 95 129.5
4383 88.5 123
4384 82.5 117
4385 81 115.5
4386 77 111.5
4387 47 81.5
4388 101.5 193
4389 106 188.5
4390 106 139.5
4391 91 124.5
4392 80 113.5
4393 78 111.5
4394 77 110.5
4395 66.5 100
4396 62.5 96
4397 85.5 210
4398 105 190.5
4399 121 153.5
4400 96 128.5
4401 94.5 127
4402 92.5 125
4403 88.5 121
4404 88 120.5
4405 87 119.5
4406 84 116.5
4407 82 114.5
4408 80.5 113
4409 79 111.5
4410 77 109.5
4411 69 101.5
4412 106.5 190
4413 91.5 123
4414 90 121.5
4415 86 117.5
4416 81.5 113
4417 73 104.5
4418 106 191.5
4419 98.5 129
4420 89.5 120
4421 87.5 118
4422 85.5 116
4423 83.5 114
4424 78 108.5
4425 107 191.5
4426 94 123.5
4427 80.5 110
4428 66.5 96
4429 87.5 212
4430 96.5 125
4431 95.5 124
4432 89.5 118
4433 89 117.5
4434 83 111.5
4435 80 108.5
4436 79 107.5
4437 76 104.5
4438 105.5 133
4439 93 120.5
4440 86.5 114
4441 83 110.5
4442 70 97.5
4443 115.5 142
4444 110 136.5
4445 93 119.5
4446 90 212.5
4447 99 203.5
4448 103 128.5
4449 101.5 127
4450 101 126.5
4451 98.5 124
4452 87.5 113
4453 86.5 112
4454 84 109.5
4455 68 93.5
4456 103 127.5
4457 96 120.5
4458 85.5 110
4459 83.5 108
4460 69.5 94
4461 98.5 122
4462 102 203.5
4463 130.5 153
4464 106 128.5
4465 104 126.5
4466 101.5 124
4467 100.5 123
4468 96 118.5
4469 95 117.5
4470 92.5 115
4471 92 114.5
4472 87.5 110
4473 85.5 108
4474 92.5 214
4475 105.5 201
4476 132 153.5
4477 107 128.5
4478 105.5 127
4479 89.5 111
4480 87.5 109
4481 82 103.5
4482 68.5 90
4483 113.5 194
4484 135 155.5
4485 133 153.5
4486 118 138.5
4487 103.5 124
4488 97 117.5
4489 89 109.5
4490 78 98.5
4491 107 126.5
4492 103.5 123
4493 103 122.5
4494 102.5 122
4495 97.5 117
4496 95.5 115
4497 90 109.5
4498 89 108.5
4499 88.5 108
4500 87 106.5
4501 70.5 90
4502 69.5 89
4503 137.5 156
4504 104.5 123
4505 91 109.5
4506 78 96.5
4507 66 84.5
4508 137 154.5
4509 131.5 149
4510 106 123.5
4511 110.5 201
4512 117 194.5
4513 143 159.5
4514 140.5 157
4515 139 155.5
4516 137.5 154
4517 134 150.5
4518 106.5 123
4519 105 121.5
4520 96 112.5
4521 94 110.5
4522 91.5 108
4523 90.5 107
4524 87 103.5
4525 97 215.5
4526 145.5 161
4527 142 157.5
4528 137 152.5
4529 133.5 149
4530 122 137.5
4531 90.5 106
4532 103 210.5
4533 138.5 153
4534 136.5 151
4535 133 147.5
4536 106 120.5
4537 103.5 118
4538 97.5 112
4539 96 110.5
4540 147 167.5
4541 147.5 161
4542 145 158.5
4543 139.5 153
4544 108.5 122
4545 107 120.5
4546 102.5 116
4547 91 104.5
4548 74 87.5
4549 120 195.5
4550 137.5 150
4551 134.5 147
4552 125.5 138
4553 124.5 137
4554 107 119.5
4555 96 108.5
4556 95.5 108
4557 106 210.5
4558 148 168.5
4559 149 160.5
4560 111.5 123
4561 92 103.5
4562 77.5 89
4563 151.5 162
4564 138.5 149
4565 135 145.5
4566 132 142.5
4567 109 119.5
4568 101.5 112
4569 97 107.5
4570 116.5 202
4571 149 169.5
4572 153.5 163
4573 144 153.5
4574 143 152.5
4575 131.5 141
4576 112.5 122
4577 110.5 120
4578 105.5 115
4579 97 106.5
4580 82.5 92
4581 143 151.5
4582 139 147.5
4583 126.5 135
4584 115 123.5
4585 99 107.5
4586 97.5 106
4587 85.5 94
4588 150.5 170
4589 153 167.5
4590 143 150.5
4591 135 142.5
4592 132.5 140
4593 115 122.5
4594 113 120.5
4595 111 118.5
4596 103 110.5
4597 99.5 107
4598 80 87.5
4599 151 157.5
4600 129.5 136
4601 129 135.5
4602 128 134.5
4603 115.5 122
4604 113.5 120
4605 111.5 118
4606 110.5 117
4607 109.5 116
4608 109 115.5
4609 107 113.5
4610 100.5 107
4611 119.5 203
4612 154 168.5
4613 134.5 140
4614 131 136.5
4615 105.5 111
4616 100 105.5
4617 85.5 91
4618 81.5 87
4619 107 216.5
4620 153 170.5
4621 136 140.5
4622 133 137.5
4623 129.5 134
4624 128 132.5
4625 107 111.5
4626 106 110.5
4627 105 109.5
4628 104 108.5
4629 103 107.5
4630 100.5 105
4631 81 85.5
4632 158 161.5
4633 156.5 160
4634 155 158.5
4635 115 118.5
4636 112 115.5
4637 109.5 113
4638 108.5 112
4639 108 111.5
4640 107 110.5
4641 105.5 109
4642 130 195.5
4643 155 170.5
4644 161 163.5
4645 158.5 161
4646 156.5 159
4647 146.5 149
4648 135 137.5
4649 131.5 134
4650 118.5 121
4651 113 115.5
4652 107 109.5
4653 162.5 164
4654 162 164.5
4655 157.5 159
4656 137 138.5
4657 132.5 134
4658 116 117.5
4659 114 115.5
4660 111.5 113
4661 105 106.5
4662 82.5 84
4663 124 203.5
4664 156 171.5
4665 157 170.5
4666 162.5 163
4667 157 157.5
4668 137 137.5
4669 136.5 137
4670 133 133.5
4671 118.5 119
4672 115.5 116
4673 105 105.5
4674 133 195.5
4675 163.5 165
4676 158.5 158
4677 141.5 141
4678 134 133.5
4679 162.5 161
4680 141 139.5
4681 139.5 138
4682 115 113.5
4683 110.5 109
4684 107.5 106
4685 105.5 104
4686 117 213.5
4687 134 196.5
4688 158 172.5
4689 162.5 168
4690 163.5 167
4691 120 117.5
4692 117 114.5
4693 116.5 114
4694 108.5 106
4695 105 102.5
4696 147.5 184
4697 160 171.5
4698 143 139.5
4699 165.5 167
4700 137 132.5
4701 119.5 115
4702 116.5 112
4703 144 138.5
4704 143 137.5
4705 142 136.5
4706 139.5 134
4707 137 131.5
4708 118 112.5
4709 147 140.5
4710 137.5 131
4711 136.5 130
4712 119 112.5
4713 130.5 205
4714 163 172.5
4715 150.5 143
4716 145 137.5
4717 124.5 117
4718 121 113.5
4719 96.5 89
4720 122 214.5
4721 162.5 154
4722 147 138.5
4723 121.5 113
4724 153.5 144
4725 150 140.5
4726 139 129.5
4727 96 86.5
4728 141 197.5
4729 160 178.5
4730 165 173.5
4731 153 142.5
4732 152 141.5
4733 151.5 141
4734 128 117.5
4735 127 116.5
4736 126 115.5
4737 123 112.5
4738 121.5 111
4739 120.5 110
4740 141 198.5
4741 161 178.5
4742 157 145.5
4743 156 144.5
4744 153 141.5
4745 123.5 112
4746 115.5 104
4747 135.5 205
4748 141.5 199
4749 155 142.5
4750 152 139.5
4751 125 112.5
4752 120.5 221
4753 161.5 180
4754 157.5 144
4755 156.5 143
4756 124.5 111
4757 122.5 109
4758 120 106.5
4759 119 105.5
4760 116 102.5
4761 113.5 100
4762 163 179.5
4763 165 150.5
4764 163.5 149
4765 156 141.5
4766 129.5 115
4767 126 111.5
4768 137.5 206
4769 167.5 152
4770 125.5 110
4771 123 221.5
4772 163.5 181
4773 170.5 154
4774 169.5 153
4775 168.5 152
4776 127.5 111
4777 165 180.5
4778 170.5 175
4779 165 147.5
4780 125.5 108
4781 117.5 100
4782 117 99.5
4783 131 215.5
4784 140.5 206
4785 146 200.5
4786 166 180.5
4787 168 149.5
4788 166 147.5
4789 165 146.5
4790 128.5 110
4791 183.5 164
4792 182 162.5
4793 180.5 161
4794 179 159.5
4795 167 147.5
4796 165 145.5
4797 134 114.5
4798 127.5 108
4799 123 103.5
4800 118 98.5
4801 126 222.5
4802 132 216.5
4803 148 200.5
4804 178.5 158
4805 177.5 157
4806 176.5 156
4807 155 134.5
4808 141 120.5
4809 133.5 113
4810 129.5 109
4811 126 105.5
4812 125.5 105
4813 167 182.5
4814 184.5 165
4815 184 165.5
4816 181.5 160
4817 180.5 159
4818 178.5 157
4819 177.5 156
4820 172 150.5
4821 171 149.5
4822 165 143.5
4823 164.5 143
4824 134 112.5
4825 129.5 108
4826 128 106.5
4827 183.5 167
4828 185.5 165
4829 185 165.5
4830 186.5 164
4831 181 158.5
4832 180 157.5
4833 177.5 155
4834 176.5 154
4835 172.5 150
4836 167 144.5
4837 160.5 138
4838 143 120.5
4839 131 108.5
4840 127.5 105
4841 151 200.5
4842 186 165.5
4843 187 164.5
4844 186 162.5
4845 184.5 161
4846 184 160.5
4847 183 159.5
4848 177 153.5
4849 167 143.5
4850 141 117.5
4851 138.5 115
4852 137 113.5
4853 135 111.5
4854 129.5 106
4855 124.5 101
4856 124 100.5
4857 134 218.5
4858 168.5 184
4859 184.5 168
4860 185 167.5
4861 186.5 162
4862 181.5 157
4863 179 154.5
4864 173.5 149
4865 172 147.5
4866 171 146.5
4867 163 138.5
4868 146 121.5
4869 143.5 119
4870 140.5 116
4871 137.5 113
4872 135.5 111
4873 133.5 109
4874 111.5 87
4875 145.5 208
4876 189.5 164
4877 185.5 160
4878 184.5 159
4879 183 157.5
4880 178.5 153
4881 174 148.5
4882 173 147.5
4883 164.5 139
4884 164 138.5
4885 161.5 136
4886 146.5 121
4887 142 116.5
4888 140 114.5
4889 139.5 114
4890 131 105.5
4891 127 101.5
4892 138 216.5
4893 154 200.5
4894 185.5 169
4895 188.5 166
4896 190 164.5
4897 189 162.5
4898 188 161.5
4899 187 160.5
4900 177 150.5
4901 168 141.5
4902 163 136.5
4903 147 120.5
4904 145 118.5
4905 144 117.5
4906 142 115.5
4907 137 110.5
4908 129 102.5
4909 128 101.5
4910 127.5 101
4911 170.5 185
4912 188 167.5
4913 189 166.5
4914 179.5 152
4915 177.5 150
4916 172.5 145
4917 171.5 144
4918 170 142.5
4919 168 140.5
4920 164.5 137
4921 150 122.5
4922 127 99.5
4923 131 225.5
4924 132.5 224
4925 139 217.5
4926 187 169.5
4927 185.5 157
4928 181.5 153
4929 176 147.5
4930 170 141.5
4931 167.5 139
4932 132.5 104
4933 115 86.5
4934 156 201.5
4935 172 185.5
4936 189 168.5
4937 192.5 165
4938 193.5 164
4939 193 163.5
4940 184 154.5
4941 177.5 148
4942 174 144.5
4943 173 143.5
4944 171 141.5
4945 149 119.5
4946 148 118.5
4947 145 115.5
4948 144 114.5
4949 133 103.5
4950 132 102.5
4951 113 83.5
4952 188.5 170
4953 190.5 168
4954 190 168.5
4955 193 165.5
4956 192.5 162
4957 191.5 161
4958 185 154.5
4959 182.5 152
4960 181 150.5
4961 177 146.5
4962 170 139.5
4963 156 125.5
4964 150.5 120
4965 147.5 117
4966 134 103.5
4967 133.5 226
4968 180.5 179
4969 188 156.5
4970 184.5 153
4971 184 152.5
4972 180 148.5
4973 179 147.5
4974 178 146.5
4975 175 143.5
4976 173.5 142
4977 172 140.5
4978 152.5 121
4979 147 115.5
4980 145.5 114
4981 132 100.5
4982 174 186.5
4983 189 171.5
4984 191.5 169
4985 191 169.5
4986 196.5 164
4987 189 156.5
4988 185.5 153
4989 184.5 152
4990 183.5 151
4991 179 146.5
4992 177 144.5
4993 151 118.5
4994 133.5 101
4995 160 201.5
4996 194.5 167
4997 196.5 163
4998 195.5 162
4999 194.5 161
5000 188 154.5
5001 187 153.5
5002 183 149.5
5003 135.5 102
5004 190 172.5
5005 193 169.5
5006 197.5 165
5007 197.5 163
5008 193 158.5
5009 191.5 157
5010 161 126.5
5011 159 124.5
5012 149.5 115
5013 148.5 114
5014 176 187.5
5015 193 170.5
5016 195.5 168
5017 198.5 165
5018 196.5 161
5019 195.5 160
5020 191.5 156
5021 190.5 155
5022 189.5 154
5023 185.5 150
5024 165 129.5
5025 160.5 125
5026 152 116.5
5027 150.5 115
5028 129.5 94
5029 163 201.5
5030 198.5 166
5031 195.5 159
5032 195 158.5
5033 194 157.5
5034 190.5 154
5035 167 130.5
5036 166 129.5
5037 162.5 126
5038 158.5 122
5039 157.5 121
5040 140 103.5
5041 155 210.5
5042 191.5 174
5043 199 166.5
5044 201 164.5
5045 200.5 163
5046 149 111.5
5047 147.5 110
5048 144.5 107
5049 139 101.5
5050 135.5 98
5051 133.5 96
5052 160.5 206
5053 178 188.5
5054 195 171.5
5055 167.5 129
5056 157 118.5
5057 155.5 117
5058 153 114.5
5059 150.5 112
5060 141.5 103
5061 137 98.5
5062 133.5 95
5063 120.5 82
5064 156 211.5
5065 166 201.5
5066 167.5 200
5067 192.5 175
5068 191.5 152
5069 190 150.5
5070 189.5 150
5071 170.5 131
5072 154.5 115
5073 152 112.5
5074 148.5 109
5075 147 107.5
5076 140 100.5
5077 121 81.5
5078 141.5 227
5079 194.5 174
5080 196 172.5
5081 164 123.5
5082 160.5 120
5083 153.5 113
5084 169 200.5
5085 193.5 176
5086 202.5 167
5087 164 122.5
5088 163 121.5
5089 162 120.5
5090 159.5 118
5091 152 110.5
5092 149.5 108
5093 141.5 100
5094 150 220.5
5095 169.5 201
5096 180.5 190
5097 195 175.5
5098 172.5 130
5099 164.5 207
5100 165.5 206
5101 197 174.5
5102 158.5 115
5103 152.5 109
5104 152 108.5
5105 151.5 108
5106 145 101.5
5107 149 223.5
5108 165 207.5
5109 175.5 131
5110 168 123.5
5111 151.5 107
5112 145.5 101
5113 124.5 80
5114 145.5 228
5115 158 215.5
5116 159 214.5
5117 167.5 206
5118 170 203.5
5119 195.5 178
5120 196 177.5
5121 197.5 176
5122 177 131.5
5123 170 124.5
5124 169.5 124
5125 166.5 121
5126 159.5 114
5127 146.5 101
5128 130.5 85
5129 166 208.5
5130 172.5 202
5131 173 201.5
5132 183.5 191
5133 167.5 208
5134 168 207.5
5135 172 203.5
5136 149.5 102
5137 159.5 217
5138 175 201.5
5139 197.5 179
5140 199 177.5
5141 174 125.5
5142 167.5 119
5143 164.5 116
5144 169 208.5
5145 170 207.5
5146 174 203.5
5147 175.5 202
5148 181 131.5
5149 178.5 129
5150 164.5 115
5151 163.5 114
5152 163 113.5
5153 161 111.5
5154 159 109.5
5155 176.5 202
5156 177 201.5
5157 186.5 192
5158 191 140.5
5159 179 128.5
5160 173.5 123
5161 165 114.5
5162 159 108.5
5163 157.5 107
5164 156.5 106
5165 163.5 216
5166 164.5 215
5167 170.5 209
5168 176.5 203
5169 189 190.5
5170 199 180.5
5171 215 163.5
5172 148.5 97
5173 147 95.5
5174 171 209.5
5175 173 207.5
5176 177 203.5
5177 172.5 209
5178 216.5 163
5179 124.5 71
5180 160.5 222
5181 178.5 204
5182 218 164.5
5183 134.5 80
5184 162 221.5
5185 176.5 207
5186 192 191.5
5187 200.5 183
5188 216.5 161
5189 168.5 216
5190 174 210.5
5191 175.5 209
5192 177 208.5
5193 181 204.5
5194 201 184.5
5195 215 170.5
5196 138 80.5
5197 162.5 224
5198 177.5 209
5199 169 110.5
5200 127.5 69
5201 170.5 217
5202 177 210.5
5203 202 185.5
5204 141 81.5
5205 179.5 209
5206 194 194.5
5207 215.5 173
5208 137.5 77
5209 136 75.5
5210 171.5 218
5211 179 210.5
5212 147 85.5
5213 172 218.5
5214 180.5 210
5215 185 205.5
5216 203.5 187
5217 216 174.5
5218 139.5 77
5219 136.5 74
5220 134.5 72
5221 218.5 173
5222 146.5 83
5223 173 219.5
5224 189.5 203
5225 194 198.5
5226 203.5 189
5227 203 189.5
5228 154.5 90
5229 148 83.5
5230 143 78.5
5231 183 210.5
5232 205 188.5
5233 225.5 160
5234 224.5 159
5235 150 84.5
5236 203 191.5
5237 217 177.5
5238 166.5 100
5239 152 85.5
5240 139.5 73
5241 137.5 71
5242 175 220.5
5243 204.5 191
5244 205 190.5
5245 229.5 162
5246 228.5 161
5247 228 160.5
5248 227 159.5
5249 225 157.5
5250 224 156.5
5251 154 86.5
5252 142.5 75
5253 138.5 71
5254 134 66.5
5255 193 203.5
5256 204 192.5
5257 217 179.5
5258 173 104.5
5259 170.5 102
5260 156 87.5
5261 170 227.5
5262 203 194.5
5263 207 190.5
5264 173 103.5
5265 158 88.5
5266 145 75.5
5267 178 220.5
5268 194 204.5
5269 203 195.5
5270 217.5 181
5271 161.5 91
5272 160 89.5
5273 149 78.5
5274 144.5 74
5275 177.5 222
5276 178.5 221
5277 196 203.5
5278 203 196.5
5279 216 183.5
5280 153 81.5
5281 205 195.5
5282 192.5 120
5283 177.5 105
5284 175 102.5
5285 157.5 85
5286 156.5 84
5287 152.5 80
5288 197 204.5
5289 204.5 197
5290 208.5 193
5291 177 103.5
5292 161 87.5
5293 159.5 86
5294 157 83.5
5295 156 82.5
5296 153 79.5
5297 152 78.5
5298 146 72.5
5299 171 231.5
5300 180.5 222
5301 166.5 92
5302 161 86.5
5303 159 84.5
5304 153.5 79
5305 197.5 206
5306 179 103.5
5307 174.5 99
5308 165.5 90
5309 161 85.5
5310 155 79.5
5311 146.5 71
5312 196.5 208
5313 207 197.5
5314 217.5 187
5315 223.5 181
5316 227.5 151
5317 220.5 144
5318 220 143.5
5319 176.5 100
5320 165 88.5
5321 163 86.5
5322 216 189.5
5323 225.5 148
5324 224.5 147
5325 180 102.5
5326 174 96.5
5327 167.5 90
5328 165.5 87
5329 164.5 86
5330 159.5 81
5331 156 77.5
5332 179.5 228
5333 189 218.5
5334 225 182.5
5335 224.5 145
5336 179.5 100
5337 177 97.5
5338 190.5 218
5339 219 138.5
5340 188.5 108
5341 154.5 74
5342 180.5 229
5343 193 216.5
5344 209 200.5
5345 220.5 139
5346 159 77.5
5347 158 76.5
5348 174.5 92
5349 166 83.5
5350 161 78.5
5351 181.5 230
5352 195.5 216
5353 219.5 192
5354 171 87.5
5355 169.5 86
5356 160.5 77
5357 239.5 155
5358 158 73.5
5359 186 227.5
5360 218 195.5
5361 247.5 162
5362 246.5 161
5363 245 159.5
5364 244 158.5
5365 239 153.5
5366 238 152.5
5367 178 92.5
5368 161 75.5
5369 243.5 157
5370 233.5 147
5371 230 143.5
5372 175 88.5
5373 174.5 88
5374 172.5 86
5375 170.5 84
5376 198 217.5
5377 201 214.5
5378 217.5 198
5379 218.5 197
5380 230.5 143
5381 229.5 142
5382 212 124.5
5383 180.5 93
5384 177 89.5
5385 183.5 233
5386 195.5 221
5387 195 221.5
5388 204.5 212
5389 229 140.5
5390 225.5 137
5391 213.5 125
5392 210 121.5
5393 182.5 94
5394 179 90.5
5395 168 79.5
5396 166.5 78
5397 164 75.5
5398 150.5 62
5399 218.5 199
5400 226 136.5
5401 200 110.5
5402 198.5 109
5403 197.5 108
5404 185.5 96
5405 160 70.5
5406 154 64.5
5407 184.5 234
5408 204.5 214
5409 233 142.5
5410 197 106.5
5411 193.5 103
5412 192.5 102
5413 187.5 97
5414 187 96.5
5415 182 91.5
5416 218.5 201
5417 219.5 200
5418 195.5 104
5419 194 102.5
5420 192 100.5
5421 190.5 99
5422 189.5 98
5423 181.5 90
5424 178 86.5
5425 177.5 86
5426 174 82.5
5427 171 79.5
5428 185.5 235
5429 235.5 185
5430 246.5 154
5431 245.5 153
5432 196 103.5
5433 195 102.5
5434 193.5 101
5435 173 80.5
5436 168.5 76
5437 167.5 75
5438 166.5 74
5439 190.5 231
5440 205 216.5
5441 249.5 172
5442 204 110.5
5443 172 78.5
5444 171 77.5
5445 169.5 76
5446 186.5 236
5447 205.5 217
5448 218 204.5
5449 231 191.5
5450 235 187.5
5451 186.5 92
5452 181 86.5
5453 179.5 85
5454 197.5 226
5455 200 223.5
5456 219.5 204
5457 193.5 98
5458 186.5 91
5459 187 237.5
5460 196 99.5
5461 188.5 92
5462 175 78.5
5463 170.5 74
5464 200 225.5
5465 232.5 135
5466 198.5 101
5467 174.5 77
5468 201 225.5
5469 202.5 224
5470 206 220.5
5471 253 173.5
5472 235 136.5
5473 223 124.5
5474 201.5 103
5475 199.5 101
5476 199 100.5
5477 190.5 92
5478 189.5 91
5479 181.5 83
5480 188 239.5
5481 219.5 208
5482 235 192.5
5483 238.5 189
5484 232.5 133
5485 203 103.5
5486 188.5 89
5487 176.5 77
5488 214 214.5
5489 253.5 175
5490 202 101.5
5491 187.5 87
5492 187 86.5
5493 183.5 83
5494 208.5 221
5495 220.5 209
5496 220 209.5
5497 225 204.5
5498 225 123.5
5499 196 94.5
5500 179 77.5
5501 204.5 226
5502 207.5 223
5503 214.5 216
5504 215.5 215
5505 257 154.5
5506 200.5 98
5507 199 96.5
5508 197.5 95
5509 179.5 77
5510 194 237.5
5511 208.5 223
5512 215.5 216
5513 225 206.5
5514 201 97.5
5515 189 85.5
5516 181 77.5
5517 180 76.5
5518 209 223.5
5519 206.5 102
5520 204.5 100
5521 199.5 95
5522 191 86.5
5523 189.5 85
5524 185.5 81
5525 185 80.5
5526 184 79.5
5527 182.5 78
5528 206.5 227
5529 215.5 218
5530 225 208.5
5531 230 203.5
5532 255 178.5
5533 206 100.5
5534 201 95.5
5535 222 212.5
5536 226.5 208
5537 226 208.5
5538 263 156.5
5539 191.5 85
5540 217.5 218
5541 256.5 179
5542 270.5 165
5543 198 238.5
5544 222.5 214
5545 258 178.5
5546 259 177.5
5547 270.5 166
5548 216.5 108
5549 215.5 107
5550 227.5 210
5551 228.5 209
5552 259 178.5
5553 271 166.5
5554 215.5 106
5555 199 239.5
5556 223.5 215
5557 268 157.5
5558 229 210.5
5559 259.5 180
5560 261.5 178
5561 272.5 167
5562 264.5 153
5563 199.5 241
5564 243 197.5
5565 218.5 106
5566 224.5 217
5567 227.5 214
5568 243 198.5
5569 261 180.5
5570 273.5 168
5571 199 244.5
5572 214 229.5
5573 225 218.5
5574 230.5 213
5575 230 213.5
5576 264 179.5
5577 268.5 175
5578 274.5 169
5579 231.5 213
5580 231 213.5
5581 261 183.5
5582 266 178.5
5583 275 169.5
5584 269 152.5
5585 202 243.5
5586 266.5 179
5587 269 176.5
5588 276 170.5
5589 200.5 247
5590 202 245.5
5591 226.5 221
5592 232.5 215
5593 232 215.5
5594 276.5 171
5595 204 244.5
5596 232 216.5
5597 277.5 171
5598 227 222.5
5599 233 216.5
5600 270.5 149
5601 279 171.5
5602 205.5 246
5603 264 187.5
5604 265.5 186
5605 266 185.5
5606 267.5 184
5607 277.5 174
5608 211.5 241
5609 212.5 240
5610 248.5 204
5611 276.5 176
5612 284 159.5
5613 276.5 152
5614 203.5 250
5615 211 242.5
5616 213.5 240
5617 204 250.5
5618 267 187.5
5619 279 175.5
5620 287 160.5
5621 289 161.5
5622 288 160.5
5623 205 251.5
5624 230 226.5
5625 244.5 212
5626 292 163.5
5627 291 162.5
5628 290 161.5
5629 285 172.5
5630 293 163.5
5631 231 227.5
5632 236 222.5
5633 269.5 189
5634 281.5 177
5635 236.5 223
5636 245.5 214
5637 246 213.5
5638 271 188.5
5639 273 186.5
5640 275.5 184
5641 280 179.5
5642 289.5 158
5643 287 155.5
5644 208 252.5
5645 236 224.5
5646 282.5 178
5647 295 165.5
5648 237.5 224
5649 274 187.5
5650 276.5 185
5651 204.5 258
5652 236.5 226
5653 236 226.5
5654 247.5 215
5655 238.5 225
5656 247.5 216
5657 267 196.5
5658 281.5 182
5659 286.5 177
5660 297 166.5
5661 206.5 259
5662 238.5 227
5663 240.5 225
5664 249 216.5
5665 269 196.5
5666 285.5 180
5667 288 177.5
5668 240 226.5
5669 249 217.5
5670 269 197.5
5671 276 190.5
5672 283.5 183
5673 286.5 180
5674 287 179.5
5675 299 167.5
5676 298.5 160
5677 207.5 260
5678 236.5 231
5679 240 227.5
5680 278 189.5
5681 280.5 187
5682 286 181.5
5683 289 178.5
5684 301 161.5
5685 300 160.5
5686 237 231.5
5687 242 226.5
5688 252 216.5
5689 271 197.5
5690 277 191.5
5691 283.5 185
5692 300 168.5
5693 208 261.5
5694 243 226.5
5695 271 198.5
5696 279.5 190
5697 287 182.5
5698 288 181.5
5699 289 180.5
5700 301 168.5
5701 241.5 229
5702 253 217.5
5703 270 200.5
5704 288.5 182
5705 239 232.5
5706 242.5 229
5707 302 169.5
5708 244 228.5
5709 254 218.5
5710 274 198.5
5711 280 192.5
5712 286.5 186
5713 287.5 185
5714 288.5 184
5715 245 228.5
5716 272 201.5
5717 282 191.5
5718 291.5 182
5719 303 170.5
5720 306.5 167
5721 210.5 264
5722 242 232.5
5723 275 199.5
5724 287.5 187
5725 291 183.5
5726 304 170.5
5727 212.5 263
5728 241 234.5
5729 242 233.5
5730 246 229.5
5731 255.5 220
5732 282 193.5
5733 290 185.5
5734 212 264.5
5735 244 232.5
5736 276.5 200
5737 281 195.5
5738 282.5 194
5739 285.5 191
5740 287.5 189
5741 290 186.5
5742 293 183.5
5743 294 182.5
5744 305 171.5
5745 238.5 239
5746 243 234.5
5747 257 220.5
5748 276 201.5
5749 288.5 189
5750 289.5 188
5751 308.5 169
5752 213.5 265
5753 243 235.5
5754 248 230.5
5755 285 193.5
5756 295 183.5
5757 306 172.5
5758 244.5 235
5759 245 234.5
5760 246 233.5
5761 257.5 222
5762 278.5 201
5763 283 196.5
5764 285.5 194
5765 240 240.5
5766 280 200.5
5767 296 184.5
5768 307 173.5
5769 310.5 170
5770 243.5 238
5771 275.5 206
5772 280.5 201
5773 286 195.5
5774 289.5 192
5775 290 191.5
5776 307.5 174
5777 228.5 254
5778 246 236.5
5779 247 235.5
5780 248 234.5
5781 284.5 198
5782 289.5 193
5783 293 189.5
5784 228.5 255
5785 231 252.5
5786 248 235.5
5787 287.5 196
5788 289.5 194
5789 297 186.5
5790 308.5 175
5791 246.5 238
5792 247 237.5
5793 249.5 235
5794 259.5 225
5795 280 204.5
5796 289 195.5
5797 293 191.5
5798 295.5 189
5799 228.5 257
5800 247 238.5
5801 292 193.5
5802 309.5 176
5803 313.5 172
5804 227 259.5
5805 249.5 237
5806 260.5 226
5807 293 193.5
5808 294 192.5
5809 295 191.5
5810 299.5 187
5811 221 266.5
5812 248.5 239
5813 248 239.5
5814 251.5 236
5815 251 236.5
5816 285.5 202
5817 252.5 236
5818 261.5 227
5819 283 205.5
5820 288 200.5
5821 294 194.5
5822 311 177.5
5823 315.5 173
5824 249.5 240
5825 249 240.5
5826 250.5 239
5827 251 238.5
5828 284 205.5
5829 223 267.5
5830 251 239.5
5831 252.5 238
5832 227.5 264
5833 250 241.5
5834 254 237.5
5835 262.5 229
5836 270.5 221
5837 294.5 197
5838 297.5 194
5839 299 192.5
5840 312.5 179
5841 248 244.5
5842 251.5 241
5843 263 229.5
5844 295 197.5
5845 251 242.5
5846 255 238.5
5847 303 190.5
5848 318.5 175
5849 231.5 263
5850 233 261.5
5851 248.5 246
5852 253 241.5
5853 293 201.5
5854 302 192.5
5855 303 191.5
5856 226 269.5
5857 235 260.5
5858 249.5 246
5859 294 201.5
5860 253 243.5
5861 256.5 240
5862 293.5 203
5863 304.5 192
5864 320.5 176
5865 253.5 244
5866 272 225.5
5867 295 202.5
5868 298 199.5
5869 302.5 195
5870 303 194.5
5871 319 178.5
5872 239 259.5
5873 295 203.5
5874 299.5 199
5875 300.5 198
5876 301.5 197
5877 305.5 193
5878 321.5 177
5879 256 243.5
5880 259 240.5
5881 267 232.5
5882 272.5 227
5883 273.5 226
5884 295 204.5
5885 223 277.5
5886 272 228.5
5887 300.5 200
5888 304.5 196
5889 306.5 194
5890 307 193.5
5891 221 280.5
5892 230 271.5
5893 257 244.5
5894 268 233.5
5895 295.5 206
5896 297 204.5
5897 302.5 199
5898 304 197.5
5899 307 194.5
5900 256 246.5
5901 259 243.5
5902 282 220.5
5903 297 205.5
5904 301.5 201
5905 305.5 197
5906 224 279.5
5907 259 244.5
5908 269 234.5
5909 298.5 205
5910 302.5 201
5911 231.5 273
5912 299 205.5
5913 304.5 200
5914 306 198.5
5915 307 197.5
5916 260 245.5
5917 261 244.5
5918 275.5 230
5919 288.5 217
5920 297.5 208
5921 258.5 248
5922 289.5 217
5923 298.5 208
5924 299.5 207
5925 299 207.5
5926 304.5 202
5927 307 199.5
5928 254 253.5
5929 257.5 250
5930 262 245.5
5931 263.5 244
5932 283 224.5
5933 285 222.5
5934 290.5 217
5935 300 207.5
5936 305 202.5
5937 314 193.5
5938 260 248.5
5939 263 245.5
5940 284.5 224
5941 299.5 209
5942 301.5 207
5943 306 202.5
5944 308 200.5
5945 309.5 199
5946 258.5 251
5947 262 247.5
5948 264 245.5
5949 277 232.5
5950 302 207.5
5951 310 199.5
5952 311.5 198
5953 261 249.5
5954 273 237.5
5955 301.5 209
5956 302 208.5
5957 310 200.5
5958 326.5 184
5959 224 287.5
5960 259.5 252
5961 263.5 248
5962 284.5 227
5963 302 209.5
5964 304 207.5
5965 308.5 203
5966 257.5 255
5967 260 252.5
5968 278.5 234
5969 302 210.5
5970 303.5 209
5971 311.5 201
5972 258.5 255
5973 262.5 251
5974 274.5 239
5975 287.5 226
5976 305 208.5
5977 328.5 185
5978 261 253.5
5979 265.5 249
5980 266 248.5
5981 267 247.5
5982 303.5 211
5983 312 202.5
5984 313 201.5
5985 258.5 257
5986 275.5 240
5987 287.5 228
5988 289 226.5
5989 305 210.5
5990 310 205.5
5991 311 204.5
5992 329.5 186
5993 240 276.5
5994 262.5 254
5995 276 240.5
5996 286 230.5
5997 287.5 229
5998 314 202.5
5999 260 257.5
6000 262.5 255
6001 267 250.5
6002 269 248.5
6003 270.5 247
6004 286.5 231
6005 307 210.5
6006 260.5 258
6007 264.5 254
6008 271 247.5
6009 286 232.5
6010 305 213.5
6011 312.5 206
6012 312 206.5
6013 313 205.5
6014 329 189.5
6015 241 278.5
6016 260.5 259
6017 263 256.5
6018 265.5 254
6019 268 251.5
6020 272 247.5
6021 281.5 238
6022 290 229.5
6023 307.5 212
6024 308.5 211
6025 261.5 259
6026 265 255.5
6027 266 254.5
6028 267.5 253
6029 267 253.5
6030 270 250.5
6031 306.5 214
6032 319 201.5
6033 250 271.5
6034 261.5 260
6035 267 254.5
6036 271 250.5
6037 273 248.5
6038 290 231.5
6039 308.5 213
6040 314 207.5
6041 320.5 201
6042 331 190.5
6043 333.5 188
6044 263 259.5
6045 274 248.5
6046 279 243.5
6047 291.5 231
6048 308 214.5
6049 314 208.5
6050 262.5 261
6051 265 258.5
6052 266.5 257
6053 315 208.5
6054 332 191.5
6055 245.5 279
6056 251.5 273
6057 268.5 256
6058 269 255.5
6059 275 249.5
6060 280.5 244
6061 309 215.5
6062 315 209.5
6063 318.5 206
6064 264 261.5
6065 267 258.5
6066 270 255.5
6067 276 249.5
6068 311 214.5
6069 266.5 260
6070 284 242.5
6071 314 212.5
6072 318 208.5
6073 335 191.5
6074 265.5 262
6075 271 256.5
6076 273 254.5
6077 313.5 214
6078 321 206.5
6079 331 196.5
6080 337 190.5
6081 268.5 260
6082 268 260.5
6083 276 252.5
6084 277.5 251
6085 278 250.5
6086 313 215.5
6087 314.5 214
6088 335 193.5
6089 337.5 191
6090 278.5 251
6091 291 238.5
6092 268.5 262
6093 273 257.5
6094 275 255.5
6095 278.5 252
6096 323.5 207
6097 326 204.5
6098 268 263.5
6099 271 260.5
6100 279.5 252
6101 315.5 216
6102 316.5 215
6103 337 194.5
6104 339 192.5
6105 270 262.5
6106 273.5 259
6107 274 258.5
6108 292.5 240
6109 321.5 211
6110 333 199.5
6111 272 261.5
6112 274.5 259
6113 339 194.5
6114 271 263.5
6115 276.5 258
6116 323.5 211
6117 325 209.5
6118 274 261.5
6119 278.5 257
6120 290.5 245
6121 293.5 242
6122 319 216.5
6123 273 263.5
6124 280 256.5
6125 323 213.5
6126 341.5 195
6127 275 262.5
6128 278 259.5
6129 280 257.5
6130 316.5 221
6131 342 195.5
6132 257.5 281
6133 275 263.5
6134 281.5 257
6135 290.5 248
6136 294.5 244
6137 330 208.5
6138 291 248.5
6139 323.5 216
6140 324.5 215
6141 295 245.5
6142 308 232.5
6143 321 219.5
6144 330.5 210
6145 274.5 267
6146 328 213.5
6147 331.5 210
6148 283.5 259
6149 344 198.5
6150 276.5 267
6151 287 256.5
6152 326.5 217
6153 328.5 215
6154 330.5 213
6155 284.5 260
6156 323.5 221
6157 327 217.5
6158 331.5 213
6159 333 211.5
6160 276 269.5
6161 294.5 251
6162 337.5 208
6163 324.5 222
6164 332 214.5
6165 277 270.5
6166 295.5 252
6167 286.5 262
6168 296 252.5
6169 298.5 250
6170 323 225.5
6171 333.5 215
6172 281 268.5
6173 332 217.5
6174 269.5 281
6175 278.5 272
6176 288 262.5
6177 300.5 250
6178 304.5 246
6179 282 269.5
6180 300.5 251
6181 300 251.5
6182 341 210.5
6183 270.5 282
6184 274 278.5
6185 289.5 263
6186 334.5 218
6187 337.5 215
6188 339.5 213
6189 342 210.5
6190 272 281.5
6191 282.5 271
6192 300.5 253
6193 317.5 236
6194 343.5 210
6195 284 270.5
6196 299 255.5
6197 302.5 252
6198 306.5 248
6199 283.5 272
6200 300 255.5
6201 301.5 254
6202 302.5 253
6203 339 216.5
6204 344.5 211
6205 292 264.5
6206 338 218.5
6207 302.5 255
6208 304 253.5
6209 339.5 218
6210 345.5 212
6211 279 279.5
6212 285.5 273
6213 285 273.5
6214 289 269.5
6215 286 273.5
6216 289.5 270
6217 289 270.5
6218 294 265.5
6219 296.5 263
6220 303.5 256
6221 304.5 255
6222 339 220.5
6223 285.5 275
6224 342.5 218
6225 346.5 214
6226 280.5 281
6227 287 274.5
6228 290.5 271
6229 303.5 258
6230 340 221.5
6231 344 217.5
6232 285 277.5
6233 286.5 276
6234 289 273.5
6235 295.5 267
6236 343 219.5
6237 305.5 258
6238 324.5 239
6239 343 220.5
6240 346.5 217
6241 287.5 277
6242 292.5 272
6243 294.5 270
6244 296.5 268
6245 335 229.5
6246 288.5 277
6247 286 280.5
6248 294.5 272
6249 297 269.5
6250 301 265.5
6251 311.5 255
6252 301.5 266
6253 334.5 233
6254 298 270.5
6255 309 259.5
6256 347 221.5
6257 283 286.5
6258 287.5 282
6259 330 239.5
6260 337.5 232
6261 337 232.5
6262 291 279.5
6263 302 268.5
6264 303 267.5
6265 310.5 260
6266 314 256.5
6267 288.5 283
6268 288 283.5
6269 311.5 260
6270 332 239.5
6271 337.5 234
6272 352.5 219
6273 288 284.5
6274 290.5 282
6275 292.5 280
6276 302.5 270
6277 315 257.5
6278 332 240.5
6279 299.5 274
6280 305 268.5
6281 333 240.5
6282 341.5 232
6283 292 282.5
6284 293.5 281
6285 341 233.5
6286 360 214.5
6287 334 241.5
6288 294 282.5
6289 335 241.5
6290 285 292.5
6291 293 284.5
6292 301 276.5
6293 351 226.5
6294 287 291.5
6295 291 287.5
6296 355.5 223
6297 357.5 221
6298 291 288.5
6299 336.5 243
6300 342.5 237
6301 290.5 290
6302 343 238.5
6303 359.5 222
6304 302 280.5
6305 324 259.5
6306 309.5 275
6307 361.5 223
6308 301.5 284
6309 359 226.5
6310 362.5 224
6311 319.5 268
6312 345 242.5
6313 351 237.5
6314 321 268.5
6315 346 243.5
6316 362.5 227
6317 362 227.5
6318 364 225.5
6319 310.5 280
6320 322 269.5
6321 346.5 245
6322 347 244.5
6323 353 238.5
6324 313.5 279
6325 314.5 279
6326 347 246.5
6327 348 247.5
6328 314.5 284
6329 317.5 282
6330 350.5 249
6331 351 250.5
6332 352 251.5
6333 384.5 205
6334 353.5 252
6335 386 204.5
6336 387 204.5
6337 322 285.5
6338 354 253.5
6339 386.5 221
6340 374 234.5
6341 375 233.5
6342 355 254.5
6343 388 221.5
6344 394 208.5
6345 393 207.5
6346 389 203.5
6347 324 286.5
6348 389.5 203
6349 345.5 266
6350 375 236.5
6351 386 225.5
6352 392 220.5
6353 326 287.5
6354 391.5 222
6355 357.5 257
6356 376.5 238
6357 347 268.5
6358 393 222.5
6359 394.5 203
6360 379.5 237
6361 379 237.5
6362 381.5 235
6363 380.5 237
6364 396.5 203
6365 382.5 236
6366 384.5 234
6367 391.5 227
6368 330.5 289
6369 381.5 238
6370 394 225.5
6371 395 224.5
6372 397.5 202
6373 354 266.5
6374 378 242.5
6375 380 240.5
6376 383 237.5
6377 385.5 235
6378 395 225.5
6379 399 202.5
6380 380.5 241
6381 382.5 239
6382 393 228.5
6383 395 226.5
6384 398.5 223
6385 399 201.5
6386 398 200.5
6387 349 273.5
6388 355 267.5
6389 383.5 239
6390 386 236.5
6391 399 200.5
6392 381.5 242
6393 383 240.5
6394 394 229.5
6395 395.5 228
6396 398.5 225
6397 401 201.5
6398 400 200.5
6399 334.5 290
6400 361.5 263
6401 385.5 239
6402 389.5 235
6403 396 228.5
6404 397.5 227
6405 401.5 201
6406 335 290.5
6407 385 240.5
6408 397 228.5
6409 400.5 225
6410 401 224.5
6411 402.5 223
6412 401.5 200
6413 400.5 199
6414 362.5 264
6415 396.5 230
6416 403 223.5
6417 386 241.5
6418 387 240.5
6419 390.5 237
6420 398 229.5
6421 403.5 224
6422 404.5 223
6423 404 200.5
6424 357.5 271
6425 363.5 265
6426 391.5 237
6427 397.5 231
6428 403 225.5
6429 405.5 200
6430 404.5 199
6431 338.5 292
6432 391.5 239
6433 392 238.5
6434 399.5 231
6435 365 266.5
6436 399 232.5
6437 400.5 231
6438 400 231.5
6439 405.5 226
6440 407.5 224
6441 408 223.5
6442 407.5 200
6443 407 199.5
6444 387 245.5
6445 393 239.5
6446 399.5 233
6447 408 224.5
6448 406.5 198
6449 340.5 293
6450 357 276.5
6451 366 267.5
6452 392.5 241
6453 401 232.5
6454 406.5 227
6455 409.5 200
6456 359.5 275
6457 388.5 246
6458 394 240.5
6459 367 268.5
6460 394 241.5
6461 396.5 239
6462 403.5 232
6463 405 230.5
6464 408.5 227
6465 411 224.5
6466 396.5 240
6467 390.5 247
6468 395.5 242
6469 344.5 294
6470 368.5 270
6471 392 246.5
6472 395.5 243
6473 397.5 241
6474 392.5 247
6475 397 242.5
6476 399 240.5
6477 369.5 271
6478 393.5 247
6479 397 243.5
6480 428 211.5
6481 427 210.5
6482 426.5 210
6483 425 208.5
6484 384 257.5
6485 395.5 246
6486 399.5 242
6487 419 201.5
6488 347.5 295
6489 393.5 249
6490 394.5 248
6491 413 229.5
6492 415.5 227
6493 416.5 226
6494 371.5 272
6495 385.5 258
6496 401.5 242
6497 405 238.5
6498 415 228.5
6499 425 205.5
6500 356.5 288
6501 394.5 250
6502 405.5 239
6503 407 237.5
6504 416.5 228
6505 421.5 201
6506 356 289.5
6507 372.5 273
6508 396 249.5
6509 409 236.5
6510 431.5 210
6511 401.5 245
6512 410.5 236
6513 432.5 210
6514 426 203.5
6515 349 298.5
6516 351 296.5
6517 358.5 289
6518 374 273.5
6519 397 250.5
6520 417.5 230
6521 417 230.5
6522 436.5 212
6523 359 290.5
6524 403 246.5
6525 415.5 234
6526 434.5 215
6527 436 213.5
6528 426.5 201
6529 375.5 275
6530 400.5 250
6531 417 233.5
6532 418 232.5
6533 360 291.5
6534 361 290.5
6535 399.5 252
6536 400 251.5
6537 434.5 217
6538 438.5 213
6539 439 211.5
6540 438 210.5
6541 355 297.5
6542 411.5 241
6543 432.5 220
6544 438.5 210
6545 428 199.5
6546 377.5 276
6547 402 251.5
6548 423.5 230
6549 425 228.5
6550 426 227.5
6551 438.5 215
6552 439 214.5
6553 441 211.5
6554 364.5 290
6555 406 248.5
6556 412.5 242
6557 439 208.5
6558 438.5 208
6559 365 290.5
6560 401.5 254
6561 412.5 243
6562 421 234.5
6563 441 209.5
6564 429 197.5
6565 360 296.5
6566 404 252.5
6567 410.5 246
6568 424 232.5
6569 429.5 227
6570 439.5 207
6571 367 290.5
6572 416 241.5
6573 440.5 207
6574 362 296.5
6575 446 212.5
6576 441 206.5
6577 430 195.5
6578 398 261.5
6579 406 253.5
6580 424.5 235
6581 426 233.5
6582 392 268.5
6583 395 265.5
6584 405.5 255
6585 415 245.5
6586 421 239.5
6587 443 217.5
6588 448 211.5
6589 445.5 209
6590 442 205.5
6591 391.5 270
6592 392.5 269
6593 392 269.5
6594 393.5 268
6595 394.5 267
6596 415.5 246
6597 440 221.5
6598 431 193.5
6599 391 271.5
6600 394.5 268
6601 397.5 265
6602 423 239.5
6603 443.5 205
6604 398 265.5
6605 399.5 264
6606 400 263.5
6607 433 230.5
6608 435.5 228
6609 441 222.5
6610 432 192.5
6611 397 267.5
6612 402 262.5
6613 432.5 192
6614 434 231.5
6615 449 216.5
6616 445 203.5
6617 384 282.5
6618 386.5 280
6619 393 273.5
6620 427 239.5
6621 441.5 225
6622 442 224.5
6623 443.5 223
6624 418.5 249
6625 446 221.5
6626 434.5 191
6627 370 298.5
6628 385 283.5
6629 429 239.5
6630 432 236.5
6631 437 231.5
6632 447.5 203
6633 401.5 268
6634 431.5 238
6635 440.5 229
6636 445.5 224
6637 454.5 215
6638 389.5 281
6639 438 232.5
6640 436.5 190
6641 432 239.5
6642 454 217.5
6643 455 217.5
6644 456 216.5
6645 457.5 215
6646 388 285.5
6647 441 232.5
6648 451 201.5
6649 444 194.5
6650 446.5 228
6651 393.5 282
6652 418 257.5
6653 441.5 234
6654 440.5 189
6655 376 300.5
6656 389.5 287
6657 432.5 244
6658 449.5 227
6659 453 223.5
6660 445 192.5
6661 390.5 287
6662 392 285.5
6663 446 231.5
6664 451.5 226
6665 454.5 223
6666 444.5 191
6667 452.5 226
6668 456.5 222
6669 430.5 249
6670 458.5 221
6671 459.5 220
6672 460.5 219
6673 448 192.5
6674 444.5 189
6675 429 251.5
6676 432.5 248
6677 451 193.5
6678 449 191.5
6679 416 266.5
6680 430 252.5
6681 453 194.5
6682 402 281.5
6683 452 192.5
6684 380.5 304
6685 441.5 243
6686 442.5 242
6687 454 193.5
6688 450.5 190
6689 445 240.5
6690 461 224.5
6691 453.5 192
6692 452.5 191
6693 446.5 240
6694 461 225.5
6695 462.5 224
6696 455.5 193
6697 382.5 305
6698 475 212.5
6699 459 195.5
6700 458 194.5
6701 457.5 194
6702 429 259.5
6703 432 256.5
6704 440.5 248
6705 447.5 241
6706 450.5 238
6707 461.5 227
6708 463.5 225
6709 463 225.5
6710 465.5 223
6711 465 223.5
6712 467 221.5
6713 474.5 214
6714 452.5 237
6715 452 237.5
6716 463.5 226
6717 463 226.5
6718 464.5 225
6719 466 223.5
6720 467 222.5
6721 468.5 221
6722 469.5 220
6723 476 213.5
6724 477 212.5
6725 476.5 211
6726 385 305.5
6727 442.5 248
6728 478 211.5
6729 463 196.5
6730 431.5 260
6731 474 217.5
6732 476 215.5
6733 477.5 214
6734 477 214.5
6735 478.5 213
6736 478.5 211
6737 452.5 240
6738 458 234.5
6739 459 233.5
6740 472 220.5
6741 473.5 219
6742 473 219.5
6743 478 209.5
6744 395.5 298
6745 437 256.5
6746 454 239.5
6747 455.5 238
6748 455 238.5
6749 456.5 237
6750 457 236.5
6751 458 235.5
6752 471.5 222
6753 480.5 213
6754 480 210.5
6755 477.5 208
6756 470.5 201
6757 434.5 260
6758 461 233.5
6759 462 232.5
6760 463.5 231
6761 473.5 221
6762 475.5 219
6763 475 219.5
6764 479.5 215
6765 482.5 212
6766 481.5 211
6767 479 208.5
6768 477 206.5
6769 433 262.5
6770 454 241.5
6771 458.5 237
6772 465 230.5
6773 474.5 221
6774 474 221.5
6775 481 214.5
6776 482.5 213
6777 470 198.5
6778 387 309.5
6779 395 301.5
6780 397 299.5
6781 398 298.5
6782 454.5 242
6783 456 240.5
6784 460.5 236
6785 462 234.5
6786 470 226.5
6787 471.5 225
6788 477.5 219
6789 478 218.5
6790 479 217.5
6791 482.5 210
6792 399.5 298
6793 400.5 297
6794 464 233.5
6795 482.5 215
6796 480 206.5
6797 479.5 206
6798 478 204.5
6799 471 197.5
6800 435.5 263
6801 436 262.5
6802 463.5 235
6803 466.5 232
6804 466 232.5
6805 475 223.5
6806 478 220.5
6807 483 208.5
6808 480 205.5
6809 389 310.5
6810 392 307.5
6811 396.5 303
6812 397.5 302
6813 398.5 301
6814 469.5 230
6815 473.5 226
6816 474.5 225
6817 474 225.5
6818 475.5 224
6819 477.5 222
6820 479 203.5
6821 440.5 260
6822 476.5 224
6823 478 222.5
6824 481.5 219
6825 486.5 210
6826 474.5 198
6827 397 304.5
6828 399.5 302
6829 440 261.5
6830 451 250.5
6831 467.5 234
6832 468.5 233
6833 469 232.5
6834 470 231.5
6835 473 228.5
6836 481 220.5
6837 482 204.5
6838 481 203.5
6839 391 311.5
6840 398.5 304
6841 401 301.5
6842 403 299.5
6843 428.5 274
6844 452 250.5
6845 463.5 239
6846 465 237.5
6847 470 232.5
6848 473.5 229
6849 477 225.5
6850 487.5 209
6851 426 277.5
6852 429 274.5
6853 435 268.5
6854 476.5 227
6855 490.5 211
6856 484.5 205
6857 399.5 305
6858 404 300.5
6859 405.5 299
6860 443 261.5
6861 444.5 260
6862 444 260.5
6863 455 249.5
6864 456 248.5
6865 475.5 229
6866 480.5 224
6867 488.5 208
6868 486.5 206
6869 484 203.5
6870 483 202.5
6871 445.5 260
6872 457 248.5
6873 491.5 210
6874 483.5 202
6875 482 200.5
6876 461 245.5
6877 487.5 205
6878 486.5 204
6879 485 202.5
6880 482.5 200
6881 395 312.5
6882 403.5 304
6883 405 302.5
6884 439 268.5
6885 484.5 201
6886 407.5 301
6887 407 301.5
6888 485.5 223
6889 488 203.5
6890 484.5 199
6891 401 309.5
6892 403 307.5
6893 407 303.5
6894 408 302.5
6895 409 301.5
6896 410.5 300
6897 415 295.5
6898 495.5 209
6899 486 199.5
6900 398 313.5
6901 408 303.5
6902 470 241.5
6903 495 207.5
6904 493.5 206
6905 485.5 198
6906 485 197.5
6907 409.5 303
6908 417.5 295
6909 489.5 223
6910 490.5 222
6911 491.5 203
6912 486 197.5
6913 485 196.5
6914 404.5 309
6915 459.5 254
6916 486.5 197
6917 485 195.5
6918 447 268.5
6919 462 253.5
6920 484.5 231
6921 497 218.5
6922 500.5 215
6923 501.5 214
6924 493 201.5
6925 487 195.5
6926 486.5 195
6927 453 263.5
6928 454 262.5
6929 461 255.5
6930 493 223.5
6931 496 220.5
6932 497 219.5
6933 500.5 216
6934 500 216.5
6935 493 200.5
6936 488 195.5
6937 402.5 315
6938 480 237.5
6939 481.5 236
6940 488 229.5
6941 466.5 252
6942 488.5 194
6943 480 239.5
6944 496 223.5
6945 498 221.5
6946 453.5 267
6947 467.5 253
6948 506 214.5
6949 507 213.5
6950 503.5 207
6951 460 261.5
6952 461 260.5
6953 482.5 239
6954 488.5 191
6955 462 260.5
6956 481 241.5
6957 498.5 200
6958 490 191.5
6959 453 270.5
6960 499.5 224
6961 455 269.5
6962 458 266.5
6963 463 261.5
6964 464 260.5
6965 472.5 252
6966 503 221.5
6967 504.5 204
6968 487 186.5
6969 454 271.5
6970 457.5 268
6971 465.5 260
6972 474 251.5
6973 510.5 215
6974 511.5 214
6975 486.5 185
6976 476 250.5
6977 477.5 249
6978 501.5 225
6979 502.5 224
6980 509.5 217
6981 510.5 216
6982 491 188.5
6983 458 269.5
6984 460.5 267
6985 462.5 265
6986 472 255.5
6987 497.5 230
6988 498.5 229
6989 500.5 227
6990 506.5 221
6991 507.5 220
6992 508.5 219
6993 511 216.5
6994 512.5 215
6995 508.5 205
6996 488.5 185
6997 432.5 296
6998 463.5 265
6999 483 245.5
7000 498 230.5
7001 499.5 229
7002 506.5 222
7003 514.5 210
7004 472 257.5
7005 474 255.5
7006 477 252.5
7007 494.5 235
7008 495 234.5
7009 509 220.5
7010 516 210.5
7011 514 208.5
7012 488 182.5
7013 430.5 300
7014 464 266.5
7015 478 252.5
7016 479.5 251
7017 480 250.5
7018 485 245.5
7019 490 240.5
7020 492 238.5
7021 493.5 237
7022 508 222.5
7023 510.5 220
7024 515.5 209
7025 512.5 206
7026 491.5 185
7027 432 299.5
7028 465 266.5
7029 466 265.5
7030 473.5 258
7031 475.5 256
7032 478 253.5
7033 479.5 252
7034 479 252.5
7035 484.5 247
7036 491.5 240
7037 515 216.5
7038 491 183.5
7039 489.5 182
7040 433.5 299
7041 434.5 298
7042 510.5 222
7043 509.5 201
7044 509 200.5
7045 515 218.5
7046 509.5 200
7047 509 199.5
7048 432.5 302
7049 447 287.5
7050 478.5 256
7051 479.5 255
7052 488.5 246
7053 509 225.5
7054 494.5 184
7055 491 180.5
7056 434 301.5
7057 435 300.5
7058 440 295.5
7059 475 260.5
7060 487 248.5
7061 500.5 235
7062 508 227.5
7063 509 226.5
7064 510.5 225
7065 516.5 219
7066 491 179.5
7067 445.5 291
7068 481.5 255
7069 496 240.5
7070 496.5 184
7071 440.5 297
7072 447 290.5
7073 448.5 289
7074 441 297.5
7075 445.5 293
7076 445 293.5
7077 450 288.5
7078 493.5 245
7079 494 244.5
7080 498.5 184
7081 497 182.5
7082 495.5 181
7083 447 292.5
7084 448 291.5
7085 449 290.5
7086 452.5 287
7087 521.5 206
7088 521.5 205
7089 492 175.5
7090 445.5 296
7091 514 227.5
7092 498.5 181
7093 496.5 179
7094 446.5 296
7095 447.5 295
7096 450 292.5
7097 451.5 292
7098 455 288.5
7099 517 197.5
7100 510.5 191
7101 499 179.5
7102 498 178.5
7103 464.5 280
7104 500 179.5
7105 496.5 176
7106 516.5 195
7107 510.5 189
7108 463 283.5
7109 509.5 237
7110 511 235.5
7111 512.5 234
7112 512 234.5
7113 515.5 231
7114 519.5 227
7115 512 189.5
7116 463 284.5
7117 497 250.5
7118 501 246.5
7119 502.5 245
7120 504 243.5
7121 506 241.5
7122 507 240.5
7123 512.5 235
7124 514.5 233
7125 517 230.5
7126 495.5 172
7127 497 251.5
7128 499.5 249
7129 501.5 247
7130 502.5 246
7131 507.5 241
7132 509.5 239
7133 512.5 236
7134 513.5 235
7135 514.5 234
7136 514 234.5
7137 515.5 233
7138 518 230.5
7139 513 188.5
7140 511.5 187
7141 471 278.5
7142 501 248.5
7143 504 245.5
7144 506 243.5
7145 507 242.5
7146 508 241.5
7147 517.5 232
7148 519.5 230
7149 519 230.5
7150 530.5 219
7151 531 218.5
7152 496.5 171
7153 493 167.5
7154 509 241.5
7155 516 234.5
7156 519 231.5
7157 503.5 248
7158 522.5 229
7159 495.5 168
7160 505 247.5
7161 506 246.5
7162 507.5 245
7163 532 203.5
7164 497 168.5
7165 467 286.5
7166 468.5 285
7167 479.5 274
7168 501 252.5
7169 509.5 244
7170 510.5 243
7171 515.5 238
7172 496.5 167
7173 494 164.5
7174 482.5 272
7175 490 264.5
7176 491.5 263
7177 501.5 253
7178 509.5 245
7179 532.5 202
7180 496.5 166
7181 504.5 251
7182 511 244.5
7183 512.5 243
7184 517.5 238
7185 518.5 237
7186 519.5 236
7187 533.5 202
7188 493.5 263
7189 504 252.5
7190 518 238.5
7191 521.5 235
7192 523 233.5
7193 495 162.5
7194 487 270.5
7195 488 269.5
7196 499 258.5
7197 500 257.5
7198 507.5 250
7199 522.5 235
7200 522 235.5
7201 523.5 234
7202 545.5 212
7203 534.5 201
7204 533.5 200
7205 496.5 163
7206 489.5 269
7207 489 269.5
7208 493.5 265
7209 543.5 215
7210 544.5 214
7211 534.5 200
7212 490.5 269
7213 496.5 263
7214 506 253.5
7215 508.5 251
7216 527 232.5
7217 543 216.5
7218 497.5 162
7219 494.5 266
7220 495.5 265
7221 498 262.5
7222 502.5 258
7223 507 253.5
7224 511 249.5
7225 534 226.5
7226 547 213.5
7227 548 212.5
7228 535.5 199
7229 535 198.5
7230 510.5 251
7231 515.5 246
7232 517.5 244
7233 523 238.5
7234 530.5 231
7235 531 230.5
7236 544.5 217
7237 545.5 208
7238 535.5 198
7239 496 158.5
7240 502.5 260
7241 518.5 244
7242 518 244.5
7243 526.5 236
7244 528 234.5
7245 529.5 233
7246 529 233.5
7247 539.5 223
7248 547 215.5
7249 550 212.5
7250 549.5 211
7251 513 250.5
7252 531 232.5
7253 532.5 231
7254 532 231.5
7255 538 225.5
7256 539.5 224
7257 544.5 219
7258 546.5 217
7259 546 217.5
7260 549.5 210
7261 548 208.5
7262 536.5 197
7263 496.5 157
7264 496 156.5
7265 503.5 261
7266 521.5 243
7267 523.5 241
7268 544 220.5
7269 549.5 215
7270 551 213.5
7271 552 212.5
7272 551.5 211
7273 506 259.5
7274 507.5 258
7275 516 249.5
7276 542 223.5
7277 546 219.5
7278 551.5 214
7279 552.5 211
7280 549 207.5
7281 496.5 155
7282 510.5 256
7283 514 252.5
7284 515 251.5
7285 516.5 250
7286 519.5 247
7287 523.5 243
7288 535.5 231
7289 537 229.5
7290 548.5 218
7291 549 217.5
7292 553 213.5
7293 553.5 211
7294 551.5 209
7295 497.5 155
7296 506.5 261
7297 509 258.5
7298 524 243.5
7299 526.5 241
7300 529.5 238
7301 543 224.5
7302 544.5 223
7303 547 220.5
7304 548.5 219
7305 551.5 216
7306 552 215.5
7307 551.5 208
7308 508.5 260
7309 520 248.5
7310 521 247.5
7311 526 242.5
7312 530.5 238
7313 533.5 235
7314 546 222.5
7315 555 213.5
7316 554.5 210
7317 552 207.5
7318 498.5 154
7319 497.5 153
7320 510 259.5
7321 515.5 254
7322 516.5 253
7323 520.5 249
7324 520 249.5
7325 523.5 246
7326 524.5 245
7327 526.5 243
7328 542.5 227
7329 546 223.5
7330 552 217.5
7331 555 214.5
7332 557 211.5
7333 556.5 211
7334 553.5 208
7335 548 202.5
7336 512 258.5
7337 514 256.5
7338 517.5 253
7339 518 252.5
7340 540 230.5
7341 554.5 216
7342 555 208.5
7343 516 255.5
7344 517 254.5
7345 526 245.5
7346 528.5 243
7347 540.5 231
7348 556 215.5
7349 558 210.5
7350 555 207.5
7351 553.5 206
7352 553 205.5
7353 550.5 203
7354 520 252.5
7355 522.5 250
7356 527 245.5
7357 534.5 238
7358 536.5 236
7359 545.5 227
7360 548 224.5
7361 550.5 222
7362 558 209.5
7363 557.5 209
7364 554.5 206
7365 499.5 151
7366 534 239.5
7367 542.5 231
7368 548.5 225
7369 560 213.5
7370 556.5 207
7371 523.5 251
7372 525.5 249
7373 529 245.5
7374 530.5 244
7375 540.5 234
7376 541.5 233
7377 551 223.5
7378 555 219.5
7379 559 208.5
7380 554 203.5
7381 552 201.5
7382 500.5 150
7383 514.5 261
7384 523.5 252
7385 523 252.5
7386 534 241.5
7387 539.5 236
7388 543 232.5
7389 544.5 231
7390 550.5 225
7391 552 200.5
7392 516.5 260
7393 524.5 252
7394 526 250.5
7395 528.5 248
7396 533.5 243
7397 533 243.5
7398 538.5 238
7399 541 235.5
7400 543 233.5
7401 545 231.5
7402 555 221.5
7403 556 220.5
7404 557.5 219
7405 559.5 217
7406 560 216.5
7407 559 206.5
7408 553 200.5
7409 518 259.5
7410 519 258.5
7411 528 249.5
7412 533 244.5
7413 547.5 230
7414 550.5 227
7415 553 224.5
7416 555.5 202
7417 550.5 197
7418 549 195.5
7419 536.5 183
7420 541 237.5
7421 556.5 202
7422 551 196.5
7423 522.5 257
7424 559 203.5
7425 553 197.5
7426 524.5 256
7427 525.5 255
7428 524.5 257
7429 525.5 256
7430 526.5 255
7431 563.5 206
7432 562.5 205
7433 562 204.5
7434 551.5 194
7435 534 176.5
7436 507 149.5
7437 535 247.5
7438 554 195.5
7439 553.5 195
7440 534 175.5
7441 559 199.5
7442 557.5 198
7443 556 196.5
7444 552 192.5
7445 536.5 177
7446 531.5 172
7447 568.5 208
7448 564 203.5
7449 561.5 201
7450 564.5 221
7451 566.5 205
7452 562.5 201
7453 560.5 199
7454 556 194.5
7455 555 193.5
7456 553.5 192
7457 553 191.5
7458 569 206.5
7459 564 201.5
7460 558 195.5
7461 556 193.5
7462 563.5 200
7463 562.5 199
7464 561.5 198
7465 557 193.5
7466 555 191.5
7467 559 229.5
7468 567.5 203
7469 560.5 196
7470 557.5 193
7471 537.5 173
7472 563 197.5
7473 556 190.5
7474 554.5 189
7475 536 170.5
7476 535 169.5
7477 541.5 249
7478 568 201.5
7479 567.5 201
7480 565 198.5
7481 563.5 197
7482 558 191.5
7483 554 187.5
7484 531.5 165
7485 563 195.5
7486 562.5 195
7487 559.5 192
7488 544 248.5
7489 562 193.5
7490 554 185.5
7491 527 158.5
7492 568.5 199
7493 567.5 198
7494 565 195.5
7495 561.5 192
7496 537.5 168
7497 526.5 157
7498 518.5 149
7499 546.5 248
7500 552 242.5
7501 553 241.5
7502 555 239.5
7503 564.5 194
7504 551.5 244
7505 554 241.5
7506 569 197.5
7507 564 192.5
7508 562.5 191
7509 528.5 157
7510 526.5 155
7511 519.5 148
7512 549 247.5
7513 553.5 243
7514 565.5 193
7515 554 181.5
7516 551 246.5
7517 568.5 195
7518 564.5 191
7519 563 189.5
7520 554.5 181
7521 540.5 167
7522 528.5 155
7523 512 138.5
7524 507 133.5
7525 553.5 245
7526 569 194.5
7527 562 187.5
7528 561.5 187
7529 556 181.5
7530 566 190.5
7531 520.5 145
7532 513 137.5
7533 509 133.5
7534 507.5 132
7535 520.5 144
7536 553.5 248
7537 555.5 178
7538 544 258.5
7539 557.5 178
7540 556 176.5
7541 554 250.5
7542 568.5 188
7543 558.5 178
7544 558 177.5
7545 530 149.5
7546 529 148.5
7547 528.5 148
7548 546.5 259
7549 538 156.5
7550 532 150.5
7551 515 133.5
7552 558.5 176
7553 556 251.5
7554 558 174.5
7555 557 173.5
7556 570 185.5
7557 569 184.5
7558 560.5 176
7559 541.5 157
7560 540 155.5
7561 557 252.5
7562 529.5 144
7563 559.5 173
7564 558 253.5
7565 562.5 175
7566 546.5 159
7567 546 157.5
7568 545.5 157
7569 543.5 155
7570 539 150.5
7571 518 129.5
7572 510.5 122
7573 558.5 255
7574 558.5 168
7575 546 155.5
7576 536 145.5
7577 534.5 144
7578 514.5 124
7579 560 168.5
7580 519.5 128
7581 559 257.5
7582 561.5 169
7583 560 167.5
7584 537 144.5
7585 515.5 123
7586 540 146.5
7587 525 131.5
7588 520.5 127
7589 524.5 130
7590 561.5 166
7591 542 145.5
7592 522 125.5
7593 513 116.5
7594 564 166.5
7595 542.5 145
7596 527.5 130
7597 565 166.5
7598 522.5 124
7599 529 129.5
7600 514 114.5
7601 545 144.5
7602 544 143.5
7603 523.5 123
7604 521 120.5
7605 531.5 130
7606 529 127.5
7607 514.5 113
7608 545 142.5
7609 529 126.5
7610 522 119.5
7611 546.5 143
7612 525 121.5
7613 565.5 161
7614 546.5 142
7615 523 118.5
7616 516 111.5
7617 578 172.5
7618 563 157.5
7619 546.5 141
7620 523.5 118
7621 517.5 112
7622 535 128.5
7623 528.5 122
7624 517.5 110
7625 564.5 156
7626 530.5 122
7627 529.5 121
7628 576.5 167
7629 567 157.5
7630 563 153.5
7631 546.5 137
7632 567 156.5
7633 563 152.5
7634 531.5 121
7635 575.5 164
7636 566.5 155
7637 538.5 127
7638 550.5 136
7639 533.5 119
7640 578.5 163
7641 578 162.5
7642 566 150.5
7643 564 148.5
7644 534.5 119
7645 565 146.5
7646 583.5 164
7647 579 159.5
7648 570 150.5
7649 567.5 148
7650 544.5 125
7651 534 114.5
7652 585.5 165
7653 548.5 127
7654 571 148.5
7655 571 147.5
7656 553.5 130
7657 537 113.5
7658 569.5 145
7659 591.5 166
7660 552 126.5
7661 572 145.5
7662 570.5 144
7663 569 142.5
7664 567.5 141
7665 549 122.5
7666 542.5 116
7667 573 145.5
7668 570.5 143
7669 589.5 161
7670 587.5 159
7671 573 144.5
7672 568 139.5
7673 554.5 126
7674 587 157.5
7675 572.5 143
7676 568.5 139
7677 544 114.5
7678 593 162.5
7679 591.5 161
7680 573 142.5
7681 571.5 141
7682 570.5 140
7683 555.5 125
7684 551.5 121
7685 574 142.5
7686 573 141.5
7687 572.5 141
7688 526 94.5
7689 518 94.5
7690 598 165.5
7691 593.5 160
7692 575 141.5
7693 574.5 141
7694 573 139.5
7695 572 138.5
7696 546.5 113
7697 599.5 165
7698 553.5 119
7699 595.5 160
7700 594 158.5
7701 593.5 158
7702 572 136.5
7703 569 133.5
7704 554.5 119
7705 548 112.5
7706 526.5 91
7707 574 137.5
7708 571.5 135
7709 571 134.5
7710 570 133.5
7711 518.5 89
7712 603.5 166
7713 596.5 159
7714 576.5 139
7715 573.5 136
7716 604.5 166
7717 604 165.5
7718 592 153.5
7719 575 136.5
7720 574.5 136
7721 573.5 135
7722 527.5 89
7723 591.5 152
7724 577 137.5
7725 576.5 137
7726 575.5 136
7727 573.5 134
7728 550.5 111
7729 545.5 106
7730 603 162.5
7731 574.5 134
7732 572.5 132
7733 572 131.5
7734 545 104.5
7735 521.5 82
7736 518.5 85
7737 519 84.5
7738 594.5 153
7739 593 151.5
7740 589.5 148
7741 575.5 134
7742 552 110.5
7743 520 82.5
7744 577 134.5
7745 576 133.5
7746 572 129.5
7747 554.5 112
7748 528.5 86
7749 521 80.5
7750 608 164.5
7751 599 155.5
7752 592 148.5
7753 578.5 135
7754 574 130.5
7755 522 78.5
7756 610.5 166
7757 609 164.5
7758 598 153.5
7759 594.5 150
7760 577.5 133
7761 554 109.5
7762 529 84.5
7763 610 167.5
7764 611 165.5
7765 610 164.5
7766 608.5 163
7767 608 162.5
7768 578 132.5
7769 573.5 128
7770 525.5 80
7771 524 78.5
7772 612 166.5
7773 608.5 162
7774 579.5 133
7775 575.5 129
7776 558.5 112
7777 525.5 79
7778 611 163.5
7779 578.5 131
7780 578 130.5
7781 556 108.5
7782 611 162.5
7783 605 156.5
7784 585.5 137
7785 579.5 131
7786 578 129.5
7787 576.5 128
7788 575.5 127
7789 574 125.5
7790 573 124.5
7791 614 167.5
7792 613.5 164
7793 609.5 160
7794 581 131.5
7795 577 127.5
7796 561.5 112
7797 530.5 81
7798 616 165.5
7799 614.5 164
7800 558 107.5
7801 615.5 168
7802 587 135.5
7803 581.5 130
7804 579.5 128
7805 577.5 126
7806 576 124.5
7807 575 123.5
7808 562.5 111
7809 547 95.5
7810 546 94.5
7811 531.5 80
7812 617.5 165
7813 610 157.5
7814 580.5 128
7815 578.5 126
7816 577.5 125
7817 616.5 169
7818 617.5 168
7819 605 151.5
7820 579 125.5
7821 576.5 123
7822 617 169.5
7823 619.5 167
7824 604.5 150
7825 587.5 133
7826 577.5 123
7827 575.5 121
7828 564.5 110
7829 533 78.5
7830 620 167.5
7831 616 160.5
7832 608 152.5
7833 581.5 126
7834 577 121.5
7835 582 125.5
7836 580.5 124
7837 570.5 114
7838 566.5 110
7839 617.5 160
7840 610 152.5
7841 608.5 151
7842 607.5 150
7843 590 132.5
7844 589 131.5
7845 581 123.5
7846 579 121.5
7847 556.5 99
7848 556 98.5
7849 534.5 77
7850 612 153.5
7851 538 79.5
7852 584 124.5
7853 583 123.5
7854 581.5 122
7855 557.5 98
7856 621.5 161
7857 613 152.5
7858 591.5 131
7859 590 129.5
7860 589.5 129
7861 583 122.5
7862 581 120.5
7863 568.5 108
7864 538.5 78
7865 536 75.5
7866 610 148.5
7867 591.5 130
7868 582.5 121
7869 560.5 99
7870 591 128.5
7871 590 127.5
7872 582.5 120
7873 554.5 92
7874 552.5 90
7875 629 166.5
7876 625 161.5
7877 592.5 129
7878 582 118.5
7879 580 116.5
7880 579.5 116
7881 537 73.5
7882 615 150.5
7883 611 146.5
7884 593.5 129
7885 591.5 127
7886 584 119.5
7887 582 117.5
7888 581.5 117
7889 618 152.5
7890 592 126.5
7891 585 119.5
7892 583.5 118
7893 582.5 117
7894 580.5 115
7895 543.5 78
7896 538.5 73
7897 626 172.5
7898 616 149.5
7899 591 124.5
7900 585 118.5
7901 543.5 77
7902 540 73.5
7903 586.5 119
7904 581.5 114
7905 580 112.5
7906 579.5 112
7907 574.5 107
7908 540.5 73
7909 627.5 173
7910 614.5 146
7911 587 118.5
7912 586.5 118
7913 542 73.5
7914 585.5 116
7915 582 112.5
7916 575.5 106
7917 549.5 80
7918 546 76.5
7919 595.5 125
7920 580.5 110
7921 542 71.5
7922 629.5 174
7923 587.5 116
7924 586 114.5
7925 614 141.5
7926 588 115.5
7927 587 114.5
7928 543.5 71
7929 585.5 112
7930 548.5 75
7931 596 121.5
7932 584 109.5
7933 578.5 104
7934 631.5 156
7935 616.5 141
7936 615.5 140
7937 596 120.5
7938 595 119.5
7939 589 113.5
7940 549.5 74
7941 621 144.5
7942 619.5 143
7943 618.5 142
7944 609 132.5
7945 597 120.5
7946 595.5 119
7947 590 113.5
7948 588 111.5
7949 591 113.5
7950 610 131.5
7951 607.5 129
7952 590 111.5
7953 632.5 153
7954 607 127.5
7955 599.5 120
7956 598 118.5
7957 559.5 80
7958 599 118.5
7959 587.5 107
7960 547 66.5
7961 638 175.5
7962 646.5 167
7963 563 81.5
7964 547 65.5
7965 641 158.5
7966 588.5 106
7967 644.5 161
7968 599.5 116
7969 578.5 95
7970 566 82.5
7971 641 175.5
7972 646 170.5
7973 578.5 94
7974 559 74.5
7975 549 64.5
7976 647.5 170
7977 640.5 155
7978 618 132.5
7979 578.5 93
7980 646 172.5
7981 643.5 157
7982 602.5 116
7983 645 157.5
7984 639.5 152
7985 591.5 104
7986 556 68.5
7987 654 166.5
7988 648.5 160
7989 639 150.5
7990 603.5 115
7991 552 63.5
7992 654.5 167
7993 654.5 165
7994 653 163.5
7995 656 166.5
7996 642.5 152
7997 636.5 146
7998 603 112.5
7999 586 95.5
8000 564 73.5
8001 557 66.5
8002 645 153.5
8003 635.5 144
8004 618.5 127
8005 605.5 114
8006 655.5 169
8007 655.5 163
8008 654.5 162
8009 653 160.5
8010 648.5 156
8011 647 154.5
8012 642.5 150
8013 642 149.5
8014 634.5 142
8015 586 93.5
8016 565 72.5
8017 647.5 178
8018 656 162.5
8019 644 150.5
8020 642 148.5
8021 619 125.5
8022 592 98.5
8023 573.5 80
8024 654.5 172
8025 656.5 170
8026 657.5 169
8027 655.5 161
8028 654.5 160
8029 652.5 158
8030 650.5 156
8031 649.5 155
8032 647.5 153
8033 645.5 151
8034 633.5 139
8035 607 112.5
8036 574 79.5
8037 655 159.5
8038 653.5 158
8039 644.5 149
8040 643.5 148
8041 632 136.5
8042 608 112.5
8043 648.5 180
8044 657.5 171
8045 662 165.5
8046 654.5 158
8047 647.5 151
8048 646.5 150
8049 645.5 149
8050 598.5 102
8051 593.5 97
8052 568 71.5
8053 649 180.5
8054 655.5 174
8055 655 174.5
8056 657 172.5
8057 654 156.5
8058 645 147.5
8059 644 146.5
8060 643 145.5
8061 631.5 134
8062 609 111.5
8063 599 101.5
8064 561.5 64
8065 664 165.5
8066 647.5 149
8067 630.5 132
8068 576.5 78
8069 655 176.5
8070 663.5 168
8071 663 168.5
8072 664.5 165
8073 663.5 164
8074 651 181.5
8075 652.5 180
8076 657 175.5
8077 663 169.5
8078 629 128.5
8079 628 127.5
8080 600.5 100
8081 600 99.5
8082 578.5 78
8083 564 63.5
8084 667 166.5
8085 626 124.5
8086 603 101.5
8087 602.5 101
8088 652 182.5
8089 664.5 170
8090 666.5 168
8091 667 167.5
8092 664 161.5
8093 663.5 161
8094 662.5 160
8095 576.5 74
8096 653.5 182
8097 663 172.5
8098 666 169.5
8099 669 166.5
8100 667.5 164
8101 663 159.5
8102 617.5 114
8103 666.5 170
8104 669 164.5
8105 668 163.5
8106 620.5 116
8107 653.5 184
8108 663.5 174
8109 665 172.5
8110 668 169.5
8111 670 167.5
8112 666.5 161
8113 607 101.5
8114 670 168.5
8115 667.5 161
8116 666 159.5
8117 567.5 61
8118 657.5 182
8119 671.5 168
8120 669 161.5
8121 667.5 160
8122 624 116.5
8123 663 177.5
8124 664 176.5
8125 669 160.5
8126 640 131.5
8127 608.5 100
8128 589.5 81
8129 569.5 61
8130 664.5 177
8131 664 177.5
8132 665.5 176
8133 667 174.5
8134 668 173.5
8135 665 155.5
8136 663 153.5
8137 626.5 117
8138 610.5 101
8139 607.5 98
8140 658 184.5
8141 669 173.5
8142 674 163.5
8143 669.5 159
8144 668.5 158
8145 661.5 151
8146 672.5 171
8147 665.5 154
8148 664.5 153
8149 663.5 152
8150 581.5 70
8151 580 68.5
8152 664 180.5
8153 668 176.5
8154 661 148.5
8155 654.5 142
8156 642.5 130
8157 642 129.5
8158 640 127.5
8159 615.5 103
8160 583 70.5
8161 660 185.5
8162 660 146.5
8163 616.5 103
8164 586.5 73
8165 585 71.5
8166 667 179.5
8167 671.5 175
8168 679 164.5
8169 661.5 147
8170 620 105.5
8171 618 103.5
8172 616.5 102
8173 609 94.5
8174 679.5 164
8175 669 153.5
8176 660 144.5
8177 613 97.5
8178 679 169.5
8179 660.5 144
8180 659.5 143
8181 619.5 103
8182 617.5 101
8183 616 99.5
8184 610.5 94
8185 668.5 181
8186 671.5 178
8187 678.5 171
8188 683 166.5
8189 681.5 164
8190 678.5 161
8191 666.5 149
8192 659 141.5
8193 668.5 182
8194 669.5 181
8195 619.5 101
8196 682.5 163
8197 665.5 146
8198 658.5 139
8199 657.5 138
8200 626.5 107
8201 670 182.5
8202 683.5 170
8203 681.5 160
8204 679.5 158
8205 640.5 119
8206 640 118.5
8207 669.5 185
8208 679.5 175
8209 655.5 133
8210 654 131.5
8211 640.5 118
8212 636 113.5
8213 630 107.5
8214 629 106.5
8215 618.5 96
8216 683.5 160
8217 681 157.5
8218 680.5 157
8219 655 131.5
8220 643.5 120
8221 617.5 94
8222 669.5 187
8223 671 185.5
8224 679.5 177
8225 690.5 166
8226 690 165.5
8227 688.5 164
8228 682 157.5
8229 658 133.5
8230 657.5 133
8231 654 129.5
8232 653.5 129
8233 652.5 128
8234 649.5 125
8235 648.5 124
8236 646.5 122
8237 636 111.5
8238 631 106.5
8239 690.5 165
8240 686.5 161
8241 685 159.5
8242 683.5 158
8243 682.5 157
8244 682 156.5
8245 678.5 153
8246 656.5 131
8247 655.5 130
8248 651.5 126
8249 650 124.5
8250 643 117.5
8251 638 112.5
8252 673 185.5
8253 676 182.5
8254 688.5 170
8255 691 167.5
8256 688 161.5
8257 664 137.5
8258 654.5 128
8259 652 125.5
8260 646.5 120
8261 626.5 100
8262 596 69.5
8263 595 68.5
8264 594 67.5
8265 593 66.5
8266 663.5 196
8267 664.5 195
8268 669.5 190
8269 685.5 174
8270 685 157.5
8271 680.5 153
8272 678.5 151
8273 677 149.5
8274 676.5 149
8275 672.5 145
8276 663 135.5
8277 655.5 128
8278 650.5 123
8279 647 119.5
8280 646.5 119
8281 643.5 116
8282 628 100.5
8283 597 69.5
8284 593 65.5
8285 670.5 190
8286 687.5 173
8287 692.5 168
8288 692 168.5
8289 678 149.5
8290 651.5 123
8291 650.5 122
8292 645 116.5
8293 595.5 67
8294 592.5 64
8295 693.5 168
8296 674.5 145
8297 662 132.5
8298 658.5 129
8299 656.5 127
8300 652.5 123
8301 651.5 122
8302 635.5 106
8303 607 77.5
8304 606 76.5
8305 605 75.5
8306 604 74.5
8307 603 73.5
8308 665 197.5
8309 671 191.5
8310 682.5 152
8311 676.5 146
8312 660 129.5
8313 654.5 124
8314 652 121.5
8315 650 119.5
8316 595 64.5
8317 668.5 195
8318 675 188.5
8319 694 169.5
8320 687 155.5
8321 682 150.5
8322 680.5 149
8323 678 146.5
8324 659 127.5
8325 658.5 127
8326 654 122.5
8327 652.5 121
8328 648.5 117
8329 646.5 115
8330 645 113.5
8331 631.5 100
8332 597 65.5
8333 667.5 197
8334 697.5 165
8335 692.5 160
8336 680 147.5
8337 678.5 146
8338 658 125.5
8339 656 123.5
8340 654 121.5
8341 649.5 117
8342 647.5 115
8343 647 114.5
8344 611.5 79
8345 665 200.5
8346 666.5 199
8347 671.5 194
8348 699 165.5
8349 698 164.5
8350 677 143.5
8351 656 122.5
8352 655 121.5
8353 653 119.5
8354 649 115.5
8355 642.5 109
8356 641.5 108
8357 623.5 90
8358 611 77.5
8359 608.5 75
8360 606.5 73
8361 605.5 72
8362 600.5 67
8363 675.5 191
8364 696 161.5
8365 689 154.5
8366 685.5 151
8367 683.5 149
8368 682 147.5
8369 681.5 147
8370 676 141.5
8371 675 140.5
8372 673.5 139
8373 656 121.5
8374 651 116.5
8375 649.5 115
8376 647 112.5
8377 645 110.5
8378 607 72.5
8379 606 71.5
8380 603.5 69
8381 671.5 196
8382 689 178.5
8383 696 171.5
8384 700 164.5
8385 691.5 156
8386 683 147.5
8387 679 143.5
8388 654.5 119
8389 652.5 117
8390 651 115.5
8391 646.5 111
8392 645 109.5
8393 605 69.5
8394 603.5 68
8395 680.5 188
8396 690 178.5
8397 701 164.5
8398 689.5 153
8399 681 144.5
8400 677.5 141
8401 676.5 140
8402 648.5 112
8403 646 109.5
8404 641.5 105
8405 640.5 104
8406 635 98.5
8407 666 203.5
8408 670.5 199
8409 671 198.5
8410 701 168.5
8411 703 165.5
8412 696.5 159
8413 689.5 152
8414 687.5 150
8415 685.5 148
8416 682 144.5
8417 680.5 143
8418 677.5 140
8419 676 138.5
8420 674.5 137
8421 672.5 135
8422 670.5 133
8423 638.5 101
8424 636 98.5
8425 666.5 204
8426 671.5 199
8427 688.5 182
8428 689.5 181
8429 697 173.5
8430 703.5 165
8431 702 163.5
8432 697.5 159
8433 694.5 156
8434 685.5 147
8435 684.5 146
8436 683.5 145
8437 683 144.5
8438 676.5 138
8439 651 112.5
8440 645 106.5
8441 666.5 205
8442 673 198.5
8443 691 180.5
8444 705 166.5
8445 701.5 162
8446 699 159.5
8447 692 152.5
8448 689.5 150
8449 688.5 149
8450 681.5 142
8451 678.5 139
8452 677 137.5
8453 673.5 134
8454 670.5 131
8455 704 168.5
8456 704 163.5
8457 698.5 158
8458 697 156.5
8459 684 143.5
8460 678 137.5
8461 674 133.5
8462 688.5 185
8463 699 174.5
8464 705.5 164
8465 684 142.5
8466 680.5 139
8467 676.5 135
8468 675.5 134
8469 671 129.5
8470 692.5 182
8471 704 170.5
8472 705 169.5
8473 707.5 167
8474 708 165.5
8475 689.5 147
8476 679 136.5
8477 672.5 130
8478 671 128.5
8479 665.5 123
8480 665 122.5
8481 663.5 121
8482 645 102.5
8483 671.5 204
8484 673 202.5
8485 689.5 186
8486 700 175.5
8487 709.5 166
8488 700 156.5
8489 688.5 145
8490 681 137.5
8491 678 134.5
8492 675.5 132
8493 670.5 127
8494 668 124.5
8495 649.5 106
8496 674 202.5
8497 692.5 184
8498 693.5 183
8499 700.5 176
8500 703.5 173
8501 708 168.5
8502 709 167.5
8503 695 150.5
8504 693.5 149
8505 690.5 146
8506 676.5 132
8507 670 125.5
8508 669 124.5
8509 662.5 118
8510 658.5 114
8511 652 107.5
8512 667.5 210
8513 706.5 171
8514 709 168.5
8515 710.5 167
8516 697 151.5
8517 695.5 150
8518 691.5 146
8519 687 141.5
8520 686 140.5
8521 685.5 140
8522 684.5 139
8523 683.5 138
8524 669 123.5
8525 667.5 122
8526 654 108.5
8527 648 102.5
8528 690.5 188
8529 693.5 185
8530 693 146.5
8531 690.5 144
8532 685.5 139
8533 683 136.5
8534 650 103.5
8535 688.5 191
8536 690 189.5
8537 693 186.5
8538 697 182.5
8539 707 172.5
8540 692 144.5
8541 689.5 142
8542 677.5 130
8543 653 105.5
8544 652 104.5
8545 673.5 207
8546 676 204.5
8547 693.5 187
8548 693 187.5
8549 705.5 175
8550 709.5 171
8551 711 169.5
8552 712 168.5
8553 691 142.5
8554 689.5 141
8555 689 140.5
8556 660 111.5
8557 658 109.5
8558 674.5 207
8559 675.5 206
8560 687.5 194
8561 694 187.5
8562 708 173.5
8563 675 125.5
8564 661.5 112
8565 658 108.5
8566 668.5 214
8567 669 213.5
8568 698.5 184
8569 699 183.5
8570 712 170.5
8571 713 169.5
8572 674.5 124
8573 673.5 123
8574 693.5 190
8575 695 188.5
8576 696 187.5
8577 698 185.5
8578 704.5 179
8579 711.5 172
8580 679.5 128
8581 670 214.5
8582 677 207.5
8583 705.5 179
8584 709.5 175
8585 709 175.5
8586 670 215.5
8587 699.5 186
8588 710 175.5
8589 685.5 132
8590 684.5 131
8591 677 209.5
8592 678.5 208
8593 695 191.5
8594 701 185.5
8595 709.5 177
8596 713 173.5
8597 685.5 131
8598 684.5 130
8599 683.5 129
8600 682.5 128
8601 670 217.5
8602 707 180.5
8603 709 178.5
8604 684.5 129
8605 689 199.5
8606 696.5 192
8607 696 192.5
8608 701 187.5
8609 704 184.5
8610 711.5 177
8611 670.5 219
8612 688 201.5
8613 696.5 193
8614 712.5 177
8615 674 116.5
8616 673 115.5
8617 711 179.5
8618 713 177.5
8619 675 116.5
8620 687 204.5
8621 697 194.5
8622 675.5 116
8623 684.5 208
8624 698.5 194
8625 672 221.5
8626 683 210.5
8627 691 202.5
8628 714 179.5
8629 725 168.5
8630 678.5 117
8631 717 177.5
8632 682 119.5
8633 682.5 213
8634 699.5 196
8635 711.5 184
8636 712.5 183
8637 714 181.5
8638 673 223.5
8639 723.5 173
8640 672.5 225
8641 711 186.5
8642 715 182.5
8643 717.5 180
8644 701 197.5
8645 718.5 180
8646 719 179.5
8647 674 225.5
8648 685.5 214
8649 711.5 188
8650 717.5 182
8651 719 180.5
8652 721 178.5
8653 725 174.5
8654 674.5 226
8655 674 226.5
8656 683 217.5
8657 685 215.5
8658 702.5 198
8659 713 187.5
8660 719 181.5
8661 720 180.5
8662 721.5 179
8663 712.5 189
8664 717.5 184
8665 727.5 174
8666 685 217.5
8667 721 181.5
8668 726.5 176
8669 727 175.5
8670 676 227.5
8671 704 199.5
8672 728.5 175
8673 730.5 173
8674 685 219.5
8675 704 200.5
8676 721.5 183
8677 731.5 173
8678 688.5 217
8679 689 216.5
8680 705 200.5
8681 720.5 185
8682 722.5 183
8683 729.5 176
8684 676.5 230
8685 719 187.5
8686 726 180.5
8687 729 177.5
8688 732 174.5
8689 681.5 226
8690 711.5 196
8691 715.5 192
8692 720.5 187
8693 722.5 185
8694 724 183.5
8695 690.5 218
8696 692.5 216
8697 706.5 202
8698 720 188.5
8699 724.5 184
8700 725 183.5
8701 678.5 231
8702 730.5 179
8703 694 216.5
8704 707 203.5
8705 713 197.5
8706 722 188.5
8707 724.5 186
8708 732.5 178
8709 734 176.5
8710 684 227.5
8711 693.5 218
8712 718.5 193
8713 708.5 204
8714 724 188.5
8715 726 186.5
8716 693 220.5
8717 695 218.5
8718 720 193.5
8719 723.5 190
8720 694.5 220
8721 710 204.5
8722 734.5 180
8723 736 178.5
8724 681.5 234
8725 742 173.5
8726 694.5 222
8727 695 221.5
8728 722 194.5
8729 727.5 189
8730 728.5 188
8731 683 234.5
8732 691 226.5
8733 711.5 206
8734 724 193.5
8735 725 192.5
8736 726 191.5
8737 728 189.5
8738 731 186.5
8739 693.5 225
8740 695 223.5
8741 717 201.5
8742 723 195.5
8743 725.5 193
8744 726.5 192
8745 728.5 190
8746 734.5 184
8747 738.5 180
8748 696.5 223
8749 712.5 207
8750 718 201.5
8751 728 191.5
8752 735.5 184
8753 681.5 239
8754 684.5 236
8755 729.5 191
8756 740 180.5
8757 697 224.5
8758 719 202.5
8759 726 195.5
8760 727 194.5
8761 729 192.5
8762 730.5 191
8763 682.5 240
8764 685 237.5
8765 729 193.5
8766 737.5 185
8767 737 185.5
8768 727.5 196
8769 731 192.5
8770 739.5 184
8771 730 194.5
8772 731.5 193
8773 737 187.5
8774 686.5 239
8775 698.5 227
8776 709.5 216
8777 716.5 209
8778 747 178.5
8779 687 239.5
8780 732.5 194
8781 739 187.5
8782 697 230.5
8783 733.5 194
8784 738.5 189
8785 699.5 229
8786 713.5 215
8787 714.5 214
8788 732 196.5
8789 689 240.5
8790 698 231.5
8791 711.5 218
8792 712.5 217
8793 716 213.5
8794 730.5 199
8795 734.5 195
8796 700.5 230
8797 730 200.5
8798 733 197.5
8799 699 232.5
8800 713.5 218
8801 721 210.5
8802 734.5 197
8803 735.5 196
8804 740 191.5
8805 746 185.5
8806 701.5 231
8807 710 222.5
8808 716 216.5
8809 734 198.5
8810 734.5 199
8811 739.5 194
8812 694.5 242
8813 733 203.5
8814 734.5 202
8815 740.5 196
8816 703 234.5
8817 749.5 188
8818 693 245.5
8819 696 242.5
8820 735.5 203
8821 741.5 197
8822 693 246.5
8823 698 241.5
8824 739 200.5
8825 758.5 181
8826 694 246.5
8827 730 210.5
8828 737 203.5
8829 747 193.5
8830 752 188.5
8831 760 180.5
8832 726.5 215
8833 735.5 206
8834 739.5 202
8835 695.5 247
8836 698.5 244
8837 738 204.5
8838 694.5 250
8839 747.5 197
8840 754.5 190
8841 756 188.5
8842 695 250.5
8843 700.5 245
8844 729 216.5
8845 741.5 204
8846 748.5 197
8847 763 182.5
8848 741 205.5
8849 757 189.5
8850 696 251.5
8851 697 250.5
8852 705 242.5
8853 741.5 206
8854 758.5 189
8855 764.5 183
8856 726 222.5
8857 739.5 209
8858 739 209.5
8859 745.5 203
8860 748 200.5
8861 758.5 190
8862 759 189.5
8863 698.5 251
8864 730 219.5
8865 733.5 216
8866 757 192.5
8867 765.5 184
8868 698 252.5
8869 700 250.5
8870 704.5 246
8871 728 222.5
8872 746.5 204
8873 741 210.5
8874 745.5 206
8875 761 190.5
8876 763.5 188
8877 763 188.5
8878 699 253.5
8879 700.5 252
8880 729 223.5
8881 746 206.5
8882 750.5 202
8883 753.5 199
8884 766.5 186
8885 742.5 211
8886 747 206.5
8887 762 191.5
8888 765.5 188
8889 767 186.5
8890 703 251.5
8891 707.5 247
8892 700.5 255
8893 724 231.5
8894 743 212.5
8895 763.5 192
8896 747.5 209
8897 749.5 207
8898 769 187.5
8899 770 186.5
8900 748 209.5
8901 749.5 208
8902 758 199.5
8903 704 254.5
8904 705.5 253
8905 750 208.5
8906 706.5 253
8907 711.5 248
8908 760 199.5
8909 765 194.5
8910 767 192.5
8911 704 256.5
8912 745.5 215
8913 745 215.5
8914 754.5 206
8915 757 203.5
8916 764.5 196
8917 768.5 192
8918 751.5 210
8919 711 251.5
8920 730 232.5
8921 744.5 218
8922 745.5 217
8923 749.5 213
8924 750 212.5
8925 763.5 199
8926 765.5 197
8927 706.5 257
8928 714.5 249
8929 741.5 222
8930 706.5 258
8931 709 255.5
8932 732 232.5
8933 753 211.5
8934 765.5 199
8935 732 233.5
8936 733.5 232
8937 746 219.5
8938 751 214.5
8939 768 197.5
8940 733.5 233
8941 735.5 231
8942 747.5 219
8943 754.5 212
8944 762 204.5
8945 711.5 256
8946 739 228.5
8947 747.5 220
8948 748.5 219
8949 713 255.5
8950 716 252.5
8951 736 232.5
8952 743 225.5
8953 752.5 216
8954 753.5 215
8955 711.5 258
8956 712 257.5
8957 718.5 251
8958 740 229.5
8959 747.5 222
8960 748.5 221
8961 755.5 214
8962 758.5 211
8963 771 198.5
8964 713 257.5
8965 738 232.5
8966 749.5 221
8967 753.5 217
8968 755 215.5
8969 764.5 206
8970 766 204.5
8971 715 256.5
8972 749.5 222
8973 755 216.5
8974 778 193.5
8975 739 233.5
8976 744.5 228
8977 749 223.5
8978 750 222.5
8979 754 218.5
8980 760.5 212
8981 773.5 199
8982 777.5 195
8983 716 257.5
8984 749 224.5
8985 779.5 194
8986 716.5 258
8987 724.5 250
8988 749 225.5
8989 762 212.5
8990 766.5 208
8991 766 208.5
8992 768.5 206
8993 781 193.5
8994 725.5 250
8995 751.5 224
8996 755.5 220
8997 757 218.5
8998 716 260.5
8999 724 252.5
9000 771 205.5
9001 772 204.5
9002 776.5 200
9003 747 230.5
9004 750.5 227
9005 751.5 226
9006 719 259.5
9007 751.5 227
9008 756.5 222
9009 758 220.5
9010 719.5 260
9011 744.5 235
9012 751.5 228
9013 756.5 223
9014 775.5 204
9015 779.5 200
9016 788 191.5
9017 721 259.5
9018 753 227.5
9019 758.5 222
9020 760.5 220
9021 749.5 232
9022 751 230.5
9023 752.5 229
9024 753 228.5
9025 778 203.5
9026 781 200.5
9027 757.5 225
9028 759 223.5
9029 762 220.5
9030 769 213.5
9031 790.5 192
9032 722 261.5
9033 728 255.5
9034 731.5 252
9035 750.5 233
9036 753 230.5
9037 778.5 205
9038 729 255.5
9039 731.5 253
9040 754.5 230
9041 726.5 259
9042 760.5 225
9043 778 207.5
9044 727.5 259
9045 733 253.5
9046 754.5 232
9047 755 231.5
9048 761 225.5
9049 725.5 262
9050 761 226.5
9051 772.5 215
9052 779 208.5
9053 787.5 200
9054 753.5 235
9055 761 227.5
9056 784 204.5
9057 795.5 193
9058 756 233.5
9059 793 196.5
9060 736 254.5
9061 762 228.5
9062 763.5 227
9063 774 216.5
9064 785 205.5
9065 730 261.5
9066 755 236.5
9067 762.5 229
9068 787 204.5
9069 731 261.5
9070 778.5 214
9071 781.5 211
9072 793 199.5
9073 756 237.5
9074 761.5 232
9075 775.5 218
9076 789 204.5
9077 795.5 198
9078 800 193.5
9079 732 262.5
9080 739 255.5
9081 758 236.5
9082 759 235.5
9083 761 233.5
9084 782.5 212
9085 784 210.5
9086 797.5 197
9087 744.5 251
9088 779.5 216
9089 785.5 210
9090 760 236.5
9091 765 231.5
9092 779.5 217
9093 783.5 213
9094 745.5 252
9095 746.5 251
9096 753 244.5
9097 762 235.5
9098 766 231.5
9099 767.5 230
9100 767 230.5
9101 776.5 221
9102 803 194.5
9103 744 254.5
9104 747 251.5
9105 759.5 239
9106 765.5 233
9107 785 213.5
9108 790 208.5
9109 748 251.5
9110 749.5 250
9111 794 205.5
9112 748 252.5
9113 777.5 223
9114 782 218.5
9115 791 209.5
9116 749.5 252
9117 761 240.5
9118 768.5 233
9119 797 204.5
9120 802 199.5
9121 806 195.5
9122 767 235.5
9123 779 223.5
9124 799.5 203
9125 750.5 253
9126 752.5 251
9127 769.5 234
9128 770.5 233
9129 792 211.5
9130 801 202.5
9131 802 201.5
9132 807 196.5
9133 749 255.5
9134 750 254.5
9135 767.5 237
9136 779.5 225
9137 789 215.5
9138 770 235.5
9139 776.5 229
9140 793 212.5
9141 808 197.5
9142 752 254.5
9143 753.5 253
9144 769 237.5
9145 780.5 226
9146 781.5 225
9147 751 256.5
9148 755.5 252
9149 768.5 239
9150 788 219.5
9151 789.5 218
9152 751 257.5
9153 752 256.5
9154 765.5 243
9155 771 237.5
9156 788.5 220
9157 788 220.5
9158 749.5 260
9159 755 254.5
9160 756 253.5
9161 757 252.5
9162 791 218.5
9163 797.5 212
9164 810.5 199
9165 783.5 227
9166 791 219.5
9167 794 216.5
9168 798 212.5
9169 753 258.5
9170 754 257.5
9171 801.5 210
9172 811.5 200
9173 752.5 260
9174 755 257.5
9175 756.5 256
9176 758 254.5
9177 768.5 244
9178 792 220.5
9179 761 253.5
9180 784 230.5
9181 759 256.5
9182 762.5 253
9183 758.5 258
9184 760 256.5
9185 815 201.5
9186 760 257.5
9187 781 236.5
9188 782 235.5
9189 807 210.5
9190 814 203.5
9191 760 258.5
9192 761 257.5
9193 771 247.5
9194 784.5 234
9195 758 261.5
9196 766 253.5
9197 815 204.5
9198 774 246.5
9199 816.5 204
9200 787.5 234
9201 788.5 233
9202 816 205.5
9203 769 253.5
9204 770 252.5
9205 784 238.5
9206 785.5 237
9207 789 233.5
9208 784.5 239
9209 790.5 233
9210 767 257.5
9211 772 252.5
9212 805.5 219
9213 818 206.5
9214 766.5 259
9215 795 230.5
9216 770.5 256
9217 789.5 237
9218 786.5 241
9219 771 257.5
9220 774.5 254
9221 771 258.5
9222 776.5 253
9223 778 252.5
9224 823.5 207
9225 824 206.5
9226 775 256.5
9227 787 244.5
9228 793 238.5
9229 826.5 205
9230 827.5 204
9231 780.5 252
9232 777.5 256
9233 777 256.5
9234 799.5 236
9235 784 252.5
9236 800 236.5
9237 825.5 211
9238 833.5 203
9239 802.5 235
9240 827 211.5
9241 799 240.5
9242 783.5 257
9243 785.5 255
9244 788.5 252
9245 800 240.5
9246 801.5 239
9247 804 236.5
9248 807 233.5
9249 784.5 257
9250 785 256.5
9251 786 255.5
9252 787.5 254
9253 829 212.5
9254 835 206.5
9255 810 232.5
9256 791.5 252
9257 800 243.5
9258 804 239.5
9259 806 238.5
9260 807 237.5
9261 832.5 212
9262 802.5 243
9263 802 243.5
9264 815.5 231
9265 816.5 230
9266 796.5 251
9267 818 229.5
9268 819.5 229
9269 795 254.5
9270 795 256.5
9271 797.5 255
9272 803 250.5
9273 838 215.5
9274 798 256.5
9275 820 234.5
9276 837 217.5
9277 840 214.5
9278 801 254.5
9279 819 236.5
9280 838 217.5
9281 840.5 215
9282 841.5 214
9283 802.5 254
9284 806.5 250
9285 821 235.5
9286 805 253.5
9287 809 249.5
9288 806 253.5
9289 807 252.5
9290 807.5 253
9291 854.5 206
9292 812.5 249
9293 810 252.5
9294 815.5 247
9295 859 203.5
9296 851.5 212
9297 852.5 211
9298 853.5 210
9299 855 208.5
9300 860.5 203
9301 834 230.5
9302 835.5 229
9303 843 221.5
9304 847.5 217
9305 849 215.5
9306 851 213.5
9307 856.5 208
9308 858 206.5
9309 818.5 247
9310 834 231.5
9311 837 228.5
9312 838.5 227
9313 839 226.5
9314 851 214.5
9315 852.5 213
9316 859.5 206
9317 861.5 204
9318 837.5 229
9319 837 229.5
9320 847 219.5
9321 854.5 212
9322 856.5 210
9323 864.5 200
9324 842.5 225
9325 850 217.5
9326 859 208.5
9327 862.5 197
9328 816.5 252
9329 823.5 245
9330 824.5 244
9331 859.5 209
9332 864.5 204
9333 865.5 203
9334 867 201.5
9335 810 259.5
9336 860.5 209
9337 861 208.5
9338 867 202.5
9339 868 200.5
9340 866 198.5
9341 827 243.5
9342 845 225.5
9343 846.5 224
9344 857 213.5
9345 868.5 202
9346 869 200.5
9347 829 242.5
9348 830.5 241
9349 834.5 237
9350 835 236.5
9351 842 229.5
9352 843.5 228
9353 844.5 227
9354 845 226.5
9355 848 223.5
9356 856 215.5
9357 859 212.5
9358 860.5 211
9359 861.5 210
9360 832 240.5
9361 838.5 234
9362 839 233.5
9363 844 228.5
9364 849.5 223
9365 870.5 200
9366 843.5 230
9367 860.5 213
9368 860 213.5
9369 868 196.5
9370 839.5 235
9371 854.5 220
9372 855.5 219
9373 858.5 216
9374 860 214.5
9375 871 198.5
9376 837 238.5
9377 852 223.5
9378 853.5 222
9379 869.5 196
9380 832 244.5
9381 842 234.5
9382 846 230.5
9383 873 198.5
9384 836 241.5
9385 839.5 238
9386 839 238.5
9387 859.5 218
9388 860.5 217
9389 871.5 196
9390 849 229.5
9391 865.5 213
9392 867 211.5
9393 872 195.5
9394 840 239.5
9395 849.5 230
9396 864.5 215
9397 845 235.5
9398 866 214.5
9399 867 213.5
9400 868 212.5
9401 869.5 211
9402 872.5 209
9403 880.5 201
9404 874 194.5
9405 866.5 186
9406 857 226.5
9407 865.5 218
9408 883.5 201
9409 876 193.5
9410 868.5 217
9411 869 216.5
9412 883 202.5
9413 882.5 199
9414 877.5 193
9415 869 218.5
9416 877 210.5
9417 885.5 202
9418 856.5 232
9419 876.5 212
9420 885 203.5
9421 881.5 208
9422 879 211.5
9423 886 204.5
9424 854 238.5
9425 855 237.5
9426 889.5 204
9427 883 191.5
9428 876.5 219
9429 882.5 213
9430 890.5 205
9431 883 213.5
9432 880.5 217
9433 881.5 216
9434 879 219.5
9435 885.5 213
9436 887.5 191
9437 883 216.5
9438 884 215.5
9439 889.5 192
9440 889.5 211
9441 890.5 210
9442 886.5 215
9443 890 190.5
9444 890.5 190
9445 891 212.5
9446 893.5 192
9447 878.5 226
9448 880 224.5
9449 888 217.5
9450 891.5 214
9451 892.5 213
9452 882 224.5
9453 904.5 200
9454 888.5 219
9455 893.5 214
9456 898.5 193
9457 884 224.5
9458 893 215.5
9459 894 214.5
9460 907.5 201
9461 907 199.5
9462 905.5 198
9463 905 197.5
9464 900.5 193
9465 887 223.5
9466 874.5 237
9467 876 235.5
9468 895 216.5
9469 907 204.5
9470 909 202.5
9471 895.5 217
9472 908.5 198
9473 877 236.5
9474 909.5 204
9475 905.5 194
9476 896.5 218
9477 896 218.5
9478 908.5 206
9479 882 233.5
9480 886.5 230
9481 889.5 227
9482 889 227.5
9483 909.5 208
9484 911 206.5
9485 912.5 205
9486 883.5 235
9487 898.5 220
9488 885.5 234
9489 888.5 231
9490 896 223.5
9491 912.5 207
9492 891 229.5
9493 911.5 209
9494 888 233.5
9495 889 232.5
9496 888.5 236
9497 897.5 227
9498 912 212.5
9499 915.5 209
9500 892 233.5
9501 914.5 211
9502 921.5 205
9503 913 214.5
9504 922 205.5
9505 913 216.5
9506 914.5 215
9507 915.5 214
9508 912.5 218
9509 910 221.5
9510 923.5 208
9511 927.5 204
9512 914.5 218
9513 915.5 217
9514 927 205.5
9515 902 231.5
9516 912.5 221
9517 927.5 207
9518 913.5 222
9519 913 222.5
9520 915 220.5
9521 928.5 208
9522 905 232.5
9523 925.5 212
9524 925 212.5
9525 929.5 209
9526 927.5 212
9527 931.5 208
9528 926.5 214
9529 906.5 235
9530 928 213.5
9531 931.5 210
9532 906.5 236
9533 928 214.5
9534 929.5 214
9535 931.5 212
9536 914 230.5
9537 918.5 226
9538 929 215.5
9539 933 211.5
9540 932.5 213
9541 916.5 230
9542 918 228.5
9543 930 216.5
9544 931 215.5
9545 919.5 228
9546 919 229.5
9547 932 216.5
9548 934 214.5
9549 937 211.5
9550 939.5 209
9551 931.5 218
9552 932.5 217
9553 937 212.5
9554 942.5 207
9555 935 215.5
9556 919 233.5
9557 933.5 220
9558 916.5 238
9559 933 221.5
9560 934.5 221
9561 933.5 224
9562 913 245.5
9563 934.5 224
9564 917.5 242
9565 920.5 239
9566 935.5 225
9567 941 219.5
9568 913 248.5
9569 920.5 241
9570 928.5 233
9571 929.5 232
9572 930.5 231
9573 934.5 227
9574 913.5 249
9575 937 225.5
9576 941.5 221
9577 921 242.5
9578 936.5 227
9579 941 222.5
9580 919 245.5
9581 930.5 234
9582 931.5 233
9583 935 229.5
9584 941.5 223
9585 942.5 223
9586 921.5 245
9587 922 244.5
9588 926.5 240
9589 921.5 246
9590 920 248.5
9591 926.5 242
9592 936 232.5
9593 941 227.5
9594 943.5 225
9595 922.5 247
9596 920 250.5
9597 921.5 250
9598 937 234.5
9599 944.5 227
9600 920.5 252
9601 937.5 236
9602 923 252.5
9603 924 251.5
9604 925 250.5
9605 921.5 255
9606 927.5 249
9607 946 230.5
9608 925 252.5
9609 927.5 250
9610 921 257.5
9611 930 248.5
9612 938 240.5
9613 929.5 250
9614 923.5 257
9615 928.5 252
9616 931 250.5
9617 947.5 234
9618 928.5 254
9619 929 253.5
9620 931 251.5
9621 924 259.5
9622 938 246.5
9623 929.5 256
9624 924.5 262
9625 930.5 256
9626 932.5 254
9627 932 254.5
9628 948.5 238
9629 924.5 263
9630 925.5 262
9631 936.5 251
9632 932.5 256
9633 925.5 264
9634 926 263.5
9635 931 258.5
9636 932 257.5
9637 937.5 252
9638 935 255.5
9639 932.5 259
9640 934.5 258
9641 932.5 261
9642 937.5 256
9643 934 261.5
9644 935.5 260
9645 950 245.5
9646 933.5 263
9647 937 259.5
9648 935.5 262
9649 937 261.5
9650 930 269.5
9651 949 250.5
9652 929 271.5
9653 936.5 264
9654 935.5 266
9655 951 250.5
9656 952 249.5
9657 937.5 265
9658 952 250.5
9659 929.5 274
9660 939 264.5
9661 949 254.5
9662 950 253.5
9663 951 252.5
9664 937 267.5
9665 937 268.5
9666 939.5 266
9667 937.5 269
9668 939.5 268
9669 940 267.5
9670 940 268.5
9671 952 256.5
9672 939 270.5
9673 941 268.5
9674 951 258.5
9675 941 269.5
9676 931 280.5
9677 933 278.5
9678 942 269.5
9679 951 260.5
9680 942 270.5
9681 934 279.5
9682 943 270.5
9683 941.5 273
9684 943.5 271
9685 941.5 274
9686 943.5 272
9687 944 272.5
9688 945.5 271
9689 945 272.5
9690 947 271.5
9691 951 269.5
9692 952 268.5
9693 953.5 268
832
0 3969 62 inf 21 116 20 116
1 3960 62 inf 18 116 19 116 20 116
2 3978 68 inf 22 115 22 116
3 3969 68 inf 20 116 21 116 22 116
4 4010 75 inf 30 116 29 116 28 116 27 116 27 115 26 115 25 115 24 115 23 115 23 114 22 114
5 3978 75 inf 22 116 22 115 22 114
6 4124 136 inf 51 115 50 115 49 115 48 115 47 115 46 115
7 4010 136 inf 29 116 30 116 31 116 32 116 33 116 34 116 35 116 36 116 37 116 38 116 39 116 40 116 41 116 41 115 42 115 43 115 44 115 45 115 46 115
8 4128 157 inf 53 116 52 116
9 4129 157 inf 51 115 52 115 52 116
10 4129 158 inf 52 115 51 115
11 4124 158 inf 50 115 51 115
12 4189 163 inf 58 114 57 114 56 114 56 115 55 115 54 115 54 116
13 4128 163 inf 52 116 53 116 54 116
14 4239 208 inf 60 111 60 112 60 113 60 114
15 4189 208 inf 57 114 58 114 59 114 60 114
16 4273 234 inf 64 111 63 111 62 111
17 4239 234 inf 60 112 60 111 61 111 62 111
18 4307 245 inf 68 111 67 111 66 111 65 111 64 111
19 4273 245 inf 63 111 64 111
20 4321 258 inf 70 112 69 112 68 112
21 4307 258 inf 67 111 68 111 68 112
22 4344 272 inf 73 113 73 112 72 112 71 112 70 112
23 4321 272 inf 69 112 70 112
24 4355 289 inf 75 112 75 113 74 113
25 4344 289 inf 73 112 73 113 74 113
26 4394 311 inf 77 110 77 111 76 111
27 4355 311 inf 75 113 75 112 75 111 76 111
28 4410 333 inf 77 109 77 110 78 110
29 4394 333 inf 77 111 77 110 78 110
30 4436 341 inf 79 107 79 108 78 108
31 4410 341 inf 77 110 77 109 77 108 78 108
32 4481 349 inf 82 103 82 104 82 105 82 106 82 107 81 107 80 107 79 107
33 4436 349 inf 79 108 79 107
34 4580 443 inf 83 92 82 92 82 93
35 4481 443 inf 82 104 82 103 82 102 82 101 82 100 82 99 82 98 82 97 82 96 82 95 82 94 82 93
36 4617 454 inf 86 91 85 91 84 91 84 92 83 92
37 4580 454 inf 82 92 83 92
38 4727 533 inf 96 86 96 87 95 87 94 87 94 88
39 4617 533 inf 85 91 86 91 87 91 88 91 89 91 90 91 90 90 91 90 92 90 92 89 93 89 93 88 94 88
40 4951 671 inf 113 83 113 84
41 4727 671 inf 96 87 96 86 97 86 97 85 98 85 99 85 100 85 101 85 102 85 103 85 104 85 105 85 106 85 107 85 108 85 109 85 110 85 110 84 111 84 112 84 113 84
42 5063 733 inf 121 82 120 82 119 82 118 82
43 4951 733 inf 113 84 113 83 114 83 115 83 116 83 117 83 118 83 118 82
44 5077 756 inf 121 81 121 82
45 5063 756 inf 120 82 121 82
46 5113 772 inf 125 80 124 80 123 80 123 81 122 81
47 5077 772 inf 121 82 121 81 122 81
48 5183 793 inf 135 80 134 80 134 79 133 79 132 79 131 79 130 79 129 79 128 79 127 79 126 79 126 80 125 80
49 5113 793 inf 124 80 125 80
50 5171 820 inf 215 163 215 164 215 165 215 166
51 5195 820 inf 215 171 215 170 215 169 215 168 215 167 215 166
52 5196 831 inf 138 81 138 80 137 80 136 80
53 5183 831 inf 134 80 135 80 136 80
54 5195 838 inf 215 170 215 171 215 172
55 5207 838 inf 216 173 215 173 215 172
56 5204 839 inf 141 82 141 81 140 81
57 5196 839 inf 138 80 138 81 139 81 140 81
58 5222 842 inf 147 83 146 83 146 82 145 82 144 82 143 82 142 82
59 5204 842 inf 141 81 141 82 142 82
60 5207 845 inf 215 173 216 173
61 5217 845 inf 216 175 216 174 216 173
62 5229 855 inf 148 84 148 83 147 83
63 5222 855 inf 146 83 147 83
64 5235 860 inf 150 85 150 84 149 84
65 5229 860 inf 148 83 148 84 149 84
66 5217 864 inf 216 174 216 175 217 175 217 176 217 177
67 5237 864 inf 217 178 217 177
68 5239 866 inf 152 86 152 85 151 85
69 5235 866 inf 150 84 150 85 151 85
70 5251 869 inf 154 87 154 86 153 86
71 5239 869 inf 152 85 152 86 153 86
72 5237 872 inf 217 177 217 178 217 179
73 5257 872 inf 217 180 217 179
74 5260 874 inf 156 88 156 87 155 87
75 5251 874 inf 154 86 154 87 155 87
76 5265 881 inf 158 89 158 88 157 88
77 5260 881 inf 156 87 156 88 157 88
78 5272 884 inf 160 90 160 89 159 89
79 5265 884 inf 158 88 158 89 159 89
80 5257 888 inf 217 179 217 180 216 180 216 181 216 182 216 183
81 5279 888 inf 216 184 216 183
82 5301 890 inf 167 92 166 92 165 92 164 92 164 91 163 91 162 91
83 5271 890 inf 161 91 162 91
84 5272 891 inf 160 89 160 90 161 90
85 5271 891 inf 162 91 161 91 161 90
86 5279 913 inf 216 183 216 184 216 185 216 186 216 187 216 188 216 189
87 5322 913 inf 216 190 216 189
88 5348 923 inf 175 92 174 92 174 91 173 91 172 91 171 91 170 91 170 92
89 5301 923 inf 166 92 167 92 168 92 169 92 170 92
90 5367 946 inf 178 93 178 92 177 92
91 5348 946 inf 174 92 175 92 176 92 177 92
92 5322 949 inf 216 189 216 190 216 191 216 192 216 193 216 194 216 195 216 196 216 197 216 198
93 5448 949 inf 218 205 218 204 217 204 217 203 217 202 217 201 216 201 216 200 216 199 216 198
94 5383 958 inf 181 93 180 93
95 5367 958 inf 178 92 178 93 179 93 180 93
96 5171 963 inf 215 164 215 163 215 162 215 161 215 160 215 159 215 158 215 157 215 156 215 155 215 154 215 153 215 152 215 151 215 150 215 149 215 148 215 147 215 146 216 146 217 146 218 146 218 145 218 144 218 143 218 142 218 141 218 140 218 139 218 138 218 137 218 136 218 135 218 134 218 133 218 132 218 131 217 131 216 131 216 130 215 130 215 129 215 128 215 127 215 126 214 126
97 5391 963 inf 213 125 214 125 214 126
98 5391 964 inf 214 125 213 125
99 5382 964 inf 212 124 212 125 213 125
100 5392 965 inf 210 121 210 122 211 122 211 123 211 124 212 124
101 5382 965 inf 212 125 212 124
102 5393 966 inf 183 94 182 94
103 5383 966 inf 180 93 181 93 181 94 182 94
104 5401 972 inf 200 110 200 111 201 111 201 112 202 112 203 112 203 113 204 113 204 114 205 114 205 115 206 115 206 116 207 116 207 117 208 117 208 118 209 118 209 119 209 120 210 120 210 121
105 5392 972 inf 210 122 210 121
106 5402 973 inf 199 109 198 109
107 5403 973 inf 197 108 198 108 198 109
108 5404 974 inf 186 96 185 96 185 95 184 95
109 5393 974 inf 182 94 183 94 183 95 184 95
110 5402 977 inf 198 109 199 109 199 110 200 110
111 5401 977 inf 200 111 200 110
112 5410 978 inf 197 106 197 107
113 5403 978 inf 198 108 197 108 197 107
114 5411 979 inf 194 103 193 103
115 5412 979 inf 192 102 193 102 193 103
116 5413 980 inf 188 97 187 97
117 5414 980 inf 187 96 187 97
118 5414 981 inf 187 97 187 96 186 96
119 5404 981 inf 185 96 186 96
120 5418 985 inf 196 104 195 104
121 5411 985 inf 193 103 194 103 194 104 195 104
122 5420 986 inf 192 100 192 101
123 5412 986 inf 193 102 192 102 192 101
124 5420 987 inf 192 101 192 100 191 100
125 5421 987 inf 190 99 191 99 191 100
126 5421 988 inf 191 99 190 99
127 5422 988 inf 189 98 190 98 190 99
128 5422 989 inf 190 98 189 98
129 5413 989 inf 187 97 188 97 188 98 189 98
130 5418 993 inf 195 104 196 104 197 104 197 105
131 5410 993 inf 197 107 197 106 197 105
132 5448 1013 inf 218 204 218 205
133 5481 1013 inf 220 208 219 208 219 207 219 206 218 206 218 205
134 5481 1036 inf 219 208 220 208
135 5496 1036 inf 220 210 220 209 220 208
136 5535 1047 inf 222 213 222 212 222 211 221 211 221 210 220 210
137 5496 1047 inf 220 209 220 210
138 5535 1075 inf 222 212 222 213
139 5544 1075 inf 223 214 222 214 222 213
140 5556 1082 inf 224 215 223 215
141 5544 1082 inf 222 214 223 214 223 215
142 5556 1090 inf 223 215 224 215 224 216
143 5566 1090 inf 225 217 224 217 224 216
144 5566 1101 inf 224 217 225 217 225 218
145 5573 1101 inf 225 219 225 218
146 5573 1112 inf 225 218 225 219 226 219 226 220
147 5591 1112 inf 227 221 226 221 226 220
148 5591 1119 inf 226 221 227 221 227 222
149 5598 1119 inf 227 223 227 222
150 5598 1132 inf 227 222 227 223 228 223 228 224 229 224 229 225 229 226 230 226
151 5624 1132 inf 230 227 230 226
152 5624 1136 inf 230 226 230 227 231 227
153 5631 1136 inf 231 228 231 227
154 5631 1140 inf 231 227 231 228 232 228
155 5678 1140 inf 237 231 236 231 235 231 234 231 233 231 233 230 232 230 232 229 232 228
156 5678 1176 inf 236 231 237 231
157 5686 1176 inf 237 232 237 231
158 5686 1186 inf 237 231 237 232 238 232 239 232
159 5705 1186 inf 239 233 239 232
160 5722 1193 inf 242 232 242 233 241 233 240 233
161 5705 1193 inf 239 232 239 233 240 233
162 5735 1204 inf 244 233 244 232 243 232
163 5722 1204 inf 242 233 242 232 243 232
164 5735 1217 inf 244 232 244 233 245 233
165 5759 1217 inf 245 235 245 234 245 233
166 5759 1233 inf 245 234 245 235 245 236 246 236
167 5778 1233 inf 246 237 246 236
168 5791 1239 inf 247 238 246 238
169 5778 1239 inf 246 236 246 237 246 238
170 5791 1247 inf 246 238 247 238 248 238
171 5812 1247 inf 249 239 248 239 248 238
172 5812 1256 inf 248 239 249 239
173 5824 1256 inf 250 240 249 240 249 239
174 5824 1265 inf 249 240 250 240
175 5833 1265 inf 250 242 250 241 250 240
176 5845 1272 inf 251 243 251 242 250 242
177 5833 1272 inf 250 241 250 242
178 5860 1283 inf 253 244 253 243 252 243
179 5845 1283 inf 251 242 251 243 252 243
180 5865 1290 inf 254 244 253 244
181 5860 1290 inf 253 243 253 244
182 5865 1312 inf 253 244 254 244 254 245 255 245 255 246 256 246
183 5900 1312 inf 256 247 256 246
184 5921 1319 inf 259 248 258 248 258 247 257 247
185 5900 1319 inf 256 246 256 247 257 247
186 5938 1328 inf 260 249 260 248 259 248
187 5921 1328 inf 258 248 259 248
188 5953 1338 inf 261 250 261 249 260 249
189 5938 1338 inf 260 248 260 249
190 5953 1354 inf 261 249 261 250 262 250
191 5973 1354 inf 263 251 262 251 262 250
192 6007 1367 inf 265 254 264 254 264 253 264 252 263 252
193 5973 1367 inf 262 251 263 251 263 252
194 6018 1382 inf 266 254 265 254
195 6007 1382 inf 264 254 265 254
196 6028 1383 inf 268 253 267 253 266 253
197 6018 1383 inf 265 254 266 254 266 253
198 6076 1412 inf 273 255 273 254 272 254
199 6028 1412 inf 267 253 268 253 269 253 270 253 271 253 271 254 272 254
200 6094 1427 inf 275 256 275 255 274 255
201 6076 1427 inf 273 254 273 255 274 255
202 6124 1453 inf 280 257 280 256 279 256
203 6094 1453 inf 275 255 275 256 276 256 277 256 278 256 279 256
204 6134 1462 inf 282 257 281 257
205 6124 1462 inf 280 256 280 257 281 257
206 6148 1474 inf 284 259 283 259
207 6134 1474 inf 281 257 282 257 282 258 283 258 283 259
208 6155 1480 inf 285 260 284 260
209 6148 1480 inf 283 259 284 259 284 260
210 6155 1487 inf 284 260 285 260 285 261 286 261
211 6167 1487 inf 287 262 286 262 286 261
212 6167 1494 inf 286 262 287 262 288 262
213 6176 1494 inf 288 263 288 262
214 6185 1497 inf 290 263 289 263
215 6176 1497 inf 288 262 288 263 289 263
216 6185 1510 inf 289 263 290 263 290 264 291 264 292 264
217 6205 1510 inf 292 265 292 264
218 6218 1516 inf 294 266 294 265 293 265
219 6205 1516 inf 292 264 292 265 293 265
220 6235 1522 inf 296 267 295 267 295 266 294 266
221 6218 1522 inf 294 265 294 266
222 6235 1536 inf 295 267 296 267
223 6244 1536 inf 297 268 296 268 296 267
224 6244 1541 inf 296 268 297 268 297 269
225 6249 1541 inf 297 270 297 269
226 6249 1546 inf 297 269 297 270 298 270
227 6254 1546 inf 298 271 298 270
228 6279 1560 inf 300 274 299 274
229 6254 1560 inf 298 270 298 271 298 272 298 273 298 274 299 274
230 6279 1567 inf 299 274 300 274 300 275 300 276 301 276
231 6292 1567 inf 301 277 301 276
232 6306 1583 inf 310 275 309 275
233 6292 1583 inf 301 276 301 277 302 277 303 277 304 277 305 277 305 276 306 276 306 275 307 275 308 275 309 275
234 6319 1588 inf 311 280 310 280 310 279 309 279
235 6306 1588 inf 309 275 310 275 310 276 310 277 310 278 310 279 309 279
236 6324 1596 inf 314 279 313 279 313 280
237 6319 1596 inf 310 280 311 280 312 280 313 280
238 6325 1597 inf 315 279 314 279
239 6324 1597 inf 313 279 314 279
240 6329 1601 inf 318 282 317 282
241 6325 1601 inf 314 279 315 279 315 280 315 281 316 281 316 282 317 282
242 6329 1607 inf 317 282 318 282 318 283 319 283 320 283 320 284 321 284 321 285 322 285
243 6337 1607 inf 322 286 322 285
244 6347 1611 inf 324 287 324 286 323 286
245 6337 1611 inf 322 285 322 286 323 286
246 6353 1619 inf 326 288 326 287 325 287
247 6347 1619 inf 324 286 324 287 325 287
248 6368 1624 inf 331 289 330 289 329 289 328 289 328 288 327 288
249 6353 1624 inf 326 287 326 288 327 288
250 6399 1635 inf 335 290 334 290 333 290 333 289 332 289 331 289
251 6368 1635 inf 330 289 331 289
252 6399 1654 inf 334 290 335 290
253 6406 1654 inf 335 291 335 290
254 6431 1672 inf 339 292 338 292
255 6406 1672 inf 335 290 335 291 336 291 336 292 337 292 338 292
256 6449 1682 inf 341 293 340 293
257 6431 1682 inf 338 292 339 292 339 293 340 293
258 6469 1696 inf 345 294 344 294 343 294
259 6449 1696 inf 340 293 341 293 341 294 342 294 343 294
260 6488 1706 inf 348 295 347 295 346 295
261 6469 1706 inf 344 294 345 294 345 295 346 295
262 6516 1719 inf 351 297 351 296 350 296 349 296 348 296
263 6488 1719 inf 347 295 348 295 348 296
264 6541 1742 inf 355 298 355 297 354 297 353 297
265 6516 1742 inf 351 296 351 297 352 297 353 297
266 6565 1751 inf 360 296 360 297 359 297 358 297 357 297 357 298 356 298 355 298
267 6541 1751 inf 355 297 355 298
268 6565 1771 inf 360 297 360 296 361 296 362 296
269 6574 1771 inf 362 297 362 296
270 6574 1803 inf 362 296 362 297 363 297 364 297 365 297 365 298 366 298 367 298 368 298 369 298 370 298
271 6627 1803 inf 370 299 370 298
272 6655 1818 inf 376 301 376 300 375 300
273 6627 1818 inf 370 298 370 299 371 299 372 299 373 299 373 300 374 300 375 300
274 6655 1827 inf 376 300 376 301 377 301
275 6684 1827 inf 381 304 380 304 380 303 379 303 378 303 378 302 377 302 377 301
276 6697 1840 inf 383 305 382 305 382 304 381 304
277 6684 1840 inf 380 304 381 304
278 6726 1851 inf 385 306 385 305 384 305 383 305
279 6697 1851 inf 382 305 383 305
280 6810 1870 inf 392 308 392 307 391 307 390 307 390 306 389 306 388 306 387 306 386 306 385 306
281 6726 1870 inf 385 305 385 306
282 6891 1933 inf 401 309 401 310 400 310 399 310 398 310 397 310 397 309 396 309 395 309 394 309 394 308 393 308 392 308
283 6810 1933 inf 392 307 392 308
284 6914 1998 inf 405 309 404 309
285 6891 1998 inf 401 310 401 309 402 309 403 309 404 309
286 7048 2063 inf 433 302 432 302 431 302 430 302 429 302
287 6914 2063 inf 404 309 405 309 406 309 407 309 408 309 409 309 409 308 410 308 411 308 412 308 413 308 413 307 414 307 415 307 416 307 417 307 418 307 418 306 419 306 419 305 420 305 421 305 421 304 422 304 422 303 423 303 424 303 425 303 426 303 427 303 427 302 428 302 429 302
288 7056 2090 inf 434 301 434 302
289 7048 2090 inf 432 302 433 302 434 302
290 7057 2091 inf 435 300 435 301
291 7056 2091 inf 434 302 434 301 435 301
292 7071 2095 inf 441 297 440 297 440 298
293 7057 2095 inf 435 301 435 300 436 300 436 299 437 299 438 299 438 298 439 298 440 298
294 7090 2106 inf 446 296 445 296 445 297
295 7071 2106 inf 440 297 441 297 442 297 443 297 444 297 445 297
296 7094 2107 inf 447 296 446 296
297 7090 2107 inf 445 296 446 296
298 7095 2108 inf 448 295 447 295
299 7094 2108 inf 446 296 447 296 447 295
300 7096 2109 inf 450 292 450 293 449 293 449 294 448 294
301 7095 2109 inf 447 295 448 295 448 294
302 7097 2110 inf 452 292 451 292 450 292
303 7096 2110 inf 450 293 450 292
304 7116 2112 inf 463 284 463 285 462 285 462 286 461 286 460 286 460 287 459 287 458 287 457 287 457 288 456 288
305 7098 2112 inf 455 289 455 288 456 288
306 7098 2114 inf 455 288 455 289 455 290
307 7097 2114 inf 451 292 452 292 452 291 453 291 454 291 454 290 455 290
308 7108 2121 inf 463 283 463 284
309 7116 2121 inf 463 285 463 284
310 7141 2141 inf 471 278 471 279
311 7108 2141 inf 463 284 463 283 464 283 464 282 465 282 465 281 466 281 467 281 468 281 468 280 469 280 470 280 470 279 471 279
312 7167 2152 inf 480 274 479 274
313 7141 2152 inf 471 279 471 278 472 278 473 278 473 277 473 276 474 276 475 276 475 275 476 275 477 275 478 275 478 274 479 274
314 7174 2155 inf 483 272 482 272 482 273 481 273
315 7167 2155 inf 479 274 480 274 480 273 481 273
316 7176 2156 inf 492 263 491 263 491 264 490 264
317 7175 2156 inf 490 265 490 264
318 7194 2165 inf 487 270 487 271 486 271 485 271 485 272 484 272
319 7174 2165 inf 482 272 483 272 484 272
320 7188 2166 inf 494 263 493 263
321 7176 2166 inf 491 263 492 263 493 263
322 7195 2172 inf 488 269 488 270 487 270
323 7194 2172 inf 487 271 487 270
324 7175 2176 inf 490 264 490 265 489 265 488 265 488 266 488 267 488 268 488 269 489 269
325 7195 2176 inf 488 270 488 269 489 269
326 7188 2177 inf 493 263 494 263 495 263 496 263 496 262
327 7213 2177 inf 497 263 496 263 496 262
328 7265 2198 inf 504 261 503 261 502 261 501 261 500 261 500 262
329 7221 2198 inf 498 263 498 262 499 262 500 262
330 7221 2205 inf 498 262 498 263 498 264 498 265
331 7213 2205 inf 496 263 497 263 498 263 498 264 498 265
332 7272 2212 inf 552 211 551 211 551 212
333 7249 2212 inf 550 213 550 212 551 212
334 7273 2215 inf 506 259 506 260 505 260 504 260
335 7265 2215 inf 503 261 504 261 504 260
336 7278 2218 inf 552 214 551 214 550 214
337 7249 2218 inf 550 212 550 213 550 214
338 7274 2219 inf 508 258 507 258 507 259 506 259
339 7273 2219 inf 506 260 506 259
340 7282 2225 inf 511 256 510 256
341 7274 2225 inf 507 258 508 258 509 258 509 257 510 257 510 256
342 7294 2230 inf 551 209 552 209 552 210
343 7272 2230 inf 551 211 552 211 552 210
344 7299 2232 inf 527 241 526 241
345 7311 2232 inf 526 243 526 242 526 241
346 7300 2233 inf 530 238 529 238 529 239 528 239 528 240 527 240
347 7299 2233 inf 526 241 527 241 527 240
348 7307 2238 inf 552 208 551 208
349 7294 2238 inf 552 209 551 209 551 208
350 7321 2240 inf 516 254 515 254 514 254 513 254 513 255 512 255 512 256
351 7282 2240 inf 510 256 511 256 512 256
352 7312 2242 inf 531 238 530 238
353 7300 2242 inf 529 238 530 238
354 7328 2243 inf 543 227 542 227 542 228 541 228 540 228
355 7289 2243 inf 537 230 537 229 538 229 538 228 539 228 540 228
356 7278 2244 inf 551 214 552 214 553 214 554 214
357 7306 2244 inf 552 216 552 215 552 214 553 214 554 214
358 7309 2248 inf 520 248 520 249
359 7324 2248 inf 520 250 520 249
360 7310 2249 inf 521 247 521 248
361 7309 2249 inf 520 249 520 248 521 248
362 7325 2250 inf 524 246 523 246 522 246 522 247
363 7310 2250 inf 521 248 521 247 522 247
364 7327 2251 inf 527 243 526 243
365 7311 2251 inf 526 242 526 243
366 7358 2252 inf 537 236 536 236 536 237 535 237 534 237 533 237 532 237
367 7312 2252 inf 530 238 531 238 531 237 532 237
368 7314 2253 inf 546 222 546 223
369 7329 2253 inf 546 224 546 223
370 7334 2254 inf 554 208 553 208
371 7307 2254 inf 551 208 552 208 553 208
372 7322 2257 inf 517 253 516 253 516 254
373 7321 2257 inf 515 254 516 254
374 7338 2258 inf 518 253 517 253
375 7322 2258 inf 516 253 517 253
376 7361 2260 inf 551 222 550 222 549 222 548 222
377 7314 2260 inf 546 223 546 222 547 222 548 222
378 7330 2261 inf 552 217 552 218
379 7361 2261 inf 550 222 551 222 552 222 552 221 552 220 552 219 552 218
380 7306 2262 inf 552 215 552 216 552 217 553 217
381 7330 2262 inf 552 218 552 217 553 217
382 7327 2265 inf 526 243 527 243 527 244
383 7345 2265 inf 526 246 526 245 527 245 527 244
384 7289 2266 inf 537 229 537 230 537 231 537 232 537 233 537 234
385 7358 2266 inf 536 236 537 236 537 235 537 234
386 7350 2270 inf 555 207 555 208
387 7334 2270 inf 553 208 554 208 555 208
388 7324 2275 inf 520 249 520 250 520 251 520 252
389 7354 2275 inf 520 253 520 252
390 7345 2276 inf 526 245 526 246
391 7325 2276 inf 523 246 524 246 525 246 526 246
392 7329 2279 inf 546 223 546 224 546 225 546 226
393 7359 2279 inf 545 227 546 227 546 226
394 7354 2281 inf 520 252 520 253 519 253 519 254
395 7338 2281 inf 517 253 518 253 518 254 519 254
396 7359 2282 inf 546 227 545 227 545 228
397 7328 2282 inf 542 227 543 227 544 227 545 227 545 228
398 7370 2284 inf 557 207 556 207
399 7350 2284 inf 555 208 555 207 556 207
400 7407 2314 inf 559 206 559 207 560 207
401 7370 2314 inf 556 207 557 207 558 207 559 207 560 207
402 7424 2320 inf 559 203 559 204 559 205
403 7407 2320 inf 559 207 559 206 559 205
404 7424 2325 inf 559 204 559 203 559 202 558 202
405 7421 2325 inf 556 202 557 202 558 202
406 7443 2329 inf 556 196 556 197 556 198 556 199
407 7421 2329 inf 557 202 556 202 556 201 556 200 556 199
408 7443 2338 inf 556 197 556 196 556 195 555 195
409 7439 2338 inf 553 195 554 195 555 195
410 7457 2339 inf 553 191 553 192 553 193
411 7439 2339 inf 554 195 553 195 553 194 553 193
412 7483 2354 inf 554 187 554 188 553 188
413 7457 2354 inf 553 192 553 191 552 191 552 190 552 189 553 189 553 188
414 7490 2361 inf 554 185 554 186 554 187
415 7483 2361 inf 554 188 554 187
416 7515 2369 inf 554 181 554 182 553 182 553 183 553 184
417 7490 2369 inf 554 186 554 185 553 185 553 184
418 7520 2383 inf 555 181 554 181
419 7515 2383 inf 554 182 554 181
420 7537 2388 inf 556 178 555 178 555 179 555 180
421 7520 2388 inf 554 181 555 181 555 180
422 7539 2390 inf 558 178 557 178 556 178
423 7537 2390 inf 555 178 556 178
424 7543 2393 inf 559 178 558 178
425 7539 2393 inf 557 178 558 178
426 7558 2405 inf 561 176 560 176
427 7543 2405 inf 558 178 559 178 559 177 559 176 560 176
428 7597 2409 inf 565 166 565 167 565 168 565 169 565 170 565 171 565 172 565 173 565 174 565 175 565 176 565 177 565 178 565 179 566 179
429 7558 2409 inf 560 176 561 176 562 176 563 176 564 176 565 176 565 177 565 178 565 179 566 179
430 7618 2437 inf 563 157 563 158 563 159 564 159 564 160 564 161 564 162 564 163 564 164 564 165 565 165
431 7597 2437 inf 565 167 565 166 565 165
432 7630 2451 inf 563 153 563 154 563 155 563 156 563 157
433 7618 2451 inf 563 158 563 157
434 7633 2457 inf 563 152 563 153
435 7630 2457 inf 563 154 563 153
436 7643 2460 inf 564 148 564 149 564 150 564 151 564 152
437 7633 2460 inf 563 153 563 152 564 152
438 7645 2468 inf 565 146 565 147 564 147
439 7643 2468 inf 564 149 564 148 564 147
440 7664 2476 inf 568 141 567 141 567 142 567 143 566 143 566 144
441 7645 2476 inf 565 147 565 146 566 146 566 145 566 144
442 7672 2487 inf 568 139 568 140 569 140
443 7664 2487 inf 567 141 568 141 569 141 569 140
444 7709 2499 inf 571 134 571 135 570 135 570 136 569 136
445 7672 2499 inf 568 140 568 139 568 138 568 137 569 137 569 136
446 7733 2514 inf 572 131 572 132 571 132 571 133
447 7709 2514 inf 571 135 571 134 571 133
448 7746 2524 inf 572 129 572 130 572 131
449 7733 2524 inf 572 132 572 131
450 7769 2538 inf 574 128 573 128 573 129
451 7746 2538 inf 572 130 572 129 573 129
452 7788 2552 inf 576 127 575 127 575 128
453 7769 2552 inf 573 128 574 128 575 128
454 7806 2567 inf 576 124 576 125 576 126
455 7788 2567 inf 575 127 576 127 576 126
456 7807 2579 inf 575 123 575 124 576 124
457 7806 2579 inf 576 125 576 124
458 7827 2580 inf 576 121 575 121 575 122 575 123
459 7807 2580 inf 575 124 575 123
460 7880 2623 inf 580 116 579 116
461 7827 2623 inf 575 121 576 121 576 120 577 120 577 119 578 119 578 118 579 118 579 117 579 116
462 7894 2633 inf 581 115 580 115
463 7880 2633 inf 579 116 580 116 580 115
464 7904 2641 inf 582 114 581 114
465 7894 2641 inf 580 115 581 115 581 114
466 7915 2649 inf 582 112 582 113
467 7904 2649 inf 581 114 582 114 582 113
468 7932 2661 inf 584 109 584 110
469 7915 2661 inf 582 113 582 112 582 111 583 111 583 110 584 110
470 7959 2682 inf 588 107 587 107
471 7932 2682 inf 584 110 584 109 585 109 585 108 586 108 586 107 587 107
472 7966 2687 inf 589 106 588 106
473 7959 2687 inf 587 107 588 107 588 106
474 7985 2701 inf 592 104 591 104
475 7966 2701 inf 588 106 589 106 590 106 590 105 591 105 591 104
476 8050 2739 inf 599 102 598 102 597 102
477 7985 2739 inf 591 104 592 104 592 103 593 103 593 102 594 102 595 102 596 102 597 102
478 8086 2764 inf 603 101 603 102 602 102 601 102
479 8050 2764 inf 598 102 599 102 600 102 601 102
480 8099 2782 inf 669 166 669 167 668 167 668 168
481 8110 2782 inf 668 170 668 169 668 168
482 8104 2783 inf 669 164 669 165
483 8099 2783 inf 669 167 669 166 669 165
484 8104 2784 inf 669 165 669 164 668 164
485 8105 2784 inf 668 163 668 164
486 8120 2790 inf 669 161 669 162 668 162
487 8105 2790 inf 668 164 668 163 668 162
488 8141 2796 inf 669 174 669 173 669 172 669 171 668 171
489 8110 2796 inf 668 169 668 170 668 171
490 8125 2799 inf 669 160 669 161
491 8120 2799 inf 669 162 669 161
492 8125 2800 inf 669 161 669 160 668 160
493 8144 2800 inf 669 158 668 158 668 159 668 160
494 8127 2801 inf 609 100 608 100
495 8086 2801 inf 603 102 603 101 604 101 605 101 606 101 606 100 607 100 608 100
496 8138 2807 inf 611 101 610 101
497 8127 2807 inf 608 100 609 100 609 101 610 101
498 8159 2815 inf 616 103 615 103 615 102 614 102 613 102
499 8138 2815 inf 610 101 611 101 611 102 612 102 613 102
500 8171 2819 inf 618 103 618 104 617 104 616 104
501 8159 2819 inf 615 103 616 103 616 104
502 8153 2823 inf 668 176 668 177 667 177 667 178
503 8166 2823 inf 667 180 667 179 667 178
504 8141 2824 inf 669 173 669 174 669 175 669 176
505 8153 2824 inf 668 177 668 176 669 176
506 8175 2832 inf 669 153 669 154
507 8144 2832 inf 668 158 669 158 669 157 669 156 669 155 669 154
508 8171 2835 inf 618 104 618 103 618 102
509 8181 2835 inf 620 103 619 103 618 103 618 102
510 8191 2844 inf 666 149 667 149
511 8175 2844 inf 669 154 669 153 668 153 668 152 668 151 667 151 667 150 667 149
512 8197 2845 inf 665 146 666 146 666 147
513 8191 2845 inf 667 149 666 149 666 148 666 147
514 8197 2846 inf 666 146 665 146
515 8257 2846 inf 664 137 664 138 664 139 664 140 664 141 664 142 664 143 665 143 665 144 665 145 665 146
516 8237 2854 inf 636 112 636 111 635 111 634 111 633 111 633 110 633 109 632 109 631 109 630 109
517 8213 2854 inf 630 107 630 108 630 109
518 8219 2855 inf 655 131 655 132 654 132
519 8210 2855 inf 654 131 654 132
520 8281 2856 inf 644 116 643 116 643 115 642 115 642 114 641 114 640 114 639 114 638 114 637 114 636 114
521 8212 2856 inf 636 113 636 114
522 8214 2860 inf 629 106 629 107 630 107
523 8213 2860 inf 630 108 630 107
524 8222 2861 inf 670 187 669 187
525 8166 2861 inf 667 179 667 180 667 181 667 182 667 183 668 183 668 184 668 185 668 186 669 186 669 187
526 8231 2863 inf 654 129 654 130
527 8210 2863 inf 654 132 654 131 654 130
528 8258 2864 inf 655 128 654 128 653 128 653 129
529 8233 2864 inf 652 128 653 128 653 129
530 8237 2869 inf 636 111 636 112
531 8212 2869 inf 636 114 636 113 636 112
532 8230 2875 inf 657 133 658 133
533 8229 2875 inf 658 134 658 133
534 8246 2876 inf 656 131 657 131 657 132
535 8230 2876 inf 658 133 657 133 657 132
536 8259 2877 inf 652 125 652 126 652 127
537 8233 2877 inf 653 128 652 128 652 127
538 8222 2879 inf 669 187 670 187 670 188
539 8268 2879 inf 669 190 670 190 670 189 670 188
540 8219 2885 inf 655 132 655 131 656 131 656 130
541 8246 2885 inf 657 131 656 131 656 130
542 8258 2886 inf 654 128 655 128 655 129
543 8231 2886 inf 654 130 654 129 655 129
544 8214 2894 inf 629 107 629 106 629 105 629 104 629 103 629 102 629 101 628 101
545 8282 2894 inf 628 100 628 101
546 8282 2895 inf 628 101 628 100 627 100
547 8261 2895 inf 626 100 627 100
548 8261 2896 inf 627 100 626 100 626 99 626 98 625 98
549 8181 2896 inf 619 103 620 103 621 103 622 103 622 102 622 101 623 101 624 101 625 101 625 100 625 99 625 98
550 8276 2902 inf 663 135 663 136 664 136
551 8257 2902 inf 664 138 664 137 664 136
552 8229 2903 inf 658 133 658 134 659 134 660 134 661 134 662 134 663 134 663 135
553 8276 2903 inf 663 136 663 135
554 8290 2905 inf 651 123 652 123 652 124
555 8259 2905 inf 652 126 652 125 652 124
556 8290 2906 inf 652 123 651 123
557 8291 2906 inf 650 122 651 122 651 123
558 8280 2907 inf 646 119 647 119
559 8279 2907 inf 647 120 647 119
560 8268 2909 inf 670 190 669 190 669 191 668 191 668 192 668 193 668 194 667 194 666 194 665 194 665 195 665 196
561 8308 2909 inf 665 198 665 197 665 196
562 8315 2912 inf 650 119 650 120 650 121
563 8291 2912 inf 651 122 650 122 650 121
564 8292 2913 inf 645 116 645 117 646 117
565 8280 2913 inf 647 119 646 119 646 118 646 117
566 8281 2914 inf 643 116 644 116 645 116
567 8292 2914 inf 645 117 645 116
568 8315 2919 inf 650 120 650 119 649 119
569 8279 2919 inf 647 119 647 120 648 120 649 120 649 119
570 8308 2926 inf 665 197 665 198 666 198
571 8346 2926 inf 667 199 666 199 666 198
572 8346 2971 inf 666 199 667 199 667 200 667 201 667 202
573 8407 2971 inf 666 204 666 203 667 203 667 202
574 8407 2979 inf 666 203 666 204
575 8441 2979 inf 667 205 666 205 666 204
576 8441 3025 inf 666 205 667 205 667 206 667 207 667 208 667 209
577 8512 3025 inf 668 210 667 210 667 209
578 8581 3058 inf 670 215 670 214 670 213 670 212 669 212 668 212
579 8512 3058 inf 667 210 668 210 668 211 668 212
580 8586 3086 inf 670 216 670 215 669 215
581 8581 3086 inf 670 214 670 215 669 215
582 8586 3094 inf 670 215 670 216
583 8601 3094 inf 670 218 670 217 670 216
584 8601 3103 inf 670 217 670 218
585 8611 3103 inf 671 219 670 219 670 218
586 8611 3119 inf 670 219 671 219 671 220 672 220 672 221
587 8625 3119 inf 672 222 672 221
588 8625 3128 inf 672 221 672 222 673 222 673 223
589 8638 3128 inf 673 224 673 223
590 8638 3135 inf 673 223 673 224 674 224
591 8647 3135 inf 674 226 674 225 674 224
592 8654 3136 inf 675 226 674 226 673 226
593 8647 3136 inf 674 225 674 226 673 226
594 8654 3144 inf 674 226 675 226
595 8670 3144 inf 676 228 676 227 675 227 675 226
596 8670 3161 inf 676 227 676 228 676 229
597 8684 3161 inf 677 230 676 230 676 229
598 8684 3168 inf 676 230 677 230
599 8701 3168 inf 679 231 678 231 677 231 677 230
600 8701 3186 inf 678 231 679 231 679 232 680 232
601 8724 3186 inf 682 234 681 234 681 233 680 233 680 232
602 8731 3196 inf 683 235 683 234 682 234
603 8724 3196 inf 681 234 682 234
604 8754 3214 inf 685 236 684 236
605 8731 3214 inf 683 234 683 235 684 235 684 236
606 8754 3222 inf 684 236 685 236 685 237
607 8764 3222 inf 685 238 685 237
608 8764 3230 inf 685 237 685 238 686 238
609 8774 3230 inf 687 239 686 239 686 238
610 8774 3233 inf 686 239 687 239
611 8779 3233 inf 687 240 687 239
612 8789 3237 inf 689 241 689 240 688 240
613 8779 3237 inf 687 239 687 240 688 240
614 8812 3255 inf 695 242 694 242 694 241 693 241 692 241
615 8789 3255 inf 689 240 689 241 690 241 691 241 692 241
616 8819 3261 inf 696 243 696 242 695 242
617 8812 3261 inf 694 242 695 242
618 8836 3267 inf 699 244 698 244 697 244 697 243 696 243
619 8819 3267 inf 696 242 696 243
620 8843 3277 inf 701 245 700 245 700 244 699 244
621 8836 3277 inf 698 244 699 244
622 8870 3288 inf 705 246 704 246 703 246 702 246 701 246
623 8843 3288 inf 700 245 701 245 701 246
624 8891 3308 inf 708 247 707 247 706 247
625 8870 3308 inf 704 246 705 246 705 247 706 247
626 8907 3318 inf 712 248 711 248 710 248 709 248 708 248
627 8891 3318 inf 707 247 708 247 708 248
628 8928 3336 inf 715 249 714 249
629 8907 3336 inf 711 248 712 248 713 248 713 249 714 249
630 8957 3347 inf 719 251 718 251 718 250 717 250 716 250
631 8928 3347 inf 714 249 715 249 715 250 716 250
632 8987 3359 inf 725 250 724 250 723 250 722 250 721 250 720 250 720 251 719 251
633 8957 3359 inf 718 251 719 251
634 8994 3380 inf 726 250 725 250
635 8987 3380 inf 724 250 725 250
636 9039 3402 inf 732 253 731 253 730 253
637 8994 3402 inf 725 250 726 250 726 251 727 251 728 251 728 252 729 252 730 252 730 253
638 9039 3414 inf 731 253 732 253 733 253
639 9045 3414 inf 733 254 733 253
640 9060 3419 inf 736 255 736 254 735 254 734 254
641 9045 3419 inf 733 253 733 254 734 254
642 9133 3430 inf 749 256 749 255 748 255 747 255 746 255 745 255 744 255 743 255 742 255 741 255 740 255 739 255 738 255 737 255
643 9060 3430 inf 736 254 736 255 737 255
644 9147 3487 inf 751 257 751 256 750 256
645 9133 3487 inf 749 255 749 256 750 256
646 9153 3497 inf 752 256 752 257
647 9147 3497 inf 751 256 751 257 752 257
648 9175 3499 inf 757 256 756 256 755 256 754 256
649 9153 3499 inf 752 257 752 256 753 256 754 256
650 9181 3512 inf 759 257 759 256 758 256
651 9175 3512 inf 756 256 757 256 758 256
652 9186 3514 inf 760 257 760 258 759 258
653 9181 3514 inf 759 256 759 257 759 258
654 9216 3528 inf 771 256 770 256 769 256 768 256
655 9186 3528 inf 760 258 760 257 761 257 762 257 763 257 764 257 764 256 765 256 766 256 767 256 768 256
656 9220 3535 inf 775 254 774 254 773 254 773 255
657 9216 3535 inf 770 256 771 256 771 255 772 255 773 255
658 9222 3537 inf 777 253 776 253 776 254
659 9220 3537 inf 774 254 775 254 776 254
660 9223 3538 inf 778 252 778 253
661 9222 3538 inf 776 253 777 253 778 253
662 9231 3539 inf 781 252 780 252 779 252
663 9223 3539 inf 778 253 778 252 779 252
664 9244 3553 inf 789 252 788 252 787 252
665 9231 3553 inf 780 252 781 252 782 252 783 252 784 252 785 252 786 252 787 252
666 9256 3561 inf 792 252 791 252
667 9244 3561 inf 788 252 789 252 790 252 791 252
668 9266 3565 inf 797 251 796 251 795 251
669 9256 3565 inf 791 252 792 252 792 251 793 251 794 251 795 251
670 9272 3570 inf 803 250 803 251 802 251 801 251 800 251 799 251
671 9266 3570 inf 796 251 797 251 798 251 799 251
672 9284 3572 inf 807 250 806 250 805 250 804 250 803 250
673 9272 3572 inf 803 251 803 250
674 9287 3579 inf 809 249 809 250
675 9284 3579 inf 806 250 807 250 808 250 809 250
676 9292 3583 inf 813 249 812 249
677 9287 3583 inf 809 250 809 249 810 249 811 249 812 249
678 9294 3584 inf 816 247 815 247 815 248 814 248
679 9292 3584 inf 812 249 813 249 813 248 814 248
680 9296 3587 inf 852 212 851 212
681 9306 3587 inf 851 214 851 213 851 212
682 9297 3588 inf 853 211 852 211
683 9296 3588 inf 851 212 852 212 852 211
684 9298 3589 inf 854 210 853 210
685 9297 3589 inf 852 211 853 211 853 210
686 9305 3591 inf 849 215 849 216 848 216
687 9304 3591 inf 847 217 848 217 848 216
688 9299 3592 inf 855 208 855 209
689 9298 3592 inf 853 210 854 210 854 209 855 209
690 9307 3593 inf 857 208 856 208
691 9299 3593 inf 855 209 855 208 856 208
692 9308 3594 inf 858 206 858 207 857 207
693 9307 3594 inf 856 208 857 208 857 207
694 9309 3595 inf 819 247 818 247
695 9294 3595 inf 815 247 816 247 817 247 818 247
696 9304 3602 inf 848 217 847 217 847 218
697 9320 3602 inf 847 220 847 219 847 218
698 9314 3603 inf 851 214 851 215 850 215
699 9305 3603 inf 849 216 849 215 850 215
700 9316 3604 inf 860 206 859 206
701 9308 3604 inf 858 207 858 206 859 206
702 9317 3605 inf 862 204 861 204
703 9316 3605 inf 859 206 860 206 860 205 861 205 861 204
704 9306 3606 inf 851 213 851 214 852 214
705 9314 3606 inf 851 215 851 214 852 214
706 9323 3607 inf 865 200 864 200
707 9317 3607 inf 861 204 862 204 862 203 862 202 863 202 863 201 864 201 864 200
708 9329 3609 inf 824 245 823 245 823 246 822 246
709 9309 3609 inf 818 247 819 247 820 247 820 246 821 246 822 246
710 9340 3611 inf 866 198 866 199 865 199
711 9323 3611 inf 864 200 865 200 865 199
712 9330 3613 inf 825 244 824 244 824 245
713 9329 3613 inf 823 245 824 245
714 9341 3617 inf 827 243 827 244 826 244
715 9330 3617 inf 824 244 825 244 826 244
716 9352 3618 inf 844 228 843 228 842 228
717 9351 3618 inf 842 230 842 229 842 228
718 9369 3622 inf 868 196 868 197 867 197 867 198 866 198
719 9340 3622 inf 866 199 866 198
720 9347 3623 inf 829 242 829 243 828 243
721 9341 3623 inf 827 244 827 243 828 243
722 9342 3624 inf 845 225 845 226
723 9354 3624 inf 845 227 845 226
724 9343 3625 inf 847 224 846 224 846 225
725 9342 3625 inf 845 226 845 225 846 225
726 9355 3626 inf 848 223 848 224 847 224
727 9343 3626 inf 846 224 847 224
728 9320 3627 inf 847 219 847 220 847 221 848 221 848 222 848 223
729 9355 3627 inf 848 224 848 223
730 9348 3629 inf 831 241 830 241 830 242
731 9347 3629 inf 829 243 829 242 830 242
732 9360 3630 inf 832 240 832 241 831 241
733 9348 3630 inf 830 241 831 241
734 9349 3631 inf 835 237 834 237 834 238 834 239 834 240 833 240 832 240
735 9360 3631 inf 832 241 832 240
736 9350 3632 inf 835 236 835 237
737 9349 3632 inf 834 237 835 237
738 9361 3633 inf 839 234 838 234 837 234 837 235 836 235 836 236
739 9350 3633 inf 835 237 835 236 836 236
740 9353 3635 inf 845 227 844 227 844 228
741 9352 3635 inf 843 228 844 228
742 9354 3639 inf 845 226 845 227 846 227
743 9353 3639 inf 844 227 845 227 846 227
744 9379 3641 inf 870 196 869 196 868 196
745 9369 3641 inf 868 197 868 196
746 9351 3650 inf 842 229 842 230 841 230 841 231 841 232 840 232 840 233 840 234 841 234 842 234
747 9361 3650 inf 838 234 839 234 840 234 841 234 842 234
748 9389 3651 inf 872 196 871 196 870 196
749 9379 3651 inf 869 196 870 196
750 9393 3659 inf 872 195 872 196
751 9389 3659 inf 871 196 872 196
752 9404 3668 inf 874 194 874 195 873 195
753 9393 3668 inf 872 196 872 195 873 195
754 9409 3671 inf 876 193 876 194 875 194
755 9404 3671 inf 874 195 874 194 875 194
756 9414 3676 inf 878 193 877 193
757 9409 3676 inf 876 194 876 193 877 193
758 9427 3682 inf 883 191 883 192 882 192
759 9414 3682 inf 877 193 878 193 878 192 879 192 880 192 881 192 882 192
760 9436 3687 inf 888 191 887 191 886 191 885 191 884 191
761 9427 3687 inf 883 192 883 191 884 191
762 9436 3694 inf 887 191 888 191 889 191
763 9439 3694 inf 890 192 889 192 889 191
764 9446 3698 inf 894 192 893 192
765 9439 3698 inf 889 192 890 192 891 192 892 192 893 192
766 9456 3701 inf 899 193 898 193 898 192 897 192 896 192 895 192
767 9446 3701 inf 893 192 894 192 895 192
768 9461 3707 inf 907 199 907 200
769 9460 3707 inf 908 201 907 201 907 200
770 9464 3709 inf 901 193 900 193
771 9456 3709 inf 898 193 899 193 900 193
772 9470 3710 inf 909 203 909 202 908 202
773 9460 3710 inf 907 201 908 201 908 202
774 9470 3714 inf 909 202 909 203
775 9474 3714 inf 910 204 909 204 909 203
776 9474 3718 inf 909 204 910 204
777 9484 3718 inf 911 207 911 206 910 206 910 205 910 204
778 9461 3719 inf 907 200 907 199 907 198 907 197 907 196 907 195 907 194 906 194
779 9475 3719 inf 905 194 906 194
780 9464 3720 inf 900 193 901 193 902 193 903 193 904 193 905 193
781 9475 3720 inf 906 194 905 194 905 193
782 9484 3725 inf 911 206 911 207 911 208
783 9493 3725 inf 912 209 911 209 911 208
784 9493 3731 inf 911 209 912 209 912 210
785 9498 3731 inf 912 213 912 212 912 211 912 210
786 9498 3735 inf 912 212 912 213 913 213 913 214
787 9503 3735 inf 913 215 913 214
788 9503 3738 inf 913 214 913 215 913 216
789 9505 3738 inf 913 217 913 216
790 9512 3743 inf 915 218 914 218
791 9505 3743 inf 913 216 913 217 914 217 914 218
792 9512 3747 inf 914 218 915 218 915 219 915 220
793 9520 3747 inf 915 221 915 220
794 9520 3749 inf 915 220 915 221 916 221
795 9537 3749 inf 919 226 918 226 918 225 918 224 917 224 917 223 917 222 916 222 916 221
796 9537 3757 inf 918 226 919 226
797 9542 3757 inf 918 229 918 228 919 228 919 227 919 226
798 9542 3768 inf 918 228 918 229 918 230 919 230 919 231
799 9556 3768 inf 919 234 919 233 919 232 919 231
800 9556 3772 inf 919 233 919 234 919 235 918 235 917 235 917 236 916 236 916 237
801 9558 3772 inf 917 238 916 238 916 237
802 9558 3775 inf 916 238 917 238 917 239 917 240
803 9564 3775 inf 918 242 917 242 917 241 917 240
804 9564 3783 inf 917 242 918 242 918 243 918 244
805 9580 3783 inf 919 246 919 245 918 245 918 244
806 9580 3789 inf 919 245 919 246
807 9590 3789 inf 920 249 920 248 920 247 919 247 919 246
808 9596 3795 inf 920 251 920 250 919 250
809 9590 3795 inf 920 248 920 249 920 250 919 250
810 9596 3798 inf 920 250 920 251
811 9600 3798 inf 921 252 920 252 920 251
812 9605 3805 inf 922 255 921 255 921 256
813 9600 3805 inf 920 252 921 252 921 253 921 254 921 255 921 256
814 9605 3808 inf 921 255 922 255 923 255 923 256
815 9614 3808 inf 924 257 923 257 923 256
816 9614 3812 inf 923 257 924 257 924 258 924 259
817 9621 3812 inf 924 260 924 259
818 9621 3816 inf 924 259 924 260 924 261 925 261
819 9630 3816 inf 926 262 925 262 925 261
820 9630 3823 inf 925 262 926 262 926 263
821 9634 3823 inf 926 264 926 263
822 9634 3831 inf 926 263 926 264 926 265 926 266 927 266 927 267 927 268 927 269 928 269 928 270
823 9652 3831 inf 929 272 929 271 928 271 928 270
824 9659 3837 inf 930 274 929 274
825 9652 3837 inf 929 271 929 272 929 273 929 274
826 9659 3843 inf 929 274 930 274 931 274 931 275 932 275 932 276
827 9677 3843 inf 933 279 933 278 933 277 932 277 932 276
828 9677 3851 inf 933 278 933 279 934 279
829 9681 3851 inf 934 280 934 279
830 3960 0 inf 19 116 18 116 18 117 17 117
831 9681 0 inf 934 279 934 280
