9694
0 -1 -1
1 16 166
2 17 167
3 18 166
4 18 168
5 19 169
6 20 170
7 24 170
8 14 148
9 25 171
10 14 145
11 26 172
12 15 144
13 27 173
14 32 160
15 26 176
16 35 161
17 22 148
18 28 175
19 37 162
20 15 140
21 18 142
22 27 178
23 29 176
24 40 165
25 28 179
26 30 177
27 37 170
28 41 166
29 43 164
30 30 180
31 32 178
32 42 168
33 31 181
34 32 182
35 46 168
36 50 164
37 48 162
38 34 183
39 35 184
40 47 172
41 19 126
42 54 168
43 18 124
44 37 186
45 57 162
46 38 187
47 42 144
48 19 121
49 23 124
50 22 123
51 40 188
52 25 125
53 27 126
54 66 164
55 63 161
56 24 122
57 22 120
58 42 189
59 58 173
60 26 123
61 30 126
62 20 116
63 43 190
64 67 166
65 66 161
66 65 169
67 32 126
68 22 116
69 44 191
70 49 186
71 63 172
72 34 127
73 71 165
74 29 121
75 22 114
76 45 192
77 69 168
78 67 158
79 51 187
80 36 126
81 32 122
82 61 178
83 66 173
84 34 123
85 47 193
86 69 171
87 68 156
88 30 118
89 62 179
90 38 125
91 48 194
92 50 136
93 32 118
94 30 113
95 63 183
96 43 125
97 51 196
98 80 161
99 50 131
100 46 127
101 56 136
102 38 118
103 76 155
104 64 186
105 78 156
106 57 135
107 85 159
108 58 132
109 30 104
110 25 99
111 58 197
112 66 189
113 84 157
114 69 187
115 62 134
116 32 104
117 29 101
118 26 98
119 22 94
120 73 184
121 75 182
122 89 160
123 88 159
124 87 158
125 86 157
126 61 132
127 60 130
128 34 104
129 30 100
130 27 97
131 25 95
132 21 91
133 70 189
134 88 157
135 86 155
136 46 115
137 33 102
138 63 197
139 63 131
140 28 96
141 26 94
142 22 90
143 38 105
144 34 101
145 32 99
146 58 124
147 37 103
148 36 102
149 91 156
150 70 135
151 66 131
152 40 105
153 39 104
154 22 87
155 66 198
156 99 163
157 52 116
158 51 115
159 34 98
160 62 125
161 42 105
162 76 190
163 54 116
164 32 94
165 94 155
166 76 137
167 38 99
168 37 98
169 76 192
170 98 158
171 66 126
172 64 124
173 43 103
174 40 100
175 24 84
176 23 83
177 89 180
178 61 120
179 58 117
180 46 105
181 70 200
182 87 183
183 96 154
184 64 122
185 44 102
186 40 98
187 35 93
188 68 125
189 66 123
190 47 104
191 39 96
192 30 87
193 29 86
194 79 193
195 63 119
196 38 94
197 95 178
198 103 158
199 82 137
200 67 122
201 50 105
202 90 184
203 108 162
204 101 155
205 74 128
206 70 124
207 69 123
208 60 114
209 87 188
210 93 182
211 94 181
212 95 180
213 96 179
214 68 121
215 62 115
216 98 178
217 82 134
218 72 124
219 50 102
220 46 98
221 94 183
222 86 137
223 79 130
224 71 122
225 69 120
226 93 185
227 77 127
228 74 124
229 56 106
230 109 158
231 89 138
232 85 134
233 76 125
234 62 111
235 81 199
236 88 192
237 82 130
238 79 127
239 78 126
240 98 183
241 99 182
242 88 135
243 77 124
244 68 115
245 64 111
246 77 205
247 80 126
248 79 125
249 89 194
250 100 183
251 89 134
252 78 123
253 77 122
254 78 206
255 95 189
256 96 188
257 80 124
258 68 112
259 62 106
260 58 102
261 92 135
262 90 133
263 87 130
264 86 129
265 82 125
266 79 122
267 78 121
268 86 200
269 96 138
270 94 136
271 85 127
272 70 112
273 54 96
274 80 207
275 93 194
276 104 183
277 93 134
278 83 124
279 98 138
280 90 130
281 89 129
282 88 128
283 85 125
284 80 120
285 81 208
286 84 123
287 83 122
288 79 118
289 74 113
290 96 194
291 86 124
292 88 125
293 85 122
294 84 121
295 83 209
296 103 139
297 100 136
298 94 130
299 87 123
300 81 117
301 73 109
302 65 101
303 62 98
304 60 96
305 46 82
306 105 188
307 102 137
308 98 133
309 97 132
310 90 125
311 76 111
312 84 210
313 95 129
314 82 116
315 80 114
316 78 112
317 66 100
318 62 96
319 47 81
320 89 122
321 88 121
322 87 120
323 84 117
324 69 102
325 106 190
326 108 140
327 96 128
328 95 127
329 93 125
330 92 124
331 86 118
332 81 113
333 78 110
334 86 211
335 85 116
336 94 124
337 90 120
338 88 118
339 84 114
340 82 112
341 78 108
342 66 96
343 86 115
344 96 124
345 90 118
346 89 117
347 83 111
348 82 110
349 79 107
350 70 98
351 89 212
352 106 133
353 98 125
354 93 120
355 87 114
356 116 142
357 110 136
358 84 110
359 90 213
360 102 201
361 103 128
362 102 127
363 101 126
364 99 124
365 88 113
366 69 94
367 66 91
368 86 110
369 84 108
370 130 153
371 99 122
372 132 154
373 104 126
374 101 123
375 92 114
376 93 214
377 102 205
378 107 128
379 106 127
380 103 124
381 94 115
382 86 107
383 78 99
384 69 90
385 136 156
386 118 138
387 96 116
388 90 110
389 89 109
390 138 157
391 105 124
392 104 123
393 103 122
394 98 117
395 87 106
396 78 97
397 108 126
398 91 109
399 90 108
400 66 84
401 110 201
402 134 151
403 132 149
404 144 160
405 142 158
406 141 157
407 107 123
408 106 122
409 96 112
410 94 110
411 92 108
412 97 216
413 146 161
414 139 154
415 122 137
416 91 106
417 137 151
418 134 148
419 107 121
420 104 118
421 98 112
422 96 110
423 147 168
424 146 159
425 140 153
426 103 116
427 77 90
428 114 202
429 148 160
430 138 150
431 135 147
432 126 138
433 125 137
434 112 124
435 110 122
436 96 108
437 92 104
438 74 86
439 148 169
440 150 161
441 109 120
442 108 119
443 82 93
444 152 162
445 139 149
446 132 142
447 102 112
448 97 107
449 149 170
450 154 163
451 144 153
452 143 152
453 106 115
454 83 92
455 127 135
456 115 123
457 114 122
458 113 121
459 111 119
460 99 107
461 98 106
462 118 203
463 133 140
464 116 122
465 114 120
466 112 118
467 100 106
468 81 87
469 153 170
470 135 140
471 130 135
472 129 134
473 127 132
474 107 112
475 106 111
476 105 110
477 104 109
478 103 108
479 102 107
480 108 216
481 115 119
482 112 116
483 110 114
484 109 113
485 81 85
486 122 203
487 138 141
488 108 111
489 107 110
490 106 109
491 102 105
492 155 171
493 162 164
494 161 163
495 159 161
496 158 160
497 132 134
498 119 121
499 116 118
500 114 116
501 82 84
502 157 170
503 157 158
504 136 137
505 112 113
506 156 172
507 138 138
508 119 119
509 116 116
510 106 106
511 115 114
512 126 204
513 120 118
514 117 115
515 106 104
516 105 103
517 158 173
518 160 171
519 109 106
520 108 105
521 148 184
522 142 138
523 138 134
524 135 131
525 118 114
526 137 132
527 120 115
528 162 172
529 148 142
530 146 140
531 119 113
532 118 112
533 94 88
534 121 114
535 162 154
536 151 143
537 125 117
538 164 173
539 138 129
540 122 113
541 150 140
542 126 116
543 134 205
544 141 198
545 157 146
546 156 145
547 122 111
548 121 110
549 115 104
550 161 179
551 166 174
552 154 142
553 153 141
554 125 113
555 124 112
556 142 199
557 157 144
558 156 143
559 121 221
560 136 206
561 162 180
562 163 149
563 126 112
564 125 111
565 123 109
566 120 106
567 118 104
568 114 100
569 166 151
570 165 150
571 170 154
572 169 153
573 168 152
574 126 110
575 164 181
576 128 111
577 140 206
578 164 146
579 126 108
580 118 100
581 125 222
582 182 163
583 180 161
584 179 160
585 167 148
586 166 147
587 134 115
588 129 110
589 184 164
590 128 108
591 126 223
592 181 160
593 180 159
594 178 157
595 177 156
596 176 155
597 155 134
598 130 109
599 167 183
600 183 167
601 185 165
602 172 150
603 166 144
604 165 143
605 137 115
606 128 106
607 126 104
608 187 164
609 186 163
610 185 162
611 184 161
612 183 160
613 181 158
614 177 154
615 158 135
616 139 116
617 134 218
618 184 168
619 185 167
620 186 166
621 180 156
622 171 147
623 162 138
624 143 119
625 137 113
626 145 208
627 169 184
628 188 165
629 179 154
630 178 153
631 173 148
632 164 139
633 134 109
634 131 106
635 185 169
636 190 164
637 189 163
638 188 162
639 187 161
640 186 160
641 185 159
642 184 158
643 183 157
644 146 120
645 143 117
646 142 116
647 126 100
648 189 166
649 176 149
650 170 143
651 169 142
652 168 141
653 164 137
654 163 136
655 148 121
656 132 105
657 114 87
658 171 185
659 187 169
660 180 152
661 178 150
662 173 145
663 172 144
664 166 138
665 146 118
666 142 114
667 133 224
668 190 167
669 186 157
670 182 153
671 113 84
672 188 170
673 193 165
674 194 164
675 193 163
676 192 162
677 178 148
678 169 139
679 148 118
680 147 117
681 144 114
682 134 104
683 133 103
684 133 226
685 173 186
686 180 179
687 191 168
688 185 154
689 184 153
690 172 141
691 171 140
692 151 120
693 150 119
694 146 115
695 132 101
696 189 171
697 194 166
698 176 144
699 174 142
700 153 121
701 192 169
702 189 156
703 188 155
704 187 154
705 186 153
706 185 152
707 184 151
708 183 150
709 178 145
710 151 118
711 135 102
712 175 187
713 190 172
714 195 167
715 198 164
716 182 148
717 159 125
718 197 162
719 196 161
720 161 126
721 154 210
722 191 173
723 194 170
724 199 165
725 195 159
726 194 158
727 190 154
728 186 150
729 152 116
730 150 114
731 140 104
732 130 94
733 118 82
734 138 227
735 177 188
736 201 164
737 192 155
738 159 122
739 158 121
740 139 102
741 134 97
742 155 211
743 192 174
744 195 171
745 167 129
746 149 111
747 148 110
748 137 99
749 136 98
750 157 118
751 156 117
752 152 113
753 151 112
754 142 103
755 134 95
756 121 82
757 179 189
758 193 175
759 196 172
760 191 151
761 190 150
762 171 131
763 170 130
764 154 114
765 149 109
766 141 101
767 164 123
768 163 122
769 162 121
770 161 120
771 160 119
772 122 81
773 169 201
774 195 175
775 197 173
776 203 167
777 152 110
778 142 100
779 173 130
780 144 228
781 150 222
782 170 202
783 182 190
784 153 109
785 152 108
786 146 102
787 159 214
788 166 207
789 195 178
790 196 177
791 176 131
792 168 123
793 125 80
794 198 176
795 178 132
796 167 121
797 160 114
798 147 101
799 158 217
800 168 207
801 184 191
802 174 202
803 197 179
804 199 177
805 150 102
806 169 208
807 170 207
808 174 125
809 150 228
810 162 216
811 176 202
812 198 180
813 178 128
814 165 115
815 159 109
816 164 215
817 187 192
818 171 209
819 177 203
820 215 166
821 124 71
822 166 216
823 176 206
824 174 209
825 179 204
826 200 183
827 218 165
828 218 163
829 162 222
830 217 161
831 136 80
832 176 209
833 177 208
834 201 184
835 170 216
836 169 111
837 202 185
838 215 172
839 140 81
840 171 217
841 179 209
842 142 82
843 136 76
844 203 186
845 216 173
846 172 218
847 180 210
848 202 189
849 204 187
850 173 219
851 183 209
852 189 203
853 219 173
854 154 90
855 147 83
856 194 199
857 226 161
858 225 160
859 224 159
860 149 84
861 136 71
862 174 220
863 203 191
864 217 177
865 166 100
866 151 85
867 139 73
868 205 190
869 153 86
870 142 75
871 204 192
872 217 179
873 170 102
874 155 87
875 138 70
876 134 66
877 176 221
878 202 195
879 207 190
880 173 104
881 157 88
882 145 76
883 178 220
884 159 89
885 144 74
886 142 72
887 203 196
888 216 183
889 218 181
890 162 91
891 161 90
892 178 222
893 205 195
894 192 120
895 177 105
896 175 103
897 152 80
898 180 221
899 204 197
900 155 82
901 154 81
902 159 85
903 157 83
904 171 232
905 206 197
906 161 86
907 154 79
908 182 222
909 220 144
910 166 90
911 163 87
912 150 74
913 216 189
914 218 187
915 226 149
916 180 103
917 176 99
918 174 97
919 165 88
920 225 147
921 224 146
922 178 100
923 170 92
924 164 86
925 189 218
926 166 87
927 180 228
928 208 200
929 188 108
930 158 78
931 192 217
932 220 139
933 194 216
934 159 77
935 181 230
936 196 215
937 166 83
938 218 194
939 220 192
940 158 74
941 248 163
942 240 155
943 239 154
944 238 153
945 233 148
946 177 92
947 182 232
948 186 228
949 216 198
950 247 161
951 246 160
952 245 159
953 244 158
954 172 86
955 162 76
956 158 72
957 234 147
958 180 93
959 203 213
960 231 143
961 230 142
962 229 141
963 214 126
964 213 125
965 212 124
966 182 94
967 150 62
968 184 233
969 195 222
970 196 221
971 219 198
972 210 121
973 198 109
974 184 95
975 227 137
976 226 136
977 200 110
978 197 107
979 193 103
980 187 97
981 186 96
982 154 64
983 185 234
984 233 142
985 195 104
986 192 101
987 191 100
988 190 99
989 189 98
990 178 87
991 177 86
992 220 200
993 197 105
994 182 90
995 174 82
996 170 78
997 162 70
998 186 235
999 235 186
1000 247 154
1001 246 153
1002 196 103
1003 195 102
1004 194 101
1005 178 85
1006 169 76
1007 168 75
1008 167 74
1009 191 231
1010 231 191
1011 250 172
1012 204 110
1013 218 205
1014 181 86
1015 187 237
1016 198 226
1017 220 204
1018 187 91
1019 180 84
1020 201 224
1021 189 92
1022 188 238
1023 206 220
1024 200 102
1025 199 101
1026 174 76
1027 235 192
1028 253 174
1029 235 136
1030 233 134
1031 223 124
1032 203 104
1033 202 103
1034 182 83
1035 203 225
1036 220 208
1037 188 88
1038 187 87
1039 176 76
1040 208 221
1041 225 204
1042 254 175
1043 184 83
1044 179 78
1045 178 77
1046 214 216
1047 220 210
1048 221 209
1049 225 123
1050 197 95
1051 196 94
1052 205 226
1053 208 223
1054 200 97
1055 199 96
1056 215 217
1057 225 207
1058 203 99
1059 183 79
1060 182 78
1061 181 77
1062 180 76
1063 230 203
1064 207 102
1065 206 101
1066 205 100
1067 186 81
1068 185 80
1069 207 227
1070 216 218
1071 255 179
1072 201 95
1073 192 86
1074 191 85
1075 222 213
1076 226 209
1077 270 165
1078 198 239
1079 227 210
1080 228 209
1081 258 179
1082 223 215
1083 260 178
1084 272 166
1085 217 107
1086 216 106
1087 199 240
1088 229 210
1089 264 153
1090 224 216
1091 260 180
1092 262 178
1093 273 167
1094 200 241
1095 230 211
1096 243 198
1097 219 106
1098 261 181
1099 274 168
1100 267 153
1101 225 218
1102 266 177
1103 214 230
1104 230 214
1105 231 213
1106 264 180
1107 269 175
1108 275 169
1109 261 184
1110 269 152
1111 202 244
1112 226 220
1113 232 214
1114 267 179
1115 277 170
1116 232 216
1117 233 215
1118 204 245
1119 227 222
1120 278 171
1121 270 149
1122 277 174
1123 264 188
1124 266 186
1125 268 184
1126 205 248
1127 211 242
1128 212 241
1129 213 240
1130 279 175
1131 267 188
1132 230 226
1133 245 212
1134 281 176
1135 285 172
1136 231 227
1137 236 222
1138 246 213
1139 270 189
1140 232 228
1141 236 224
1142 237 223
1143 273 187
1144 276 184
1145 282 178
1146 287 155
1147 204 257
1148 247 214
1149 289 156
1150 236 226
1151 238 224
1152 277 185
1153 291 157
1154 205 258
1155 275 188
1156 238 226
1157 239 225
1158 248 216
1159 282 182
1160 284 180
1161 287 177
1162 268 197
1163 207 259
1164 239 227
1165 240 226
1166 241 225
1167 249 217
1168 283 183
1169 287 179
1170 276 191
1171 286 181
1172 289 178
1173 300 161
1174 299 160
1175 208 260
1176 237 231
1177 242 226
1178 270 198
1179 278 190
1180 281 187
1181 288 180
1182 287 182
1183 278 192
1184 280 190
1185 209 262
1186 239 232
1187 242 229
1188 244 227
1189 270 201
1190 288 183
1191 290 181
1192 286 186
1193 240 233
1194 245 228
1195 274 199
1196 280 193
1197 289 184
1198 306 167
1199 272 202
1200 282 192
1201 287 187
1202 292 182
1203 211 264
1204 243 232
1205 246 229
1206 307 168
1207 276 200
1208 282 194
1209 288 188
1210 290 186
1211 212 265
1212 242 235
1213 243 234
1214 281 196
1215 286 191
1216 294 183
1217 245 233
1218 248 230
1219 276 202
1220 283 195
1221 309 169
1222 243 236
1223 244 235
1224 295 184
1225 242 238
1226 283 197
1227 240 241
1228 247 234
1229 275 206
1230 280 201
1231 311 170
1232 228 254
1233 246 236
1234 284 198
1235 286 196
1236 290 192
1237 297 185
1238 293 190
1239 246 238
1240 247 237
1241 249 235
1242 295 189
1243 280 205
1244 289 196
1245 220 266
1246 247 239
1247 248 238
1248 250 236
1249 292 194
1250 293 193
1251 314 172
1252 228 259
1253 285 202
1254 300 187
1255 248 240
1256 249 239
1257 251 237
1258 252 236
1259 298 190
1260 222 267
1261 283 206
1262 294 195
1263 316 173
1264 249 241
1265 250 240
1266 288 202
1267 296 194
1268 223 268
1269 252 239
1270 254 237
1271 270 221
1272 250 242
1273 295 197
1274 248 245
1275 255 238
1276 303 190
1277 231 263
1278 232 262
1279 299 195
1280 319 175
1281 234 261
1282 249 246
1283 252 243
1284 256 239
1285 293 202
1286 297 198
1287 226 270
1288 236 260
1289 303 193
1290 253 244
1291 257 240
1292 294 203
1293 305 192
1294 321 176
1295 272 226
1296 298 200
1297 302 197
1298 304 195
1299 306 193
1300 322 177
1301 259 241
1302 273 227
1303 296 204
1304 301 199
1305 223 278
1306 272 229
1307 295 206
1308 305 196
1309 307 194
1310 221 281
1311 230 272
1312 256 246
1313 282 221
1314 296 207
1315 298 205
1316 302 201
1317 306 197
1318 224 280
1319 257 247
1320 260 244
1321 304 200
1322 232 273
1323 299 206
1324 307 198
1325 261 245
1326 298 208
1327 304 202
1328 259 248
1329 290 217
1330 300 207
1331 306 201
1332 314 193
1333 258 250
1334 262 246
1335 264 244
1336 299 209
1337 326 182
1338 260 249
1339 284 225
1340 285 224
1341 310 199
1342 259 251
1343 264 246
1344 277 233
1345 300 210
1346 312 198
1347 302 209
1348 303 208
1349 308 203
1350 311 200
1351 224 288
1352 257 255
1353 260 252
1354 262 250
1355 264 248
1356 278 234
1357 285 227
1358 328 184
1359 312 201
1360 258 256
1361 261 253
1362 288 226
1363 303 211
1364 304 210
1365 310 204
1366 329 185
1367 263 252
1368 266 249
1369 267 248
1370 262 254
1371 310 206
1372 314 202
1373 267 250
1374 312 205
1375 331 186
1376 240 278
1377 260 258
1378 271 247
1379 286 232
1380 306 212
1381 263 256
1382 265 254
1383 266 253
1384 268 251
1385 270 249
1386 281 238
1387 290 229
1388 261 259
1389 306 214
1390 267 254
1391 271 250
1392 273 248
1393 290 231
1394 308 213
1395 313 208
1396 320 201
1397 262 260
1398 266 256
1399 334 188
1400 265 258
1401 292 231
1402 308 215
1403 245 279
1404 263 261
1405 268 256
1406 275 249
1407 310 214
1408 315 209
1409 266 259
1410 309 216
1411 319 206
1412 272 254
1413 318 208
1414 265 262
1415 267 260
1416 277 250
1417 284 243
1418 312 215
1419 331 196
1420 335 192
1421 337 190
1422 270 258
1423 276 252
1424 314 214
1425 268 261
1426 269 260
1427 274 255
1428 278 251
1429 291 238
1430 338 191
1431 314 216
1432 323 207
1433 326 204
1434 269 262
1435 279 252
1436 320 211
1437 339 192
1438 268 264
1439 271 261
1440 292 240
1441 324 208
1442 333 199
1443 270 263
1444 274 259
1445 339 194
1446 254 280
1447 276 258
1448 293 241
1449 317 217
1450 323 211
1451 273 262
1452 278 257
1453 279 256
1454 272 264
1455 274 263
1456 294 243
1457 316 221
1458 323 214
1459 342 195
1460 278 260
1461 280 258
1462 281 257
1463 258 281
1464 275 264
1465 323 216
1466 324 215
1467 331 208
1468 295 245
1469 327 213
1470 308 233
1471 321 220
1472 331 210
1473 275 267
1474 283 259
1475 296 246
1476 328 214
1477 344 198
1478 287 256
1479 326 217
1480 284 260
1481 323 221
1482 331 213
1483 333 211
1484 275 270
1485 327 218
1486 324 222
1487 286 261
1488 277 271
1489 331 217
1490 299 250
1491 323 226
1492 278 272
1493 281 269
1494 288 262
1495 301 250
1496 282 270
1497 289 263
1498 300 252
1499 334 218
1500 337 215
1501 342 210
1502 272 281
1503 302 251
1504 283 271
1505 301 253
1506 318 236
1507 338 216
1508 303 252
1509 344 211
1510 292 264
1511 302 254
1512 338 218
1513 284 273
1514 304 253
1515 337 220
1516 293 265
1517 303 255
1518 346 212
1519 285 274
1520 289 270
1521 279 281
1522 294 266
1523 304 256
1524 305 255
1525 339 221
1526 341 219
1527 346 214
1528 286 275
1529 290 271
1530 343 218
1531 344 217
1532 284 278
1533 287 276
1534 289 274
1535 291 272
1536 296 267
1537 343 220
1538 306 258
1539 288 278
1540 294 272
1541 297 269
1542 301 265
1543 333 233
1544 345 222
1545 286 282
1546 298 270
1547 301 267
1548 302 266
1549 309 260
1550 283 287
1551 287 284
1552 288 283
1553 302 269
1554 311 260
1555 331 240
1556 337 234
1557 352 219
1558 290 282
1559 292 281
1560 299 274
1561 305 268
1562 341 232
1563 333 241
1564 353 221
1565 360 214
1566 292 285
1567 301 276
1568 335 242
1569 285 293
1570 287 292
1571 288 291
1572 342 237
1573 351 228
1574 356 223
1575 358 221
1576 292 288
1577 337 243
1578 291 290
1579 343 238
1580 360 222
1581 299 284
1582 302 281
1583 309 275
1584 362 223
1585 345 241
1586 360 227
1587 363 224
1588 309 279
1589 321 268
1590 346 243
1591 362 228
1592 364 226
1593 322 269
1594 346 245
1595 347 244
1596 313 280
1597 314 279
1598 347 246
1599 348 247
1600 312 284
1601 317 282
1602 350 249
1603 351 250
1604 352 251
1605 353 252
1606 386 205
1607 322 285
1608 354 253
1609 387 204
1610 387 221
1611 323 286
1612 355 254
1613 375 234
1614 374 236
1615 394 208
1616 389 203
1617 386 225
1618 393 206
1619 325 287
1620 375 237
1621 392 220
1622 357 257
1623 392 222
1624 327 288
1625 377 238
1626 380 237
1627 382 235
1628 396 203
1629 381 238
1630 383 236
1631 385 234
1632 392 227
1633 394 225
1634 395 224
1635 331 289
1636 398 202
1637 378 243
1638 380 241
1639 382 239
1640 386 235
1641 393 228
1642 395 226
1643 349 273
1644 399 201
1645 398 200
1646 381 242
1647 383 240
1648 384 239
1649 394 229
1650 400 223
1651 361 263
1652 396 228
1653 399 199
1654 335 290
1655 385 240
1656 386 239
1657 390 235
1658 398 227
1659 400 225
1660 401 200
1661 362 264
1662 397 229
1663 403 223
1664 386 241
1665 387 240
1666 391 236
1667 402 225
1668 403 200
1669 363 265
1670 398 230
1671 405 224
1672 338 292
1673 364 266
1674 386 244
1675 392 238
1676 404 226
1677 400 231
1678 365 267
1679 393 239
1680 407 199
1681 406 198
1682 340 293
1683 400 233
1684 401 232
1685 409 200
1686 359 275
1687 366 268
1688 388 246
1689 394 240
1690 406 228
1691 407 227
1692 410 224
1693 367 269
1694 389 247
1695 395 241
1696 343 294
1697 405 232
1698 411 226
1699 391 247
1700 396 242
1701 398 240
1702 369 270
1703 393 246
1704 397 243
1705 399 241
1706 346 295
1707 370 271
1708 394 247
1709 428 211
1710 427 210
1711 426 209
1712 396 246
1713 400 242
1714 425 207
1715 394 249
1716 413 230
1717 416 227
1718 417 226
1719 348 296
1720 356 288
1721 372 272
1722 396 248
1723 402 242
1724 415 229
1725 421 201
1726 417 228
1727 425 204
1728 373 273
1729 432 210
1730 358 289
1731 397 250
1732 402 245
1733 411 236
1734 349 299
1735 374 274
1736 426 202
1737 403 246
1738 418 231
1739 435 214
1740 436 213
1741 437 212
1742 353 297
1743 360 290
1744 399 251
1745 400 250
1746 376 275
1747 427 200
1748 418 234
1749 439 213
1750 438 210
1751 355 298
1752 402 251
1753 433 220
1754 378 276
1755 406 248
1756 439 215
1757 441 211
1758 439 209
1759 438 208
1760 428 198
1761 365 290
1762 401 254
1763 404 252
1764 426 230
1765 440 208
1766 439 207
1767 367 290
1768 411 246
1769 416 241
1770 429 196
1771 362 296
1772 441 207
1773 406 253
1774 424 235
1775 405 255
1776 446 210
1777 442 206
1778 430 194
1779 391 270
1780 392 269
1781 393 268
1782 394 267
1783 395 266
1784 397 265
1785 398 264
1786 443 205
1787 431 193
1788 395 268
1789 427 236
1790 435 228
1791 441 222
1792 398 266
1793 400 264
1794 401 263
1795 432 192
1796 393 272
1797 441 224
1798 449 216
1799 445 204
1800 433 191
1801 384 283
1802 387 280
1803 370 298
1804 447 203
1805 413 256
1806 440 229
1807 445 224
1808 435 190
1809 386 284
1810 432 238
1811 455 215
1812 449 202
1813 391 281
1814 443 229
1815 437 189
1816 430 244
1817 444 194
1818 375 300
1819 389 286
1820 447 228
1821 453 201
1822 390 287
1823 419 258
1824 453 224
1825 454 223
1826 455 222
1827 377 301
1828 396 282
1829 451 227
1830 457 221
1831 430 249
1832 459 220
1833 460 219
1834 444 189
1835 432 248
1836 451 193
1837 453 194
1838 441 243
1839 442 242
1840 381 304
1841 444 241
1842 445 240
1843 450 189
1844 405 281
1845 461 225
1846 462 224
1847 453 191
1848 452 190
1849 447 240
1850 455 192
1851 383 305
1852 432 256
1853 462 226
1854 463 225
1855 464 224
1856 465 223
1857 475 213
1858 476 212
1859 458 194
1860 457 193
1861 429 260
1862 441 248
1863 451 238
1864 452 237
1865 467 222
1866 468 221
1867 469 220
1868 460 195
1869 449 241
1870 385 306
1871 456 235
1872 473 218
1873 474 217
1874 476 215
1875 477 214
1876 478 213
1877 479 212
1878 477 210
1879 463 196
1880 458 234
1881 433 260
1882 453 240
1883 454 239
1884 460 233
1885 471 222
1886 472 221
1887 473 220
1888 474 219
1889 480 211
1890 462 232
1891 479 209
1892 477 207
1893 435 260
1894 458 237
1895 464 231
1896 465 230
1897 470 225
1898 474 221
1899 475 220
1900 477 218
1901 480 215
1902 481 214
1903 483 212
1904 482 211
1905 395 301
1906 460 236
1907 461 235
1908 480 208
1909 387 310
1910 397 300
1911 398 299
1912 399 298
1913 400 297
1914 455 242
1915 456 241
1916 463 234
1917 464 233
1918 478 205
1919 470 197
1920 435 263
1921 466 232
1922 467 231
1923 474 224
1924 475 223
1925 476 222
1926 483 209
1927 480 206
1928 398 301
1929 464 235
1930 478 221
1931 479 220
1932 479 204
1933 392 308
1934 437 263
1935 470 230
1936 473 227
1937 474 226
1938 475 225
1939 476 224
1940 474 198
1941 390 311
1942 397 304
1943 399 302
1944 441 260
1945 482 219
1946 487 210
1947 481 204
1948 402 300
1949 468 234
1950 478 224
1951 481 221
1952 404 299
1953 429 274
1954 441 262
1955 464 239
1956 465 238
1957 470 233
1958 471 232
1959 474 229
1960 477 226
1961 488 209
1962 482 203
1963 476 228
1964 485 205
1965 481 201
1966 393 312
1967 444 261
1968 445 260
1969 489 208
1970 487 206
1971 448 258
1972 482 224
1973 484 202
1974 482 200
1975 403 304
1976 488 205
1977 487 204
1978 405 303
1979 406 302
1980 407 301
1981 485 201
1982 484 200
1983 396 313
1984 409 300
1985 486 223
1986 486 200
1987 485 199
1988 407 304
1989 408 303
1990 409 302
1991 416 295
1992 496 209
1993 495 208
1994 398 314
1995 494 206
1996 486 198
1997 485 197
1998 404 309
1999 490 223
2000 491 222
2001 492 203
2002 487 197
2003 486 196
2004 485 195
2005 461 254
2006 464 252
2007 486 230
2008 496 220
2009 497 219
2010 493 201
2011 488 196
2012 487 195
2013 481 236
2014 488 229
2015 454 264
2016 480 238
2017 496 222
2018 404 315
2019 467 252
2020 489 193
2021 468 253
2022 481 240
2023 507 214
2024 488 191
2025 506 216
2026 499 224
2027 499 200
2028 454 270
2029 462 262
2030 490 190
2031 456 269
2032 464 261
2033 473 252
2034 503 222
2035 486 185
2036 466 260
2037 475 251
2038 460 267
2039 477 250
2040 501 226
2041 502 225
2042 512 215
2043 508 205
2044 491 188
2045 432 296
2046 462 266
2047 463 265
2048 472 256
2049 479 249
2050 500 228
2051 511 217
2052 487 183
2053 484 245
2054 498 231
2055 499 230
2056 508 221
2057 509 220
2058 515 214
2059 514 209
2060 494 236
2061 495 235
2062 509 203
2063 429 302
2064 431 300
2065 432 299
2066 473 258
2067 475 256
2068 476 255
2069 478 253
2070 479 252
2071 480 251
2072 491 240
2073 492 239
2074 493 238
2075 516 209
2076 488 181
2077 434 298
2078 492 184
2079 485 248
2080 508 225
2081 515 218
2082 510 201
2083 509 200
2084 491 182
2085 447 287
2086 489 246
2087 509 226
2088 516 219
2089 491 180
2090 434 302
2091 435 301
2092 444 292
2093 481 255
2094 446 291
2095 440 298
2096 448 290
2097 449 289
2098 450 288
2099 494 244
2100 497 183
2101 499 184
2102 514 226
2103 497 181
2104 492 176
2105 516 199
2106 445 297
2107 446 296
2108 447 295
2109 448 294
2110 450 292
2111 499 180
2112 456 288
2113 464 280
2114 455 290
2115 517 196
2116 512 191
2117 501 245
2118 510 236
2119 511 235
2120 512 234
2121 463 284
2122 503 244
2123 505 242
2124 506 241
2125 507 240
2126 514 233
2127 515 232
2128 516 231
2129 512 189
2130 497 251
2131 499 249
2132 500 248
2133 513 235
2134 518 230
2135 496 172
2136 492 168
2137 508 241
2138 510 239
2139 530 219
2140 531 218
2141 471 279
2142 516 234
2143 518 232
2144 519 231
2145 503 248
2146 522 229
2147 493 166
2148 505 247
2149 506 246
2150 497 169
2151 467 286
2152 479 274
2153 508 245
2154 469 285
2155 481 273
2156 490 264
2157 502 252
2158 510 244
2159 511 243
2160 516 238
2161 532 202
2162 518 237
2163 519 236
2164 494 163
2165 484 272
2166 493 263
2167 499 257
2168 521 235
2169 522 234
2170 523 233
2171 533 201
2172 487 270
2173 507 250
2174 545 212
2175 495 162
2176 489 269
2177 496 262
2178 544 214
2179 506 253
2180 507 252
2181 508 251
2182 527 232
2183 543 216
2184 534 199
2185 490 270
2186 491 269
2187 534 226
2188 547 211
2189 495 266
2190 503 258
2191 510 251
2192 511 250
2193 523 238
2194 530 231
2195 531 230
2196 545 208
2197 535 198
2198 500 262
2199 513 249
2200 516 246
2201 518 244
2202 526 236
2203 528 234
2204 529 233
2205 498 265
2206 531 232
2207 532 231
2208 538 225
2209 544 219
2210 546 217
2211 547 216
2212 551 212
2213 536 197
2214 496 157
2215 504 260
2216 520 244
2217 522 242
2218 550 214
2219 506 259
2220 524 241
2221 546 219
2222 549 216
2223 553 212
2224 496 155
2225 510 256
2226 514 252
2227 515 251
2228 535 231
2229 542 224
2230 552 210
2231 517 250
2232 526 241
2233 527 240
2234 544 223
2235 547 220
2236 551 216
2237 554 211
2238 551 208
2239 549 206
2240 512 256
2241 524 244
2242 530 238
2243 540 228
2244 554 214
2245 497 153
2246 508 261
2247 509 260
2248 520 249
2249 521 248
2250 522 247
2251 526 243
2252 532 237
2253 546 223
2254 553 208
2255 552 207
2256 548 203
2257 516 254
2258 517 253
2259 518 252
2260 548 222
2261 552 218
2262 553 217
2263 557 213
2264 512 259
2265 527 244
2266 537 234
2267 555 216
2268 558 211
2269 556 209
2270 555 208
2271 498 151
2272 514 258
2273 516 256
2274 517 255
2275 520 252
2276 526 246
2277 529 243
2278 541 231
2279 546 226
2280 554 206
2281 519 254
2282 545 228
2283 559 210
2284 556 207
2285 553 204
2286 524 250
2287 527 247
2288 534 240
2289 535 239
2290 543 231
2291 518 168
2292 550 225
2293 560 215
2294 552 201
2295 549 198
2296 532 244
2297 533 243
2298 534 242
2299 555 221
2300 558 218
2301 555 203
2302 517 260
2303 518 259
2304 524 253
2305 525 252
2306 526 251
2307 541 236
2308 543 234
2309 544 233
2310 545 232
2311 551 226
2312 557 220
2313 560 217
2314 560 207
2315 528 250
2316 530 248
2317 533 245
2318 540 238
2319 550 228
2320 559 205
2321 553 199
2322 551 197
2323 507 152
2324 548 232
2325 558 202
2326 524 257
2327 525 256
2328 526 255
2329 556 199
2330 551 194
2331 562 204
2332 554 196
2333 534 176
2334 535 248
2335 564 205
2336 536 177
2337 558 198
2338 555 195
2339 553 193
2340 532 172
2341 564 203
2342 562 201
2343 565 221
2344 569 207
2345 561 199
2346 556 194
2347 554 192
2348 567 204
2349 563 200
2350 562 198
2351 557 193
2352 564 199
2353 556 191
2354 553 188
2355 506 141
2356 568 202
2357 558 192
2358 555 189
2359 563 196
2360 562 195
2361 554 187
2362 568 200
2363 565 197
2364 560 192
2365 544 249
2366 545 248
2367 564 195
2368 562 193
2369 553 184
2370 537 168
2371 527 157
2372 555 240
2373 569 198
2374 565 194
2375 548 248
2376 553 243
2377 564 192
2378 527 155
2379 550 247
2380 569 196
2381 566 193
2382 562 189
2383 554 181
2384 540 167
2385 552 246
2386 554 244
2387 512 138
2388 555 180
2389 507 132
2390 556 178
2391 544 259
2392 554 249
2393 558 178
2394 556 176
2395 537 157
2396 531 150
2397 530 149
2398 529 148
2399 515 134
2400 509 128
2401 555 251
2402 539 156
2403 549 259
2404 556 252
2405 560 176
2406 558 174
2407 557 253
2408 530 144
2409 566 179
2410 562 175
2411 557 170
2412 546 159
2413 542 155
2414 558 254
2415 545 157
2416 518 130
2417 539 150
2418 545 155
2419 519 129
2420 559 256
2421 535 144
2422 561 169
2423 560 168
2424 520 128
2425 559 259
2426 561 166
2427 541 146
2428 521 126
2429 512 117
2430 542 145
2431 527 130
2432 522 125
2433 564 166
2434 513 115
2435 543 144
2436 523 124
2437 565 165
2438 530 130
2439 528 128
2440 514 114
2441 544 143
2442 524 123
2443 529 127
2444 545 142
2445 515 112
2446 578 174
2447 525 121
2448 566 161
2449 546 141
2450 534 129
2451 563 157
2452 516 110
2453 536 128
2454 530 122
2455 565 156
2456 567 157
2457 563 153
2458 531 121
2459 567 155
2460 564 152
2461 539 127
2462 577 164
2463 533 120
2464 550 136
2465 534 119
2466 578 162
2467 566 150
2468 564 147
2469 582 164
2470 523 104
2471 585 165
2472 570 150
2473 568 148
2474 545 125
2475 588 166
2476 566 144
2477 549 127
2478 571 148
2479 572 147
2480 569 143
2481 542 116
2482 593 167
2483 588 160
2484 573 145
2485 572 144
2486 550 122
2487 569 140
2488 544 115
2489 590 160
2490 587 157
2491 592 161
2492 574 143
2493 573 142
2494 545 114
2495 572 140
2496 598 165
2497 575 142
2498 574 141
2499 569 136
2500 517 94
2501 573 139
2502 547 113
2503 526 92
2504 576 141
2505 572 137
2506 554 119
2507 601 165
2508 595 159
2509 594 158
2510 548 112
2511 572 135
2512 527 90
2513 574 136
2514 571 133
2515 604 167
2516 577 138
2517 576 137
2518 592 152
2519 575 135
2520 574 134
2521 551 111
2522 607 166
2523 573 132
2524 572 131
2525 528 87
2526 518 85
2527 578 136
2528 519 83
2529 591 148
2530 577 134
2531 576 133
2532 574 131
2533 553 110
2534 529 86
2535 520 81
2536 608 164
2537 593 149
2538 573 129
2539 556 112
2540 521 79
2541 599 154
2542 595 150
2543 554 109
2544 523 78
2545 610 168
2546 612 166
2547 579 133
2548 578 132
2549 525 79
2550 611 164
2551 610 163
2552 575 128
2553 613 167
2554 580 132
2555 579 131
2556 578 130
2557 560 112
2558 609 160
2559 586 137
2560 577 128
2561 557 108
2562 530 81
2563 614 168
2564 614 164
2565 611 161
2566 581 131
2567 576 126
2568 587 136
2569 562 111
2570 558 107
2571 547 96
2572 546 95
2573 531 80
2574 616 168
2575 617 165
2576 582 130
2577 580 128
2578 578 126
2579 576 124
2580 575 123
2581 619 166
2582 610 157
2583 564 111
2584 532 79
2585 617 169
2586 580 126
2587 620 167
2588 588 133
2589 582 127
2590 579 124
2591 577 122
2592 616 160
2593 606 150
2594 570 114
2595 566 110
2596 534 78
2597 590 133
2598 589 132
2599 609 151
2600 608 150
2601 582 124
2602 538 80
2603 535 77
2604 612 153
2605 584 125
2606 620 160
2607 590 130
2608 583 123
2609 581 121
2610 568 108
2611 613 152
2612 592 131
2613 560 99
2614 536 75
2615 623 161
2616 610 148
2617 591 129
2618 625 162
2619 593 130
2620 584 121
2621 582 119
2622 580 117
2623 579 116
2624 555 92
2625 553 90
2626 592 128
2627 537 73
2628 625 172
2629 615 150
2630 594 129
2631 583 118
2632 582 117
2633 580 115
2634 543 78
2635 542 77
2636 618 152
2637 591 125
2638 585 119
2639 616 149
2640 584 117
2641 581 114
2642 579 112
2643 540 73
2644 627 173
2645 614 146
2646 587 119
2647 574 106
2648 545 77
2649 582 113
2650 580 111
2651 541 72
2652 628 174
2653 586 116
2654 596 125
2655 588 117
2656 547 76
2657 543 71
2658 596 122
2659 589 115
2660 586 112
2661 584 110
2662 578 104
2663 549 75
2664 617 142
2665 616 141
2666 615 140
2667 619 143
2668 597 121
2669 596 120
2670 588 112
2671 621 144
2672 632 154
2673 598 120
2674 592 114
2675 590 112
2676 636 175
2677 608 129
2678 607 128
2679 559 80
2680 600 120
2681 599 119
2682 587 107
2683 551 71
2684 546 66
2685 562 81
2686 638 176
2687 588 106
2688 564 82
2689 642 159
2690 566 83
2691 548 65
2692 641 157
2693 600 116
2694 578 94
2695 646 171
2696 549 64
2697 645 159
2698 653 166
2699 640 153
2700 603 116
2701 591 104
2702 648 160
2703 639 151
2704 556 68
2705 551 63
2706 604 115
2707 603 114
2708 654 168
2709 656 166
2710 653 163
2711 618 128
2712 643 152
2713 637 146
2714 586 95
2715 648 156
2716 636 144
2717 647 178
2718 651 158
2719 635 142
2720 619 126
2721 607 114
2722 654 172
2723 656 170
2724 657 169
2725 656 162
2726 655 161
2727 654 160
2728 653 159
2729 650 156
2730 649 155
2731 647 153
2732 644 150
2733 643 149
2734 642 148
2735 634 140
2736 574 80
2737 648 179
2738 633 138
2739 597 102
2740 592 97
2741 655 173
2742 654 158
2743 647 151
2744 646 150
2745 645 149
2746 644 148
2747 609 113
2748 649 180
2749 657 172
2750 662 167
2751 632 135
2752 561 64
2753 655 175
2754 654 156
2755 645 147
2756 644 146
2757 631 133
2758 599 101
2759 576 78
2760 650 181
2761 657 174
2762 664 167
2763 630 131
2764 601 102
2765 563 64
2766 663 169
2767 662 162
2768 578 78
2769 651 182
2770 629 128
2771 628 127
2772 663 171
2773 666 168
2774 667 167
2775 667 165
2776 664 162
2777 626 124
2778 576 74
2779 652 183
2780 663 160
2781 666 170
2782 668 168
2783 669 165
2784 668 164
2785 620 116
2786 664 173
2787 607 102
2788 663 175
2789 670 168
2790 668 162
2791 667 161
2792 666 160
2793 665 159
2794 567 61
2795 657 182
2796 668 171
2797 589 82
2798 672 168
2799 669 161
2800 668 160
2801 608 100
2802 569 61
2803 663 178
2804 664 177
2805 667 174
2806 640 131
2807 610 101
2808 607 98
2809 658 184
2810 664 154
2811 663 153
2812 674 163
2813 670 159
2814 661 150
2815 613 102
2816 580 69
2817 673 171
2818 654 142
2819 616 104
2820 583 71
2821 582 70
2822 660 185
2823 667 178
2824 669 176
2825 585 72
2826 573 60
2827 679 165
2828 661 147
2829 660 146
2830 620 106
2831 672 175
2832 669 154
2833 680 164
2834 659 143
2835 618 102
2836 617 101
2837 610 94
2838 679 170
2839 669 181
2840 672 178
2841 683 167
2842 682 164
2843 679 161
2844 667 149
2845 666 147
2846 665 146
2847 658 139
2848 657 138
2849 626 107
2850 670 182
2851 616 96
2852 680 159
2853 640 119
2854 630 109
2855 654 132
2856 636 114
2857 670 185
2858 683 160
2859 644 121
2860 630 107
2861 669 187
2862 680 176
2863 654 130
2864 653 129
2865 649 125
2866 648 124
2867 646 122
2868 643 119
2869 636 112
2870 690 167
2871 685 160
2872 684 159
2873 683 158
2874 682 157
2875 658 133
2876 657 132
2877 652 127
2878 663 195
2879 670 188
2880 688 170
2881 691 165
2882 690 164
2883 688 162
2884 687 161
2885 656 130
2886 655 129
2887 651 125
2888 650 124
2889 638 112
2890 673 186
2891 691 168
2892 681 154
2893 679 152
2894 628 101
2895 627 100
2896 625 98
2897 687 173
2898 685 157
2899 678 150
2900 677 149
2901 673 145
2902 664 136
2903 663 135
2904 656 128
2905 652 124
2906 651 123
2907 647 119
2908 595 67
2909 665 196
2910 692 169
2911 693 168
2912 650 121
2913 646 117
2914 645 116
2915 593 64
2916 671 191
2917 675 145
2918 662 132
2919 649 119
2920 636 106
2921 694 169
2922 683 152
2923 681 150
2924 653 122
2925 648 117
2926 666 198
2927 660 128
2928 659 127
2929 658 126
2930 657 125
2931 655 123
2932 652 120
2933 647 115
2934 646 114
2935 597 65
2936 679 146
2937 678 145
2938 650 117
2939 611 78
2940 606 73
2941 605 72
2942 600 67
2943 672 194
2944 676 190
2945 699 165
2946 698 164
2947 656 122
2948 649 115
2949 645 111
2950 643 109
2951 642 108
2952 633 99
2953 624 90
2954 609 75
2955 608 74
2956 603 69
2957 671 196
2958 696 171
2959 686 151
2960 675 140
2961 655 120
2962 654 119
2963 684 148
2964 682 146
2965 674 138
2966 652 116
2967 650 114
2968 606 70
2969 605 69
2970 604 68
2971 667 202
2972 672 197
2973 690 179
2974 696 173
2975 679 142
2976 677 140
2977 647 110
2978 646 109
2979 666 204
2980 671 199
2981 681 189
2982 703 165
2983 702 164
2984 697 159
2985 675 137
2986 673 135
2987 645 107
2988 639 101
2989 636 98
2990 697 174
2991 690 151
2992 689 150
2993 686 147
2994 683 144
2995 682 143
2996 672 133
2997 651 112
2998 673 199
2999 690 182
3000 704 168
3001 704 164
3002 703 163
3003 700 160
3004 693 153
3005 685 145
3006 674 134
3007 699 174
3008 699 158
3009 698 157
3010 697 156
3011 684 143
3012 677 136
3013 689 185
3014 704 170
3015 705 169
3016 708 166
3017 706 164
3018 681 139
3019 676 134
3020 671 129
3021 693 182
3022 690 147
3023 673 130
3024 645 102
3025 667 209
3026 692 184
3027 700 176
3028 706 170
3029 710 166
3030 700 156
3031 677 133
3032 676 132
3033 671 127
3034 670 126
3035 650 106
3036 673 204
3037 709 168
3038 691 146
3039 689 144
3040 669 124
3041 675 203
3042 690 188
3043 691 187
3044 693 185
3045 707 171
3046 711 167
3047 697 151
3048 696 150
3049 694 148
3050 686 140
3051 685 139
3052 684 138
3053 683 137
3054 668 122
3055 649 103
3056 652 105
3057 651 104
3058 668 212
3059 694 186
3060 707 173
3061 711 169
3062 712 168
3063 693 145
3064 678 130
3065 654 106
3066 674 207
3067 675 206
3068 710 171
3069 692 143
3070 691 142
3071 662 113
3072 661 112
3073 658 109
3074 668 214
3075 677 205
3076 694 188
3077 704 178
3078 712 170
3079 713 169
3080 690 140
3081 660 110
3082 698 185
3083 709 174
3084 675 124
3085 674 123
3086 669 215
3087 705 179
3088 712 172
3089 680 128
3090 694 191
3091 696 189
3092 709 176
3093 710 175
3094 670 216
3095 700 186
3096 706 180
3097 713 173
3098 686 132
3099 677 210
3100 689 198
3101 695 192
3102 711 176
3103 670 218
3104 679 209
3105 707 181
3106 685 129
3107 684 128
3108 688 201
3109 697 192
3110 704 185
3111 712 177
3112 713 176
3113 696 194
3114 687 204
3115 698 193
3116 697 195
3117 713 179
3118 675 115
3119 672 221
3120 685 208
3121 691 202
3122 699 194
3123 725 168
3124 683 211
3125 678 116
3126 715 180
3127 680 117
3128 673 223
3129 700 196
3130 712 184
3131 718 178
3132 672 225
3133 714 183
3134 724 173
3135 674 224
3136 673 226
3137 686 213
3138 701 198
3139 711 188
3140 718 181
3141 721 178
3142 720 180
3143 674 227
3144 675 226
3145 683 218
3146 685 216
3147 712 189
3148 722 179
3149 703 199
3150 718 184
3151 720 182
3152 721 181
3153 728 174
3154 685 218
3155 713 190
3156 687 217
3157 721 183
3158 722 182
3159 728 176
3160 731 173
3161 676 229
3162 685 220
3163 704 201
3164 705 200
3165 723 183
3166 726 180
3167 732 174
3168 677 230
3169 690 217
3170 706 201
3171 719 188
3172 722 185
3173 731 176
3174 682 226
3175 716 192
3176 724 184
3177 725 183
3178 691 218
3179 693 216
3180 707 203
3181 724 186
3182 684 227
3183 726 185
3184 733 178
3185 734 177
3186 680 232
3187 708 204
3188 695 218
3189 720 193
3190 723 190
3191 726 187
3192 710 204
3193 694 221
3194 695 220
3195 742 173
3196 682 234
3197 722 194
3198 724 192
3199 711 206
3200 726 191
3201 728 189
3202 729 188
3203 731 186
3204 696 222
3205 695 224
3206 712 207
3207 723 196
3208 726 193
3209 728 191
3210 729 190
3211 735 184
3212 739 180
3213 681 239
3214 684 236
3215 697 224
3216 726 195
3217 727 194
3218 729 192
3219 730 191
3220 736 185
3221 682 240
3222 685 237
3223 714 208
3224 738 184
3225 698 225
3226 727 196
3227 730 193
3228 731 192
3229 737 186
3230 686 238
3231 732 193
3232 747 178
3233 687 239
3234 699 227
3235 717 209
3236 739 188
3237 688 240
3238 714 214
3239 734 194
3240 700 229
3241 712 217
3242 713 216
3243 733 196
3244 744 185
3245 711 219
3246 716 214
3247 730 200
3248 731 199
3249 735 195
3250 701 230
3251 734 197
3252 721 211
3253 736 196
3254 746 186
3255 692 241
3256 702 231
3257 716 217
3258 735 198
3259 740 194
3260 733 202
3261 695 242
3262 735 202
3263 741 196
3264 734 204
3265 750 188
3266 693 246
3267 696 243
3268 698 241
3269 736 203
3270 739 200
3271 760 180
3272 694 247
3273 738 204
3274 740 202
3275 745 197
3276 753 189
3277 699 244
3278 727 216
3279 762 182
3280 695 250
3281 737 208
3282 748 197
3283 755 190
3284 741 205
3285 742 204
3286 758 188
3287 696 251
3288 701 246
3289 705 242
3290 730 217
3291 764 183
3292 742 206
3293 759 189
3294 697 252
3295 746 203
3296 751 198
3297 765 184
3298 699 251
3299 740 210
3300 760 190
3301 698 253
3302 730 221
3303 747 204
3304 741 211
3305 761 191
3306 767 185
3307 699 254
3308 706 247
3309 747 206
3310 754 199
3311 702 252
3312 766 188
3313 724 231
3314 743 212
3315 748 207
3316 763 192
3317 701 255
3318 708 248
3319 749 209
3320 750 208
3321 763 195
3322 706 253
3323 744 215
3324 759 200
3325 765 194
3326 761 199
3327 768 192
3328 745 216
3329 746 215
3330 755 206
3331 765 196
3332 705 257
3333 730 232
3334 744 218
3335 711 252
3336 714 249
3337 741 222
3338 746 217
3339 750 213
3340 752 211
3341 766 197
3342 765 199
3343 707 258
3344 732 233
3345 753 212
3346 709 257
3347 716 250
3348 734 232
3349 746 220
3350 755 211
3351 768 198
3352 736 231
3353 748 219
3354 753 215
3355 716 253
3356 749 220
3357 712 258
3358 713 257
3359 719 251
3360 738 232
3361 754 216
3362 756 214
3363 759 211
3364 748 223
3365 750 221
3366 739 233
3367 744 228
3368 755 217
3369 773 199
3370 781 191
3371 761 212
3372 778 195
3373 749 225
3374 750 224
3375 766 208
3376 768 206
3377 774 200
3378 780 194
3379 717 258
3380 725 250
3381 762 213
3382 750 226
3383 770 206
3384 771 205
3385 747 230
3386 757 220
3387 777 200
3388 717 261
3389 751 227
3390 752 226
3391 758 221
3392 775 204
3393 752 228
3394 753 227
3395 780 200
3396 721 260
3397 749 232
3398 761 220
3399 759 223
3400 778 204
3401 790 192
3402 730 253
3403 750 233
3404 754 229
3405 762 221
3406 769 214
3407 728 256
3408 732 252
3409 760 224
3410 779 205
3411 783 201
3412 755 230
3413 727 259
3414 733 253
3415 761 225
3416 778 208
3417 794 192
3418 726 262
3419 734 254
3420 753 235
3421 756 232
3422 761 227
3423 762 226
3424 773 215
3425 779 209
3426 788 200
3427 755 236
3428 764 227
3429 785 206
3430 737 255
3431 775 217
3432 799 193
3433 730 263
3434 731 262
3435 756 237
3436 765 228
3437 782 211
3438 794 199
3439 758 236
3440 759 235
3441 761 233
3442 762 232
3443 796 198
3444 732 263
3445 739 256
3446 776 219
3447 783 212
3448 784 211
3449 745 251
3450 760 236
3451 762 234
3452 802 194
3453 784 213
3454 786 211
3455 744 254
3456 746 252
3457 747 251
3458 759 239
3459 768 230
3460 767 232
3461 777 222
3462 785 214
3463 790 209
3464 760 240
3465 805 195
3466 749 252
3467 778 223
3468 791 210
3469 796 205
3470 769 233
3471 798 204
3472 750 253
3473 751 252
3474 779 224
3475 800 203
3476 801 202
3477 802 201
3478 807 196
3479 753 251
3480 770 234
3481 771 233
3482 792 212
3483 768 237
3484 780 225
3485 789 216
3486 808 197
3487 750 256
3488 793 213
3489 749 258
3490 754 253
3491 756 252
3492 765 243
3493 788 220
3494 790 218
3495 810 198
3496 749 260
3497 752 257
3498 783 226
3499 754 256
3500 791 219
3501 798 212
3502 811 199
3503 751 260
3504 767 244
3505 801 210
3506 758 254
3507 792 220
3508 812 200
3509 761 252
3510 784 229
3511 755 259
3512 758 256
3513 770 244
3514 759 258
3515 781 236
3516 815 202
3517 784 234
3518 785 233
3519 814 204
3520 768 252
3521 759 262
3522 816 205
3523 817 204
3524 762 260
3525 789 233
3526 785 238
3527 817 206
3528 768 256
3529 772 252
3530 805 219
3531 788 237
3532 818 207
3533 796 230
3534 770 258
3535 773 255
3536 787 241
3537 776 254
3538 778 253
3539 779 252
3540 787 244
3541 824 207
3542 827 204
3543 772 260
3544 826 206
3545 776 257
3546 829 204
3547 799 236
3548 826 211
3549 834 203
3550 803 235
3551 782 257
3552 785 254
3553 787 252
3554 799 240
3555 801 239
3556 803 237
3557 804 236
3558 786 255
3559 809 232
3560 784 258
3561 791 252
3562 831 212
3563 787 257
3564 802 242
3565 795 251
3566 815 231
3567 816 230
3568 819 229
3569 795 255
3570 799 251
3571 795 257
3572 803 250
3573 799 255
3574 837 217
3575 838 216
3576 839 215
3577 840 214
3578 820 235
3579 809 250
3580 806 254
3581 854 206
3582 808 253
3583 812 249
3584 814 248
3585 858 204
3586 859 203
3587 851 212
3588 852 211
3589 853 210
3590 843 221
3591 848 216
3592 855 209
3593 856 208
3594 857 207
3595 818 247
3596 834 231
3597 835 230
3598 836 229
3599 837 228
3600 838 227
3601 839 226
3602 847 218
3603 850 215
3604 859 206
3605 861 204
3606 852 214
3607 864 200
3608 862 197
3609 822 246
3610 859 209
3611 865 199
3612 817 252
3613 824 245
3614 865 204
3615 866 203
3616 810 260
3617 826 244
3618 842 228
3619 859 211
3620 868 202
3621 869 201
3622 866 198
3623 828 243
3624 845 226
3625 846 225
3626 847 224
3627 848 223
3628 857 214
3629 830 242
3630 831 241
3631 832 240
3632 835 237
3633 836 236
3634 839 233
3635 844 228
3636 859 213
3637 861 211
3638 862 210
3639 846 227
3640 871 200
3641 868 196
3642 845 230
3643 853 222
3644 854 221
3645 855 220
3646 857 218
3647 859 216
3648 860 215
3649 861 214
3650 842 234
3651 870 196
3652 832 245
3653 838 239
3654 839 238
3655 852 225
3656 836 242
3657 860 218
3658 861 217
3659 872 196
3660 843 236
3661 840 240
3662 845 235
3663 850 230
3664 865 215
3665 866 214
3666 867 213
3667 868 212
3668 873 195
3669 872 210
3670 873 209
3671 875 194
3672 857 227
3673 866 218
3674 883 201
3675 884 202
3676 877 193
3677 869 218
3678 857 232
3679 877 212
3680 882 208
3681 879 212
3682 882 192
3683 854 239
3684 855 238
3685 889 204
3686 890 205
3687 884 191
3688 883 213
3689 878 220
3690 884 214
3691 880 219
3692 886 213
3693 884 216
3694 889 191
3695 890 211
3696 887 215
3697 889 189
3698 893 192
3699 891 213
3700 888 217
3701 895 192
3702 880 226
3703 892 214
3704 904 200
3705 889 218
3706 893 215
3707 907 200
3708 905 198
3709 900 193
3710 908 202
3711 874 237
3712 876 236
3713 907 205
3714 909 203
3715 877 237
3716 896 218
3717 908 206
3718 910 204
3719 906 194
3720 905 193
3721 909 209
3722 913 205
3723 884 235
3724 888 231
3725 911 208
3726 896 224
3727 891 230
3728 913 208
3729 888 234
3730 889 233
3731 912 210
3732 898 227
3733 916 209
3734 892 234
3735 913 214
3736 922 205
3737 915 213
3738 913 216
3739 923 206
3740 910 221
3741 912 219
3742 916 215
3743 914 218
3744 928 204
3745 924 209
3746 902 232
3747 915 220
3748 913 223
3749 916 221
3750 926 213
3751 932 208
3752 927 214
3753 928 213
3754 929 215
3755 930 214
3756 932 212
3757 919 226
3758 916 230
3759 930 216
3760 931 215
3761 933 213
3762 920 228
3763 931 217
3764 932 216
3765 940 208
3766 934 215
3767 937 212
3768 919 231
3769 932 218
3770 933 217
3771 943 207
3772 916 237
3773 933 222
3774 934 221
3775 917 240
3776 935 222
3777 913 246
3778 920 239
3779 934 225
3780 930 231
3781 941 220
3782 913 249
3783 918 244
3784 930 233
3785 935 228
3786 937 226
3787 942 221
3788 922 242
3789 919 246
3790 922 244
3791 936 230
3792 943 223
3793 923 245
3794 927 241
3795 919 250
3796 937 233
3797 944 226
3798 920 251
3799 937 235
3800 945 228
3801 923 251
3802 925 250
3803 938 237
3804 924 252
3805 921 256
3806 928 249
3807 925 253
3808 923 256
3809 930 250
3810 947 233
3811 929 253
3812 924 259
3813 938 245
3814 930 254
3815 948 236
3816 925 261
3817 932 254
3818 938 248
3819 931 256
3820 924 264
3821 936 252
3822 949 239
3823 926 263
3824 932 259
3825 933 260
3826 936 257
3827 938 256
3828 934 263
3829 937 260
3830 951 246
3831 928 270
3832 930 269
3833 937 262
3834 949 252
3835 936 266
3836 952 250
3837 929 274
3838 951 252
3839 937 267
3840 939 265
3841 938 268
3842 940 266
3843 932 276
3844 940 268
3845 953 255
3846 939 270
3847 952 257
3848 941 269
3849 950 260
3850 942 270
3851 934 279
3852 951 262
3853 943 271
3854 942 273
3855 944 272
3856 11 158.5
3857 16.5 166
3858 17.5 167
3859 18 166.5
3860 19 168.5
3861 20 169.5
3862 23 160.5
3863 23 169.5
3864 13.5 148
3865 28 166.5
3866 24.5 171
3867 25 171.5
3868 18.5 150
3869 13.5 145
3870 24 173.5
3871 14.5 144
3872 26.5 173
3873 18.5 147
3874 26 174.5
3875 32 168.5
3876 33.5 161
3877 32 159.5
3878 27.5 174
3879 16 142.5
3880 27.5 175
3881 35 167.5
3882 35 160.5
3883 22 147.5
3884 14.5 140
3885 26.5 177
3886 28.5 175
3887 37 161.5
3888 17.5 142
3889 28.5 176
3890 40 164.5
3891 37 160.5
3892 24 147.5
3893 15 138.5
3894 27.5 178
3895 29.5 176
3896 35.5 170
3897 18.5 141
3898 29.5 177
3899 41 165.5
3900 42.5 164
3901 40 161.5
3902 26 147.5
3903 29.5 178
3904 36.5 171
3905 38 169.5
3906 34.5 155
3907 29.5 179
3908 31 177.5
3909 42 167.5
3910 32 178.5
3911 31 180.5
3912 38.5 173
3913 46.5 165
3914 31.5 181
3915 44.5 168
3916 47 161.5
3917 48.5 162
3918 33.5 182
3919 49 166.5
3920 15.5 127
3921 51.5 166
3922 49 159.5
3923 35 183.5
3924 46.5 172
3925 46 174.5
3926 51 169.5
3927 19.5 127
3928 18 125.5
3929 51.5 170
3930 57 163.5
3931 17 123.5
3932 37 185.5
3933 52.5 171
3934 58 165.5
3935 57 161.5
3936 38 186.5
3937 20.5 124
3938 19 122.5
3939 18.5 121
3940 39.5 187
3941 56 170.5
3942 42 143.5
3943 22.5 124
3944 49 178.5
3945 54.5 173
3946 24.5 125
3947 21 121.5
3948 20 120.5
3949 63.5 165
3950 26 125.5
3951 23 122.5
3952 41 188.5
3953 55.5 174
3954 64.5 162
3955 63 160.5
3956 28.5 126
3957 25.5 123
3958 25 122.5
3959 22 119.5
3960 18.5 116
3961 42 189.5
3962 52 179.5
3963 26.5 123
3964 24 120.5
3965 65 167.5
3966 66 161.5
3967 65 160.5
3968 29 124.5
3969 20.5 116
3970 43.5 190
3971 64.5 169
3972 68 165.5
3973 65.5 160
3974 31.5 126
3975 48.5 186
3976 62.5 172
3977 67 160.5
3978 22 115.5
3979 56.5 179
3980 57.5 178
3981 59 176.5
3982 70.5 165
3983 34 126.5
3984 33.5 126
3985 32 124.5
3986 25.5 118
3987 45 191.5
3988 49.5 187
3989 69 167.5
3990 66.5 158
3991 29.5 121
3992 29 120.5
3993 65.5 172
3994 66.5 171
3995 35 125.5
3996 46 192.5
3997 50.5 188
3998 51 187.5
3999 69 169.5
4000 32.5 122
4001 61 178.5
4002 66 173.5
4003 67.5 156
4004 37 125.5
4005 47.5 193
4006 51 189.5
4007 30.5 118
4008 64.5 177
4009 49.5 136
4010 29.5 116
4011 50.5 136
4012 36 121.5
4013 35 120.5
4014 32.5 118
4015 49 194.5
4016 53 190.5
4017 29 113.5
4018 19 103.5
4019 65.5 179
4020 62.5 183
4021 44.5 127
4022 42.5 125
4023 79.5 161
4024 49.5 131
4025 32 113.5
4026 53.5 134
4027 46 126.5
4028 42.5 123
4029 63.5 185
4030 77 156.5
4031 75 154.5
4032 56 135.5
4033 41 120.5
4034 52.5 197
4035 80 158.5
4036 39 117.5
4037 38.5 117
4038 78 155.5
4039 77 154.5
4040 57.5 135
4041 64 187.5
4042 69 182.5
4043 78.5 155
4044 67.5 185
4045 20.5 96
4046 84.5 159
4047 30.5 105
4048 30 104.5
4049 25 99.5
4050 58 196.5
4051 68.5 186
4052 83.5 157
4053 58 131.5
4054 55.5 129
4055 30 103.5
4056 25 98.5
4057 20.5 94
4058 65.5 190
4059 61 133.5
4060 32 104.5
4061 73 183.5
4062 74.5 182
4063 87.5 159
4064 85.5 157
4065 63 134.5
4066 60 131.5
4067 34 105.5
4068 32.5 104
4069 31 102.5
4070 29.5 101
4071 22.5 94
4072 21 92.5
4073 20.5 92
4074 70 187.5
4075 89 159.5
4076 87 157.5
4077 31.5 102
4078 26.5 97
4079 89.5 159
4080 63 132.5
4081 35 104.5
4082 33 102.5
4083 25.5 95
4084 21.5 91
4085 20.5 90
4086 70 189.5
4087 88 156.5
4088 86 154.5
4089 62.5 131
4090 60 128.5
4091 37 105.5
4092 33.5 102
4093 33 101.5
4094 32.5 101
4095 31 99.5
4096 27.5 96
4097 22 90.5
4098 63.5 197
4099 89.5 157
4100 37.5 105
4101 36.5 104
4102 21.5 89
4103 62.5 129
4104 57.5 124
4105 38.5 105
4106 36 102.5
4107 35 101.5
4108 32 98.5
4109 29.5 96
4110 28.5 95
4111 28 94.5
4112 22 88.5
4113 79 183.5
4114 66 131.5
4115 35.5 101
4116 35 100.5
4117 21.5 87
4118 78.5 185
4119 98.5 163
4120 91 155.5
4121 71 135.5
4122 66 130.5
4123 60.5 125
4124 50.5 115
4125 40 104.5
4126 74.5 190
4127 92 155.5
4128 52.5 116
4129 51.5 115
4130 41.5 105
4131 39 102.5
4132 93 155.5
4133 64.5 127
4134 61 123.5
4135 42.5 105
4136 41 103.5
4137 35.5 98
4138 34.5 97
4139 23 85.5
4140 22 84.5
4141 101.5 163
4142 97.5 159
4143 74 135.5
4144 63 124.5
4145 33 94.5
4146 32.5 94
4147 75.5 192
4148 77 190.5
4149 97.5 158
4150 94.5 155
4151 76.5 137
4152 65 125.5
4153 63 123.5
4154 42 102.5
4155 37.5 98
4156 31.5 92
4157 23.5 84
4158 22.5 83
4159 69 199.5
4160 89 179.5
4161 101 160.5
4162 75 134.5
4163 63 122.5
4164 60 119.5
4165 57.5 117
4166 45.5 105
4167 43.5 103
4168 40 99.5
4169 38.5 98
4170 64.5 123
4171 64 122.5
4172 63.5 122
4173 46.5 105
4174 45.5 104
4175 43.5 102
4176 39 97.5
4177 86.5 184
4178 96 153.5
4179 67.5 125
4180 44 101.5
4181 35.5 93
4182 79.5 192
4183 92.5 179
4184 93 178.5
4185 101 157.5
4186 74 130.5
4187 67.5 124
4188 62.5 119
4189 57.5 114
4190 48 104.5
4191 46 102.5
4192 41.5 98
4193 39.5 96
4194 29.5 86
4195 79 193.5
4196 94 178.5
4197 102 157.5
4198 67.5 123
4199 66.5 122
4200 66 121.5
4201 48 103.5
4202 90 183.5
4203 91.5 182
4204 95.5 178
4205 100.5 155
4206 81 135.5
4207 80 134.5
4208 75 129.5
4209 73 127.5
4210 39.5 94
4211 34.5 89
4212 93 181.5
4213 94 180.5
4214 96 178.5
4215 99.5 175
4216 104.5 158
4217 76 129.5
4218 70 123.5
4219 69 122.5
4220 67.5 121
4221 61 114.5
4222 51.5 105
4223 87 188.5
4224 92 183.5
4225 95.5 180
4226 98 177.5
4227 108 160.5
4228 74 126.5
4229 72.5 125
4230 67.5 120
4231 89.5 187
4232 90 186.5
4233 94 182.5
4234 85.5 137
4235 79 130.5
4236 77 128.5
4237 72.5 124
4238 70.5 122
4239 60 111.5
4240 50 101.5
4241 93 184.5
4242 104.5 155
4243 85 135.5
4244 76.5 127
4245 72.5 123
4246 69 119.5
4247 62 112.5
4248 56 106.5
4249 79.5 199
4250 98.5 180
4251 99.5 179
4252 88.5 138
4253 84.5 134
4254 82 131.5
4255 79 128.5
4256 75.5 125
4257 73.5 123
4258 87.5 192
4259 96.5 183
4260 97 182.5
4261 98 181.5
4262 109.5 158
4263 87 135.5
4264 78.5 127
4265 77 125.5
4266 66 114.5
4267 93.5 187
4268 95 185.5
4269 96 184.5
4270 98.5 182
4271 87.5 135
4272 68 115.5
4273 63.5 111
4274 50.5 98
4275 77 204.5
4276 81 200.5
4277 88.5 193
4278 99.5 182
4279 81 127.5
4280 78.5 125
4281 78 124.5
4282 77 123.5
4283 67.5 114
4284 90.5 192
4285 100 182.5
4286 89 134.5
4287 83.5 129
4288 80 125.5
4289 78 123.5
4290 76.5 122
4291 49.5 95
4292 78 205.5
4293 89 194.5
4294 100 183.5
4295 85 129.5
4296 81 125.5
4297 79.5 124
4298 84.5 200
4299 96 188.5
4300 94.5 138
4301 93.5 137
4302 91.5 135
4303 89.5 133
4304 87 130.5
4305 79 122.5
4306 77.5 121
4307 67.5 111
4308 63 106.5
4309 58 101.5
4310 91.5 194
4311 95.5 190
4312 96.5 189
4313 104 181.5
4314 94.5 137
4315 91 133.5
4316 87 129.5
4317 84.5 127
4318 83 125.5
4319 79 121.5
4320 75 117.5
4321 69.5 112
4322 63 105.5
4323 80 206.5
4324 93 193.5
4325 93 134.5
4326 89.5 131
4327 86 127.5
4328 84 125.5
4329 82 123.5
4330 78.5 120
4331 49.5 91
4332 97.5 138
4333 88.5 129
4334 88 128.5
4335 81.5 122
4336 78 118.5
4337 81 207.5
4338 105.5 183
4339 91.5 131
4340 85.5 125
4341 83.5 123
4342 83 122.5
4343 79 118.5
4344 73 112.5
4345 87 125.5
4346 83 121.5
4347 82.5 121
4348 79 117.5
4349 90.5 200
4350 105 185.5
4351 101.5 139
4352 91 128.5
4353 87 124.5
4354 81 118.5
4355 75 112.5
4356 83 208.5
4357 97.5 194
4358 100 136.5
4359 94 130.5
4360 87 123.5
4361 86 122.5
4362 85 121.5
4363 83.5 120
4364 80 116.5
4365 73 109.5
4366 57 93.5
4367 46 82.5
4368 102 137.5
4369 97 132.5
4370 89.5 125
4371 86.5 122
4372 84.5 120
4373 83.5 119
4374 81.5 117
4375 73.5 109
4376 65.5 101
4377 62 97.5
4378 61 96.5
4379 60.5 96
4380 84 209.5
4381 99 133.5
4382 95 129.5
4383 88.5 123
4384 82.5 117
4385 81 115.5
4386 77 111.5
4387 47 81.5
4388 101.5 193
4389 106 188.5
4390 106 139.5
4391 91 124.5
4392 80 113.5
4393 78 111.5
4394 77 110.5
4395 66.5 100
4396 62.5 96
4397 85.5 210
4398 105 190.5
4399 121 153.5
4400 96 128.5
4401 94.5 127
4402 92.5 125
4403 88.5 121
4404 88 120.5
4405 87 119.5
4406 84 116.5
4407 82 114.5
4408 80.5 113
4409 79 111.5
4410 77 109.5
4411 69 101.5
4412 106.5 190
4413 91.5 123
4414 90 121.5
4415 86 117.5
4416 81.5 113
4417 73 104.5
4418 106 191.5
4419 98.5 129
4420 89.5 120
4421 87.5 118
4422 85.5 116
4423 83.5 114
4424 78 108.5
4425 107 191.5
4426 94 123.5
4427 80.5 110
4428 66.5 96
4429 87.5 212
4430 96.5 125
4431 95.5 124
4432 89.5 118
4433 89 117.5
4434 83 111.5
4435 80 108.5
4436 79 107.5
4437 76 104.5
4438 105.5 133
4439 93 120.5
4440 86.5 114
4441 83 110.5
4442 70 97.5
4443 115.5 142
4444 110 136.5
4445 93 119.5
4446 90 212.5
4447 99 203.5
4448 103 128.5
4449 101.5 127
4450 101 126.5
4451 98.5 124
4452 87.5 113
4453 86.5 112
4454 84 109.5
4455 68 93.5
4456 103 127.5
4457 96 120.5
4458 85.5 110
4459 83.5 108
4460 69.5 94
4461 98.5 122
4462 102 203.5
4463 130.5 153
4464 106 128.5
4465 104 126.5
4466 101.5 124
4467 100.5 123
4468 96 118.5
4469 95 117.5
4470 92.5 115
4471 92 114.5
4472 87.5 110
4473 85.5 108
4474 92.5 214
4475 105.5 201
4476 132 153.5
4477 107 128.5
4478 105.5 127
4479 89.5 111
4480 87.5 109
4481 82 103.5
4482 68.5 90
4483 113.5 194
4484 135 155.5
4485 133 153.5
4486 118 138.5
4487 103.5 124
4488 97 117.5
4489 89 109.5
4490 78 98.5
4491 107 126.5
4492 103.5 123
4493 103 122.5
4494 102.5 122
4495 97.5 117
4496 95.5 115
4497 90 109.5
4498 89 108.5
4499 88.5 108
4500 87 106.5
4501 70.5 90
4502 69.5 89
4503 137.5 156
4504 104.5 123
4505 91 109.5
4506 78 96.5
4507 66 84.5
4508 137 154.5
4509 131.5 149
4510 106 123.5
4511 110.5 201
4512 117 194.5
4513 143 159.5
4514 140.5 157
4515 139 155.5
4516 137.5 154
4517 134 150.5
4518 106.5 123
4519 105 121.5
4520 96 112.5
4521 94 110.5
4522 91.5 108
4523 90.5 107
4524 87 103.5
4525 97 215.5
4526 145.5 161
4527 142 157.5
4528 137 152.5
4529 133.5 149
4530 122 137.5
4531 90.5 106
4532 103 210.5
4533 138.5 153
4534 136.5 151
4535 133 147.5
4536 106 120.5
4537 103.5 118
4538 97.5 112
4539 96 110.5
4540 147 167.5
4541 147.5 161
4542 145 158.5
4543 139.5 153
4544 108.5 122
4545 107 120.5
4546 102.5 116
4547 91 104.5
4548 74 87.5
4549 120 195.5
4550 137.5 150
4551 134.5 147
4552 125.5 138
4553 124.5 137
4554 107 119.5
4555 96 108.5
4556 95.5 108
4557 106 210.5
4558 148 168.5
4559 149 160.5
4560 111.5 123
4561 92 103.5
4562 77.5 89
4563 151.5 162
4564 138.5 149
4565 135 145.5
4566 132 142.5
4567 109 119.5
4568 101.5 112
4569 97 107.5
4570 116.5 202
4571 149 169.5
4572 153.5 163
4573 144 153.5
4574 143 152.5
4575 131.5 141
4576 112.5 122
4577 110.5 120
4578 105.5 115
4579 97 106.5
4580 82.5 92
4581 143 151.5
4582 139 147.5
4583 126.5 135
4584 115 123.5
4585 99 107.5
4586 97.5 106
4587 85.5 94
4588 150.5 170
4589 153 167.5
4590 143 150.5
4591 135 142.5
4592 132.5 140
4593 115 122.5
4594 113 120.5
4595 111 118.5
4596 103 110.5
4597 99.5 107
4598 80 87.5
4599 151 157.5
4600 129.5 136
4601 129 135.5
4602 128 134.5
4603 115.5 122
4604 113.5 120
4605 111.5 118
4606 110.5 117
4607 109.5 116
4608 109 115.5
4609 107 113.5
4610 100.5 107
4611 119.5 203
4612 154 168.5
4613 134.5 140
4614 131 136.5
4615 105.5 111
4616 100 105.5
4617 85.5 91
4618 81.5 87
4619 107 216.5
4620 153 170.5
4621 136 140.5
4622 133 137.5
4623 129.5 134
4624 128 132.5
4625 107 111.5
4626 106 110.5
4627 105 109.5
4628 104 108.5
4629 103 107.5
4630 100.5 105
4631 81 85.5
4632 158 161.5
4633 156.5 160
4634 155 158.5
4635 115 118.5
4636 112 115.5
4637 109.5 113
4638 108.5 112
4639 108 111.5
4640 107 110.5
4641 105.5 109
4642 130 195.5
4643 155 170.5
4644 161 163.5
4645 158.5 161
4646 156.5 159
4647 146.5 149
4648 135 137.5
4649 131.5 134
4650 118.5 121
4651 113 115.5
4652 107 109.5
4653 162.5 164
4654 162 164.5
4655 157.5 159
4656 137 138.5
4657 132.5 134
4658 116 117.5
4659 114 115.5
4660 111.5 113
4661 105 106.5
4662 82.5 84
4663 124 203.5
4664 156 171.5
4665 157 170.5
4666 162.5 163
4667 157 157.5
4668 137 137.5
4669 136.5 137
4670 133 133.5
4671 118.5 119
4672 115.5 116
4673 105 105.5
4674 133 195.5
4675 163.5 165
4676 158.5 158
4677 141.5 141
4678 134 133.5
4679 162.5 161
4680 141 139.5
4681 139.5 138
4682 115 113.5
4683 110.5 109
4684 107.5 106
4685 105.5 104
4686 117 213.5
4687 134 196.5
4688 158 172.5
4689 162.5 168
4690 163.5 167
4691 120 117.5
4692 117 114.5
4693 116.5 114
4694 108.5 106
4695 105 102.5
4696 147.5 184
4697 160 171.5
4698 143 139.5
4699 165.5 167
4700 137 132.5
4701 119.5 115
4702 116.5 112
4703 144 138.5
4704 143 137.5
4705 142 136.5
4706 139.5 134
4707 137 131.5
4708 118 112.5
4709 147 140.5
4710 137.5 131
4711 136.5 130
4712 119 112.5
4713 130.5 205
4714 163 172.5
4715 150.5 143
4716 145 137.5
4717 124.5 117
4718 121 113.5
4719 96.5 89
4720 122 214.5
4721 162.5 154
4722 147 138.5
4723 121.5 113
4724 153.5 144
4725 150 140.5
4726 139 129.5
4727 96 86.5
4728 141 197.5
4729 160 178.5
4730 165 173.5
4731 153 142.5
4732 152 141.5
4733 151.5 141
4734 128 117.5
4735 127 116.5
4736 126 115.5
4737 123 112.5
4738 121.5 111
4739 120.5 110
4740 141 198.5
4741 161 178.5
4742 157 145.5
4743 156 144.5
4744 153 141.5
4745 123.5 112
4746 115.5 104
4747 135.5 205
4748 141.5 199
4749 155 142.5
4750 152 139.5
4751 125 112.5
4752 120.5 221
4753 161.5 180
4754 157.5 144
4755 156.5 143
4756 124.5 111
4757 122.5 109
4758 120 106.5
4759 119 105.5
4760 116 102.5
4761 113.5 100
4762 163 179.5
4763 165 150.5
4764 163.5 149
4765 156 141.5
4766 129.5 115
4767 126 111.5
4768 137.5 206
4769 167.5 152
4770 125.5 110
4771 123 221.5
4772 163.5 181
4773 170.5 154
4774 169.5 153
4775 168.5 152
4776 127.5 111
4777 165 180.5
4778 170.5 175
4779 165 147.5
4780 125.5 108
4781 117.5 100
4782 117 99.5
4783 131 215.5
4784 140.5 206
4785 146 200.5
4786 166 180.5
4787 168 149.5
4788 166 147.5
4789 165 146.5
4790 128.5 110
4791 183.5 164
4792 182 162.5
4793 180.5 161
4794 179 159.5
4795 167 147.5
4796 165 145.5
4797 134 114.5
4798 127.5 108
4799 123 103.5
4800 118 98.5
4801 126 222.5
4802 132 216.5
4803 148 200.5
4804 178.5 158
4805 177.5 157
4806 176.5 156
4807 155 134.5
4808 141 120.5
4809 133.5 113
4810 129.5 109
4811 126 105.5
4812 125.5 105
4813 167 182.5
4814 184.5 165
4815 184 165.5
4816 181.5 160
4817 180.5 159
4818 178.5 157
4819 177.5 156
4820 172 150.5
4821 171 149.5
4822 165 143.5
4823 164.5 143
4824 134 112.5
4825 129.5 108
4826 128 106.5
4827 183.5 167
4828 185.5 165
4829 185 165.5
4830 186.5 164
4831 181 158.5
4832 180 157.5
4833 177.5 155
4834 176.5 154
4835 172.5 150
4836 167 144.5
4837 160.5 138
4838 143 120.5
4839 131 108.5
4840 127.5 105
4841 151 200.5
4842 186 165.5
4843 187 164.5
4844 186 162.5
4845 184.5 161
4846 184 160.5
4847 183 159.5
4848 177 153.5
4849 167 143.5
4850 141 117.5
4851 138.5 115
4852 137 113.5
4853 135 111.5
4854 129.5 106
4855 124.5 101
4856 124 100.5
4857 134 218.5
4858 168.5 184
4859 184.5 168
4860 185 167.5
4861 186.5 162
4862 181.5 157
4863 179 154.5
4864 173.5 149
4865 172 147.5
4866 171 146.5
4867 163 138.5
4868 146 121.5
4869 143.5 119
4870 140.5 116
4871 137.5 113
4872 135.5 111
4873 133.5 109
4874 111.5 87
4875 145.5 208
4876 189.5 164
4877 185.5 160
4878 184.5 159
4879 183 157.5
4880 178.5 153
4881 174 148.5
4882 173 147.5
4883 164.5 139
4884 164 138.5
4885 161.5 136
4886 146.5 121
4887 142 116.5
4888 140 114.5
4889 139.5 114
4890 131 105.5
4891 127 101.5
4892 138 216.5
4893 154 200.5
4894 185.5 169
4895 188.5 166
4896 190 164.5
4897 189 162.5
4898 188 161.5
4899 187 160.5
4900 177 150.5
4901 168 141.5
4902 163 136.5
4903 147 120.5
4904 145 118.5
4905 144 117.5
4906 142 115.5
4907 137 110.5
4908 129 102.5
4909 128 101.5
4910 127.5 101
4911 170.5 185
4912 188 167.5
4913 189 166.5
4914 179.5 152
4915 177.5 150
4916 172.5 145
4917 171.5 144
4918 170 142.5
4919 168 140.5
4920 164.5 137
4921 150 122.5
4922 127 99.5
4923 131 225.5
4924 132.5 224
4925 139 217.5
4926 187 169.5
4927 185.5 157
4928 181.5 153
4929 176 147.5
4930 170 141.5
4931 167.5 139
4932 132.5 104
4933 115 86.5
4934 156 201.5
4935 172 185.5
4936 189 168.5
4937 192.5 165
4938 193.5 164
4939 193 163.5
4940 184 154.5
4941 177.5 148
4942 174 144.5
4943 173 143.5
4944 171 141.5
4945 149 119.5
4946 148 118.5
4947 145 115.5
4948 144 114.5
4949 133 103.5
4950 132 102.5
4951 113 83.5
4952 188.5 170
4953 190.5 168
4954 190 168.5
4955 193 165.5
4956 192.5 162
4957 191.5 161
4958 185 154.5
4959 182.5 152
4960 181 150.5
4961 177 146.5
4962 170 139.5
4963 156 125.5
4964 150.5 120
4965 147.5 117
4966 134 103.5
4967 133.5 226
4968 180.5 179
4969 188 156.5
4970 184.5 153
4971 184 152.5
4972 180 148.5
4973 179 147.5
4974 178 146.5
4975 175 143.5
4976 173.5 142
4977 172 140.5
4978 152.5 121
4979 147 115.5
4980 145.5 114
4981 132 100.5
4982 174 186.5
4983 189 171.5
4984 191.5 169
4985 191 169.5
4986 196.5 164
4987 189 156.5
4988 185.5 153
4989 184.5 152
4990 183.5 151
4991 179 146.5
4992 177 144.5
4993 151 118.5
4994 133.5 101
4995 160 201.5
4996 194.5 167
4997 196.5 163
4998 195.5 162
4999 194.5 161
5000 188 154.5
5001 187 153.5
5002 183 149.5
5003 135.5 102
5004 190 172.5
5005 193 169.5
5006 197.5 165
5007 197.5 163
5008 193 158.5
5009 191.5 157
5010 161 126.5
5011 159 124.5
5012 149.5 115
5013 148.5 114
5014 176 187.5
5015 193 170.5
5016 195.5 168
5017 198.5 165
5018 196.5 161
5019 195.5 160
5020 191.5 156
5021 190.5 155
5022 189.5 154
5023 185.5 150
5024 165 129.5
5025 160.5 125
5026 152 116.5
5027 150.5 115
5028 129.5 94
5029 163 201.5
5030 198.5 166
5031 195.5 159
5032 195 158.5
5033 194 157.5
5034 190.5 154
5035 167 130.5
5036 166 129.5
5037 162.5 126
5038 158.5 122
5039 157.5 121
5040 140 103.5
5041 155 210.5
5042 191.5 174
5043 199 166.5
5044 201 164.5
5045 200.5 163
5046 149 111.5
5047 147.5 110
5048 144.5 107
5049 139 101.5
5050 135.5 98
5051 133.5 96
5052 160.5 206
5053 178 188.5
5054 195 171.5
5055 167.5 129
5056 157 118.5
5057 155.5 117
5058 153 114.5
5059 150.5 112
5060 141.5 103
5061 137 98.5
5062 133.5 95
5063 120.5 82
5064 156 211.5
5065 166 201.5
5066 167.5 200
5067 192.5 175
5068 191.5 152
5069 190 150.5
5070 189.5 150
5071 170.5 131
5072 154.5 115
5073 152 112.5
5074 148.5 109
5075 147 107.5
5076 140 100.5
5077 121 81.5
5078 141.5 227
5079 194.5 174
5080 196 172.5
5081 164 123.5
5082 160.5 120
5083 153.5 113
5084 169 200.5
5085 193.5 176
5086 202.5 167
5087 164 122.5
5088 163 121.5
5089 162 120.5
5090 159.5 118
5091 152 110.5
5092 149.5 108
5093 141.5 100
5094 150 220.5
5095 169.5 201
5096 180.5 190
5097 195 175.5
5098 172.5 130
5099 164.5 207
5100 165.5 206
5101 197 174.5
5102 158.5 115
5103 152.5 109
5104 152 108.5
5105 151.5 108
5106 145 101.5
5107 149 223.5
5108 165 207.5
5109 175.5 131
5110 168 123.5
5111 151.5 107
5112 145.5 101
5113 124.5 80
5114 145.5 228
5115 158 215.5
5116 159 214.5
5117 167.5 206
5118 170 203.5
5119 195.5 178
5120 196 177.5
5121 197.5 176
5122 177 131.5
5123 170 124.5
5124 169.5 124
5125 166.5 121
5126 159.5 114
5127 146.5 101
5128 130.5 85
5129 166 208.5
5130 172.5 202
5131 173 201.5
5132 183.5 191
5133 167.5 208
5134 168 207.5
5135 172 203.5
5136 149.5 102
5137 159.5 217
5138 175 201.5
5139 197.5 179
5140 199 177.5
5141 174 125.5
5142 167.5 119
5143 164.5 116
5144 169 208.5
5145 170 207.5
5146 174 203.5
5147 175.5 202
5148 181 131.5
5149 178.5 129
5150 164.5 115
5151 163.5 114
5152 163 113.5
5153 161 111.5
5154 159 109.5
5155 176.5 202
5156 177 201.5
5157 186.5 192
5158 191 140.5
5159 179 128.5
5160 173.5 123
5161 165 114.5
5162 159 108.5
5163 157.5 107
5164 156.5 106
5165 163.5 216
5166 164.5 215
5167 170.5 209
5168 176.5 203
5169 189 190.5
5170 199 180.5
5171 215 163.5
5172 148.5 97
5173 147 95.5
5174 171 209.5
5175 173 207.5
5176 177 203.5
5177 172.5 209
5178 216.5 163
5179 124.5 71
5180 160.5 222
5181 178.5 204
5182 218 164.5
5183 134.5 80
5184 162 221.5
5185 176.5 207
5186 192 191.5
5187 200.5 183
5188 216.5 161
5189 168.5 216
5190 174 210.5
5191 175.5 209
5192 177 208.5
5193 181 204.5
5194 201 184.5
5195 215 170.5
5196 138 80.5
5197 162.5 224
5198 177.5 209
5199 169 110.5
5200 127.5 69
5201 170.5 217
5202 177 210.5
5203 202 185.5
5204 141 81.5
5205 179.5 209
5206 194 194.5
5207 215.5 173
5208 137.5 77
5209 136 75.5
5210 171.5 218
5211 179 210.5
5212 147 85.5
5213 172 218.5
5214 180.5 210
5215 185 205.5
5216 203.5 187
5217 216 174.5
5218 139.5 77
5219 136.5 74
5220 134.5 72
5221 218.5 173
5222 146.5 83
5223 173 219.5
5224 189.5 203
5225 194 198.5
5226 203.5 189
5227 203 189.5
5228 154.5 90
5229 148 83.5
5230 143 78.5
5231 183 210.5
5232 205 188.5
5233 225.5 160
5234 224.5 159
5235 150 84.5
5236 203 191.5
5237 217 177.5
5238 166.5 100
5239 152 85.5
5240 139.5 73
5241 137.5 71
5242 175 220.5
5243 204.5 191
5244 205 190.5
5245 229.5 162
5246 228.5 161
5247 228 160.5
5248 227 159.5
5249 225 157.5
5250 224 156.5
5251 154 86.5
5252 142.5 75
5253 138.5 71
5254 134 66.5
5255 193 203.5
5256 204 192.5
5257 217 179.5
5258 173 104.5
5259 170.5 102
5260 156 87.5
5261 170 227.5
5262 203 194.5
5263 207 190.5
5264 173 103.5
5265 158 88.5
5266 145 75.5
5267 178 220.5
5268 194 204.5
5269 203 195.5
5270 217.5 181
5271 161.5 91
5272 160 89.5
5273 149 78.5
5274 144.5 74
5275 177.5 222
5276 178.5 221
5277 196 203.5
5278 203 196.5
5279 216 183.5
5280 153 81.5
5281 205 195.5
5282 192.5 120
5283 177.5 105
5284 175 102.5
5285 157.5 85
5286 156.5 84
5287 152.5 80
5288 197 204.5
5289 204.5 197
5290 208.5 193
5291 177 103.5
5292 161 87.5
5293 159.5 86
5294 157 83.5
5295 156 82.5
5296 153 79.5
5297 152 78.5
5298 146 72.5
5299 171 231.5
5300 180.5 222
5301 166.5 92
5302 161 86.5
5303 159 84.5
5304 153.5 79
5305 197.5 206
5306 179 103.5
5307 174.5 99
5308 165.5 90
5309 161 85.5
5310 155 79.5
5311 146.5 71
5312 196.5 208
5313 207 197.5
5314 217.5 187
5315 223.5 181
5316 227.5 151
5317 220.5 144
5318 220 143.5
5319 176.5 100
5320 165 88.5
5321 163 86.5
5322 216 189.5
5323 225.5 148
5324 224.5 147
5325 180 102.5
5326 174 96.5
5327 167.5 90
5328 165.5 87
5329 164.5 86
5330 159.5 81
5331 156 77.5
5332 179.5 228
5333 189 218.5
5334 225 182.5
5335 224.5 145
5336 179.5 100
5337 177 97.5
5338 190.5 218
5339 219 138.5
5340 188.5 108
5341 154.5 74
5342 180.5 229
5343 193 216.5
5344 209 200.5
5345 220.5 139
5346 159 77.5
5347 158 76.5
5348 174.5 92
5349 166 83.5
5350 161 78.5
5351 181.5 230
5352 195.5 216
5353 219.5 192
5354 171 87.5
5355 169.5 86
5356 160.5 77
5357 239.5 155
5358 158 73.5
5359 186 227.5
5360 218 195.5
5361 247.5 162
5362 246.5 161
5363 245 159.5
5364 244 158.5
5365 239 153.5
5366 238 152.5
5367 178 92.5
5368 161 75.5
5369 243.5 157
5370 233.5 147
5371 230 143.5
5372 175 88.5
5373 174.5 88
5374 172.5 86
5375 170.5 84
5376 198 217.5
5377 201 214.5
5378 217.5 198
5379 218.5 197
5380 230.5 143
5381 229.5 142
5382 212 124.5
5383 180.5 93
5384 177 89.5
5385 183.5 233
5386 195.5 221
5387 195 221.5
5388 204.5 212
5389 229 140.5
5390 225.5 137
5391 213.5 125
5392 210 121.5
5393 182.5 94
5394 179 90.5
5395 168 79.5
5396 166.5 78
5397 164 75.5
5398 150.5 62
5399 218.5 199
5400 226 136.5
5401 200 110.5
5402 198.5 109
5403 197.5 108
5404 185.5 96
5405 160 70.5
5406 154 64.5
5407 184.5 234
5408 204.5 214
5409 233 142.5
5410 197 106.5
5411 193.5 103
5412 192.5 102
5413 187.5 97
5414 187 96.5
5415 182 91.5
5416 218.5 201
5417 219.5 200
5418 195.5 104
5419 194 102.5
5420 192 100.5
5421 190.5 99
5422 189.5 98
5423 181.5 90
5424 178 86.5
5425 177.5 86
5426 174 82.5
5427 171 79.5
5428 185.5 235
5429 235.5 185
5430 246.5 154
5431 245.5 153
5432 196 103.5
5433 195 102.5
5434 193.5 101
5435 173 80.5
5436 168.5 76
5437 167.5 75
5438 166.5 74
5439 190.5 231
5440 205 216.5
5441 249.5 172
5442 204 110.5
5443 172 78.5
5444 171 77.5
5445 169.5 76
5446 186.5 236
5447 205.5 217
5448 218 204.5
5449 231 191.5
5450 235 187.5
5451 186.5 92
5452 181 86.5
5453 179.5 85
5454 197.5 226
5455 200 223.5
5456 219.5 204
5457 193.5 98
5458 186.5 91
5459 187 237.5
5460 196 99.5
5461 188.5 92
5462 175 78.5
5463 170.5 74
5464 200 225.5
5465 232.5 135
5466 198.5 101
5467 174.5 77
5468 201 225.5
5469 202.5 224
5470 206 220.5
5471 253 173.5
5472 235 136.5
5473 223 124.5
5474 201.5 103
5475 199.5 101
5476 199 100.5
5477 190.5 92
5478 189.5 91
5479 181.5 83
5480 188 239.5
5481 219.5 208
5482 235 192.5
5483 238.5 189
5484 232.5 133
5485 203 103.5
5486 188.5 89
5487 176.5 77
5488 214 214.5
5489 253.5 175
5490 202 101.5
5491 187.5 87
5492 187 86.5
5493 183.5 83
5494 208.5 221
5495 220.5 209
5496 220 209.5
5497 225 204.5
5498 225 123.5
5499 196 94.5
5500 179 77.5
5501 204.5 226
5502 207.5 223
5503 214.5 216
5504 215.5 215
5505 257 154.5
5506 200.5 98
5507 199 96.5
5508 197.5 95
5509 179.5 77
5510 194 237.5
5511 208.5 223
5512 215.5 216
5513 225 206.5
5514 201 97.5
5515 189 85.5
5516 181 77.5
5517 180 76.5
5518 209 223.5
5519 206.5 102
5520 204.5 100
5521 199.5 95
5522 191 86.5
5523 189.5 85
5524 185.5 81
5525 185 80.5
5526 184 79.5
5527 182.5 78
5528 206.5 227
5529 215.5 218
5530 225 208.5
5531 230 203.5
5532 255 178.5
5533 206 100.5
5534 201 95.5
5535 222 212.5
5536 226.5 208
5537 226 208.5
5538 263 156.5
5539 191.5 85
5540 217.5 218
5541 256.5 179
5542 270.5 165
5543 198 238.5
5544 222.5 214
5545 258 178.5
5546 259 177.5
5547 270.5 166
5548 216.5 108
5549 215.5 107
5550 227.5 210
5551 228.5 209
5552 259 178.5
5553 271 166.5
5554 215.5 106
5555 199 239.5
5556 223.5 215
5557 268 157.5
5558 229 210.5
5559 259.5 180
5560 261.5 178
5561 272.5 167
5562 264.5 153
5563 199.5 241
5564 243 197.5
5565 218.5 106
5566 224.5 217
5567 227.5 214
5568 243 198.5
5569 261 180.5
5570 273.5 168
5571 199 244.5
5572 214 229.5
5573 225 218.5
5574 230.5 213
5575 230 213.5
5576 264 179.5
5577 268.5 175
5578 274.5 169
5579 231.5 213
5580 231 213.5
5581 261 183.5
5582 266 178.5
5583 275 169.5
5584 269 152.5
5585 202 243.5
5586 266.5 179
5587 269 176.5
5588 276 170.5
5589 200.5 247
5590 202 245.5
5591 226.5 221
5592 232.5 215
5593 232 215.5
5594 276.5 171
5595 204 244.5
5596 232 216.5
5597 277.5 171
5598 227 222.5
5599 233 216.5
5600 270.5 149
5601 279 171.5
5602 205.5 246
5603 264 187.5
5604 265.5 186
5605 266 185.5
5606 267.5 184
5607 277.5 174
5608 211.5 241
5609 212.5 240
5610 248.5 204
5611 276.5 176
5612 284 159.5
5613 276.5 152
5614 203.5 250
5615 211 242.5
5616 213.5 240
5617 204 250.5
5618 267 187.5
5619 279 175.5
5620 287 160.5
5621 289 161.5
5622 288 160.5
5623 205 251.5
5624 230 226.5
5625 244.5 212
5626 292 163.5
5627 291 162.5
5628 290 161.5
5629 285 172.5
5630 293 163.5
5631 231 227.5
5632 236 222.5
5633 269.5 189
5634 281.5 177
5635 236.5 223
5636 245.5 214
5637 246 213.5
5638 271 188.5
5639 273 186.5
5640 275.5 184
5641 280 179.5
5642 289.5 158
5643 287 155.5
5644 208 252.5
5645 236 224.5
5646 282.5 178
5647 295 165.5
5648 237.5 224
5649 274 187.5
5650 276.5 185
5651 204.5 258
5652 236.5 226
5653 236 226.5
5654 247.5 215
5655 238.5 225
5656 247.5 216
5657 267 196.5
5658 281.5 182
5659 286.5 177
5660 297 166.5
5661 206.5 259
5662 238.5 227
5663 240.5 225
5664 249 216.5
5665 269 196.5
5666 285.5 180
5667 288 177.5
5668 240 226.5
5669 249 217.5
5670 269 197.5
5671 276 190.5
5672 283.5 183
5673 286.5 180
5674 287 179.5
5675 299 167.5
5676 298.5 160
5677 207.5 260
5678 236.5 231
5679 240 227.5
5680 278 189.5
5681 280.5 187
5682 286 181.5
5683 289 178.5
5684 301 161.5
5685 300 160.5
5686 237 231.5
5687 242 226.5
5688 252 216.5
5689 271 197.5
5690 277 191.5
5691 283.5 185
5692 300 168.5
5693 208 261.5
5694 243 226.5
5695 271 198.5
5696 279.5 190
5697 287 182.5
5698 288 181.5
5699 289 180.5
5700 301 168.5
5701 241.5 229
5702 253 217.5
5703 270 200.5
5704 288.5 182
5705 239 232.5
5706 242.5 229
5707 302 169.5
5708 244 228.5
5709 254 218.5
5710 274 198.5
5711 280 192.5
5712 286.5 186
5713 287.5 185
5714 288.5 184
5715 245 228.5
5716 272 201.5
5717 282 191.5
5718 291.5 182
5719 303 170.5
5720 306.5 167
5721 210.5 264
5722 242 232.5
5723 275 199.5
5724 287.5 187
5725 291 183.5
5726 304 170.5
5727 212.5 263
5728 241 234.5
5729 242 233.5
5730 246 229.5
5731 255.5 220
5732 282 193.5
5733 290 185.5
5734 212 264.5
5735 244 232.5
5736 276.5 200
5737 281 195.5
5738 282.5 194
5739 285.5 191
5740 287.5 189
5741 290 186.5
5742 293 183.5
5743 294 182.5
5744 305 171.5
5745 238.5 239
5746 243 234.5
5747 257 220.5
5748 276 201.5
5749 288.5 189
5750 289.5 188
5751 308.5 169
5752 213.5 265
5753 243 235.5
5754 248 230.5
5755 285 193.5
5756 295 183.5
5757 306 172.5
5758 244.5 235
5759 245 234.5
5760 246 233.5
5761 257.5 222
5762 278.5 201
5763 283 196.5
5764 285.5 194
5765 240 240.5
5766 280 200.5
5767 296 184.5
5768 307 173.5
5769 310.5 170
5770 243.5 238
5771 275.5 206
5772 280.5 201
5773 286 195.5
5774 289.5 192
5775 290 191.5
5776 307.5 174
5777 228.5 254
5778 246 236.5
5779 247 235.5
5780 248 234.5
5781 284.5 198
5782 289.5 193
5783 293 189.5
5784 228.5 255
5785 231 252.5
5786 248 235.5
5787 287.5 196
5788 289.5 194
5789 297 186.5
5790 308.5 175
5791 246.5 238
5792 247 237.5
5793 249.5 235
5794 259.5 225
5795 280 204.5
5796 289 195.5
5797 293 191.5
5798 295.5 189
5799 228.5 257
5800 247 238.5
5801 292 193.5
5802 309.5 176
5803 313.5 172
5804 227 259.5
5805 249.5 237
5806 260.5 226
5807 293 193.5
5808 294 192.5
5809 295 191.5
5810 299.5 187
5811 221 266.5
5812 248.5 239
5813 248 239.5
5814 251.5 236
5815 251 236.5
5816 285.5 202
5817 252.5 236
5818 261.5 227
5819 283 205.5
5820 288 200.5
5821 294 194.5
5822 311 177.5
5823 315.5 173
5824 249.5 240
5825 249 240.5
5826 250.5 239
5827 251 238.5
5828 284 205.5
5829 223 267.5
5830 251 239.5
5831 252.5 238
5832 227.5 264
5833 250 241.5
5834 254 237.5
5835 262.5 229
5836 270.5 221
5837 294.5 197
5838 297.5 194
5839 299 192.5
5840 312.5 179
5841 248 244.5
5842 251.5 241
5843 263 229.5
5844 295 197.5
5845 251 242.5
5846 255 238.5
5847 303 190.5
5848 318.5 175
5849 231.5 263
5850 233 261.5
5851 248.5 246
5852 253 241.5
5853 293 201.5
5854 302 192.5
5855 303 191.5
5856 226 269.5
5857 235 260.5
5858 249.5 246
5859 294 201.5
5860 253 243.5
5861 256.5 240
5862 293.5 203
5863 304.5 192
5864 320.5 176
5865 253.5 244
5866 272 225.5
5867 295 202.5
5868 298 199.5
5869 302.5 195
5870 303 194.5
5871 319 178.5
5872 239 259.5
5873 295 203.5
5874 299.5 199
5875 300.5 198
5876 301.5 197
5877 305.5 193
5878 321.5 177
5879 256 243.5
5880 259 240.5
5881 267 232.5
5882 272.5 227
5883 273.5 226
5884 295 204.5
5885 223 277.5
5886 272 228.5
5887 300.5 200
5888 304.5 196
5889 306.5 194
5890 307 193.5
5891 221 280.5
5892 230 271.5
5893 257 244.5
5894 268 233.5
5895 295.5 206
5896 297 204.5
5897 302.5 199
5898 304 197.5
5899 307 194.5
5900 256 246.5
5901 259 243.5
5902 282 220.5
5903 297 205.5
5904 301.5 201
5905 305.5 197
5906 224 279.5
5907 259 244.5
5908 269 234.5
5909 298.5 205
5910 302.5 201
5911 231.5 273
5912 299 205.5
5913 304.5 200
5914 306 198.5
5915 307 197.5
5916 260 245.5
5917 261 244.5
5918 275.5 230
5919 288.5 217
5920 297.5 208
5921 258.5 248
5922 289.5 217
5923 298.5 208
5924 299.5 207
5925 299 207.5
5926 304.5 202
5927 307 199.5
5928 254 253.5
5929 257.5 250
5930 262 245.5
5931 263.5 244
5932 283 224.5
5933 285 222.5
5934 290.5 217
5935 300 207.5
5936 305 202.5
5937 314 193.5
5938 260 248.5
5939 263 245.5
5940 284.5 224
5941 299.5 209
5942 301.5 207
5943 306 202.5
5944 308 200.5
5945 309.5 199
5946 258.5 251
5947 262 247.5
5948 264 245.5
5949 277 232.5
5950 302 207.5
5951 310 199.5
5952 311.5 198
5953 261 249.5
5954 273 237.5
5955 301.5 209
5956 302 208.5
5957 310 200.5
5958 326.5 184
5959 224 287.5
5960 259.5 252
5961 263.5 248
5962 284.5 227
5963 302 209.5
5964 304 207.5
5965 308.5 203
5966 257.5 255
5967 260 252.5
5968 278.5 234
5969 302 210.5
5970 303.5 209
5971 311.5 201
5972 258.5 255
5973 262.5 251
5974 274.5 239
5975 287.5 226
5976 305 208.5
5977 328.5 185
5978 261 253.5
5979 265.5 249
5980 266 248.5
5981 267 247.5
5982 303.5 211
5983 312 202.5
5984 313 201.5
5985 258.5 257
5986 275.5 240
5987 287.5 228
5988 289 226.5
5989 305 210.5
5990 310 205.5
5991 311 204.5
5992 329.5 186
5993 240 276.5
5994 262.5 254
5995 276 240.5
5996 286 230.5
5997 287.5 229
5998 314 202.5
5999 260 257.5
6000 262.5 255
6001 267 250.5
6002 269 248.5
6003 270.5 247
6004 286.5 231
6005 307 210.5
6006 260.5 258
6007 264.5 254
6008 271 247.5
6009 286 232.5
6010 305 213.5
6011 312.5 206
6012 312 206.5
6013 313 205.5
6014 329 189.5
6015 241 278.5
6016 260.5 259
6017 263 256.5
6018 265.5 254
6019 268 251.5
6020 272 247.5
6021 281.5 238
6022 290 229.5
6023 307.5 212
6024 308.5 211
6025 261.5 259
6026 265 255.5
6027 266 254.5
6028 267.5 253
6029 267 253.5
6030 270 250.5
6031 306.5 214
6032 319 201.5
6033 250 271.5
6034 261.5 260
6035 267 254.5
6036 271 250.5
6037 273 248.5
6038 290 231.5
6039 308.5 213
6040 314 207.5
6041 320.5 201
6042 331 190.5
6043 333.5 188
6044 263 259.5
6045 274 248.5
6046 279 243.5
6047 291.5 231
6048 308 214.5
6049 314 208.5
6050 262.5 261
6051 265 258.5
6052 266.5 257
6053 315 208.5
6054 332 191.5
6055 245.5 279
6056 251.5 273
6057 268.5 256
6058 269 255.5
6059 275 249.5
6060 280.5 244
6061 309 215.5
6062 315 209.5
6063 318.5 206
6064 264 261.5
6065 267 258.5
6066 270 255.5
6067 276 249.5
6068 311 214.5
6069 266.5 260
6070 284 242.5
6071 314 212.5
6072 318 208.5
6073 335 191.5
6074 265.5 262
6075 271 256.5
6076 273 254.5
6077 313.5 214
6078 321 206.5
6079 331 196.5
6080 337 190.5
6081 268.5 260
6082 268 260.5
6083 276 252.5
6084 277.5 251
6085 278 250.5
6086 313 215.5
6087 314.5 214
6088 335 193.5
6089 337.5 191
6090 278.5 251
6091 291 238.5
6092 268.5 262
6093 273 257.5
6094 275 255.5
6095 278.5 252
6096 323.5 207
6097 326 204.5
6098 268 263.5
6099 271 260.5
6100 279.5 252
6101 315.5 216
6102 316.5 215
6103 337 194.5
6104 339 192.5
6105 270 262.5
6106 273.5 259
6107 274 258.5
6108 292.5 240
6109 321.5 211
6110 333 199.5
6111 272 261.5
6112 274.5 259
6113 339 194.5
6114 271 263.5
6115 276.5 258
6116 323.5 211
6117 325 209.5
6118 274 261.5
6119 278.5 257
6120 290.5 245
6121 293.5 242
6122 319 216.5
6123 273 263.5
6124 280 256.5
6125 323 213.5
6126 341.5 195
6127 275 262.5
6128 278 259.5
6129 280 257.5
6130 316.5 221
6131 342 195.5
6132 257.5 281
6133 275 263.5
6134 281.5 257
6135 290.5 248
6136 294.5 244
6137 330 208.5
6138 291 248.5
6139 323.5 216
6140 324.5 215
6141 295 245.5
6142 308 232.5
6143 321 219.5
6144 330.5 210
6145 274.5 267
6146 328 213.5
6147 331.5 210
6148 283.5 259
6149 344 198.5
6150 276.5 267
6151 287 256.5
6152 326.5 217
6153 328.5 215
6154 330.5 213
6155 284.5 260
6156 323.5 221
6157 327 217.5
6158 331.5 213
6159 333 211.5
6160 276 269.5
6161 294.5 251
6162 337.5 208
6163 324.5 222
6164 332 214.5
6165 277 270.5
6166 295.5 252
6167 286.5 262
6168 296 252.5
6169 298.5 250
6170 323 225.5
6171 333.5 215
6172 281 268.5
6173 332 217.5
6174 269.5 281
6175 278.5 272
6176 288 262.5
6177 300.5 250
6178 304.5 246
6179 282 269.5
6180 300.5 251
6181 300 251.5
6182 341 210.5
6183 270.5 282
6184 274 278.5
6185 289.5 263
6186 334.5 218
6187 337.5 215
6188 339.5 213
6189 342 210.5
6190 272 281.5
6191 282.5 271
6192 300.5 253
6193 317.5 236
6194 343.5 210
6195 284 270.5
6196 299 255.5
6197 302.5 252
6198 306.5 248
6199 283.5 272
6200 300 255.5
6201 301.5 254
6202 302.5 253
6203 339 216.5
6204 344.5 211
6205 292 264.5
6206 338 218.5
6207 302.5 255
6208 304 253.5
6209 339.5 218
6210 345.5 212
6211 279 279.5
6212 285.5 273
6213 285 273.5
6214 289 269.5
6215 286 273.5
6216 289.5 270
6217 289 270.5
6218 294 265.5
6219 296.5 263
6220 303.5 256
6221 304.5 255
6222 339 220.5
6223 285.5 275
6224 342.5 218
6225 346.5 214
6226 280.5 281
6227 287 274.5
6228 290.5 271
6229 303.5 258
6230 340 221.5
6231 344 217.5
6232 285 277.5
6233 286.5 276
6234 289 273.5
6235 295.5 267
6236 343 219.5
6237 305.5 258
6238 324.5 239
6239 343 220.5
6240 346.5 217
6241 287.5 277
6242 292.5 272
6243 294.5 270
6244 296.5 268
6245 335 229.5
6246 288.5 277
6247 286 280.5
6248 294.5 272
6249 297 269.5
6250 301 265.5
6251 311.5 255
6252 301.5 266
6253 334.5 233
6254 298 270.5
6255 309 259.5
6256 347 221.5
6257 283 286.5
6258 287.5 282
6259 330 239.5
6260 337.5 232
6261 337 232.5
6262 291 279.5
6263 302 268.5
6264 303 267.5
6265 310.5 260
6266 314 256.5
6267 288.5 283
6268 288 283.5
6269 311.5 260
6270 332 239.5
6271 337.5 234
6272 352.5 219
6273 288 284.5
6274 290.5 282
6275 292.5 280
6276 302.5 270
6277 315 257.5
6278 332 240.5
6279 299.5 274
6280 305 268.5
6281 333 240.5
6282 341.5 232
6283 292 282.5
6284 293.5 281
6285 341 233.5
6286 360 214.5
6287 334 241.5
6288 294 282.5
6289 335 241.5
6290 285 292.5
6291 293 284.5
6292 301 276.5
6293 351 226.5
6294 287 291.5
6295 291 287.5
6296 355.5 223
6297 357.5 221
6298 291 288.5
6299 336.5 243
6300 342.5 237
6301 290.5 290
6302 343 238.5
6303 359.5 222
6304 302 280.5
6305 324 259.5
6306 309.5 275
6307 361.5 223
6308 301.5 284
6309 359 226.5
6310 362.5 224
6311 319.5 268
6312 345 242.5
6313 351 237.5
6314 321 268.5
6315 346 243.5
6316 362.5 227
6317 362 227.5
6318 364 225.5
6319 310.5 280
6320 322 269.5
6321 346.5 245
6322 347 244.5
6323 353 238.5
6324 313.5 279
6325 314.5 279
6326 347 246.5
6327 348 247.5
6328 314.5 284
6329 317.5 282
6330 350.5 249
6331 351 250.5
6332 352 251.5
6333 384.5 205
6334 353.5 252
6335 386 204.5
6336 387 204.5
6337 322 285.5
6338 354 253.5
6339 386.5 221
6340 374 234.5
6341 375 233.5
6342 355 254.5
6343 388 221.5
6344 394 208.5
6345 393 207.5
6346 389 203.5
6347 324 286.5
6348 389.5 203
6349 345.5 266
6350 375 236.5
6351 386 225.5
6352 392 220.5
6353 326 287.5
6354 391.5 222
6355 357.5 257
6356 376.5 238
6357 347 268.5
6358 393 222.5
6359 394.5 203
6360 379.5 237
6361 379 237.5
6362 381.5 235
6363 380.5 237
6364 396.5 203
6365 382.5 236
6366 384.5 234
6367 391.5 227
6368 330.5 289
6369 381.5 238
6370 394 225.5
6371 395 224.5
6372 397.5 202
6373 354 266.5
6374 378 242.5
6375 380 240.5
6376 383 237.5
6377 385.5 235
6378 395 225.5
6379 399 202.5
6380 380.5 241
6381 382.5 239
6382 393 228.5
6383 395 226.5
6384 398.5 223
6385 399 201.5
6386 398 200.5
6387 349 273.5
6388 355 267.5
6389 383.5 239
6390 386 236.5
6391 399 200.5
6392 381.5 242
6393 383 240.5
6394 394 229.5
6395 395.5 228
6396 398.5 225
6397 401 201.5
6398 400 200.5
6399 334.5 290
6400 361.5 263
6401 385.5 239
6402 389.5 235
6403 396 228.5
6404 397.5 227
6405 401.5 201
6406 335 290.5
6407 385 240.5
6408 397 228.5
6409 400.5 225
6410 401 224.5
6411 402.5 223
6412 401.5 200
6413 400.5 199
6414 362.5 264
6415 396.5 230
6416 403 223.5
6417 386 241.5
6418 387 240.5
6419 390.5 237
6420 398 229.5
6421 403.5 224
6422 404.5 223
6423 404 200.5
6424 357.5 271
6425 363.5 265
6426 391.5 237
6427 397.5 231
6428 403 225.5
6429 405.5 200
6430 404.5 199
6431 338.5 292
6432 391.5 239
6433 392 238.5
6434 399.5 231
6435 365 266.5
6436 399 232.5
6437 400.5 231
6438 400 231.5
6439 405.5 226
6440 407.5 224
6441 408 223.5
6442 407.5 200
6443 407 199.5
6444 387 245.5
6445 393 239.5
6446 399.5 233
6447 408 224.5
6448 406.5 198
6449 340.5 293
6450 357 276.5
6451 366 267.5
6452 392.5 241
6453 401 232.5
6454 406.5 227
6455 409.5 200
6456 359.5 275
6457 388.5 246
6458 394 240.5
6459 367 268.5
6460 394 241.5
6461 396.5 239
6462 403.5 232
6463 405 230.5
6464 408.5 227
6465 411 224.5
6466 396.5 240
6467 390.5 247
6468 395.5 242
6469 344.5 294
6470 368.5 270
6471 392 246.5
6472 395.5 243
6473 397.5 241
6474 392.5 247
6475 397 242.5
6476 399 240.5
6477 369.5 271
6478 393.5 247
6479 397 243.5
6480 428 211.5
6481 427 210.5
6482 426.5 210
6483 425 208.5
6484 384 257.5
6485 395.5 246
6486 399.5 242
6487 419 201.5
6488 347.5 295
6489 393.5 249
6490 394.5 248
6491 413 229.5
6492 415.5 227
6493 416.5 226
6494 371.5 272
6495 385.5 258
6496 401.5 242
6497 405 238.5
6498 415 228.5
6499 425 205.5
6500 356.5 288
6501 394.5 250
6502 405.5 239
6503 407 237.5
6504 416.5 228
6505 421.5 201
6506 356 289.5
6507 372.5 273
6508 396 249.5
6509 409 236.5
6510 431.5 210
6511 401.5 245
6512 410.5 236
6513 432.5 210
6514 426 203.5
6515 349 298.5
6516 351 296.5
6517 358.5 289
6518 374 273.5
6519 397 250.5
6520 417.5 230
6521 417 230.5
6522 436.5 212
6523 359 290.5
6524 403 246.5
6525 415.5 234
6526 434.5 215
6527 436 213.5
6528 426.5 201
6529 375.5 275
6530 400.5 250
6531 417 233.5
6532 418 232.5
6533 360 291.5
6534 361 290.5
6535 399.5 252
6536 400 251.5
6537 434.5 217
6538 438.5 213
6539 439 211.5
6540 438 210.5
6541 355 297.5
6542 411.5 241
6543 432.5 220
6544 438.5 210
6545 428 199.5
6546 377.5 276
6547 402 251.5
6548 423.5 230
6549 425 228.5
6550 426 227.5
6551 438.5 215
6552 439 214.5
6553 441 211.5
6554 364.5 290
6555 406 248.5
6556 412.5 242
6557 439 208.5
6558 438.5 208
6559 365 290.5
6560 401.5 254
6561 412.5 243
6562 421 234.5
6563 441 209.5
6564 429 197.5
6565 360 296.5
6566 404 252.5
6567 410.5 246
6568 424 232.5
6569 429.5 227
6570 439.5 207
6571 367 290.5
6572 416 241.5
6573 440.5 207
6574 362 296.5
6575 446 212.5
6576 441 206.5
6577 430 195.5
6578 398 261.5
6579 406 253.5
6580 424.5 235
6581 426 233.5
6582 392 268.5
6583 395 265.5
6584 405.5 255
6585 415 245.5
6586 421 239.5
6587 443 217.5
6588 448 211.5
6589 445.5 209
6590 442 205.5
6591 391.5 270
6592 392.5 269
6593 392 269.5
6594 393.5 268
6595 394.5 267
6596 415.5 246
6597 440 221.5
6598 431 193.5
6599 391 271.5
6600 394.5 268
6601 397.5 265
6602 423 239.5
6603 443.5 205
6604 398 265.5
6605 399.5 264
6606 400 263.5
6607 433 230.5
6608 435.5 228
6609 441 222.5
6610 432 192.5
6611 397 267.5
6612 402 262.5
6613 432.5 192
6614 434 231.5
6615 449 216.5
6616 445 203.5
6617 384 282.5
6618 386.5 280
6619 393 273.5
6620 427 239.5
6621 441.5 225
6622 442 224.5
6623 443.5 223
6624 418.5 249
6625 446 221.5
6626 434.5 191
6627 370 298.5
6628 385 283.5
6629 429 239.5
6630 432 236.5
6631 437 231.5
6632 447.5 203
6633 401.5 268
6634 431.5 238
6635 440.5 229
6636 445.5 224
6637 454.5 215
6638 389.5 281
6639 438 232.5
6640 436.5 190
6641 432 239.5
6642 454 217.5
6643 455 217.5
6644 456 216.5
6645 457.5 215
6646 388 285.5
6647 441 232.5
6648 451 201.5
6649 444 194.5
6650 446.5 228
6651 393.5 282
6652 418 257.5
6653 441.5 234
6654 440.5 189
6655 376 300.5
6656 389.5 287
6657 432.5 244
6658 449.5 227
6659 453 223.5
6660 445 192.5
6661 390.5 287
6662 392 285.5
6663 446 231.5
6664 451.5 226
6665 454.5 223
6666 444.5 191
6667 452.5 226
6668 456.5 222
6669 430.5 249
6670 458.5 221
6671 459.5 220
6672 460.5 219
6673 448 192.5
6674 444.5 189
6675 429 251.5
6676 432.5 248
6677 451 193.5
6678 449 191.5
6679 416 266.5
6680 430 252.5
6681 453 194.5
6682 402 281.5
6683 452 192.5
6684 380.5 304
6685 441.5 243
6686 442.5 242
6687 454 193.5
6688 450.5 190
6689 445 240.5
6690 461 224.5
6691 453.5 192
6692 452.5 191
6693 446.5 240
6694 461 225.5
6695 462.5 224
6696 455.5 193
6697 382.5 305
6698 475 212.5
6699 459 195.5
6700 458 194.5
6701 457.5 194
6702 429 259.5
6703 432 256.5
6704 440.5 248
6705 447.5 241
6706 450.5 238
6707 461.5 227
6708 463.5 225
6709 463 225.5
6710 465.5 223
6711 465 223.5
6712 467 221.5
6713 474.5 214
6714 452.5 237
6715 452 237.5
6716 463.5 226
6717 463 226.5
6718 464.5 225
6719 466 223.5
6720 467 222.5
6721 468.5 221
6722 469.5 220
6723 476 213.5
6724 477 212.5
6725 476.5 211
6726 385 305.5
6727 442.5 248
6728 478 211.5
6729 463 196.5
6730 431.5 260
6731 474 217.5
6732 476 215.5
6733 477.5 214
6734 477 214.5
6735 478.5 213
6736 478.5 211
6737 452.5 240
6738 458 234.5
6739 459 233.5
6740 472 220.5
6741 473.5 219
6742 473 219.5
6743 478 209.5
6744 395.5 298
6745 437 256.5
6746 454 239.5
6747 455.5 238
6748 455 238.5
6749 456.5 237
6750 457 236.5
6751 458 235.5
6752 471.5 222
6753 480.5 213
6754 480 210.5
6755 477.5 208
6756 470.5 201
6757 434.5 260
6758 461 233.5
6759 462 232.5
6760 463.5 231
6761 473.5 221
6762 475.5 219
6763 475 219.5
6764 479.5 215
6765 482.5 212
6766 481.5 211
6767 479 208.5
6768 477 206.5
6769 433 262.5
6770 454 241.5
6771 458.5 237
6772 465 230.5
6773 474.5 221
6774 474 221.5
6775 481 214.5
6776 482.5 213
6777 470 198.5
6778 387 309.5
6779 395 301.5
6780 397 299.5
6781 398 298.5
6782 454.5 242
6783 456 240.5
6784 460.5 236
6785 462 234.5
6786 470 226.5
6787 471.5 225
6788 477.5 219
6789 478 218.5
6790 479 217.5
6791 482.5 210
6792 399.5 298
6793 400.5 297
6794 464 233.5
6795 482.5 215
6796 480 206.5
6797 479.5 206
6798 478 204.5
6799 471 197.5
6800 435.5 263
6801 436 262.5
6802 463.5 235
6803 466.5 232
6804 466 232.5
6805 475 223.5
6806 478 220.5
6807 483 208.5
6808 480 205.5
6809 389 310.5
6810 392 307.5
6811 396.5 303
6812 397.5 302
6813 398.5 301
6814 469.5 230
6815 473.5 226
6816 474.5 225
6817 474 225.5
6818 475.5 224
6819 477.5 222
6820 479 203.5
6821 440.5 260
6822 476.5 224
6823 478 222.5
6824 481.5 219
6825 486.5 210
6826 474.5 198
6827 397 304.5
6828 399.5 302
6829 440 261.5
6830 451 250.5
6831 467.5 234
6832 468.5 233
6833 469 232.5
6834 470 231.5
6835 473 228.5
6836 481 220.5
6837 482 204.5
6838 481 203.5
6839 391 311.5
6840 398.5 304
6841 401 301.5
6842 403 299.5
6843 428.5 274
6844 452 250.5
6845 463.5 239
6846 465 237.5
6847 470 232.5
6848 473.5 229
6849 477 225.5
6850 487.5 209
6851 426 277.5
6852 429 274.5
6853 435 268.5
6854 476.5 227
6855 490.5 211
6856 484.5 205
6857 399.5 305
6858 404 300.5
6859 405.5 299
6860 443 261.5
6861 444.5 260
6862 444 260.5
6863 455 249.5
6864 456 248.5
6865 475.5 229
6866 480.5 224
6867 488.5 208
6868 486.5 206
6869 484 203.5
6870 483 202.5
6871 445.5 260
6872 457 248.5
6873 491.5 210
6874 483.5 202
6875 482 200.5
6876 461 245.5
6877 487.5 205
6878 486.5 204
6879 485 202.5
6880 482.5 200
6881 395 312.5
6882 403.5 304
6883 405 302.5
6884 439 268.5
6885 484.5 201
6886 407.5 301
6887 407 301.5
6888 485.5 223
6889 488 203.5
6890 484.5 199
6891 401 309.5
6892 403 307.5
6893 407 303.5
6894 408 302.5
6895 409 301.5
6896 410.5 300
6897 415 295.5
6898 495.5 209
6899 486 199.5
6900 398 313.5
6901 408 303.5
6902 470 241.5
6903 495 207.5
6904 493.5 206
6905 485.5 198
6906 485 197.5
6907 409.5 303
6908 417.5 295
6909 489.5 223
6910 490.5 222
6911 491.5 203
6912 486 197.5
6913 485 196.5
6914 404.5 309
6915 459.5 254
6916 486.5 197
6917 485 195.5
6918 447 268.5
6919 462 253.5
6920 484.5 231
6921 497 218.5
6922 500.5 215
6923 501.5 214
6924 493 201.5
6925 487 195.5
6926 486.5 195
6927 453 263.5
6928 454 262.5
6929 461 255.5
6930 493 223.5
6931 496 220.5
6932 497 219.5
6933 500.5 216
6934 500 216.5
6935 493 200.5
6936 488 195.5
6937 402.5 315
6938 480 237.5
6939 481.5 236
6940 488 229.5
6941 466.5 252
6942 488.5 194
6943 480 239.5
6944 496 223.5
6945 498 221.5
6946 453.5 267
6947 467.5 253
6948 506 214.5
6949 507 213.5
6950 503.5 207
6951 460 261.5
6952 461 260.5
6953 482.5 239
6954 488.5 191
6955 462 260.5
6956 481 241.5
6957 498.5 200
6958 490 191.5
6959 453 270.5
6960 499.5 224
6961 455 269.5
6962 458 266.5
6963 463 261.5
6964 464 260.5
6965 472.5 252
6966 503 221.5
6967 504.5 204
6968 487 186.5
6969 454 271.5
6970 457.5 268
6971 465.5 260
6972 474 251.5
6973 510.5 215
6974 511.5 214
6975 486.5 185
6976 476 250.5
6977 477.5 249
6978 501.5 225
6979 502.5 224
6980 509.5 217
6981 510.5 216
6982 491 188.5
6983 458 269.5
6984 460.5 267
6985 462.5 265
6986 472 255.5
6987 497.5 230
6988 498.5 229
6989 500.5 227
6990 506.5 221
6991 507.5 220
6992 508.5 219
6993 511 216.5
6994 512.5 215
6995 508.5 205
6996 488.5 185
6997 432.5 296
6998 463.5 265
6999 483 245.5
7000 498 230.5
7001 499.5 229
7002 506.5 222
7003 514.5 210
7004 472 257.5
7005 474 255.5
7006 477 252.5
7007 494.5 235
7008 495 234.5
7009 509 220.5
7010 516 210.5
7011 514 208.5
7012 488 182.5
7013 430.5 300
7014 464 266.5
7015 478 252.5
7016 479.5 251
7017 480 250.5
7018 485 245.5
7019 490 240.5
7020 492 238.5
7021 493.5 237
7022 508 222.5
7023 510.5 220
7024 515.5 209
7025 512.5 206
7026 491.5 185
7027 432 299.5
7028 465 266.5
7029 466 265.5
7030 473.5 258
7031 475.5 256
7032 478 253.5
7033 479.5 252
7034 479 252.5
7035 484.5 247
7036 491.5 240
7037 515 216.5
7038 491 183.5
7039 489.5 182
7040 433.5 299
7041 434.5 298
7042 510.5 222
7043 509.5 201
7044 509 200.5
7045 515 218.5
7046 509.5 200
7047 509 199.5
7048 432.5 302
7049 447 287.5
7050 478.5 256
7051 479.5 255
7052 488.5 246
7053 509 225.5
7054 494.5 184
7055 491 180.5
7056 434 301.5
7057 435 300.5
7058 440 295.5
7059 475 260.5
7060 487 248.5
7061 500.5 235
7062 508 227.5
7063 509 226.5
7064 510.5 225
7065 516.5 219
7066 491 179.5
7067 445.5 291
7068 481.5 255
7069 496 240.5
7070 496.5 184
7071 440.5 297
7072 447 290.5
7073 448.5 289
7074 441 297.5
7075 445.5 293
7076 445 293.5
7077 450 288.5
7078 493.5 245
7079 494 244.5
7080 498.5 184
7081 497 182.5
7082 495.5 181
7083 447 292.5
7084 448 291.5
7085 449 290.5
7086 452.5 287
7087 521.5 206
7088 521.5 205
7089 492 175.5
7090 445.5 296
7091 514 227.5
7092 498.5 181
7093 496.5 179
7094 446.5 296
7095 447.5 295
7096 450 292.5
7097 451.5 292
7098 455 288.5
7099 517 197.5
7100 510.5 191
7101 499 179.5
7102 498 178.5
7103 464.5 280
7104 500 179.5
7105 496.5 176
7106 516.5 195
7107 510.5 189
7108 463 283.5
7109 509.5 237
7110 511 235.5
7111 512.5 234
7112 512 234.5
7113 515.5 231
7114 519.5 227
7115 512 189.5
7116 463 284.5
7117 497 250.5
7118 501 246.5
7119 502.5 245
7120 504 243.5
7121 506 241.5
7122 507 240.5
7123 512.5 235
7124 514.5 233
7125 517 230.5
7126 495.5 172
7127 497 251.5
7128 499.5 249
7129 501.5 247
7130 502.5 246
7131 507.5 241
7132 509.5 239
7133 512.5 236
7134 513.5 235
7135 514.5 234
7136 514 234.5
7137 515.5 233
7138 518 230.5
7139 513 188.5
7140 511.5 187
7141 471 278.5
7142 501 248.5
7143 504 245.5
7144 506 243.5
7145 507 242.5
7146 508 241.5
7147 517.5 232
7148 519.5 230
7149 519 230.5
7150 530.5 219
7151 531 218.5
7152 496.5 171
7153 493 167.5
7154 509 241.5
7155 516 234.5
7156 519 231.5
7157 503.5 248
7158 522.5 229
7159 495.5 168
7160 505 247.5
7161 506 246.5
7162 507.5 245
7163 532 203.5
7164 497 168.5
7165 467 286.5
7166 468.5 285
7167 479.5 274
7168 501 252.5
7169 509.5 244
7170 510.5 243
7171 515.5 238
7172 496.5 167
7173 494 164.5
7174 482.5 272
7175 490 264.5
7176 491.5 263
7177 501.5 253
7178 509.5 245
7179 532.5 202
7180 496.5 166
7181 504.5 251
7182 511 244.5
7183 512.5 243
7184 517.5 238
7185 518.5 237
7186 519.5 236
7187 533.5 202
7188 493.5 263
7189 504 252.5
7190 518 238.5
7191 521.5 235
7192 523 233.5
7193 495 162.5
7194 487 270.5
7195 488 269.5
7196 499 258.5
7197 500 257.5
7198 507.5 250
7199 522.5 235
7200 522 235.5
7201 523.5 234
7202 545.5 212
7203 534.5 201
7204 533.5 200
7205 496.5 163
7206 489.5 269
7207 489 269.5
7208 493.5 265
7209 543.5 215
7210 544.5 214
7211 534.5 200
7212 490.5 269
7213 496.5 263
7214 506 253.5
7215 508.5 251
7216 527 232.5
7217 543 216.5
7218 497.5 162
7219 494.5 266
7220 495.5 265
7221 498 262.5
7222 502.5 258
7223 507 253.5
7224 511 249.5
7225 534 226.5
7226 547 213.5
7227 548 212.5
7228 535.5 199
7229 535 198.5
7230 510.5 251
7231 515.5 246
7232 517.5 244
7233 523 238.5
7234 530.5 231
7235 531 230.5
7236 544.5 217
7237 545.5 208
7238 535.5 198
7239 496 158.5
7240 502.5 260
7241 518.5 244
7242 518 244.5
7243 526.5 236
7244 528 234.5
7245 529.5 233
7246 529 233.5
7247 539.5 223
7248 547 215.5
7249 550 212.5
7250 549.5 211
7251 513 250.5
7252 531 232.5
7253 532.5 231
7254 532 231.5
7255 538 225.5
7256 539.5 224
7257 544.5 219
7258 546.5 217
7259 546 217.5
7260 549.5 210
7261 548 208.5
7262 536.5 197
7263 496.5 157
7264 496 156.5
7265 503.5 261
7266 521.5 243
7267 523.5 241
7268 544 220.5
7269 549.5 215
7270 551 213.5
7271 552 212.5
7272 551.5 211
7273 506 259.5
7274 507.5 258
7275 516 249.5
7276 542 223.5
7277 546 219.5
7278 551.5 214
7279 552.5 211
7280 549 207.5
7281 496.5 155
7282 510.5 256
7283 514 252.5
7284 515 251.5
7285 516.5 250
7286 519.5 247
7287 523.5 243
7288 535.5 231
7289 537 229.5
7290 548.5 218
7291 549 217.5
7292 553 213.5
7293 553.5 211
7294 551.5 209
7295 497.5 155
7296 506.5 261
7297 509 258.5
7298 524 243.5
7299 526.5 241
7300 529.5 238
7301 543 224.5
7302 544.5 223
7303 547 220.5
7304 548.5 219
7305 551.5 216
7306 552 215.5
7307 551.5 208
7308 508.5 260
7309 520 248.5
7310 521 247.5
7311 526 242.5
7312 530.5 238
7313 533.5 235
7314 546 222.5
7315 555 213.5
7316 554.5 210
7317 552 207.5
7318 498.5 154
7319 497.5 153
7320 510 259.5
7321 515.5 254
7322 516.5 253
7323 520.5 249
7324 520 249.5
7325 523.5 246
7326 524.5 245
7327 526.5 243
7328 542.5 227
7329 546 223.5
7330 552 217.5
7331 555 214.5
7332 557 211.5
7333 556.5 211
7334 553.5 208
7335 548 202.5
7336 512 258.5
7337 514 256.5
7338 517.5 253
7339 518 252.5
7340 540 230.5
7341 554.5 216
7342 555 208.5
7343 516 255.5
7344 517 254.5
7345 526 245.5
7346 528.5 243
7347 540.5 231
7348 556 215.5
7349 558 210.5
7350 555 207.5
7351 553.5 206
7352 553 205.5
7353 550.5 203
7354 520 252.5
7355 522.5 250
7356 527 245.5
7357 534.5 238
7358 536.5 236
7359 545.5 227
7360 548 224.5
7361 550.5 222
7362 558 209.5
7363 557.5 209
7364 554.5 206
7365 499.5 151
7366 534 239.5
7367 542.5 231
7368 548.5 225
7369 560 213.5
7370 556.5 207
7371 523.5 251
7372 525.5 249
7373 529 245.5
7374 530.5 244
7375 540.5 234
7376 541.5 233
7377 551 223.5
7378 555 219.5
7379 559 208.5
7380 554 203.5
7381 552 201.5
7382 500.5 150
7383 514.5 261
7384 523.5 252
7385 523 252.5
7386 534 241.5
7387 539.5 236
7388 543 232.5
7389 544.5 231
7390 550.5 225
7391 552 200.5
7392 516.5 260
7393 524.5 252
7394 526 250.5
7395 528.5 248
7396 533.5 243
7397 533 243.5
7398 538.5 238
7399 541 235.5
7400 543 233.5
7401 545 231.5
7402 555 221.5
7403 556 220.5
7404 557.5 219
7405 559.5 217
7406 560 216.5
7407 559 206.5
7408 553 200.5
7409 518 259.5
7410 519 258.5
7411 528 249.5
7412 533 244.5
7413 547.5 230
7414 550.5 227
7415 553 224.5
7416 555.5 202
7417 550.5 197
7418 549 195.5
7419 536.5 183
7420 541 237.5
7421 556.5 202
7422 551 196.5
7423 522.5 257
7424 559 203.5
7425 553 197.5
7426 524.5 256
7427 525.5 255
7428 524.5 257
7429 525.5 256
7430 526.5 255
7431 563.5 206
7432 562.5 205
7433 562 204.5
7434 551.5 194
7435 534 176.5
7436 507 149.5
7437 535 247.5
7438 554 195.5
7439 553.5 195
7440 534 175.5
7441 559 199.5
7442 557.5 198
7443 556 196.5
7444 552 192.5
7445 536.5 177
7446 531.5 172
7447 568.5 208
7448 564 203.5
7449 561.5 201
7450 564.5 221
7451 566.5 205
7452 562.5 201
7453 560.5 199
7454 556 194.5
7455 555 193.5
7456 553.5 192
7457 553 191.5
7458 569 206.5
7459 564 201.5
7460 558 195.5
7461 556 193.5
7462 563.5 200
7463 562.5 199
7464 561.5 198
7465 557 193.5
7466 555 191.5
7467 559 229.5
7468 567.5 203
7469 560.5 196
7470 557.5 193
7471 537.5 173
7472 563 197.5
7473 556 190.5
7474 554.5 189
7475 536 170.5
7476 535 169.5
7477 541.5 249
7478 568 201.5
7479 567.5 201
7480 565 198.5
7481 563.5 197
7482 558 191.5
7483 554 187.5
7484 531.5 165
7485 563 195.5
7486 562.5 195
7487 559.5 192
7488 544 248.5
7489 562 193.5
7490 554 185.5
7491 527 158.5
7492 568.5 199
7493 567.5 198
7494 565 195.5
7495 561.5 192
7496 537.5 168
7497 526.5 157
7498 518.5 149
7499 546.5 248
7500 552 242.5
7501 553 241.5
7502 555 239.5
7503 564.5 194
7504 551.5 244
7505 554 241.5
7506 569 197.5
7507 564 192.5
7508 562.5 191
7509 528.5 157
7510 526.5 155
7511 519.5 148
7512 549 247.5
7513 553.5 243
7514 565.5 193
7515 554 181.5
7516 551 246.5
7517 568.5 195
7518 564.5 191
7519 563 189.5
7520 554.5 181
7521 540.5 167
7522 528.5 155
7523 512 138.5
7524 507 133.5
7525 553.5 245
7526 569 194.5
7527 562 187.5
7528 561.5 187
7529 556 181.5
7530 566 190.5
7531 520.5 145
7532 513 137.5
7533 509 133.5
7534 507.5 132
7535 520.5 144
7536 553.5 248
7537 555.5 178
7538 544 258.5
7539 557.5 178
7540 556 176.5
7541 554 250.5
7542 568.5 188
7543 558.5 178
7544 558 177.5
7545 530 149.5
7546 529 148.5
7547 528.5 148
7548 546.5 259
7549 538 156.5
7550 532 150.5
7551 515 133.5
7552 558.5 176
7553 556 251.5
7554 558 174.5
7555 557 173.5
7556 570 185.5
7557 569 184.5
7558 560.5 176
7559 541.5 157
7560 540 155.5
7561 557 252.5
7562 529.5 144
7563 559.5 173
7564 558 253.5
7565 562.5 175
7566 546.5 159
7567 546 157.5
7568 545.5 157
7569 543.5 155
7570 539 150.5
7571 518 129.5
7572 510.5 122
7573 558.5 255
7574 558.5 168
7575 546 155.5
7576 536 145.5
7577 534.5 144
7578 514.5 124
7579 560 168.5
7580 519.5 128
7581 559 257.5
7582 561.5 169
7583 560 167.5
7584 537 144.5
7585 515.5 123
7586 540 146.5
7587 525 131.5
7588 520.5 127
7589 524.5 130
7590 561.5 166
7591 542 145.5
7592 522 125.5
7593 513 116.5
7594 564 166.5
7595 542.5 145
7596 527.5 130
7597 565 166.5
7598 522.5 124
7599 529 129.5
7600 514 114.5
7601 545 144.5
7602 544 143.5
7603 523.5 123
7604 521 120.5
7605 531.5 130
7606 529 127.5
7607 514.5 113
7608 545 142.5
7609 529 126.5
7610 522 119.5
7611 546.5 143
7612 525 121.5
7613 565.5 161
7614 546.5 142
7615 523 118.5
7616 516 111.5
7617 578 172.5
7618 563 157.5
7619 546.5 141
7620 523.5 118
7621 517.5 112
7622 535 128.5
7623 528.5 122
7624 517.5 110
7625 564.5 156
7626 530.5 122
7627 529.5 121
7628 576.5 167
7629 567 157.5
7630 563 153.5
7631 546.5 137
7632 567 156.5
7633 563 152.5
7634 531.5 121
7635 575.5 164
7636 566.5 155
7637 538.5 127
7638 550.5 136
7639 533.5 119
7640 578.5 163
7641 578 162.5
7642 566 150.5
7643 564 148.5
7644 534.5 119
7645 565 146.5
7646 583.5 164
7647 579 159.5
7648 570 150.5
7649 567.5 148
7650 544.5 125
7651 534 114.5
7652 585.5 165
7653 548.5 127
7654 571 148.5
7655 571 147.5
7656 553.5 130
7657 537 113.5
7658 569.5 145
7659 591.5 166
7660 552 126.5
7661 572 145.5
7662 570.5 144
7663 569 142.5
7664 567.5 141
7665 549 122.5
7666 542.5 116
7667 573 145.5
7668 570.5 143
7669 589.5 161
7670 587.5 159
7671 573 144.5
7672 568 139.5
7673 554.5 126
7674 587 157.5
7675 572.5 143
7676 568.5 139
7677 544 114.5
7678 593 162.5
7679 591.5 161
7680 573 142.5
7681 571.5 141
7682 570.5 140
7683 555.5 125
7684 551.5 121
7685 574 142.5
7686 573 141.5
7687 572.5 141
7688 526 94.5
7689 518 94.5
7690 598 165.5
7691 593.5 160
7692 575 141.5
7693 574.5 141
7694 573 139.5
7695 572 138.5
7696 546.5 113
7697 599.5 165
7698 553.5 119
7699 595.5 160
7700 594 158.5
7701 593.5 158
7702 572 136.5
7703 569 133.5
7704 554.5 119
7705 548 112.5
7706 526.5 91
7707 574 137.5
7708 571.5 135
7709 571 134.5
7710 570 133.5
7711 518.5 89
7712 603.5 166
7713 596.5 159
7714 576.5 139
7715 573.5 136
7716 604.5 166
7717 604 165.5
7718 592 153.5
7719 575 136.5
7720 574.5 136
7721 573.5 135
7722 527.5 89
7723 591.5 152
7724 577 137.5
7725 576.5 137
7726 575.5 136
7727 573.5 134
7728 550.5 111
7729 545.5 106
7730 603 162.5
7731 574.5 134
7732 572.5 132
7733 572 131.5
7734 545 104.5
7735 521.5 82
7736 518.5 85
7737 519 84.5
7738 594.5 153
7739 593 151.5
7740 589.5 148
7741 575.5 134
7742 552 110.5
7743 520 82.5
7744 577 134.5
7745 576 133.5
7746 572 129.5
7747 554.5 112
7748 528.5 86
7749 521 80.5
7750 608 164.5
7751 599 155.5
7752 592 148.5
7753 578.5 135
7754 574 130.5
7755 522 78.5
7756 610.5 166
7757 609 164.5
7758 598 153.5
7759 594.5 150
7760 577.5 133
7761 554 109.5
7762 529 84.5
7763 610 167.5
7764 611 165.5
7765 610 164.5
7766 608.5 163
7767 608 162.5
7768 578 132.5
7769 573.5 128
7770 525.5 80
7771 524 78.5
7772 612 166.5
7773 608.5 162
7774 579.5 133
7775 575.5 129
7776 558.5 112
7777 525.5 79
7778 611 163.5
7779 578.5 131
7780 578 130.5
7781 556 108.5
7782 611 162.5
7783 605 156.5
7784 585.5 137
7785 579.5 131
7786 578 129.5
7787 576.5 128
7788 575.5 127
7789 574 125.5
7790 573 124.5
7791 614 167.5
7792 613.5 164
7793 609.5 160
7794 581 131.5
7795 577 127.5
7796 561.5 112
7797 530.5 81
7798 616 165.5
7799 614.5 164
7800 558 107.5
7801 615.5 168
7802 587 135.5
7803 581.5 130
7804 579.5 128
7805 577.5 126
7806 576 124.5
7807 575 123.5
7808 562.5 111
7809 547 95.5
7810 546 94.5
7811 531.5 80
7812 617.5 165
7813 610 157.5
7814 580.5 128
7815 578.5 126
7816 577.5 125
7817 616.5 169
7818 617.5 168
7819 605 151.5
7820 579 125.5
7821 576.5 123
7822 617 169.5
7823 619.5 167
7824 604.5 150
7825 587.5 133
7826 577.5 123
7827 575.5 121
7828 564.5 110
7829 533 78.5
7830 620 167.5
7831 616 160.5
7832 608 152.5
7833 581.5 126
7834 577 121.5
7835 582 125.5
7836 580.5 124
7837 570.5 114
7838 566.5 110
7839 617.5 160
7840 610 152.5
7841 608.5 151
7842 607.5 150
7843 590 132.5
7844 589 131.5
7845 581 123.5
7846 579 121.5
7847 556.5 99
7848 556 98.5
7849 534.5 77
7850 612 153.5
7851 538 79.5
7852 584 124.5
7853 583 123.5
7854 581.5 122
7855 557.5 98
7856 621.5 161
7857 613 152.5
7858 591.5 131
7859 590 129.5
7860 589.5 129
7861 583 122.5
7862 581 120.5
7863 568.5 108
7864 538.5 78
7865 536 75.5
7866 610 148.5
7867 591.5 130
7868 582.5 121
7869 560.5 99
7870 591 128.5
7871 590 127.5
7872 582.5 120
7873 554.5 92
7874 552.5 90
7875 629 166.5
7876 625 161.5
7877 592.5 129
7878 582 118.5
7879 580 116.5
7880 579.5 116
7881 537 73.5
7882 615 150.5
7883 611 146.5
7884 593.5 129
7885 591.5 127
7886 584 119.5
7887 582 117.5
7888 581.5 117
7889 618 152.5
7890 592 126.5
7891 585 119.5
7892 583.5 118
7893 582.5 117
7894 580.5 115
7895 543.5 78
7896 538.5 73
7897 626 172.5
7898 616 149.5
7899 591 124.5
7900 585 118.5
7901 543.5 77
7902 540 73.5
7903 586.5 119
7904 581.5 114
7905 580 112.5
7906 579.5 112
7907 574.5 107
7908 540.5 73
7909 627.5 173
7910 614.5 146
7911 587 118.5
7912 586.5 118
7913 542 73.5
7914 585.5 116
7915 582 112.5
7916 575.5 106
7917 549.5 80
7918 546 76.5
7919 595.5 125
7920 580.5 110
7921 542 71.5
7922 629.5 174
7923 587.5 116
7924 586 114.5
7925 614 141.5
7926 588 115.5
7927 587 114.5
7928 543.5 71
7929 585.5 112
7930 548.5 75
7931 596 121.5
7932 584 109.5
7933 578.5 104
7934 631.5 156
7935 616.5 141
7936 615.5 140
7937 596 120.5
7938 595 119.5
7939 589 113.5
7940 549.5 74
7941 621 144.5
7942 619.5 143
7943 618.5 142
7944 609 132.5
7945 597 120.5
7946 595.5 119
7947 590 113.5
7948 588 111.5
7949 591 113.5
7950 610 131.5
7951 607.5 129
7952 590 111.5
7953 632.5 153
7954 607 127.5
7955 599.5 120
7956 598 118.5
7957 559.5 80
7958 599 118.5
7959 587.5 107
7960 547 66.5
7961 638 175.5
7962 646.5 167
7963 563 81.5
7964 547 65.5
7965 641 158.5
7966 588.5 106
7967 644.5 161
7968 599.5 116
7969 578.5 95
7970 566 82.5
7971 641 175.5
7972 646 170.5
7973 578.5 94
7974 559 74.5
7975 549 64.5
7976 647.5 170
7977 640.5 155
7978 618 132.5
7979 578.5 93
7980 646 172.5
7981 643.5 157
7982 602.5 116
7983 645 157.5
7984 639.5 152
7985 591.5 104
7986 556 68.5
7987 654 166.5
7988 648.5 160
7989 639 150.5
7990 603.5 115
7991 552 63.5
7992 654.5 167
7993 654.5 165
7994 653 163.5
7995 656 166.5
7996 642.5 152
7997 636.5 146
7998 603 112.5
7999 586 95.5
8000 564 73.5
8001 557 66.5
8002 645 153.5
8003 635.5 144
8004 618.5 127
8005 605.5 114
8006 655.5 169
8007 655.5 163
8008 654.5 162
8009 653 160.5
8010 648.5 156
8011 647 154.5
8012 642.5 150
8013 642 149.5
8014 634.5 142
8015 586 93.5
8016 565 72.5
8017 647.5 178
8018 656 162.5
8019 644 150.5
8020 642 148.5
8021 619 125.5
8022 592 98.5
8023 573.5 80
8024 654.5 172
8025 656.5 170
8026 657.5 169
8027 655.5 161
8028 654.5 160
8029 652.5 158
8030 650.5 156
8031 649.5 155
8032 647.5 153
8033 645.5 151
8034 633.5 139
8035 607 112.5
8036 574 79.5
8037 655 159.5
8038 653.5 158
8039 644.5 149
8040 643.5 148
8041 632 136.5
8042 608 112.5
8043 648.5 180
8044 657.5 171
8045 662 165.5
8046 654.5 158
8047 647.5 151
8048 646.5 150
8049 645.5 149
8050 598.5 102
8051 593.5 97
8052 568 71.5
8053 649 180.5
8054 655.5 174
8055 655 174.5
8056 657 172.5
8057 654 156.5
8058 645 147.5
8059 644 146.5
8060 643 145.5
8061 631.5 134
8062 609 111.5
8063 599 101.5
8064 561.5 64
8065 664 165.5
8066 647.5 149
8067 630.5 132
8068 576.5 78
8069 655 176.5
8070 663.5 168
8071 663 168.5
8072 664.5 165
8073 663.5 164
8074 651 181.5
8075 652.5 180
8076 657 175.5
8077 663 169.5
8078 629 128.5
8079 628 127.5
8080 600.5 100
8081 600 99.5
8082 578.5 78
8083 564 63.5
8084 667 166.5
8085 626 124.5
8086 603 101.5
8087 602.5 101
8088 652 182.5
8089 664.5 170
8090 666.5 168
8091 667 167.5
8092 664 161.5
8093 663.5 161
8094 662.5 160
8095 576.5 74
8096 653.5 182
8097 663 172.5
8098 666 169.5
8099 669 166.5
8100 667.5 164
8101 663 159.5
8102 617.5 114
8103 666.5 170
8104 669 164.5
8105 668 163.5
8106 620.5 116
8107 653.5 184
8108 663.5 174
8109 665 172.5
8110 668 169.5
8111 670 167.5
8112 666.5 161
8113 607 101.5
8114 670 168.5
8115 667.5 161
8116 666 159.5
8117 567.5 61
8118 657.5 182
8119 671.5 168
8120 669 161.5
8121 667.5 160
8122 624 116.5
8123 663 177.5
8124 664 176.5
8125 669 160.5
8126 640 131.5
8127 608.5 100
8128 589.5 81
8129 569.5 61
8130 664.5 177
8131 664 177.5
8132 665.5 176
8133 667 174.5
8134 668 173.5
8135 665 155.5
8136 663 153.5
8137 626.5 117
8138 610.5 101
8139 607.5 98
8140 658 184.5
8141 669 173.5
8142 674 163.5
8143 669.5 159
8144 668.5 158
8145 661.5 151
8146 672.5 171
8147 665.5 154
8148 664.5 153
8149 663.5 152
8150 581.5 70
8151 580 68.5
8152 664 180.5
8153 668 176.5
8154 661 148.5
8155 654.5 142
8156 642.5 130
8157 642 129.5
8158 640 127.5
8159 615.5 103
8160 583 70.5
8161 660 185.5
8162 660 146.5
8163 616.5 103
8164 586.5 73
8165 585 71.5
8166 667 179.5
8167 671.5 175
8168 679 164.5
8169 661.5 147
8170 620 105.5
8171 618 103.5
8172 616.5 102
8173 609 94.5
8174 679.5 164
8175 669 153.5
8176 660 144.5
8177 613 97.5
8178 679 169.5
8179 660.5 144
8180 659.5 143
8181 619.5 103
8182 617.5 101
8183 616 99.5
8184 610.5 94
8185 668.5 181
8186 671.5 178
8187 678.5 171
8188 683 166.5
8189 681.5 164
8190 678.5 161
8191 666.5 149
8192 659 141.5
8193 668.5 182
8194 669.5 181
8195 619.5 101
8196 682.5 163
8197 665.5 146
8198 658.5 139
8199 657.5 138
8200 626.5 107
8201 670 182.5
8202 683.5 170
8203 681.5 160
8204 679.5 158
8205 640.5 119
8206 640 118.5
8207 669.5 185
8208 679.5 175
8209 655.5 133
8210 654 131.5
8211 640.5 118
8212 636 113.5
8213 630 107.5
8214 629 106.5
8215 618.5 96
8216 683.5 160
8217 681 157.5
8218 680.5 157
8219 655 131.5
8220 643.5 120
8221 617.5 94
8222 669.5 187
8223 671 185.5
8224 679.5 177
8225 690.5 166
8226 690 165.5
8227 688.5 164
8228 682 157.5
8229 658 133.5
8230 657.5 133
8231 654 129.5
8232 653.5 129
8233 652.5 128
8234 649.5 125
8235 648.5 124
8236 646.5 122
8237 636 111.5
8238 631 106.5
8239 690.5 165
8240 686.5 161
8241 685 159.5
8242 683.5 158
8243 682.5 157
8244 682 156.5
8245 678.5 153
8246 656.5 131
8247 655.5 130
8248 651.5 126
8249 650 124.5
8250 643 117.5
8251 638 112.5
8252 673 185.5
8253 676 182.5
8254 688.5 170
8255 691 167.5
8256 688 161.5
8257 664 137.5
8258 654.5 128
8259 652 125.5
8260 646.5 120
8261 626.5 100
8262 596 69.5
8263 595 68.5
8264 594 67.5
8265 593 66.5
8266 663.5 196
8267 664.5 195
8268 669.5 190
8269 685.5 174
8270 685 157.5
8271 680.5 153
8272 678.5 151
8273 677 149.5
8274 676.5 149
8275 672.5 145
8276 663 135.5
8277 655.5 128
8278 650.5 123
8279 647 119.5
8280 646.5 119
8281 643.5 116
8282 628 100.5
8283 597 69.5
8284 593 65.5
8285 670.5 190
8286 687.5 173
8287 692.5 168
8288 692 168.5
8289 678 149.5
8290 651.5 123
8291 650.5 122
8292 645 116.5
8293 595.5 67
8294 592.5 64
8295 693.5 168
8296 674.5 145
8297 662 132.5
8298 658.5 129
8299 656.5 127
8300 652.5 123
8301 651.5 122
8302 635.5 106
8303 607 77.5
8304 606 76.5
8305 605 75.5
8306 604 74.5
8307 603 73.5
8308 665 197.5
8309 671 191.5
8310 682.5 152
8311 676.5 146
8312 660 129.5
8313 654.5 124
8314 652 121.5
8315 650 119.5
8316 595 64.5
8317 668.5 195
8318 675 188.5
8319 694 169.5
8320 687 155.5
8321 682 150.5
8322 680.5 149
8323 678 146.5
8324 659 127.5
8325 658.5 127
8326 654 122.5
8327 652.5 121
8328 648.5 117
8329 646.5 115
8330 645 113.5
8331 631.5 100
8332 597 65.5
8333 667.5 197
8334 697.5 165
8335 692.5 160
8336 680 147.5
8337 678.5 146
8338 658 125.5
8339 656 123.5
8340 654 121.5
8341 649.5 117
8342 647.5 115
8343 647 114.5
8344 611.5 79
8345 665 200.5
8346 666.5 199
8347 671.5 194
8348 699 165.5
8349 698 164.5
8350 677 143.5
8351 656 122.5
8352 655 121.5
8353 653 119.5
8354 649 115.5
8355 642.5 109
8356 641.5 108
8357 623.5 90
8358 611 77.5
8359 608.5 75
8360 606.5 73
8361 605.5 72
8362 600.5 67
8363 675.5 191
8364 696 161.5
8365 689 154.5
8366 685.5 151
8367 683.5 149
8368 682 147.5
8369 681.5 147
8370 676 141.5
8371 675 140.5
8372 673.5 139
8373 656 121.5
8374 651 116.5
8375 649.5 115
8376 647 112.5
8377 645 110.5
8378 607 72.5
8379 606 71.5
8380 603.5 69
8381 671.5 196
8382 689 178.5
8383 696 171.5
8384 700 164.5
8385 691.5 156
8386 683 147.5
8387 679 143.5
8388 654.5 119
8389 652.5 117
8390 651 115.5
8391 646.5 111
8392 645 109.5
8393 605 69.5
8394 603.5 68
8395 680.5 188
8396 690 178.5
8397 701 164.5
8398 689.5 153
8399 681 144.5
8400 677.5 141
8401 676.5 140
8402 648.5 112
8403 646 109.5
8404 641.5 105
8405 640.5 104
8406 635 98.5
8407 666 203.5
8408 670.5 199
8409 671 198.5
8410 701 168.5
8411 703 165.5
8412 696.5 159
8413 689.5 152
8414 687.5 150
8415 685.5 148
8416 682 144.5
8417 680.5 143
8418 677.5 140
8419 676 138.5
8420 674.5 137
8421 672.5 135
8422 670.5 133
8423 638.5 101
8424 636 98.5
8425 666.5 204
8426 671.5 199
8427 688.5 182
8428 689.5 181
8429 697 173.5
8430 703.5 165
8431 702 163.5
8432 697.5 159
8433 694.5 156
8434 685.5 147
8435 684.5 146
8436 683.5 145
8437 683 144.5
8438 676.5 138
8439 651 112.5
8440 645 106.5
8441 666.5 205
8442 673 198.5
8443 691 180.5
8444 705 166.5
8445 701.5 162
8446 699 159.5
8447 692 152.5
8448 689.5 150
8449 688.5 149
8450 681.5 142
8451 678.5 139
8452 677 137.5
8453 673.5 134
8454 670.5 131
8455 704 168.5
8456 704 163.5
8457 698.5 158
8458 697 156.5
8459 684 143.5
8460 678 137.5
8461 674 133.5
8462 688.5 185
8463 699 174.5
8464 705.5 164
8465 684 142.5
8466 680.5 139
8467 676.5 135
8468 675.5 134
8469 671 129.5
8470 692.5 182
8471 704 170.5
8472 705 169.5
8473 707.5 167
8474 708 165.5
8475 689.5 147
8476 679 136.5
8477 672.5 130
8478 671 128.5
8479 665.5 123
8480 665 122.5
8481 663.5 121
8482 645 102.5
8483 671.5 204
8484 673 202.5
8485 689.5 186
8486 700 175.5
8487 709.5 166
8488 700 156.5
8489 688.5 145
8490 681 137.5
8491 678 134.5
8492 675.5 132
8493 670.5 127
8494 668 124.5
8495 649.5 106
8496 674 202.5
8497 692.5 184
8498 693.5 183
8499 700.5 176
8500 703.5 173
8501 708 168.5
8502 709 167.5
8503 695 150.5
8504 693.5 149
8505 690.5 146
8506 676.5 132
8507 670 125.5
8508 669 124.5
8509 662.5 118
8510 658.5 114
8511 652 107.5
8512 667.5 210
8513 706.5 171
8514 709 168.5
8515 710.5 167
8516 697 151.5
8517 695.5 150
8518 691.5 146
8519 687 141.5
8520 686 140.5
8521 685.5 140
8522 684.5 139
8523 683.5 138
8524 669 123.5
8525 667.5 122
8526 654 108.5
8527 648 102.5
8528 690.5 188
8529 693.5 185
8530 693 146.5
8531 690.5 144
8532 685.5 139
8533 683 136.5
8534 650 103.5
8535 688.5 191
8536 690 189.5
8537 693 186.5
8538 697 182.5
8539 707 172.5
8540 692 144.5
8541 689.5 142
8542 677.5 130
8543 653 105.5
8544 652 104.5
8545 673.5 207
8546 676 204.5
8547 693.5 187
8548 693 187.5
8549 705.5 175
8550 709.5 171
8551 711 169.5
8552 712 168.5
8553 691 142.5
8554 689.5 141
8555 689 140.5
8556 660 111.5
8557 658 109.5
8558 674.5 207
8559 675.5 206
8560 687.5 194
8561 694 187.5
8562 708 173.5
8563 675 125.5
8564 661.5 112
8565 658 108.5
8566 668.5 214
8567 669 213.5
8568 698.5 184
8569 699 183.5
8570 712 170.5
8571 713 169.5
8572 674.5 124
8573 673.5 123
8574 693.5 190
8575 695 188.5
8576 696 187.5
8577 698 185.5
8578 704.5 179
8579 711.5 172
8580 679.5 128
8581 670 214.5
8582 677 207.5
8583 705.5 179
8584 709.5 175
8585 709 175.5
8586 670 215.5
8587 699.5 186
8588 710 175.5
8589 685.5 132
8590 684.5 131
8591 677 209.5
8592 678.5 208
8593 695 191.5
8594 701 185.5
8595 709.5 177
8596 713 173.5
8597 685.5 131
8598 684.5 130
8599 683.5 129
8600 682.5 128
8601 670 217.5
8602 707 180.5
8603 709 178.5
8604 684.5 129
8605 689 199.5
8606 696.5 192
8607 696 192.5
8608 701 187.5
8609 704 184.5
8610 711.5 177
8611 670.5 219
8612 688 201.5
8613 696.5 193
8614 712.5 177
8615 674 116.5
8616 673 115.5
8617 711 179.5
8618 713 177.5
8619 675 116.5
8620 687 204.5
8621 697 194.5
8622 675.5 116
8623 684.5 208
8624 698.5 194
8625 672 221.5
8626 683 210.5
8627 691 202.5
8628 714 179.5
8629 725 168.5
8630 678.5 117
8631 717 177.5
8632 682 119.5
8633 682.5 213
8634 699.5 196
8635 711.5 184
8636 712.5 183
8637 714 181.5
8638 673 223.5
8639 723.5 173
8640 672.5 225
8641 711 186.5
8642 715 182.5
8643 717.5 180
8644 701 197.5
8645 718.5 180
8646 719 179.5
8647 674 225.5
8648 685.5 214
8649 711.5 188
8650 717.5 182
8651 719 180.5
8652 721 178.5
8653 725 174.5
8654 674.5 226
8655 674 226.5
8656 683 217.5
8657 685 215.5
8658 702.5 198
8659 713 187.5
8660 719 181.5
8661 720 180.5
8662 721.5 179
8663 712.5 189
8664 717.5 184
8665 727.5 174
8666 685 217.5
8667 721 181.5
8668 726.5 176
8669 727 175.5
8670 676 227.5
8671 704 199.5
8672 728.5 175
8673 730.5 173
8674 685 219.5
8675 704 200.5
8676 721.5 183
8677 731.5 173
8678 688.5 217
8679 689 216.5
8680 705 200.5
8681 720.5 185
8682 722.5 183
8683 729.5 176
8684 676.5 230
8685 719 187.5
8686 726 180.5
8687 729 177.5
8688 732 174.5
8689 681.5 226
8690 711.5 196
8691 715.5 192
8692 720.5 187
8693 722.5 185
8694 724 183.5
8695 690.5 218
8696 692.5 216
8697 706.5 202
8698 720 188.5
8699 724.5 184
8700 725 183.5
8701 678.5 231
8702 730.5 179
8703 694 216.5
8704 707 203.5
8705 713 197.5
8706 722 188.5
8707 724.5 186
8708 732.5 178
8709 734 176.5
8710 684 227.5
8711 693.5 218
8712 718.5 193
8713 708.5 204
8714 724 188.5
8715 726 186.5
8716 693 220.5
8717 695 218.5
8718 720 193.5
8719 723.5 190
8720 694.5 220
8721 710 204.5
8722 734.5 180
8723 736 178.5
8724 681.5 234
8725 742 173.5
8726 694.5 222
8727 695 221.5
8728 722 194.5
8729 727.5 189
8730 728.5 188
8731 683 234.5
8732 691 226.5
8733 711.5 206
8734 724 193.5
8735 725 192.5
8736 726 191.5
8737 728 189.5
8738 731 186.5
8739 693.5 225
8740 695 223.5
8741 717 201.5
8742 723 195.5
8743 725.5 193
8744 726.5 192
8745 728.5 190
8746 734.5 184
8747 738.5 180
8748 696.5 223
8749 712.5 207
8750 718 201.5
8751 728 191.5
8752 735.5 184
8753 681.5 239
8754 684.5 236
8755 729.5 191
8756 740 180.5
8757 697 224.5
8758 719 202.5
8759 726 195.5
8760 727 194.5
8761 729 192.5
8762 730.5 191
8763 682.5 240
8764 685 237.5
8765 729 193.5
8766 737.5 185
8767 737 185.5
8768 727.5 196
8769 731 192.5
8770 739.5 184
8771 730 194.5
8772 731.5 193
8773 737 187.5
8774 686.5 239
8775 698.5 227
8776 709.5 216
8777 716.5 209
8778 747 178.5
8779 687 239.5
8780 732.5 194
8781 739 187.5
8782 697 230.5
8783 733.5 194
8784 738.5 189
8785 699.5 229
8786 713.5 215
8787 714.5 214
8788 732 196.5
8789 689 240.5
8790 698 231.5
8791 711.5 218
8792 712.5 217
8793 716 213.5
8794 730.5 199
8795 734.5 195
8796 700.5 230
8797 730 200.5
8798 733 197.5
8799 699 232.5
8800 713.5 218
8801 721 210.5
8802 734.5 197
8803 735.5 196
8804 740 191.5
8805 746 185.5
8806 701.5 231
8807 710 222.5
8808 716 216.5
8809 734 198.5
8810 734.5 199
8811 739.5 194
8812 694.5 242
8813 733 203.5
8814 734.5 202
8815 740.5 196
8816 703 234.5
8817 749.5 188
8818 693 245.5
8819 696 242.5
8820 735.5 203
8821 741.5 197
8822 693 246.5
8823 698 241.5
8824 739 200.5
8825 758.5 181
8826 694 246.5
8827 730 210.5
8828 737 203.5
8829 747 193.5
8830 752 188.5
8831 760 180.5
8832 726.5 215
8833 735.5 206
8834 739.5 202
8835 695.5 247
8836 698.5 244
8837 738 204.5
8838 694.5 250
8839 747.5 197
8840 754.5 190
8841 756 188.5
8842 695 250.5
8843 700.5 245
8844 729 216.5
8845 741.5 204
8846 748.5 197
8847 763 182.5
8848 741 205.5
8849 757 189.5
8850 696 251.5
8851 697 250.5
8852 705 242.5
8853 741.5 206
8854 758.5 189
8855 764.5 183
8856 726 222.5
8857 739.5 209
8858 739 209.5
8859 745.5 203
8860 748 200.5
8861 758.5 190
8862 759 189.5
8863 698.5 251
8864 730 219.5
8865 733.5 216
8866 757 192.5
8867 765.5 184
8868 698 252.5
8869 700 250.5
8870 704.5 246
8871 728 222.5
8872 746.5 204
8873 741 210.5
8874 745.5 206
8875 761 190.5
8876 763.5 188
8877 763 188.5
8878 699 253.5
8879 700.5 252
8880 729 223.5
8881 746 206.5
8882 750.5 202
8883 753.5 199
8884 766.5 186
8885 742.5 211
8886 747 206.5
8887 762 191.5
8888 765.5 188
8889 767 186.5
8890 703 251.5
8891 707.5 247
8892 700.5 255
8893 724 231.5
8894 743 212.5
8895 763.5 192
8896 747.5 209
8897 749.5 207
8898 769 187.5
8899 770 186.5
8900 748 209.5
8901 749.5 208
8902 758 199.5
8903 704 254.5
8904 705.5 253
8905 750 208.5
8906 706.5 253
8907 711.5 248
8908 760 199.5
8909 765 194.5
8910 767 192.5
8911 704 256.5
8912 745.5 215
8913 745 215.5
8914 754.5 206
8915 757 203.5
8916 764.5 196
8917 768.5 192
8918 751.5 210
8919 711 251.5
8920 730 232.5
8921 744.5 218
8922 745.5 217
8923 749.5 213
8924 750 212.5
8925 763.5 199
8926 765.5 197
8927 706.5 257
8928 714.5 249
8929 741.5 222
8930 706.5 258
8931 709 255.5
8932 732 232.5
8933 753 211.5
8934 765.5 199
8935 732 233.5
8936 733.5 232
8937 746 219.5
8938 751 214.5
8939 768 197.5
8940 733.5 233
8941 735.5 231
8942 747.5 219
8943 754.5 212
8944 762 204.5
8945 711.5 256
8946 739 228.5
8947 747.5 220
8948 748.5 219
8949 713 255.5
8950 716 252.5
8951 736 232.5
8952 743 225.5
8953 752.5 216
8954 753.5 215
8955 711.5 258
8956 712 257.5
8957 718.5 251
8958 740 229.5
8959 747.5 222
8960 748.5 221
8961 755.5 214
8962 758.5 211
8963 771 198.5
8964 713 257.5
8965 738 232.5
8966 749.5 221
8967 753.5 217
8968 755 215.5
8969 764.5 206
8970 766 204.5
8971 715 256.5
8972 749.5 222
8973 755 216.5
8974 778 193.5
8975 739 233.5
8976 744.5 228
8977 749 223.5
8978 750 222.5
8979 754 218.5
8980 760.5 212
8981 773.5 199
8982 777.5 195
8983 716 257.5
8984 749 224.5
8985 779.5 194
8986 716.5 258
8987 724.5 250
8988 749 225.5
8989 762 212.5
8990 766.5 208
8991 766 208.5
8992 768.5 206
8993 781 193.5
8994 725.5 250
8995 751.5 224
8996 755.5 220
8997 757 218.5
8998 716 260.5
8999 724 252.5
9000 771 205.5
9001 772 204.5
9002 776.5 200
9003 747 230.5
9004 750.5 227
9005 751.5 226
9006 719 259.5
9007 751.5 227
9008 756.5 222
9009 758 220.5
9010 719.5 260
9011 744.5 235
9012 751.5 228
9013 756.5 223
9014 775.5 204
9015 779.5 200
9016 788 191.5
9017 721 259.5
9018 753 227.5
9019 758.5 222
9020 760.5 220
9021 749.5 232
9022 751 230.5
9023 752.5 229
9024 753 228.5
9025 778 203.5
9026 781 200.5
9027 757.5 225
9028 759 223.5
9029 762 220.5
9030 769 213.5
9031 790.5 192
9032 722 261.5
9033 728 255.5
9034 731.5 252
9035 750.5 233
9036 753 230.5
9037 778.5 205
9038 729 255.5
9039 731.5 253
9040 754.5 230
9041 726.5 259
9042 760.5 225
9043 778 207.5
9044 727.5 259
9045 733 253.5
9046 754.5 232
9047 755 231.5
9048 761 225.5
9049 725.5 262
9050 761 226.5
9051 772.5 215
9052 779 208.5
9053 787.5 200
9054 753.5 235
9055 761 227.5
9056 784 204.5
9057 795.5 193
9058 756 233.5
9059 793 196.5
9060 736 254.5
9061 762 228.5
9062 763.5 227
9063 774 216.5
9064 785 205.5
9065 730 261.5
9066 755 236.5
9067 762.5 229
9068 787 204.5
9069 731 261.5
9070 778.5 214
9071 781.5 211
9072 793 199.5
9073 756 237.5
9074 761.5 232
9075 775.5 218
9076 789 204.5
9077 795.5 198
9078 800 193.5
9079 732 262.5
9080 739 255.5
9081 758 236.5
9082 759 235.5
9083 761 233.5
9084 782.5 212
9085 784 210.5
9086 797.5 197
9087 744.5 251
9088 779.5 216
9089 785.5 210
9090 760 236.5
9091 765 231.5
9092 779.5 217
9093 783.5 213
9094 745.5 252
9095 746.5 251
9096 753 244.5
9097 762 235.5
9098 766 231.5
9099 767.5 230
9100 767 230.5
9101 776.5 221
9102 803 194.5
9103 744 254.5
9104 747 251.5
9105 759.5 239
9106 765.5 233
9107 785 213.5
9108 790 208.5
9109 748 251.5
9110 749.5 250
9111 794 205.5
9112 748 252.5
9113 777.5 223
9114 782 218.5
9115 791 209.5
9116 749.5 252
9117 761 240.5
9118 768.5 233
9119 797 204.5
9120 802 199.5
9121 806 195.5
9122 767 235.5
9123 779 223.5
9124 799.5 203
9125 750.5 253
9126 752.5 251
9127 769.5 234
9128 770.5 233
9129 792 211.5
9130 801 202.5
9131 802 201.5
9132 807 196.5
9133 749 255.5
9134 750 254.5
9135 767.5 237
9136 779.5 225
9137 789 215.5
9138 770 235.5
9139 776.5 229
9140 793 212.5
9141 808 197.5
9142 752 254.5
9143 753.5 253
9144 769 237.5
9145 780.5 226
9146 781.5 225
9147 751 256.5
9148 755.5 252
9149 768.5 239
9150 788 219.5
9151 789.5 218
9152 751 257.5
9153 752 256.5
9154 765.5 243
9155 771 237.5
9156 788.5 220
9157 788 220.5
9158 749.5 260
9159 755 254.5
9160 756 253.5
9161 757 252.5
9162 791 218.5
9163 797.5 212
9164 810.5 199
9165 783.5 227
9166 791 219.5
9167 794 216.5
9168 798 212.5
9169 753 258.5
9170 754 257.5
9171 801.5 210
9172 811.5 200
9173 752.5 260
9174 755 257.5
9175 756.5 256
9176 758 254.5
9177 768.5 244
9178 792 220.5
9179 761 253.5
9180 784 230.5
9181 759 256.5
9182 762.5 253
9183 758.5 258
9184 760 256.5
9185 815 201.5
9186 760 257.5
9187 781 236.5
9188 782 235.5
9189 807 210.5
9190 814 203.5
9191 760 258.5
9192 761 257.5
9193 771 247.5
9194 784.5 234
9195 758 261.5
9196 766 253.5
9197 815 204.5
9198 774 246.5
9199 816.5 204
9200 787.5 234
9201 788.5 233
9202 816 205.5
9203 769 253.5
9204 770 252.5
9205 784 238.5
9206 785.5 237
9207 789 233.5
9208 784.5 239
9209 790.5 233
9210 767 257.5
9211 772 252.5
9212 805.5 219
9213 818 206.5
9214 766.5 259
9215 795 230.5
9216 770.5 256
9217 789.5 237
9218 786.5 241
9219 771 257.5
9220 774.5 254
9221 771 258.5
9222 776.5 253
9223 778 252.5
9224 823.5 207
9225 824 206.5
9226 775 256.5
9227 787 244.5
9228 793 238.5
9229 826.5 205
9230 827.5 204
9231 780.5 252
9232 777.5 256
9233 777 256.5
9234 799.5 236
9235 784 252.5
9236 800 236.5
9237 825.5 211
9238 833.5 203
9239 802.5 235
9240 827 211.5
9241 799 240.5
9242 783.5 257
9243 785.5 255
9244 788.5 252
9245 800 240.5
9246 801.5 239
9247 804 236.5
9248 807 233.5
9249 784.5 257
9250 785 256.5
9251 786 255.5
9252 787.5 254
9253 829 212.5
9254 835 206.5
9255 810 232.5
9256 791.5 252
9257 800 243.5
9258 804 239.5
9259 806 238.5
9260 807 237.5
9261 832.5 212
9262 802.5 243
9263 802 243.5
9264 815.5 231
9265 816.5 230
9266 796.5 251
9267 818 229.5
9268 819.5 229
9269 795 254.5
9270 795 256.5
9271 797.5 255
9272 803 250.5
9273 838 215.5
9274 798 256.5
9275 820 234.5
9276 837 217.5
9277 840 214.5
9278 801 254.5
9279 819 236.5
9280 838 217.5
9281 840.5 215
9282 841.5 214
9283 802.5 254
9284 806.5 250
9285 821 235.5
9286 805 253.5
9287 809 249.5
9288 806 253.5
9289 807 252.5
9290 807.5 253
9291 854.5 206
9292 812.5 249
9293 810 252.5
9294 815.5 247
9295 859 203.5
9296 851.5 212
9297 852.5 211
9298 853.5 210
9299 855 208.5
9300 860.5 203
9301 834 230.5
9302 835.5 229
9303 843 221.5
9304 847.5 217
9305 849 215.5
9306 851 213.5
9307 856.5 208
9308 858 206.5
9309 818.5 247
9310 834 231.5
9311 837 228.5
9312 838.5 227
9313 839 226.5
9314 851 214.5
9315 852.5 213
9316 859.5 206
9317 861.5 204
9318 837.5 229
9319 837 229.5
9320 847 219.5
9321 854.5 212
9322 856.5 210
9323 864.5 200
9324 842.5 225
9325 850 217.5
9326 859 208.5
9327 862.5 197
9328 816.5 252
9329 823.5 245
9330 824.5 244
9331 859.5 209
9332 864.5 204
9333 865.5 203
9334 867 201.5
9335 810 259.5
9336 860.5 209
9337 861 208.5
9338 867 202.5
9339 868 200.5
9340 866 198.5
9341 827 243.5
9342 845 225.5
9343 846.5 224
9344 857 213.5
9345 868.5 202
9346 869 200.5
9347 829 242.5
9348 830.5 241
9349 834.5 237
9350 835 236.5
9351 842 229.5
9352 843.5 228
9353 844.5 227
9354 845 226.5
9355 848 223.5
9356 856 215.5
9357 859 212.5
9358 860.5 211
9359 861.5 210
9360 832 240.5
9361 838.5 234
9362 839 233.5
9363 844 228.5
9364 849.5 223
9365 870.5 200
9366 843.5 230
9367 860.5 213
9368 860 213.5
9369 868 196.5
9370 839.5 235
9371 854.5 220
9372 855.5 219
9373 858.5 216
9374 860 214.5
9375 871 198.5
9376 837 238.5
9377 852 223.5
9378 853.5 222
9379 869.5 196
9380 832 244.5
9381 842 234.5
9382 846 230.5
9383 873 198.5
9384 836 241.5
9385 839.5 238
9386 839 238.5
9387 859.5 218
9388 860.5 217
9389 871.5 196
9390 849 229.5
9391 865.5 213
9392 867 211.5
9393 872 195.5
9394 840 239.5
9395 849.5 230
9396 864.5 215
9397 845 235.5
9398 866 214.5
9399 867 213.5
9400 868 212.5
9401 869.5 211
9402 872.5 209
9403 880.5 201
9404 874 194.5
9405 866.5 186
9406 857 226.5
9407 865.5 218
9408 883.5 201
9409 876 193.5
9410 868.5 217
9411 869 216.5
9412 883 202.5
9413 882.5 199
9414 877.5 193
9415 869 218.5
9416 877 210.5
9417 885.5 202
9418 856.5 232
9419 876.5 212
9420 885 203.5
9421 881.5 208
9422 879 211.5
9423 886 204.5
9424 854 238.5
9425 855 237.5
9426 889.5 204
9427 883 191.5
9428 876.5 219
9429 882.5 213
9430 890.5 205
9431 883 213.5
9432 880.5 217
9433 881.5 216
9434 879 219.5
9435 885.5 213
9436 887.5 191
9437 883 216.5
9438 884 215.5
9439 889.5 192
9440 889.5 211
9441 890.5 210
9442 886.5 215
9443 890 190.5
9444 890.5 190
9445 891 212.5
9446 893.5 192
9447 878.5 226
9448 880 224.5
9449 888 217.5
9450 891.5 214
9451 892.5 213
9452 882 224.5
9453 904.5 200
9454 888.5 219
9455 893.5 214
9456 898.5 193
9457 884 224.5
9458 893 215.5
9459 894 214.5
9460 907.5 201
9461 907 199.5
9462 905.5 198
9463 905 197.5
9464 900.5 193
9465 887 223.5
9466 874.5 237
9467 876 235.5
9468 895 216.5
9469 907 204.5
9470 909 202.5
9471 895.5 217
9472 908.5 198
9473 877 236.5
9474 909.5 204
9475 905.5 194
9476 896.5 218
9477 896 218.5
9478 908.5 206
9479 882 233.5
9480 886.5 230
9481 889.5 227
9482 889 227.5
9483 909.5 208
9484 911 206.5
9485 912.5 205
9486 883.5 235
9487 898.5 220
9488 885.5 234
9489 888.5 231
9490 896 223.5
9491 912.5 207
9492 891 229.5
9493 911.5 209
9494 888 233.5
9495 889 232.5
9496 888.5 236
9497 897.5 227
9498 912 212.5
9499 915.5 209
9500 892 233.5
9501 914.5 211
9502 921.5 205
9503 913 214.5
9504 922 205.5
9505 913 216.5
9506 914.5 215
9507 915.5 214
9508 912.5 218
9509 910 221.5
9510 923.5 208
9511 927.5 204
9512 914.5 218
9513 915.5 217
9514 927 205.5
9515 902 231.5
9516 912.5 221
9517 927.5 207
9518 913.5 222
9519 913 222.5
9520 915 220.5
9521 928.5 208
9522 905 232.5
9523 925.5 212
9524 925 212.5
9525 929.5 209
9526 927.5 212
9527 931.5 208
9528 926.5 214
9529 906.5 235
9530 928 213.5
9531 931.5 210
9532 906.5 236
9533 928 214.5
9534 929.5 214
9535 931.5 212
9536 914 230.5
9537 918.5 226
9538 929 215.5
9539 933 211.5
9540 932.5 213
9541 916.5 230
9542 918 228.5
9543 930 216.5
9544 931 215.5
9545 919.5 228
9546 919 229.5
9547 932 216.5
9548 934 214.5
9549 937 211.5
9550 939.5 209
9551 931.5 218
9552 932.5 217
9553 937 212.5
9554 942.5 207
9555 935 215.5
9556 919 233.5
9557 933.5 220
9558 916.5 238
9559 933 221.5
9560 934.5 221
9561 933.5 224
9562 913 245.5
9563 934.5 224
9564 917.5 242
9565 920.5 239
9566 935.5 225
9567 941 219.5
9568 913 248.5
9569 920.5 241
9570 928.5 233
9571 929.5 232
9572 930.5 231
9573 934.5 227
9574 913.5 249
9575 937 225.5
9576 941.5 221
9577 921 242.5
9578 936.5 227
9579 941 222.5
9580 919 245.5
9581 930.5 234
9582 931.5 233
9583 935 229.5
9584 941.5 223
9585 942.5 223
9586 921.5 245
9587 922 244.5
9588 926.5 240
9589 921.5 246
9590 920 248.5
9591 926.5 242
9592 936 232.5
9593 941 227.5
9594 943.5 225
9595 922.5 247
9596 920 250.5
9597 921.5 250
9598 937 234.5
9599 944.5 227
9600 920.5 252
9601 937.5 236
9602 923 252.5
9603 924 251.5
9604 925 250.5
9605 921.5 255
9606 927.5 249
9607 946 230.5
9608 925 252.5
9609 927.5 250
9610 921 257.5
9611 930 248.5
9612 938 240.5
9613 929.5 250
9614 923.5 257
9615 928.5 252
9616 931 250.5
9617 947.5 234
9618 928.5 254
9619 929 253.5
9620 931 251.5
9621 924 259.5
9622 938 246.5
9623 929.5 256
9624 924.5 262
9625 930.5 256
9626 932.5 254
9627 932 254.5
9628 948.5 238
9629 924.5 263
9630 925.5 262
9631 936.5 251
9632 932.5 256
9633 925.5 264
9634 926 263.5
9635 931 258.5
9636 932 257.5
9637 937.5 252
9638 935 255.5
9639 932.5 259
9640 934.5 258
9641 932.5 261
9642 937.5 256
9643 934 261.5
9644 935.5 260
9645 950 245.5
9646 933.5 263
9647 937 259.5
9648 935.5 262
9649 937 261.5
9650 930 269.5
9651 949 250.5
9652 929 271.5
9653 936.5 264
9654 935.5 266
9655 951 250.5
9656 952 249.5
9657 937.5 265
9658 952 250.5
9659 929.5 274
9660 939 264.5
9661 949 254.5
9662 950 253.5
9663 951 252.5
9664 937 267.5
9665 937 268.5
9666 939.5 266
9667 937.5 269
9668 939.5 268
9669 940 267.5
9670 940 268.5
9671 952 256.5
9672 939 270.5
9673 941 268.5
9674 951 258.5
9675 941 269.5
9676 931 280.5
9677 933 278.5
9678 942 269.5
9679 951 260.5
9680 942 270.5
9681 934 279.5
9682 943 270.5
9683 941.5 273
9684 943.5 271
9685 941.5 274
9686 943.5 272
9687 944 272.5
9688 945.5 271
9689 945 272.5
9690 947 271.5
9691 951 269.5
9692 952 268.5
9693 953.5 268
4252
0 3856 3 1.30221e+08 11 158 11 159 12 159 12 160 13 160 13 161 14 161 14 162 15 162 15 163 16 163 16 164 17 164 17 165 18 165 18 166
1 3859 3 1.30221e+08 18 167 18 166
2 3863 4 1.30221e+08 23 170 23 169 22 169 21 169 21 168 20 168 19 168 18 168
3 3859 4 1.30221e+08 18 166 18 167 18 168
4 3863 7 1.30221e+08 23 169 23 170 24 170
5 3866 7 1.30221e+08 25 171 24 171 24 170
6 3864 8 3100 13 148 14 148
7 3868 8 3100 19 150 18 150 17 150 16 150 15 150 15 149 14 149 14 148
8 3866 9 1.30221e+08 24 171 25 171
9 3867 9 1.30221e+08 25 172 25 171
10 3867 11 1.30221e+08 25 171 25 172 26 172
11 3872 11 1.30221e+08 27 173 26 173 26 172
12 3872 13 1.30221e+08 26 173 27 173
13 3878 13 1.30221e+08 28 174 27 174 27 173
14 3887 16 345962 37 162 37 161 36 161 35 161
15 3891 16 345962 37 160 37 161 36 161 35 161
16 3902 17 3100 26 147 26 148 25 148 24 148 23 148 22 148
17 3868 17 3100 18 150 19 150 19 149 20 149 21 149 21 148 22 148
18 3886 18 1.30221e+08 29 175 28 175
19 3878 18 1.30221e+08 27 174 28 174 28 175
20 3905 19 29700 38 170 38 169 38 168 38 167 38 166 38 165 38 164 38 163 38 162 37 162
21 3890 19 116981 40 165 40 164 39 164 39 163 38 163 38 162 37 162
22 3900 19 9950 43 164 42 164 41 164 40 164 39 164 39 163 38 163 38 162 37 162
23 3916 19 345962 47 162 47 161 46 161 45 161 44 161 44 162 43 162 42 162 42 163 41 163 40 163 39 163 38 163 38 162 37 162
24 3887 19 345962 37 161 37 162
25 3888 21 3100 17 142 18 142
26 3902 21 3100 26 148 26 147 26 146 26 145 25 145 25 144 24 144 23 144 23 143 22 143 21 143 20 143 19 143 18 143 18 142
27 3895 23 1.30221e+08 30 176 29 176
28 3886 23 1.30221e+08 28 175 29 175 29 176
29 3899 24 116981 41 166 41 165 40 165
30 3890 24 116981 40 164 40 165
31 3908 26 1.30221e+08 31 178 31 177 30 177
32 3895 26 1.30221e+08 29 176 30 176 30 177
33 3905 27 29700 38 169 38 170 37 170
34 3896 27 29700 35 170 36 170 37 170
35 3925 28 116981 46 175 46 174 46 173 46 172 46 171 45 171 45 170 44 170 44 169 44 168 44 167 43 167 42 167 42 166 41 166
36 3899 28 116981 41 165 41 166
37 3900 29 9950 42 164 43 164
38 3913 29 9950 47 165 46 165 45 165 44 165 43 165 43 164
39 3896 31 29700 36 170 35 170 35 171 35 172 35 173 35 174 35 175 35 176 35 177 34 177 34 178 33 178 32 178
40 3908 31 1.30221e+08 31 177 31 178 32 178
41 3910 31 1.30221e+08 32 179 32 178
42 3918 34 1.30221e+08 34 182 33 182 32 182
43 3910 34 1.30221e+08 32 178 32 179 32 180 32 181 32 182
44 3917 36 345962 48 162 49 162 49 163 50 163 50 164
45 3913 36 9950 46 165 47 165 48 165 49 165 50 165 50 164
46 3921 36 345962 52 166 51 166 51 165 50 165 50 164
47 3917 37 345962 49 162 48 162
48 3916 37 345962 47 161 47 162 48 162
49 3923 38 1.30221e+08 35 184 35 183 34 183
50 3918 38 1.30221e+08 33 182 34 182 34 183
51 3932 39 1.30221e+08 37 186 37 185 36 185 36 184 35 184
52 3923 39 1.30221e+08 35 183 35 184
53 3921 42 345962 51 166 52 166 52 167 53 167 54 167 54 168
54 3941 42 345962 56 171 56 170 55 170 55 169 54 169 54 168
55 3937 43 22275.1 21 124 20 124 19 124 18 124
56 3931 43 22275.1 17 123 17 124 18 124
57 3936 44 1.30221e+08 38 187 38 186 37 186
58 3932 44 1.30221e+08 37 185 37 186
59 3940 46 1.30221e+08 40 187 39 187 38 187
60 3925 46 116981 46 174 46 175 46 176 46 177 46 178 46 179 46 180 46 181 46 182 46 183 46 184 45 184 44 184 43 184 42 184 41 184 40 184 40 185 39 185 39 186 39 187 38 187
61 3936 46 1.30221e+08 38 186 38 187
62 3946 49 22275.1 25 125 24 125 24 124 23 124
63 3943 49 22275.1 22 124 23 124
64 3937 50 22275.1 20 124 21 124 22 124 22 123
65 3943 50 22275.1 23 124 22 124 22 123
66 3952 51 1.30221e+08 41 189 41 188 40 188
67 3940 51 1.30221e+08 39 187 40 187 40 188
68 3950 52 22275.1 26 126 26 125 25 125
69 3946 52 22275.1 24 125 25 125
70 3956 53 22275.1 29 126 28 126 27 126
71 3950 53 22275.1 26 125 26 126 27 126
72 3972 54 146587 68 166 68 165 68 164 67 164 66 164
73 3954 54 146587 64 162 65 162 66 162 66 163 66 164
74 3952 58 1.30221e+08 41 188 41 189 42 189
75 3961 58 1.30221e+08 42 190 42 189
76 3976 59 12262.5 63 172 62 172 61 172 60 172 59 172 58 172 58 173
77 3941 59 345962 56 170 56 171 56 172 56 173 57 173 58 173
78 3981 59 345962 59 177 59 176 59 175 59 174 58 174 58 173
79 3974 61 22275.1 32 126 31 126 30 126
80 3956 61 22275.1 28 126 29 126 30 126
81 3969 62 inf 21 116 20 116
82 3960 62 inf 18 116 19 116 20 116
83 3970 63 1.30221e+08 44 190 43 190
84 3961 63 1.30221e+08 42 189 42 190 43 190
85 3989 64 146587 69 168 69 167 68 167 68 166 67 166
86 3972 64 146587 68 165 68 166 67 166
87 3984 67 22275.1 34 126 33 126 32 126
88 3974 67 22275.1 31 126 32 126
89 3978 68 inf 22 115 22 116
90 3969 68 inf 20 116 21 116 22 116
91 3987 69 1.30221e+08 45 192 45 191 44 191
92 3970 69 1.30221e+08 43 190 44 190 44 191
93 3993 71 12262.5 66 172 65 172 64 172 63 172
94 3976 71 12262.5 62 172 63 172
95 3991 74 345962 30 121 29 121
96 3992 74 345962 29 120 29 121
97 4010 75 inf 30 116 29 116 28 116 27 116 27 115 26 115 25 115 24 115 23 115 23 114 22 114
98 4017 75 10543.8 29 113 29 114 28 114 27 114 27 115 26 115 25 115 24 115 23 115 23 114 22 114
99 3978 75 inf 22 116 22 115 22 114
100 3996 76 1.30221e+08 46 193 46 192 45 192
101 3987 76 1.30221e+08 45 191 45 192
102 3989 77 146587 69 167 69 168
103 3999 77 146587 69 170 69 169 69 168
104 3891 80 345962 37 161 37 160 37 159 37 158 37 157 37 156 37 155 37 154 37 153 37 152 37 151 37 150 37 149 37 148 37 147 37 146 37 145 37 144 37 143 37 142 37 141 37 140 37 139 37 138 37 137 37 136 37 135 37 134 37 133 37 132 37 131 37 130 37 129 37 128 37 127 37 126 36 126
105 4004 80 6218.68 37 125 37 126 36 126
106 3995 80 345962 35 125 35 126 36 126
107 4000 81 345962 33 122 32 122
108 3991 81 345962 29 121 30 121 30 122 31 122 32 122
109 3981 82 345962 59 176 59 177 60 177 60 178 61 178
110 4001 82 345962 61 179 61 178
111 3993 83 12262.5 65 172 66 172 66 173
112 4002 83 12262.5 66 174 66 173
113 4000 84 345962 32 122 33 122 33 123 34 123
114 3984 84 22275.1 33 126 34 126 34 125 34 124 34 123
115 3995 84 345962 35 126 35 125 34 125 34 124 34 123
116 4005 85 1.30221e+08 48 193 47 193
117 3996 85 1.30221e+08 46 192 46 193 47 193
118 3999 86 146587 69 169 69 170 69 171
119 4002 86 12262.5 66 173 66 174 67 174 68 174 69 174 69 173 69 172 69 171
120 4042 86 146587 69 183 69 182 69 181 69 180 69 179 69 178 69 177 69 176 69 175 69 174 69 173 69 172 69 171
121 4160 86 3281.25 89 180 89 179 88 179 87 179 86 179 85 179 84 179 83 179 82 179 82 180 81 180 80 180 80 181 79 181 78 181 77 181 76 181 75 181 74 181 73 181 73 180 73 179 73 178 72 178 71 178 71 177 70 177 70 176 70 175 70 174 69 174 69 173 69 172 69 171
122 4214 86 3281.25 96 179 96 178 96 177 96 176 95 176 94 176 93 176 93 175 92 175 91 175 90 175 89 175 88 175 88 174 87 174 86 174 86 173 85 173 84 173 83 173 83 172 82 172 81 172 80 172 79 172 78 172 77 172 76 172 75 172 74 172 73 172 72 172 71 172 70 172 69 172 69 171
123 4007 88 345962 31 118 30 118
124 3992 88 345962 29 121 29 120 29 119 29 118 30 118
125 4001 89 345962 61 178 61 179 62 179
126 4020 89 345962 63 183 62 183 62 182 62 181 62 180 62 179
127 4028 90 6218.68 43 123 42 123 41 123 41 124 40 124 39 124 39 125 38 125
128 4004 90 6218.68 37 126 37 125 38 125
129 4015 91 1.30221e+08 49 195 49 194 48 194
130 4005 91 1.30221e+08 47 193 48 193 48 194
131 4014 93 345962 33 118 32 118
132 4007 93 345962 30 118 31 118 32 118
133 4060 94 10543.8 32 104 32 105 32 106 32 107 32 108 32 109 32 110 32 111 32 112 32 113 31 113 30 113
134 4048 94 6325.05 30 104 30 105 29 105 29 106 29 107 29 108 29 109 29 110 29 111 29 112 29 113 30 113
135 4017 94 10543.8 29 114 29 113 30 113
136 4020 95 345962 62 183 63 183
137 4029 95 345962 64 185 63 185 63 184 63 183
138 4034 97 1.30221e+08 53 197 52 197 52 196 51 196
139 4015 97 1.30221e+08 49 194 49 195 50 195 50 196 51 196
140 4036 102 345962 39 117 39 118 38 118
141 4014 102 345962 32 118 33 118 34 118 35 118 36 118 37 118 38 118
142 4029 104 345962 63 185 64 185 64 186
143 4041 104 345962 64 188 64 187 64 186
144 4040 106 3.75918e+07 58 135 57 135
145 4026 106 3.75918e+07 53 134 54 134 54 135 55 135 56 135 57 135
146 4055 109 6325.05 30 103 30 104
147 4048 109 6325.05 30 105 30 104
148 4050 111 1.30221e+08 58 196 58 197
149 4034 111 1.30221e+08 52 197 53 197 54 197 55 197 56 197 57 197 58 197
150 4041 112 345962 64 187 64 188 65 188 66 188 66 189
151 4058 112 345962 65 190 66 190 66 189
152 4126 112 11318.7 75 190 74 190 73 190 72 190 71 190 70 190 69 190 68 190 67 190 66 190 66 189
153 4086 112 146587 70 189 70 190 69 190 68 190 67 190 66 190 66 189
154 4074 114 146587 70 188 70 187 69 187
155 4042 114 146587 69 182 69 183 69 184 69 185 69 186 69 187
156 4065 115 3.75918e+07 63 135 63 134 62 134
157 4059 115 4975.02 61 133 61 134 62 134
158 4040 115 3.75918e+07 57 135 58 135 59 135 60 135 61 135 62 135 62 134
159 4068 116 10543.8 33 104 32 104
160 4060 116 10543.8 32 105 32 104
161 4066 126 4975.02 60 131 60 132 61 132
162 4059 126 4975.02 61 134 61 133 61 132
163 4090 127 4975.02 60 128 60 129 60 130
164 4066 127 4975.02 60 132 60 131 60 130
165 4101 128 10543.8 37 104 36 104 35 104 34 104
166 4068 128 10543.8 32 104 33 104 34 104
167 4095 129 6325.05 31 99 31 100 30 100
168 4055 129 6325.05 30 104 30 103 30 102 30 101 30 100
169 4084 132 8656.25 22 91 21 91
170 4073 132 8656.25 20 92 21 92 21 91
171 4074 133 146587 70 187 70 188 70 189
172 4086 133 146587 70 190 70 189
173 4124 136 inf 51 115 50 115 49 115 48 115 47 115 46 115
174 4010 136 inf 29 116 30 116 31 116 32 116 33 116 34 116 35 116 36 116 37 116 38 116 39 116 40 116 41 116 41 115 42 115 43 115 44 115 45 115 46 115
175 4036 136 345962 39 118 39 117 39 116 40 116 41 116 41 115 42 115 43 115 44 115 45 115 46 115
176 4028 136 6218.68 42 123 43 123 43 122 43 121 44 121 45 121 46 121 46 120 46 119 46 118 46 117 46 116 46 115
177 4098 138 1.30221e+08 64 197 63 197
178 4050 138 1.30221e+08 58 197 58 196 59 196 60 196 61 196 62 196 62 197 63 197
179 4112 142 6118.75 22 88 22 89 22 90
180 4097 142 6118.75 22 91 22 90
181 4105 143 10543.8 39 105 38 105
182 4100 143 10543.8 37 105 38 105
183 4108 145 6325.05 32 98 32 99
184 4095 145 6325.05 31 100 31 99 32 99
185 4104 146 4975.02 57 124 58 124
186 4090 146 4975.02 60 129 60 128 60 127 60 126 59 126 58 126 58 125 58 124
187 4101 147 10543.8 36 104 37 104 37 103
188 4100 147 10543.8 38 105 37 105 37 104 37 103
189 4143 150 3.75918e+07 74 136 74 135 73 135 72 135 71 135 70 135
190 4186 150 4212.51 74 130 74 131 74 132 74 133 74 134 74 135 73 135 72 135 71 135 70 135
191 4065 150 3.75918e+07 63 134 63 135 64 135 65 135 66 135 67 135 68 135 69 135 70 135
192 3954 150 146587 65 162 64 162 64 161 64 160 64 159 64 158 64 157 64 156 64 155 64 154 64 153 64 152 64 151 64 150 64 149 64 148 64 147 64 146 64 145 64 144 64 143 64 142 64 141 64 140 64 139 64 138 64 137 64 136 65 136 66 136 67 136 67 135 68 135 69 135 70 135
193 4136 153 10543.8 41 103 41 104 40 104 39 104
194 4105 153 10543.8 38 105 39 105 39 104
195 4140 154 6118.75 22 84 22 85 22 86 22 87
196 4112 154 6118.75 22 89 22 88 22 87
197 4058 155 345962 66 190 65 190 65 191 65 192 65 193 65 194 65 195 65 196 65 197 65 198 66 198
198 4098 155 1.30221e+08 63 197 64 197 64 198 65 198 66 198
199 4159 155 1.30221e+08 69 200 69 199 68 199 67 199 66 199 66 198
200 4128 157 inf 53 116 52 116
201 4129 157 inf 51 115 52 115 52 116
202 4026 157 3.75918e+07 54 134 53 134 52 134 52 133 52 132 52 131 52 130 52 129 52 128 51 128 51 127 51 126 51 125 51 124 51 123 51 122 51 121 51 120 51 119 51 118 51 117 51 116 52 116
203 4129 158 inf 52 115 51 115
204 4124 158 inf 50 115 51 115
205 4138 159 6325.05 35 97 34 97 34 98
206 4108 159 6325.05 32 99 32 98 33 98 34 98
207 4148 162 11318.7 77 191 77 190 76 190
208 4126 162 11318.7 74 190 75 190 76 190
209 4189 163 inf 58 114 57 114 56 114 56 115 55 115 54 115 54 116
210 4128 163 inf 52 116 53 116 54 116
211 4104 163 4975.02 58 124 57 124 56 124 55 124 54 124 54 123 54 122 53 122 53 121 53 120 53 119 53 118 53 117 53 116 54 116
212 4151 166 3.75918e+07 77 137 76 137
213 4162 166 3387.53 75 134 75 135 75 136 75 137 76 137
214 4143 166 3.75918e+07 74 135 74 136 74 137 75 137 76 137
215 4169 167 6325.05 39 98 38 98 38 99
216 4155 167 6325.05 37 98 38 98 38 99
217 4155 168 6325.05 38 98 37 98
218 4138 168 6325.05 34 97 35 97 36 97 36 98 37 98
219 4136 174 10543.8 41 104 41 103 41 102 41 101 41 100 40 100
220 4168 174 10543.8 40 99 40 100
221 4202 177 3281.25 90 184 90 183 90 182 90 181 90 180 89 180
222 4160 177 3281.25 89 179 89 180
223 4275 181 907931 77 205 77 204 76 204 75 204 75 203 74 203 74 202 73 202 72 202 72 201 71 201 71 200 70 200
224 4249 181 1.30221e+08 80 199 79 199 79 200 79 201 79 202 78 202 77 202 76 202 75 202 74 202 73 202 72 202 72 201 71 201 71 200 70 200
225 4159 181 1.30221e+08 69 199 69 200 70 200
226 4176 186 10543.8 39 97 39 98 40 98
227 4169 186 6325.05 38 98 39 98 40 98
228 4168 186 10543.8 40 100 40 99 40 98
229 4181 187 8656.25 36 93 35 93
230 4156 187 8656.25 31 92 32 92 32 93 33 93 34 93 35 93
231 4193 191 10543.8 40 96 39 96
232 4176 191 10543.8 39 98 39 97 39 96
233 4097 192 6118.75 22 90 22 91 23 91 24 91 25 91 26 91 27 91 28 91 29 91 30 91 30 90 30 89 30 88 30 87
234 4084 192 8656.25 21 91 22 91 23 91 24 91 25 91 26 91 27 91 28 91 29 91 30 91 30 90 30 89 30 88 30 87
235 4156 192 8656.25 32 92 31 92 31 91 31 90 30 90 30 89 30 88 30 87
236 4182 194 11318.7 80 192 79 192 79 193
237 4148 194 11318.7 77 190 77 191 78 191 78 192 79 192 79 193
238 4210 196 8656.25 40 94 39 94 38 94
239 4181 196 8656.25 35 93 36 93 36 94 37 94 38 94
240 4234 199 3.75918e+07 86 137 85 137 84 137 83 137 82 137
241 4151 199 3.75918e+07 76 137 77 137 78 137 79 137 80 137 81 137 82 137
242 4224 202 3281.25 92 183 92 184 91 184 90 184
243 4202 202 3281.25 90 183 90 184
244 4228 205 4212.51 74 126 74 127 74 128
245 4186 205 4212.51 74 131 74 130 74 129 74 128
246 4221 208 13368.8 61 115 61 114 60 114
247 4239 208 inf 60 111 60 112 60 113 60 114
248 4189 208 inf 57 114 58 114 59 114 60 114
249 4212 210 3281.25 93 181 93 182
250 4224 210 3281.25 92 184 92 183 93 183 93 182
251 4213 211 3281.25 94 180 94 181
252 4212 211 3281.25 93 182 93 181 94 181
253 4225 212 3281.25 96 180 95 180
254 4213 212 3281.25 94 181 94 180 95 180
255 4214 213 3281.25 96 178 96 179
256 4225 213 3281.25 95 180 96 180 96 179
257 4246 215 13368.8 69 120 69 119 69 118 69 117 68 117 67 117 66 117 65 117 65 116 64 116 63 116 63 115 62 115
258 4266 215 7793.75 66 114 66 115 65 115 64 115 63 115 62 115
259 4221 215 13368.8 61 114 61 115 62 115
260 4254 217 3387.53 82 131 82 132 82 133 82 134
261 4162 217 3387.53 75 135 75 134 76 134 77 134 78 134 79 134 80 134 81 134 82 134
262 4291 220 10543.8 50 95 49 95 48 95 48 96 47 96 46 96 46 97 46 98
263 4210 220 8656.25 39 94 40 94 41 94 42 94 43 94 44 94 45 94 46 94 46 95 46 96 46 97 46 98
264 4193 220 10543.8 39 96 40 96 41 96 42 96 43 96 44 96 45 96 46 96 46 97 46 98
265 4252 222 3.75918e+07 89 138 88 138 87 138 87 137 86 137
266 4234 222 3.75918e+07 85 137 86 137
267 4257 225 13368.8 74 123 73 123 73 122 73 121 72 121 72 120 71 120 70 120 69 120
268 4246 225 13368.8 69 119 69 120
269 4290 228 13368.8 77 122 76 122 76 123 75 123 75 124 74 124
270 4257 228 13368.8 73 123 74 123 74 124
271 4228 228 4212.51 74 127 74 126 74 125 74 124
272 4301 231 3.75918e+07 94 137 93 137 93 138 92 138 91 138 90 138 89 138
273 4252 231 3.75918e+07 88 138 89 138
274 4273 234 inf 64 111 63 111 62 111
275 4239 234 inf 60 112 60 111 61 111 62 111
276 4298 235 1.30221e+08 85 200 84 200 83 200 83 199 82 199 81 199
277 4258 235 3425 88 192 87 192 86 192 85 192 84 192 83 192 83 193 83 194 83 195 83 196 83 197 83 198 83 199 82 199 81 199
278 4182 235 11318.7 79 192 80 192 81 192 82 192 82 193 83 193 83 194 83 195 83 196 83 197 83 198 83 199 82 199 81 199
279 4249 235 1.30221e+08 79 199 80 199 81 199
280 4284 236 3425 91 192 90 192 89 192 88 192
281 4258 236 3425 87 192 88 192
282 4287 237 3387.53 84 129 83 129 83 130 82 130
283 4254 237 3387.53 82 132 82 131 82 130
284 4266 245 7793.75 66 115 66 114 66 113 66 112 65 112 65 111 64 111
285 4307 245 inf 68 111 67 111 66 111 65 111 64 111
286 4273 245 inf 63 111 64 111
287 4292 246 907931 78 206 78 205 77 205
288 4275 246 907931 77 204 77 205
289 4306 253 13368.8 78 121 77 121 77 122
290 4290 253 13368.8 76 122 77 122
291 4323 254 907931 80 207 80 206 79 206 78 206
292 4292 254 907931 78 205 78 206
293 4321 258 inf 70 112 69 112 68 112
294 4307 258 inf 67 111 68 111 68 112
295 4327 264 3387.53 86 127 86 128 86 129
296 4287 264 3387.53 83 129 84 129 85 129 86 129
297 4330 267 13368.8 79 120 78 120 78 121
298 4306 267 13368.8 77 121 78 121
299 4349 268 1.30221e+08 91 200 90 200 89 200 88 200 87 200 86 200
300 4298 268 1.30221e+08 84 200 85 200 86 200
301 4332 269 3.75918e+07 98 138 97 138 96 138
302 4314 269 3.75918e+07 94 137 95 137 96 137 96 138
303 4301 270 3.75918e+07 93 137 94 137 94 136
304 4314 270 3.75918e+07 95 137 94 137 94 136
305 4327 271 3387.53 86 128 86 127 85 127
306 4345 271 3387.53 87 125 87 126 87 127 86 127 85 127
307 4344 272 inf 73 113 73 112 72 112 71 112 70 112
308 4321 272 inf 69 112 70 112
309 4366 273 10543.8 57 93 57 94 56 94 55 94 55 95 55 96 54 96
310 4291 273 10543.8 49 95 50 95 51 95 52 95 53 95 54 95 54 96
311 4337 274 907931 81 208 81 207 80 207
312 4323 274 907931 80 206 80 207
313 4351 279 3.75918e+07 102 139 101 139 101 138 100 138 99 138 98 138
314 4332 279 3.75918e+07 97 138 98 138
315 4354 284 13368.8 81 118 81 119 80 119 80 120
316 4330 284 13368.8 78 120 79 120 80 120
317 4356 285 907931 83 209 83 208 82 208 81 208
318 4337 285 907931 81 207 81 208
319 4355 289 inf 75 112 75 113 74 113
320 4344 289 inf 73 112 73 113 74 113
321 4357 290 3425 98 194 97 194 96 194
322 4284 290 3425 90 192 91 192 92 192 93 192 94 192 94 193 95 193 96 193 96 194
323 4353 291 3387.53 87 125 87 124 86 124
324 4360 291 3387.53 87 123 87 124 86 124
325 4353 292 3387.53 87 124 87 125 88 125
326 4345 292 3387.53 87 126 87 125 88 125
327 4380 295 907931 84 210 84 209 83 209
328 4356 295 907931 83 208 83 209
329 4390 296 3.75918e+07 106 140 106 139 105 139 104 139 103 139
330 4351 296 3.75918e+07 101 139 102 139 103 139
331 4383 299 3387.53 89 123 88 123 87 123
332 4360 299 3387.53 87 124 87 123
333 4374 300 13368.8 82 117 81 117
334 4354 300 13368.8 81 119 81 118 81 117
335 4394 311 inf 77 110 77 111 76 111
336 4355 311 inf 75 113 75 112 75 111 76 111
337 4397 312 907931 86 210 85 210 84 210
338 4380 312 907931 84 209 84 210
339 4374 314 13368.8 81 117 82 117 82 116
340 4384 314 13368.8 83 117 82 117 82 116
341 4403 320 3387.53 88 121 89 121 89 122
342 4383 320 3387.53 88 123 89 123 89 122
343 4403 321 3387.53 89 121 88 121
344 4404 321 3387.53 88 120 88 121
345 4404 322 3387.53 88 121 88 120 87 120
346 4405 322 3387.53 87 119 87 120
347 4406 323 13368.8 84 116 84 117
348 4384 323 13368.8 82 117 83 117 84 117
349 4443 326 3.75918e+07 116 142 115 142 115 141 114 141 113 141 112 141 112 140 111 140 110 140 109 140 108 140
350 4390 326 3.75918e+07 106 139 106 140 107 140 108 140
351 4415 331 3387.53 86 117 86 118
352 4405 331 3387.53 87 120 87 119 86 119 86 118
353 4427 333 13368.8 81 110 80 110 79 110 78 110
354 4410 333 inf 77 109 77 110 78 110
355 4394 333 inf 77 111 77 110 78 110
356 4429 334 907931 88 212 87 212 87 211 86 211
357 4397 334 907931 85 210 86 210 86 211
358 4422 335 13368.8 86 116 85 116
359 4406 335 13368.8 84 117 84 116 85 116
360 4436 341 inf 79 107 79 108 78 108
361 4410 341 inf 77 110 77 109 77 108 78 108
362 4440 343 13368.8 87 114 86 114 86 115
363 4422 343 13368.8 85 116 86 116 86 115
364 4415 343 3387.53 86 118 86 117 86 116 86 115
365 4459 348 13368.8 84 108 83 108 83 109 82 109 82 110
366 4427 348 13368.8 80 110 81 110 82 110
367 4481 349 inf 82 103 82 104 82 105 82 106 82 107 81 107 80 107 79 107
368 4436 349 inf 79 108 79 107
369 4446 351 907931 90 213 90 212 89 212
370 4429 351 907931 87 212 88 212 89 212
371 4452 355 13368.8 88 113 87 113 87 114
372 4440 355 13368.8 86 114 87 114
373 4463 356 148631 130 153 131 153 131 152 131 151 131 150 131 149 131 148 131 147 130 147 130 146 130 145 129 145 128 145 127 145 126 145 126 144 125 144 125 143 124 143 123 143 122 143 121 143 120 143 119 143 119 142 118 142 117 142 116 142
374 4509 356 345337 132 149 131 149 131 148 131 147 130 147 130 146 130 145 129 145 128 145 127 145 126 145 126 144 125 144 125 143 124 143 123 143 122 143 121 143 120 143 119 143 119 142 118 142 117 142 116 142
375 4552 356 3.75918e+07 126 138 125 138 124 138 124 139 123 139 123 140 122 140 122 141 122 142 121 142 120 142 119 142 118 142 117 142 116 142
376 4443 356 3.75918e+07 115 142 116 142
377 4474 359 907931 93 214 92 214 92 213 91 213 90 213
378 4446 359 907931 90 212 90 213
379 4475 360 1.30221e+08 106 201 105 201 104 201 103 201 102 201
380 4357 360 3425 97 194 98 194 98 195 98 196 98 197 98 198 98 199 98 200 98 201 99 201 100 201 101 201 102 201
381 4349 360 1.30221e+08 90 200 91 200 92 200 93 200 94 200 94 201 95 201 96 201 97 201 98 201 99 201 100 201 101 201 102 201
382 4479 365 13368.8 90 111 89 111 89 112 88 112 88 113
383 4452 365 13368.8 87 113 88 113
384 4460 366 4112.51 70 94 69 94
385 4455 366 4112.51 68 93 68 94 69 94
386 4455 367 4112.51 68 94 68 93 67 93 67 92 67 91 66 91
387 4482 367 10543.8 69 90 68 90 67 90 67 91 66 91
388 4366 367 10543.8 57 94 57 93 57 92 58 92 59 92 60 92 61 92 62 92 62 91 63 91 64 91 65 91 66 91
389 4473 369 13368.8 86 108 85 108 84 108
390 4459 369 13368.8 83 108 84 108
391 4463 370 148631 131 153 130 153
392 4642 370 148631 130 196 130 195 130 194 130 193 130 192 130 191 130 190 130 189 130 188 130 187 130 186 130 185 130 184 130 183 130 182 130 181 130 180 130 179 130 178 130 177 130 176 130 175 130 174 130 173 130 172 130 171 130 170 130 169 130 168 130 167 130 166 130 165 130 164 130 163 130 162 130 161 130 160 130 159 130 158 130 157 130 156 130 155 130 154 130 153
393 4525 376 907931 97 216 97 215 96 215 95 215 95 214 94 214 93 214
394 4474 376 907931 92 214 93 214
395 4499 382 13368.8 89 108 88 108 88 107 87 107 86 107
396 4473 382 13368.8 85 108 86 108 86 107
397 4502 384 10543.8 70 89 69 89 69 90
398 4482 384 10543.8 68 90 69 90
399 4503 385 345337 138 156 137 156 136 156
400 4484 385 345337 135 155 135 156 136 156
401 4489 388 13368.8 89 109 89 110 90 110
402 4479 388 13368.8 89 111 90 111 90 110
403 4498 389 13368.8 89 108 89 109
404 4489 389 13368.8 89 110 89 109
405 4514 390 345337 141 157 140 157 139 157 138 157
406 4503 390 345337 137 156 138 156 138 157
407 4499 399 13368.8 88 108 89 108 90 108
408 4498 399 13368.8 89 109 89 108 90 108
409 4511 401 1.30221e+08 111 201 110 201
410 4475 401 1.30221e+08 105 201 106 201 107 201 108 201 109 201 110 201
411 4517 402 345337 134 150 134 151
412 4484 402 345337 135 156 135 155 134 155 134 154 134 153 134 152 134 151
413 4529 403 345337 134 149 133 149 132 149
414 4509 403 345337 131 149 132 149
415 4526 404 345337 146 161 145 161 145 160 144 160
416 4513 404 345337 143 159 143 160 144 160
417 4527 405 345337 142 157 142 158
418 4513 405 345337 143 160 143 159 142 159 142 158
419 4527 406 345337 142 158 142 157 141 157
420 4514 406 345337 140 157 141 157
421 4619 412 907931 107 216 107 217 106 217 105 217 104 217 104 216 103 216 102 216 101 216 100 216 99 216 98 216 97 216
422 4525 412 907931 97 215 97 216
423 4541 413 3793.75 148 161 147 161 146 161
424 4526 413 345337 145 161 146 161
425 4540 413 345337 147 168 147 167 146 167 146 166 146 165 146 164 146 163 146 162 146 161
426 4529 418 345337 133 149 134 149 134 148
427 4517 418 345337 134 151 134 150 134 149 134 148
428 4558 423 345337 148 169 148 168 147 168
429 4540 423 345337 147 167 147 168
430 4562 427 10543.8 78 89 77 89 77 90
431 4502 427 10543.8 69 89 70 89 71 89 72 89 73 89 74 89 75 89 76 89 77 89 77 90
432 4570 428 1.30221e+08 117 202 116 202 115 202 114 202
433 4511 428 1.30221e+08 110 201 111 201 111 202 112 202 113 202 114 202
434 4559 429 3793.75 149 161 149 160 148 160
435 4541 429 3793.75 147 161 148 161 148 160
436 4592 432 3.75918e+07 133 140 132 140 131 140 130 140 129 140 129 139 128 139 127 139 127 138 126 138
437 4601 432 39943.8 129 135 129 136 129 137 129 138 129 139 128 139 127 139 127 138 126 138
438 4552 432 3.75918e+07 125 138 126 138
439 4571 439 345337 149 170 149 169 148 169
440 4558 439 345337 148 168 148 169
441 4559 440 3793.75 149 160 149 161 150 161
442 4563 440 3793.75 152 162 151 162 150 162 150 161
443 4580 443 inf 83 92 82 92 82 93
444 4562 443 10543.8 77 89 78 89 79 89 79 90 79 91 80 91 81 91 82 91 82 92 82 93
445 4460 443 4112.51 69 94 70 94 71 94 72 94 72 95 73 95 74 95 75 95 75 96 76 96 77 96 78 96 79 96 80 96 81 96 82 96 82 95 82 94 82 93
446 4481 443 inf 82 104 82 103 82 102 82 101 82 100 82 99 82 98 82 97 82 96 82 95 82 94 82 93
447 4563 444 3793.75 151 162 152 162
448 4572 444 3793.75 154 163 153 163 152 163 152 162
449 4588 449 345337 151 170 150 170 149 170
450 4571 449 345337 149 169 149 170
451 4572 450 3793.75 153 163 154 163
452 4690 450 3793.75 164 167 163 167 163 166 162 166 161 166 160 166 159 166 158 166 157 166 156 166 156 165 155 165 155 164 154 164 154 163
453 4617 454 inf 86 91 85 91 84 91 84 92 83 92
454 4580 454 inf 82 92 83 92
455 4611 462 1.30221e+08 120 203 119 203 118 203
456 4570 462 1.30221e+08 116 202 117 202 118 202 118 203
457 4613 463 3.75918e+07 135 140 134 140 133 140
458 4592 463 3.75918e+07 132 140 133 140
459 4616 467 44075 100 105 100 106
460 4610 467 44075 101 107 100 107 100 106
461 4588 469 345337 150 170 151 170 152 170 153 170
462 4620 469 345337 153 171 153 170
463 4621 470 3.75918e+07 136 141 136 140 135 140
464 4613 470 3.75918e+07 134 140 135 140
465 4649 471 39943.8 132 134 131 134 131 135 130 135
466 4601 471 39943.8 129 136 129 135 130 135
467 4638 474 44075 109 112 108 112 107 112
468 4625 474 44075 107 111 107 112
469 4625 475 44075 107 112 107 111 106 111
470 4640 475 44075 107 110 107 111 106 111
471 4641 477 44075 106 109 105 109 104 109
472 4628 477 44075 104 108 104 109
473 4628 478 44075 104 109 104 108 103 108
474 4629 478 44075 103 107 103 108
475 4629 479 44075 103 108 103 107 102 107
476 4610 479 44075 100 107 101 107 102 107
477 4752 480 907931 121 221 120 221 120 220 119 220 118 220 118 219 117 219 116 219 116 218 115 218 114 218 113 218 112 218 112 217 111 217 110 217 110 216 109 216 108 216
478 4619 480 907931 107 217 107 216 108 216
479 4660 483 44075 112 113 111 113 111 114 110 114
480 4637 483 44075 109 113 110 113 110 114
481 4637 484 44075 110 113 109 113
482 4638 484 44075 108 112 109 112 109 113
483 4663 486 1.30221e+08 124 204 124 203 123 203 122 203
484 4611 486 1.30221e+08 119 203 120 203 121 203 122 203
485 4677 487 3.75918e+07 142 141 141 141 140 141 139 141 138 141
486 4621 487 3.75918e+07 136 140 136 141 137 141 138 141
487 4652 489 44075 107 109 107 110
488 4640 489 44075 107 111 107 110
489 4652 490 44075 107 110 107 109 106 109
490 4641 490 44075 105 109 106 109
491 4643 492 345337 155 170 155 171
492 4620 492 345337 153 170 153 171 154 171 155 171
493 4893 492 4762.48 154 201 154 200 154 199 154 198 154 197 154 196 154 195 154 194 154 193 154 192 154 191 154 190 154 189 154 188 154 187 154 186 154 185 154 184 154 183 154 182 154 181 154 180 154 179 154 178 154 177 154 176 154 175 154 174 154 173 154 172 154 171 155 171
494 4657 497 39943.8 133 134 132 134
495 4649 497 39943.8 131 134 132 134
496 4643 502 345337 155 171 155 170 156 170 157 170
497 4665 502 345337 157 171 157 170
498 4702 505 44075 117 112 116 112 115 112 114 112 114 113 113 113 112 113
499 4660 505 44075 111 113 112 113
500 4713 512 1.30221e+08 131 205 130 205 130 204 129 204 128 204 127 204 126 204
501 4642 512 148631 130 195 130 196 130 197 130 198 130 199 130 200 130 201 130 202 130 203 130 204 129 204 128 204 127 204 126 204
502 4663 512 1.30221e+08 124 203 124 204 125 204 126 204
503 4688 517 28137.5 158 172 158 173
504 4729 517 28137.5 160 179 160 178 159 178 159 177 158 177 158 176 158 175 158 174 158 173
505 4665 518 345337 157 170 157 171 158 171 159 171 160 171
506 4688 518 28137.5 158 173 158 172 158 171 159 171 160 171
507 4697 518 345337 160 172 160 171
508 4706 523 39943.8 140 134 139 134 138 134
509 4657 523 39943.8 132 134 133 134 134 134 135 134 136 134 137 134 138 134
510 4714 528 345337 163 173 163 172 162 172
511 4697 528 345337 160 171 160 172 161 172 162 172
512 4715 529 3.75918e+07 151 143 150 143 149 143 149 142 148 142
513 4709 529 3.75918e+07 147 140 147 141 147 142 148 142
514 4709 530 3.75918e+07 147 141 147 140 146 140
515 4703 530 7137.5 144 138 144 139 144 140 145 140 146 140
516 4677 530 3.75918e+07 141 141 142 141 143 141 144 141 144 140 145 140 146 140
517 4739 532 44075 121 110 120 110 120 111 119 111 118 111 118 112
518 4759 532 7649.98 119 105 119 106 119 107 119 108 119 109 119 110 119 111 118 111 118 112
519 4702 532 44075 116 112 117 112 118 112
520 4727 533 inf 96 86 96 87 95 87 94 87 94 88
521 4617 533 inf 85 91 86 91 87 91 88 91 89 91 90 91 90 90 91 90 92 90 92 89 93 89 93 88 94 88
522 4731 536 3.75918e+07 153 142 153 143 152 143 151 143
523 4715 536 3.75918e+07 150 143 151 143
524 4730 538 345337 165 174 165 173 164 173
525 4714 538 345337 163 172 163 173 164 173
526 4747 543 1.30221e+08 136 205 135 205 134 205
527 4713 543 1.30221e+08 130 205 131 205 132 205 133 205 134 205
528 4783 543 17281.2 131 216 131 215 131 214 131 213 131 212 131 211 131 210 131 209 131 208 131 207 131 206 131 205 132 205 133 205 134 205
529 4757 548 44075 123 109 122 109 122 110 121 110
530 4739 548 44075 120 110 121 110
531 4729 550 28137.5 160 178 160 179 161 179
532 4753 550 28137.5 162 180 161 180 161 179
533 4778 551 345337 171 175 170 175 169 175 168 175 168 174 167 174 166 174
534 4690 551 3793.75 163 167 164 167 164 168 164 169 165 169 166 169 166 170 166 171 166 172 166 173 166 174
535 4730 551 345337 165 173 165 174 166 174
536 4749 552 3.75918e+07 155 143 155 142 154 142
537 4731 552 3.75918e+07 153 143 153 142 154 142
538 4754 557 3.75918e+07 158 144 157 144
539 4755 557 3.75918e+07 156 143 157 143 157 144
540 4755 558 3.75918e+07 157 143 156 143
541 4749 558 3.75918e+07 155 142 155 143 156 143
542 4771 559 907931 123 222 123 221 122 221 121 221
543 4752 559 907931 120 221 121 221
544 4768 560 1.30221e+08 138 206 137 206 136 206
545 4747 560 1.30221e+08 135 205 136 205 136 206
546 4772 561 28137.5 164 181 163 181 163 180 162 180
547 4753 561 28137.5 161 180 162 180
548 4764 562 3.75918e+07 164 149 163 149
549 4754 562 3.75918e+07 157 144 158 144 159 144 159 145 160 145 160 146 161 146 161 147 162 147 162 148 163 148 163 149
550 4780 565 44075 126 108 125 108 125 109 124 109 123 109
551 4757 565 44075 122 109 123 109
552 4759 567 7649.98 119 106 119 105 119 104 118 104
553 4760 567 7649.98 116 102 116 103 116 104 117 104 118 104
554 4760 568 7649.98 116 103 116 102 116 101 116 100 115 100 114 100
555 4761 568 7649.98 113 100 114 100
556 4763 569 3.75918e+07 165 150 165 151 166 151
557 4769 569 3.75918e+07 168 152 167 152 166 152 166 151
558 4764 570 3.75918e+07 163 149 164 149 164 150 165 150
559 4763 570 3.75918e+07 165 151 165 150
560 4773 571 3.75918e+07 171 154 170 154
561 4774 571 3.75918e+07 169 153 170 153 170 154
562 4774 572 3.75918e+07 170 153 169 153
563 4775 572 3.75918e+07 168 152 169 152 169 153
564 4775 573 3.75918e+07 169 152 168 152
565 4787 573 7268.75 168 149 168 150 168 151 168 152
566 4769 573 3.75918e+07 167 152 168 152
567 4813 575 28137.5 167 183 167 182 166 182 165 182 165 181 164 181
568 4772 575 28137.5 163 181 164 181
569 4784 577 1.30221e+08 141 206 140 206
570 4768 577 1.30221e+08 137 206 138 206 139 206 140 206
571 4892 577 2725 138 217 138 216 138 215 138 214 138 213 138 212 138 211 138 210 138 209 138 208 138 207 138 206 139 206 140 206
572 4789 578 7268.75 165 147 165 146 164 146
573 4796 578 7268.75 165 145 165 146 164 146
574 4798 579 44075 128 108 127 108 126 108
575 4780 579 44075 125 108 126 108
576 4801 581 907931 126 223 126 222 125 222
577 4771 581 907931 123 221 123 222 124 222 125 222
578 4787 585 7268.75 168 150 168 149 168 148 167 148
579 4788 585 7268.75 166 147 166 148 167 148
580 4789 586 7268.75 165 146 165 147 166 147
581 4788 586 7268.75 166 148 166 147
582 4826 590 22918.8 128 106 128 107 128 108
583 4798 590 44075 127 108 128 108
584 4810 590 44075 130 109 129 109 128 109 128 108
585 4923 591 907931 131 226 131 225 131 224 130 224 130 223 129 223 128 223 127 223 126 223
586 4924 591 2725 133 224 132 224 131 224 130 224 130 223 129 223 128 223 127 223 126 223
587 4783 591 17281.2 131 215 131 216 131 217 131 218 130 218 130 219 130 220 129 220 129 221 129 222 129 223 128 223 127 223 126 223
588 4801 591 907931 126 222 126 223
589 4816 592 3.75918e+07 182 160 181 160
590 4831 592 3.75918e+07 181 158 181 159 181 160
591 4834 596 3.75918e+07 177 154 176 154 176 155
592 4773 596 3.75918e+07 170 154 171 154 172 154 173 154 174 154 174 155 175 155 176 155
593 4868 597 44075 146 121 146 122 146 123 146 124 146 125 146 126 146 127 146 128 146 129 146 130 146 131 147 131 148 131 148 132 149 132 150 132 150 133 151 133 152 133 152 134 153 134 154 134 155 134
594 4706 597 39943.8 139 134 140 134 140 133 140 132 141 132 142 132 143 132 144 132 144 131 145 131 146 131 147 131 148 131 148 132 149 132 150 132 150 133 151 133 152 133 152 134 153 134 154 134 155 134
595 4703 597 7137.5 144 139 144 138 144 137 144 136 144 135 144 134 144 133 144 132 144 131 145 131 146 131 147 131 148 131 148 132 149 132 150 132 150 133 151 133 152 133 152 134 153 134 154 134 155 134
596 4807 597 44075 155 135 155 134
597 4873 598 44075 134 109 133 109 132 109 131 109 130 109
598 4810 598 44075 129 109 130 109
599 4858 599 28137.5 169 184 168 184 168 183 167 183
600 4813 599 28137.5 167 182 167 183
601 4836 603 7268.75 167 145 167 144 166 144
602 4796 603 7268.75 165 146 165 145 165 144 166 144
603 4851 605 44075 139 115 138 115 137 115
604 4853 605 44075 135 111 135 112 135 113 135 114 136 114 136 115 137 115
605 4854 606 22918.8 130 106 129 106 128 106
606 4826 606 22918.8 128 107 128 106
607 4830 608 3.75918e+07 186 164 187 164
608 4843 608 3.75918e+07 187 165 187 164
609 4844 609 3.75918e+07 186 162 186 163
610 4830 609 3.75918e+07 187 164 186 164 186 163
611 4844 610 3.75918e+07 186 163 186 162 185 162
612 4845 610 3.75918e+07 184 161 185 161 185 162
613 4845 611 3.75918e+07 185 161 184 161
614 4846 611 3.75918e+07 184 160 184 161
615 4847 612 3.75918e+07 183 159 183 160
616 4816 612 3.75918e+07 181 160 182 160 183 160
617 4832 613 3.75918e+07 180 157 180 158 181 158
618 4831 613 3.75918e+07 181 159 181 158
619 4848 614 3.75918e+07 177 153 177 154
620 4834 614 3.75918e+07 176 154 177 154
621 4807 615 44075 155 134 155 135 156 135 157 135 158 135
622 4837 615 44075 161 138 160 138 160 137 159 137 158 137 158 136 158 135
623 4870 616 44075 141 116 140 116 139 116
624 4851 616 44075 138 115 139 115 139 116
625 4892 617 2725 138 216 138 217 138 218 137 218 136 218 135 218 134 218
626 4857 617 2725 134 219 134 218
627 4928 621 2718.75 182 153 181 153 180 153 180 154 180 155 180 156
628 4863 621 3.75918e+07 179 154 179 155 180 155 180 156
629 4832 621 3.75918e+07 180 158 180 157 180 156
630 4867 623 44075 163 139 163 138 162 138
631 4837 623 44075 160 138 161 138 162 138
632 4911 627 28137.5 171 185 170 185 170 184 169 184
633 4858 627 28137.5 168 184 169 184
634 4843 628 3.75918e+07 187 164 187 165 188 165
635 4895 628 3.75918e+07 189 166 188 166 188 165
636 4880 629 3.75918e+07 178 153 179 153 179 154
637 4863 629 3.75918e+07 179 155 179 154
638 4880 630 3.75918e+07 179 153 178 153
639 4900 630 1.31197e+06 177 150 177 151 177 152 177 153 178 153
640 4848 630 3.75918e+07 177 154 177 153 178 153
641 4883 632 44075 165 139 164 139
642 4867 632 44075 163 138 163 139 164 139
643 4873 633 44075 133 109 134 109
644 4853 633 44075 135 112 135 111 135 110 134 110 134 109
645 4890 634 22918.8 131 105 131 106
646 4854 634 22918.8 129 106 130 106 131 106
647 5009 641 2587.49 192 157 191 157 190 157 189 157 189 158 188 158 187 158 187 159 186 159 185 159
648 4878 641 2587.49 184 159 185 159
649 4847 642 3.75918e+07 183 160 183 159 184 159 184 158
650 4846 642 3.75918e+07 184 161 184 160 184 159 184 158
651 4878 642 2587.49 185 159 184 159 184 158
652 4905 644 44075 144 117 144 118 144 119 144 120 145 120 146 120
653 4868 644 44075 146 122 146 121 146 120
654 4905 645 44075 144 118 144 117 143 117
655 4887 645 44075 142 116 142 117 143 117
656 4870 646 44075 140 116 141 116 142 116
657 4887 646 44075 142 117 142 116
658 4895 648 3.75918e+07 188 166 189 166
659 4913 648 3.75918e+07 189 167 189 166
660 4900 649 1.31197e+06 177 151 177 150 177 149 176 149
661 4929 649 1.31197e+06 176 147 176 148 176 149
662 4917 650 1.31197e+06 172 144 171 144 171 143 170 143
663 4918 650 1.31197e+06 170 142 170 143
664 4836 650 7268.75 167 144 167 145 168 145 169 145 170 145 170 144 170 143
665 4918 651 1.31197e+06 170 143 170 142 169 142
666 4901 651 1.31197e+06 168 141 168 142 169 142
667 4919 652 1.31197e+06 168 140 168 141
668 4901 652 1.31197e+06 168 142 168 141
669 4932 656 22918.8 133 104 132 104 132 105
670 4890 656 22918.8 131 106 131 105 132 105
671 4933 657 12568.7 115 86 115 87 114 87
672 4874 657 12568.7 111 87 112 87 113 87 114 87
673 4761 657 7649.98 114 100 113 100 113 99 113 98 113 97 113 96 113 95 113 94 113 93 113 92 113 91 113 90 113 89 113 88 113 87 114 87
674 4935 658 28137.5 172 186 172 185 171 185
675 4911 658 28137.5 170 185 171 185
676 4929 662 1.31197e+06 176 148 176 147 175 147 175 146 174 146 174 145 173 145
677 4916 662 1.31197e+06 172 145 173 145
678 4917 663 1.31197e+06 171 144 172 144
679 4916 663 1.31197e+06 173 145 172 145 172 144
680 5035 664 1.31197e+06 167 130 167 131 167 132 167 133 167 134 166 134 166 135 165 135 165 136 165 137 165 138 166 138
681 4883 664 44075 164 139 165 139 165 138 166 138
682 4931 664 1.31197e+06 168 139 167 139 166 139 166 138
683 4857 667 2725 134 218 134 219 134 220 134 221 134 222 134 223 134 224 133 224
684 4924 667 2725 132 224 133 224
685 4913 668 3.75918e+07 189 166 189 167 190 167
686 4953 668 3.75918e+07 191 168 190 168 190 167
687 4959 670 2718.75 183 152 182 152 182 153
688 4928 670 2718.75 181 153 182 153
689 4951 671 inf 113 83 113 84
690 4727 671 inf 96 87 96 86 97 86 97 85 98 85 99 85 100 85 101 85 102 85 103 85 104 85 105 85 106 85 107 85 108 85 109 85 110 85 110 84 111 84 112 84 113 84
691 4616 671 44075 100 106 100 105 100 104 100 103 100 102 100 101 100 100 100 99 100 98 100 97 100 96 100 95 100 94 100 93 100 92 101 92 102 92 102 91 102 90 103 90 104 90 105 90 106 90 106 89 107 89 108 89 109 89 109 88 110 88 110 87 110 86 110 85 110 84 111 84 112 84 113 84
692 4874 671 12568.7 112 87 111 87 110 87 110 86 110 85 110 84 111 84 112 84 113 84
693 4962 678 2718.75 170 140 170 139 169 139
694 4931 678 1.31197e+06 167 139 168 139 169 139
695 4919 678 1.31197e+06 168 141 168 140 168 139 169 139
696 4966 682 22918.8 134 103 134 104
697 4932 682 22918.8 132 104 133 104 134 104
698 4967 684 907931 134 226 133 226
699 4923 684 907931 131 225 131 226 132 226 133 226
700 4982 685 28137.5 174 187 174 186 173 186
701 4935 685 28137.5 172 185 172 186 173 186
702 4953 687 3.75918e+07 190 168 191 168
703 4984 687 3.75918e+07 192 169 191 169 191 168
704 4976 690 2718.75 174 142 173 142 173 141 172 141
705 4977 690 2718.75 172 140 172 141
706 4977 691 2718.75 172 141 172 140 171 140
707 4962 691 2718.75 170 139 170 140 171 140
708 4992 698 2718.75 177 145 177 144 176 144
709 4975 698 2718.75 175 143 175 144 176 144
710 4976 699 2718.75 173 142 174 142
711 4975 699 2718.75 175 144 175 143 174 143 174 142
712 5005 701 3.75918e+07 193 170 193 169 192 169
713 4984 701 3.75918e+07 191 169 192 169
714 5023 708 2587.49 186 150 185 150 184 150 183 150
715 5002 708 2718.75 183 149 183 150
716 4959 708 2718.75 182 152 183 152 183 151 183 150
717 4992 709 2718.75 177 144 177 145 178 145
718 4991 709 2718.75 179 147 179 146 178 146 178 145
719 5003 711 22918.8 136 102 135 102
720 4966 711 22918.8 134 104 134 103 134 102 135 102
721 5014 712 28137.5 176 188 176 187 175 187
722 4982 712 28137.5 174 186 174 187 175 187
723 4991 716 2718.75 179 146 179 147 180 147 181 147 181 148 182 148
724 5002 716 2718.75 183 150 183 149 182 149 182 148
725 5041 721 1.30221e+08 155 211 155 210 154 210
726 4893 721 4762.48 154 200 154 201 154 202 154 203 154 204 154 205 154 206 154 207 154 208 154 209 154 210
727 4784 721 1.30221e+08 140 206 141 206 141 207 142 207 143 207 144 207 145 207 146 207 147 207 148 207 148 208 149 208 150 208 151 208 151 209 152 209 153 209 153 210 154 210
728 4778 722 345337 170 175 171 175 172 175 173 175 174 175 175 175 176 175 177 175 177 174 178 174 178 173 179 173 180 173 181 173 182 173 183 173 184 173 185 173 186 173 187 173 188 173 189 173 190 173 191 173
729 5042 722 345337 192 174 191 174 191 173
730 5005 723 3.75918e+07 193 169 193 170 194 170
731 5015 723 3.75918e+07 193 171 193 170 194 170
732 5070 728 2587.49 190 150 189 150 188 150 187 150 186 150
733 5023 728 2587.49 185 150 186 150
734 5028 732 22918.8 129 94 130 94
735 5051 732 22918.8 134 96 133 96 132 96 131 96 130 96 130 95 130 94
736 5063 733 inf 121 82 120 82 119 82 118 82
737 4951 733 inf 113 84 113 83 114 83 115 83 116 83 117 83 118 83 118 82
738 4933 733 12568.7 115 87 115 86 116 86 116 85 116 84 116 83 117 83 118 83 118 82
739 5078 734 166806 142 227 141 227 140 227 139 227 138 227
740 5107 734 907931 149 223 149 224 148 224 147 224 146 224 145 224 144 224 143 224 143 225 142 225 141 225 141 226 141 227 140 227 139 227 138 227
741 4967 734 907931 133 226 134 226 135 226 136 226 136 227 137 227 138 227
742 5053 735 28137.5 178 189 178 188 177 188
743 5014 735 28137.5 176 187 176 188 177 188
744 5068 737 2587.49 191 152 192 152 192 153 192 154 192 155
745 5009 737 2587.49 191 157 192 157 192 156 192 155
746 5051 741 22918.8 133 96 134 96 134 97
747 5050 741 22918.8 136 98 135 98 134 98 134 97
748 5064 742 1.30221e+08 156 212 156 211 155 211
749 5041 742 1.30221e+08 155 210 155 211
750 5015 743 3.75918e+07 193 170 193 171 193 172 193 173 193 174 192 174
751 5042 743 345337 191 174 192 174
752 5067 743 3.75918e+07 193 175 192 175 192 174
753 5061 748 22918.8 137 98 137 99
754 5003 748 22918.8 135 102 136 102 136 101 137 101 137 100 137 99
755 5061 749 22918.8 137 99 137 98 136 98
756 5050 749 22918.8 135 98 136 98
757 5077 756 inf 121 81 121 82
758 5063 756 inf 120 82 121 82
759 5096 757 28137.5 181 190 180 190 180 189 179 189
760 5053 757 28137.5 178 188 178 189 179 189
761 5067 758 3.75918e+07 192 175 193 175
762 5085 758 3.75918e+07 194 176 193 176 193 175
763 5069 760 2587.49 190 150 190 151 191 151
764 5068 760 2587.49 192 152 191 152 191 151
765 5070 761 2587.49 189 150 190 150
766 5069 761 2587.49 190 151 190 150
767 5098 763 1.31197e+06 173 130 172 130 171 130 170 130
768 5035 763 1.31197e+06 167 131 167 130 168 130 169 130 170 130
769 5113 772 inf 125 80 124 80 123 80 123 81 122 81
770 5077 772 inf 121 82 121 81 122 81
771 5109 779 1.31197e+06 176 131 175 131 174 131 174 130 173 130
772 5098 779 1.31197e+06 172 130 173 130
773 5114 780 166806 146 228 145 228 144 228
774 5078 780 166806 141 227 142 227 142 228 143 228 144 228
775 5094 781 907931 150 220 150 221 150 222
776 5107 781 907931 149 224 149 223 150 223 150 222
777 5132 783 28137.5 184 191 183 191 183 190 182 190
778 5096 783 28137.5 180 190 181 190 182 190
779 5064 787 1.30221e+08 156 211 156 212 157 212 157 213 158 213 158 214 159 214
780 5116 787 1.30221e+08 159 215 159 214
781 5119 789 3.75918e+07 196 178 195 178
782 5085 789 3.75918e+07 193 176 194 176 194 177 195 177 195 178
783 5122 791 1.31197e+06 177 132 177 131 176 131
784 5109 791 1.31197e+06 175 131 176 131
785 5183 793 inf 135 80 134 80 134 79 133 79 132 79 131 79 130 79 129 79 128 79 127 79 126 79 126 80 125 80
786 5219 793 3443.75 137 74 136 74 135 74 134 74 133 74 132 74 131 74 130 74 130 75 130 76 130 77 130 78 130 79 129 79 128 79 127 79 126 79 126 80 125 80
787 5220 793 27100.1 135 72 134 72 133 72 133 73 133 74 132 74 131 74 130 74 130 75 130 76 130 77 130 78 130 79 129 79 128 79 127 79 126 79 126 80 125 80
788 5113 793 inf 124 80 125 80
789 5028 793 22918.8 130 94 129 94 128 94 127 94 126 94 126 93 126 92 126 91 126 90 126 89 125 89 125 88 125 87 125 86 125 85 125 84 125 83 125 82 125 81 125 80
790 5148 795 1.31197e+06 181 131 181 132 180 132 179 132 178 132
791 5122 795 1.31197e+06 177 131 177 132 178 132
792 5115 799 907931 158 215 158 216 158 217
793 5094 799 907931 150 221 150 220 150 219 150 218 150 217 150 216 151 216 152 216 153 216 154 216 155 216 156 216 157 216 158 216 158 217
794 5157 801 28137.5 187 192 186 192 186 191 185 191 184 191
795 5132 801 28137.5 183 191 184 191
796 5139 803 3.75918e+07 198 179 197 179
797 5119 803 3.75918e+07 195 178 196 178 196 179 197 179
798 5261 809 166806 170 227 170 228 169 228 168 228 167 228 166 228 165 228 164 228 163 228 162 228 161 228 160 228 159 228 158 228 157 228 156 228 155 228 154 228 153 228 152 228 151 228 150 228
799 5114 809 166806 145 228 146 228 147 228 148 228 149 228 150 228
800 5165 810 1.30221e+08 164 216 163 216 162 216
801 5116 810 1.30221e+08 159 214 159 215 160 215 161 215 162 215 162 216
802 5115 810 907931 158 216 158 215 159 215 160 215 161 215 162 215 162 216
803 5170 812 3.75918e+07 199 181 199 180 198 180
804 5139 812 3.75918e+07 197 179 198 179 198 180
805 5186 817 28137.5 192 191 192 192 191 192 190 192 189 192 188 192 187 192
806 5157 817 28137.5 186 192 187 192
807 5171 820 inf 215 163 215 164 215 165 215 166
808 5195 820 inf 215 171 215 170 215 169 215 168 215 167 215 166
809 5189 822 1.30221e+08 169 216 168 216 167 216 166 216
810 5165 822 1.30221e+08 163 216 164 216 165 216 166 216
811 5187 826 3.75918e+07 201 183 200 183
812 5170 826 3.75918e+07 199 180 199 181 199 182 200 182 200 183
813 5196 831 inf 138 81 138 80 137 80 136 80
814 5183 831 inf 134 80 135 80 136 80
815 5187 834 3.75918e+07 200 183 201 183 201 184
816 5194 834 3.75918e+07 201 185 201 184
817 5189 835 1.30221e+08 168 216 169 216 170 216
818 5201 835 1.30221e+08 171 217 170 217 170 216
819 5194 837 3.75918e+07 201 184 201 185 202 185
820 5203 837 3.75918e+07 202 186 202 185
821 5195 838 inf 215 170 215 171 215 172
822 5207 838 inf 216 173 215 173 215 172
823 5204 839 inf 141 82 141 81 140 81
824 5196 839 inf 138 80 138 81 139 81 140 81
825 5201 840 1.30221e+08 170 217 171 217
826 5261 840 166806 170 228 170 227 170 226 170 225 170 224 170 223 170 222 170 221 170 220 170 219 170 218 171 218 171 217
827 5210 840 1.30221e+08 172 218 171 218 171 217
828 5222 842 inf 147 83 146 83 146 82 145 82 144 82 143 82 142 82
829 5204 842 inf 141 81 141 82 142 82
830 5203 844 3.75918e+07 202 185 202 186 203 186
831 5186 844 28137.5 192 192 192 191 192 190 192 189 192 188 193 188 194 188 195 188 196 188 197 188 198 188 199 188 200 188 201 188 202 188 202 187 203 187 203 186
832 5216 844 3.75918e+07 204 187 203 187 203 186
833 5207 845 inf 215 173 216 173
834 5217 845 inf 216 175 216 174 216 173
835 5210 846 1.30221e+08 171 218 172 218
836 5213 846 1.30221e+08 172 219 172 218
837 5216 849 3.75918e+07 203 187 204 187
838 5232 849 3.75918e+07 205 189 205 188 204 188 204 187
839 5213 850 1.30221e+08 172 218 172 219 173 219
840 5223 850 1.30221e+08 173 220 173 219
841 5229 855 inf 148 84 148 83 147 83
842 5222 855 inf 146 83 147 83
843 5225 856 7743.75 194 198 194 199
844 5255 856 7743.75 193 204 193 203 193 202 193 201 193 200 193 199 194 199
845 5235 860 inf 150 85 150 84 149 84
846 5229 860 inf 148 83 148 84 149 84
847 5241 861 27100.1 138 71 137 71 136 71
848 5220 861 27100.1 134 72 135 72 136 72 136 71
849 5242 862 1.30221e+08 175 221 175 220 174 220
850 5223 862 1.30221e+08 173 219 173 220 174 220
851 5217 864 inf 216 174 216 175 217 175 217 176 217 177
852 5237 864 inf 217 178 217 177
853 5239 866 inf 152 86 152 85 151 85
854 5235 866 inf 150 84 150 85 151 85
855 5240 867 3443.75 140 73 139 73
856 5219 867 3443.75 136 74 137 74 138 74 139 74 139 73
857 5232 868 3.75918e+07 205 188 205 189 205 190
858 5244 868 3.75918e+07 205 191 205 190
859 5251 869 inf 154 87 154 86 153 86
860 5280 869 28618.8 153 81 153 82 153 83 153 84 153 85 153 86
861 5239 869 inf 152 85 152 86 153 86
862 5237 872 inf 217 177 217 178 217 179
863 5257 872 inf 217 180 217 179
864 5260 874 inf 156 88 156 87 155 87
865 5251 874 inf 154 86 154 87 155 87
866 5241 875 27100.1 137 71 138 71 138 70
867 5253 875 27100.1 139 71 138 71 138 70
868 5275 877 1.30221e+08 178 222 177 222 177 221 176 221
869 5276 877 3.99906e+06 179 221 178 221 177 221 176 221
870 5242 877 1.30221e+08 175 220 175 221 176 221
871 5262 878 7743.75 203 194 203 195 202 195
872 5225 878 7743.75 194 199 194 198 195 198 196 198 196 197 197 197 198 197 199 197 200 197 201 197 202 197 202 196 202 195
873 5265 881 inf 158 89 158 88 157 88
874 5260 881 inf 156 87 156 88 157 88
875 5272 884 inf 160 90 160 89 159 89
876 5293 884 3356.23 160 86 159 86 159 87 159 88 159 89
877 5265 884 inf 158 88 158 89 159 89
878 5311 886 27100.1 147 71 146 71 145 71 145 72 144 72 143 72 142 72
879 5253 886 27100.1 138 71 139 71 140 71 140 72 141 72 142 72
880 5240 886 3443.75 139 73 140 73 140 72 141 72 142 72
881 5257 888 inf 217 179 217 180 216 180 216 181 216 182 216 183
882 5279 888 inf 216 184 216 183
883 5301 890 inf 167 92 166 92 165 92 164 92 164 91 163 91 162 91
884 5320 890 4206.25 165 88 165 89 165 90 165 91 164 91 163 91 162 91
885 5271 890 inf 161 91 162 91
886 5272 891 inf 160 89 160 90 161 90
887 5271 891 inf 162 91 161 91 161 90
888 5332 892 1.30221e+08 180 228 179 228 179 227 179 226 179 225 179 224 179 223 179 222 178 222
889 5275 892 1.30221e+08 177 222 178 222
890 5244 893 3.75918e+07 205 190 205 191 206 191 206 192 206 193 205 193 205 194 205 195
891 5262 893 7743.75 203 195 203 194 204 194 205 194 205 195
892 5281 893 3.75918e+07 205 196 205 195
893 5276 898 3.99906e+06 178 221 179 221 180 221
894 5300 898 3.99906e+06 181 222 180 222 180 221
895 5296 901 28618.8 153 79 153 80 153 81 154 81
896 5280 901 28618.8 153 82 153 81 154 81
897 5313 905 3.75918e+07 207 198 207 197 206 197
898 5281 905 3.75918e+07 205 195 205 196 206 196 206 197
899 5309 906 3356.23 161 85 161 86
900 5293 906 3356.23 159 86 160 86 161 86
901 5300 908 3.99906e+06 180 222 181 222 182 222
902 5439 908 6118.75 191 231 190 231 190 230 189 230 189 229 189 228 189 227 189 226 188 226 188 225 187 225 186 225 185 225 185 224 184 224 184 223 183 223 182 223 182 222
903 5386 908 51831.3 196 221 195 221 194 221 193 221 192 221 191 221 191 222 190 222 190 223 189 223 188 223 187 223 186 223 185 223 184 223 183 223 182 223 182 222
904 5333 908 3.99906e+06 189 218 189 219 189 220 189 221 189 222 189 223 188 223 187 223 186 223 185 223 184 223 183 223 182 223 182 222
905 5296 912 28618.8 153 80 153 79 153 78 153 77 153 76 153 75 153 74 152 74 151 74 150 74
906 5341 912 28618.8 155 74 154 74 153 74 152 74 151 74 150 74
907 5311 912 27100.1 146 71 147 71 148 71 149 71 149 72 149 73 149 74 150 74
908 5334 913 2718.75 225 182 225 183 225 184 224 184 223 184 222 184 221 184 220 184 219 184 218 184 217 184 217 185 216 185 216 186 216 187 216 188 216 189
909 5279 913 inf 216 183 216 184 216 185 216 186 216 187 216 188 216 189
910 5322 913 inf 216 190 216 189
911 5323 915 87893.7 225 148 226 148 226 149
912 5316 915 87893.7 228 151 227 151 227 150 226 150 226 149
913 5307 917 4006.25 174 99 175 99 176 99
914 5319 917 4006.25 177 100 176 100 176 99
915 5326 918 4006.25 174 96 174 97
916 5307 918 4006.25 175 99 174 99 174 98 174 97
917 5328 919 4206.25 166 87 165 87 165 88
918 5329 919 3356.23 164 86 165 86 165 87 165 88
919 5320 919 4206.25 165 89 165 88
920 5324 920 87893.7 224 147 225 147
921 5323 920 87893.7 226 148 225 148 225 147
922 5335 921 87893.7 225 145 224 145 224 146
923 5324 921 87893.7 225 147 224 147 224 146
924 5336 922 4006.25 180 100 179 100 178 100
925 5319 922 4006.25 176 100 177 100 178 100
926 5326 923 4006.25 174 97 174 96 174 95 174 94 174 93 174 92 174 91 173 91 172 91 171 91 170 91 170 92
927 5348 923 inf 175 92 174 92 174 91 173 91 172 91 171 91 170 91 170 92
928 5301 923 inf 166 92 167 92 168 92 169 92 170 92
929 5329 924 3356.23 165 86 164 86
930 5309 924 3356.23 161 86 161 85 162 85 163 85 164 85 164 86
931 5338 925 3.99906e+06 191 218 190 218 189 218
932 5333 925 3.99906e+06 189 219 189 218
933 5355 926 4206.25 170 86 169 86 168 86 168 87 167 87 166 87
934 5328 926 4206.25 165 87 166 87
935 5332 927 1.30221e+08 179 228 180 228
936 5342 927 1.30221e+08 181 229 180 229 180 228
937 5344 928 3.75918e+07 209 201 209 200 208 200
938 5313 928 3.75918e+07 207 197 207 198 208 198 208 199 208 200
939 5343 931 3.99906e+06 193 216 193 217 192 217
940 5338 931 3.99906e+06 190 218 191 218 191 217 192 217
941 5352 933 3.99906e+06 196 216 195 216 194 216
942 5255 933 7743.75 193 203 193 204 193 205 193 206 193 207 193 208 193 209 193 210 193 211 193 212 193 213 193 214 193 215 193 216 194 216
943 5343 933 3.99906e+06 193 217 193 216 194 216
944 5351 935 1.30221e+08 182 230 181 230
945 5342 935 1.30221e+08 180 229 181 229 181 230
946 5377 936 3.99906e+06 201 214 201 215 200 215 199 215 198 215 197 215 196 215
947 5352 936 3.99906e+06 195 216 196 216 196 215
948 5358 940 28618.8 158 73 158 74
949 5341 940 28618.8 154 74 155 74 156 74 157 74 158 74
950 5471 941 1.99283e+08 253 174 253 173 253 172 253 171 253 170 253 169 253 168 253 167 253 166 253 165 252 165 251 165 251 164 250 164 249 164 249 163 248 163
951 5361 941 1.99283e+08 247 162 248 162 248 163
952 5505 942 3.9768e+06 257 154 257 155 256 155 255 155 254 155 253 155 252 155 251 155 250 155 249 155 248 155 247 155 246 155 245 155 244 155 243 155 242 155 241 155 240 155
953 5357 942 1.99283e+08 239 155 240 155
954 5369 942 1.99283e+08 244 157 243 157 242 157 241 157 241 156 240 156 240 155
955 5365 943 1.99283e+08 239 153 239 154
956 5429 943 121362 235 185 236 185 237 185 238 185 239 185 239 184 239 183 239 182 239 181 239 180 239 179 239 178 239 177 239 176 239 175 239 174 239 173 239 172 239 171 239 170 239 169 239 168 239 167 239 166 239 165 239 164 239 163 239 162 239 161 239 160 239 159 239 158 239 157 239 156 239 155 239 154
957 5357 943 1.99283e+08 240 155 239 155 239 154
958 5365 944 1.99283e+08 239 154 239 153 238 153
959 5366 944 1.99283e+08 238 152 238 153
960 5366 945 1.99283e+08 238 153 238 152 237 152 237 151 236 151 236 150 235 150 235 149 234 149 234 148 233 148
961 5371 945 1.99283e+08 230 143 230 144 230 145 231 145 231 146 232 146 233 146 233 147 233 148
962 5316 945 87893.7 227 151 228 151 229 151 230 151 231 151 231 150 232 150 232 149 232 148 233 148
963 5334 945 2718.75 225 183 225 182 225 181 225 180 225 179 225 178 225 177 225 176 225 175 225 174 225 173 225 172 225 171 226 171 227 171 228 171 229 171 230 171 230 170 230 169 230 168 230 167 230 166 230 165 230 164 230 163 231 163 232 163 233 163 233 162 233 161 233 160 233 159 233 158 233 157 233 156 233 155 233 154 233 153 233 152 233 151 233 150 233 149 233 148
964 5367 946 inf 178 93 178 92 177 92
965 5384 946 28618.8 177 89 177 90 176 90 176 91 176 92 177 92
966 5348 946 inf 174 92 175 92 176 92 177 92
967 5385 947 1.30221e+08 184 233 183 233 183 232 182 232
968 5351 947 1.30221e+08 181 230 182 230 182 231 182 232
969 5322 949 inf 216 189 216 190 216 191 216 192 216 193 216 194 216 195 216 196 216 197 216 198
970 5344 949 3.75918e+07 209 200 209 201 210 201 211 201 211 202 212 202 213 202 214 202 215 202 216 202 216 201 216 200 216 199 216 198
971 5448 949 inf 218 205 218 204 217 204 217 203 217 202 217 201 216 201 216 200 216 199 216 198
972 5456 949 121362 220 204 219 204 218 204 217 204 217 203 217 202 217 201 216 201 216 200 216 199 216 198
973 5362 950 1.99283e+08 246 161 247 161
974 5361 950 1.99283e+08 248 162 247 162 247 161
975 5363 951 1.99283e+08 245 159 245 160 246 160
976 5362 951 1.99283e+08 247 161 246 161 246 160
977 5364 952 1.99283e+08 244 158 244 159 245 159
978 5363 952 1.99283e+08 245 160 245 159
979 5369 953 1.99283e+08 243 157 244 157 244 158
980 5364 953 1.99283e+08 244 159 244 158
981 5374 954 4206.25 173 86 172 86
982 5355 954 4206.25 169 86 170 86 171 86 172 86
983 5405 956 28618.8 160 70 160 71 159 71 159 72 158 72
984 5358 956 28618.8 158 74 158 73 158 72
985 5383 958 inf 181 93 180 93
986 5394 958 2549.99 179 90 179 91 179 92 179 93 180 93
987 5367 958 inf 178 92 178 93 179 93 180 93
988 5377 959 3.99906e+06 201 215 201 214 202 214 202 213 203 213
989 5408 959 3.99906e+06 205 214 204 214 203 214 203 213
990 5381 961 1.99283e+08 229 142 230 142
991 5371 961 1.99283e+08 230 144 230 143 230 142
992 5389 962 1.99283e+08 229 140 229 141
993 5381 962 1.99283e+08 230 142 229 142 229 141
994 5171 963 inf 215 164 215 163 215 162 215 161 215 160 215 159 215 158 215 157 215 156 215 155 215 154 215 153 215 152 215 151 215 150 215 149 215 148 215 147 215 146 216 146 217 146 218 146 218 145 218 144 218 143 218 142 218 141 218 140 218 139 218 138 218 137 218 136 218 135 218 134 218 133 218 132 218 131 217 131 216 131 216 130 215 130 215 129 215 128 215 127 215 126 214 126
995 5335 963 87893.7 224 145 225 145 225 144 225 143 225 142 225 141 225 140 225 139 225 138 224 138 224 137 223 137 223 136 222 136 222 135 222 134 221 134 221 133 221 132 220 132 220 131 219 131 218 131 217 131 216 131 216 130 215 130 215 129 215 128 215 127 215 126 214 126
996 5390 963 1.99283e+08 226 137 225 137 224 137 223 137 223 136 222 136 222 135 222 134 221 134 221 133 221 132 220 132 220 131 219 131 218 131 217 131 216 131 216 130 215 130 215 129 215 128 215 127 215 126 214 126
997 5391 963 inf 213 125 214 125 214 126
998 5391 964 inf 214 125 213 125
999 5382 964 inf 212 124 212 125 213 125
1000 5148 964 1.31197e+06 181 132 181 131 182 131 183 131 184 131 185 131 185 130 185 129 185 128 185 127 185 126 186 126 186 125 187 125 188 125 189 125 190 125 191 125 192 125 193 125 194 125 195 125 196 125 197 125 198 125 199 125 200 125 201 125 202 125 203 125 204 125 205 125 206 125 207 125 208 125 209 125 210 125 211 125 212 125 213 125
1001 5392 965 inf 210 121 210 122 211 122 211 123 211 124 212 124
1002 5382 965 inf 212 125 212 124
1003 5393 966 inf 183 94 182 94
1004 5383 966 inf 180 93 181 93 181 94 182 94
1005 5385 968 1.30221e+08 183 233 184 233
1006 5407 968 1.30221e+08 185 234 184 234 184 233
1007 5455 970 51831.3 200 224 200 223 199 223 199 222 198 222 197 222 197 221 196 221
1008 5386 970 51831.3 195 221 196 221
1009 5401 972 inf 200 110 200 111 201 111 201 112 202 112 203 112 203 113 204 113 204 114 205 114 205 115 206 115 206 116 207 116 207 117 208 117 208 118 209 118 209 119 209 120 210 120 210 121
1010 5392 972 inf 210 122 210 121
1011 5402 973 inf 199 109 198 109
1012 5403 973 inf 197 108 198 108 198 109
1013 5404 974 inf 186 96 185 96 185 95 184 95
1014 5393 974 inf 182 94 183 94 183 95 184 95
1015 5390 975 1.99283e+08 225 137 226 137 227 137
1016 5389 975 1.99283e+08 229 141 229 140 228 140 228 139 228 138 227 138 227 137
1017 5402 977 inf 198 109 199 109 199 110 200 110
1018 5401 977 inf 200 111 200 110
1019 5410 978 inf 197 106 197 107
1020 5403 978 inf 198 108 197 108 197 107
1021 5411 979 inf 194 103 193 103
1022 5412 979 inf 192 102 193 102 193 103
1023 5413 980 inf 188 97 187 97
1024 5414 980 inf 187 96 187 97
1025 5414 981 inf 187 97 187 96 186 96
1026 5404 981 inf 185 96 186 96
1027 5336 981 4006.25 179 100 180 100 181 100 182 100 183 100 184 100 185 100 186 100 186 99 186 98 186 97 186 96
1028 5407 983 1.30221e+08 184 234 185 234
1029 5428 983 1.30221e+08 186 235 185 235 185 234
1030 5418 985 inf 196 104 195 104
1031 5411 985 inf 193 103 194 103 194 104 195 104
1032 5420 986 inf 192 100 192 101
1033 5412 986 inf 193 102 192 102 192 101
1034 5420 987 inf 192 101 192 100 191 100
1035 5457 987 9350.01 194 98 193 98 193 99 192 99 191 99 191 100
1036 5421 987 inf 190 99 191 99 191 100
1037 5421 988 inf 191 99 190 99
1038 5422 988 inf 189 98 190 98 190 99
1039 5422 989 inf 190 98 189 98
1040 5413 989 inf 187 97 188 97 188 98 189 98
1041 5394 990 2549.99 179 91 179 90 179 89 179 88 179 87 178 87
1042 5423 990 9350.01 182 90 181 90 181 89 181 88 180 88 179 88 179 87 178 87
1043 5424 990 28618.8 178 86 178 87
1044 5384 990 28618.8 177 90 177 89 177 88 178 88 178 87
1045 5425 991 4206.25 178 86 177 86
1046 5374 991 4206.25 172 86 173 86 173 87 174 87 175 87 176 87 176 86 177 86
1047 5466 993 8981.3 199 101 198 101 198 102 198 103 198 104 197 104 197 105
1048 5418 993 inf 195 104 196 104 197 104 197 105
1049 5410 993 inf 197 107 197 106 197 105
1050 5423 994 9350.01 181 90 182 90
1051 5458 994 9350.01 187 91 186 91 185 91 184 91 183 91 182 91 182 90
1052 5405 997 28618.8 160 71 160 70 161 70 162 70
1053 5438 997 28618.8 167 74 166 74 166 73 165 73 164 73 163 73 162 73 161 73 161 72 161 71 161 70 162 70
1054 5428 998 1.30221e+08 185 235 186 235
1055 5446 998 1.30221e+08 187 236 186 236 186 235
1056 5429 999 121362 236 185 235 185 235 186
1057 5450 999 121362 235 188 235 187 235 186
1058 5453 1005 7606.19 180 85 179 85 178 85
1059 5462 1005 28618.8 175 78 175 79 176 79 176 80 176 81 177 81 177 82 177 83 177 84 177 85 178 85
1060 5425 1005 4206.25 177 86 178 86 178 85
1061 5424 1005 28618.8 178 87 178 86 178 85
1062 5445 1006 28618.8 170 76 169 76
1063 5436 1006 28618.8 168 76 169 76
1064 5437 1007 28618.8 167 75 168 75
1065 5436 1007 28618.8 169 76 168 76 168 75
1066 5438 1008 28618.8 166 74 167 74
1067 5437 1008 28618.8 168 75 167 75 167 74
1068 5439 1009 6118.75 190 231 191 231
1069 5543 1009 6118.75 198 239 198 238 197 238 197 237 196 237 196 236 195 236 195 235 194 235 194 234 193 234 193 233 192 233 192 232 191 232 191 231
1070 5448 1013 inf 218 204 218 205
1071 5481 1013 inf 220 208 219 208 219 207 219 206 218 206 218 205
1072 5513 1013 81631.2 225 207 225 206 224 206 223 206 222 206 221 206 220 206 219 206 218 206 218 205
1073 5446 1015 1.30221e+08 186 236 187 236 187 237
1074 5459 1015 1.30221e+08 187 238 187 237
1075 5497 1017 121362 225 204 225 205 224 205 223 205 222 205 221 205 221 204 220 204
1076 5456 1017 121362 219 204 220 204
1077 5478 1018 9350.01 190 91 189 91 188 91 187 91
1078 5486 1018 7606.19 188 89 189 89 189 90 189 91 188 91 187 91
1079 5458 1018 9350.01 186 91 187 91
1080 5479 1019 7606.19 182 83 181 83 181 84 180 84
1081 5453 1019 7606.19 179 85 180 85 180 84
1082 5469 1020 51831.3 203 224 202 224 201 224
1083 5455 1020 51831.3 200 223 200 224 201 224
1084 5459 1022 1.30221e+08 187 237 187 238 188 238
1085 5480 1022 1.30221e+08 188 240 188 239 188 238
1086 5476 1025 8981.3 199 100 199 101
1087 5466 1025 8981.3 198 101 199 101
1088 5445 1026 28618.8 169 76 170 76 171 76 172 76 173 76 174 76
1089 5467 1026 28618.8 175 77 174 77 174 76
1090 5450 1027 121362 235 187 235 188 235 189 235 190 235 191 235 192
1091 5482 1027 121362 235 193 235 192
1092 5471 1028 1.99283e+08 253 173 253 174
1093 5489 1028 1.99283e+08 254 175 253 175 253 174
1094 5493 1034 7606.19 184 83 183 83 182 83
1095 5479 1034 7606.19 181 83 182 83
1096 5502 1035 51831.3 208 223 207 223 206 223 206 224 206 225 205 225 204 225 203 225
1097 5469 1035 51831.3 202 224 203 224 203 225
1098 5481 1036 inf 219 208 220 208
1099 5496 1036 inf 220 210 220 209 220 208
1100 5491 1037 7606.19 187 87 188 87 188 88
1101 5486 1037 7606.19 189 89 188 89 188 88
1102 5491 1038 7606.19 188 87 187 87
1103 5492 1038 7606.19 187 86 187 87
1104 5467 1039 28618.8 174 77 175 77 176 77 176 76
1105 5462 1039 28618.8 175 79 175 78 175 77 176 77 176 76
1106 5482 1041 121362 235 192 235 193 235 194 235 195 235 196 235 197 235 198 235 199 235 200 235 201 234 201 233 201 232 201 231 201 230 201 229 201 229 202 228 202 227 202 226 202 225 202 225 203 225 204
1107 5497 1041 121362 225 205 225 204
1108 5532 1042 81631.2 255 179 255 178 255 177 255 176 255 175 254 175
1109 5546 1042 1.99283e+08 259 178 259 177 258 177 257 177 256 177 256 176 255 176 255 175 254 175
1110 5489 1042 1.99283e+08 253 175 254 175
1111 5493 1043 7606.19 183 83 184 83
1112 5492 1043 7606.19 187 87 187 86 186 86 186 85 185 85 185 84 184 84 184 83
1113 5535 1047 inf 222 213 222 212 222 211 221 211 221 210 220 210
1114 5496 1047 inf 220 209 220 210
1115 5408 1047 3.99906e+06 204 214 205 214 206 214 207 214 208 214 209 214 210 214 211 214 212 214 213 214 214 214 214 213 214 212 215 212 216 212 217 212 218 212 219 212 220 212 220 211 220 210
1116 5508 1050 8981.3 198 95 197 95
1117 5499 1050 9350.01 196 94 196 95 197 95
1118 5457 1050 9350.01 193 98 194 98 194 97 194 96 195 96 195 95 196 95 197 95
1119 5478 1051 9350.01 189 91 190 91 191 91 192 91 193 91 193 92 194 92 194 93 195 93 195 94 196 94
1120 5499 1051 9350.01 196 95 196 94
1121 5511 1053 51831.3 209 223 208 223
1122 5502 1053 51831.3 207 223 208 223
1123 5507 1054 8981.3 199 96 199 97 200 97
1124 5476 1054 8981.3 199 101 199 100 199 99 199 98 199 97 200 97
1125 5508 1055 8981.3 197 95 198 95 198 96 199 96
1126 5507 1055 8981.3 199 97 199 96
1127 5513 1057 81631.2 225 206 225 207
1128 5536 1057 81631.2 227 208 226 208 225 208 225 207
1129 5532 1071 81631.2 255 178 255 179
1130 5610 1071 81631.2 248 204 249 204 250 204 251 204 252 204 253 204 254 204 254 203 254 202 254 201 254 200 254 199 254 198 254 197 254 196 254 195 254 194 254 193 254 192 254 191 254 190 254 189 254 188 254 187 254 186 254 185 254 184 254 183 255 183 255 182 255 181 255 180 255 179
1131 5535 1075 inf 222 212 222 213
1132 5544 1075 inf 223 214 222 214 222 213
1133 5555 1078 6118.75 199 240 199 239 198 239
1134 5543 1078 6118.75 198 238 198 239
1135 5551 1080 81631.2 229 209 228 209
1136 5536 1080 81631.2 226 208 227 208 228 208 228 209
1137 5556 1082 inf 224 215 223 215
1138 5544 1082 inf 222 214 223 214 223 215
1139 5560 1083 1.99283e+08 262 178 261 178 260 178
1140 5546 1083 1.99283e+08 259 177 259 178 260 178
1141 5555 1087 6118.75 199 239 199 240
1142 5563 1087 6118.75 200 241 199 241 199 240
1143 5551 1088 81631.2 228 209 229 209 229 210
1144 5558 1088 81631.2 229 211 229 210
1145 5505 1089 3.9768e+06 257 155 257 154 258 154 259 154 260 154 261 154 262 154 262 153 263 153 264 153
1146 5562 1089 3.9768e+06 265 153 264 153
1147 5556 1090 inf 223 215 224 215 224 216
1148 5566 1090 inf 225 217 224 217 224 216
1149 5577 1092 5168.75 269 175 268 175 267 175 266 175 265 175 265 176 264 176 263 176 262 176 262 177 262 178
1150 5560 1092 1.99283e+08 261 178 262 178
1151 5576 1092 1.99283e+08 264 180 264 179 263 179 262 179 262 178
1152 5563 1094 6118.75 199 241 200 241
1153 5615 1094 6118.75 211 242 211 243 210 243 209 243 208 243 207 243 206 243 205 243 204 243 203 243 202 243 201 243 201 242 200 242 200 241
1154 5610 1095 81631.2 249 204 248 204 247 204 246 204 246 205 246 206 245 206 245 207 244 207 244 208 243 208 242 208 241 208 240 208 239 208 238 208 237 208 236 208 235 208 234 208 233 208 233 209 233 210 232 210 231 210 230 210 230 211
1155 5558 1095 81631.2 229 210 229 211 230 211
1156 5574 1095 4981.2 231 213 230 213 230 212 230 211
1157 5562 1100 3.9768e+06 264 153 265 153 266 153 267 153
1158 5584 1100 3.9768e+06 269 152 269 153 268 153 267 153
1159 5566 1101 inf 224 217 225 217 225 218
1160 5573 1101 inf 225 219 225 218
1161 5579 1105 4981.2 232 213 231 213
1162 5574 1105 4981.2 230 213 231 213
1163 5606 1106 1.99283e+08 268 184 267 184 267 183 267 182 267 181 267 180 266 180 265 180 264 180
1164 5576 1106 1.99283e+08 264 179 264 180
1165 5577 1107 5168.75 268 175 269 175
1166 5611 1107 5168.75 277 176 276 176 275 176 274 176 273 176 272 176 271 176 270 176 269 176 269 175
1167 5613 1110 3.9768e+06 277 152 276 152 275 152 274 152 273 152 272 152 271 152 270 152 269 152
1168 5584 1110 3.9768e+06 269 153 269 152
1169 5573 1112 inf 225 218 225 219 226 219 226 220
1170 5591 1112 inf 227 221 226 221 226 220
1171 5579 1113 4981.2 231 213 232 213 232 214
1172 5593 1113 4981.2 232 216 232 215 232 214
1173 5593 1116 4981.2 232 215 232 216
1174 5596 1116 4981.2 232 217 232 216
1175 5591 1119 inf 226 221 227 221 227 222
1176 5598 1119 inf 227 223 227 222
1177 5639 1125 1.99283e+08 273 187 273 186 272 186 271 186 271 185 270 185 270 184 269 184 268 184
1178 5606 1125 1.99283e+08 267 184 268 184
1179 5608 1127 6118.75 212 241 211 241 211 242
1180 5615 1127 6118.75 211 243 211 242
1181 5609 1128 6118.75 213 240 212 240 212 241
1182 5608 1128 6118.75 211 241 212 241
1183 5616 1129 6118.75 214 240 213 240
1184 5609 1129 6118.75 212 240 213 240
1185 5598 1132 inf 227 222 227 223 228 223 228 224 229 224 229 225 229 226 230 226
1186 5511 1132 51831.3 208 223 209 223 210 223 211 223 212 223 213 223 214 223 215 223 216 223 217 223 218 223 219 223 220 223 221 223 222 223 223 223 224 223 225 223 226 223 227 223 228 223 228 224 229 224 229 225 229 226 230 226
1187 5624 1132 inf 230 227 230 226
1188 5611 1134 5168.75 276 176 277 176 278 176 279 176 280 176 281 176
1189 5634 1134 5168.75 282 177 281 177 281 176
1190 5624 1136 inf 230 226 230 227 231 227
1191 5631 1136 inf 231 228 231 227
1192 5596 1137 4981.2 232 216 232 217 232 218 233 218 233 219 234 219 234 220 234 221 235 221 235 222 236 222
1193 5632 1137 4981.2 236 223 236 222
1194 5631 1140 inf 231 227 231 228 232 228
1195 5616 1140 6118.75 213 240 214 240 214 239 215 239 215 238 216 238 217 238 217 237 218 237 219 237 220 237 221 237 222 237 223 237 224 237 225 237 226 237 227 237 228 237 229 237 230 237 231 237 231 236 231 235 231 234 231 233 231 232 231 231 231 230 231 229 231 228 232 228
1196 5678 1140 inf 237 231 236 231 235 231 234 231 233 231 233 230 232 230 232 229 232 228
1197 5653 1140 4981.2 236 226 236 227 236 228 236 229 236 230 235 230 234 230 233 230 232 230 232 229 232 228
1198 5632 1141 4981.2 236 222 236 223 236 224
1199 5645 1141 4981.2 236 225 236 224
1200 5649 1143 1.99283e+08 274 188 274 187 273 187
1201 5639 1143 1.99283e+08 273 186 273 187
1202 5646 1145 5168.75 283 178 282 178
1203 5634 1145 5168.75 281 177 282 177 282 178
1204 5613 1146 3.9768e+06 276 152 277 152 278 152 279 152 280 152 281 152 281 153 282 153 283 153 283 154 284 154 285 154 285 155 286 155 287 155
1205 5643 1146 3.9768e+06 287 156 287 155
1206 5480 1147 1.30221e+08 188 239 188 240 189 240 189 241 189 242 190 242 190 243 190 244 191 244 191 245 192 245 192 246 193 246 193 247 193 248 194 248 194 249 195 249 195 250 196 250 196 251 197 251 197 252 198 252 198 253 199 253 200 253 200 254 201 254 201 255 202 255 202 256 203 256 203 257 204 257
1207 5651 1147 1.30221e+08 205 258 204 258 204 257
1208 5643 1149 3.9768e+06 287 155 287 156 288 156 289 156
1209 5642 1149 3.9768e+06 290 158 289 158 289 157 289 156
1210 5645 1150 4981.2 236 224 236 225 236 226
1211 5653 1150 4981.2 236 227 236 226
1212 5642 1153 3.9768e+06 289 158 290 158 291 158 291 157
1213 5630 1153 5962.5 293 164 293 163 293 162 293 161 293 160 293 159 293 158 292 158 291 158 291 157
1214 5676 1153 3.9768e+06 299 160 298 160 298 159 297 159 296 159 296 158 295 158 294 158 293 158 292 158 291 158 291 157
1215 5661 1154 1.30221e+08 207 259 206 259 206 258 205 258
1216 5651 1154 1.30221e+08 204 258 205 258
1217 5680 1155 1.99283e+08 278 190 278 189 277 189 276 189 276 188 275 188
1218 5681 1155 12950 281 187 280 187 279 187 278 187 277 187 276 187 276 188 275 188
1219 5649 1155 1.99283e+08 274 187 274 188 275 188
1220 5710 1155 7081.25 274 199 274 198 274 197 274 196 274 195 274 194 275 194 275 193 275 192 275 191 275 190 275 189 275 188
1221 5666 1160 5168.75 286 180 285 180 284 180
1222 5646 1160 5168.75 282 178 283 178 283 179 284 179 284 180
1223 5661 1163 1.30221e+08 206 259 207 259
1224 5677 1163 1.30221e+08 208 260 207 260 207 259
1225 5666 1171 5168.75 285 180 286 180 286 181
1226 5682 1171 5168.75 286 182 286 181
1227 5684 1173 3.9768e+06 301 162 301 161 300 161
1228 5685 1173 3.9768e+06 300 160 300 161
1229 5685 1174 3.9768e+06 300 161 300 160 299 160
1230 5676 1174 3.9768e+06 298 160 299 160
1231 5677 1175 1.30221e+08 207 260 208 260
1232 5693 1175 1.30221e+08 208 262 208 261 208 260
1233 5678 1176 inf 236 231 237 231
1234 5686 1176 inf 237 232 237 231
1235 5696 1179 1.99283e+08 280 190 279 190 278 190
1236 5680 1179 1.99283e+08 278 189 278 190
1237 5740 1180 12950 288 189 287 189 286 189 285 189 284 189 283 189 283 188 282 188 282 187 281 187
1238 5681 1180 12950 280 187 281 187
1239 5699 1181 7137.48 289 181 289 180 288 180
1240 5698 1181 7137.48 288 182 288 181 288 180
1241 5682 1182 5168.75 286 181 286 182 287 182
1242 5697 1182 5168.75 287 183 287 182
1243 5696 1184 1.99283e+08 279 190 280 190
1244 5717 1184 1.99283e+08 282 192 282 191 281 191 280 191 280 190
1245 5693 1185 1.30221e+08 208 261 208 262 209 262
1246 5727 1185 1.30221e+08 213 263 212 263 211 263 210 263 209 263 209 262
1247 5686 1186 inf 237 231 237 232 238 232 239 232
1248 5705 1186 inf 239 233 239 232
1249 5698 1190 7137.48 288 181 288 182 288 183
1250 5697 1190 5168.75 287 182 287 183 288 183
1251 5714 1190 7137.48 289 184 288 184 288 183
1252 5718 1191 7137.48 292 182 291 182 291 181 290 181
1253 5699 1191 7137.48 289 180 289 181 290 181
1254 5722 1193 inf 242 232 242 233 241 233 240 233
1255 5705 1193 inf 239 232 239 233 240 233
1256 5710 1195 7081.25 274 198 274 199
1257 5866 1195 7081.25 272 226 272 225 272 224 272 223 272 222 272 221 272 220 272 219 272 218 273 218 273 217 273 216 273 215 273 214 273 213 273 212 273 211 273 210 273 209 273 208 273 207 273 206 273 205 274 205 274 204 274 203 274 202 274 201 274 200 274 199
1258 5714 1197 7137.48 288 184 289 184
1259 5713 1197 7137.48 287 185 288 185 289 185 289 184
1260 5684 1198 3.9768e+06 301 161 301 162 302 162 302 163 302 164 302 165 303 165 303 166 304 166 305 166 305 167 306 167
1261 5720 1198 3.9768e+06 307 167 306 167
1262 5717 1200 1.99283e+08 282 191 282 192
1263 5732 1200 1.99283e+08 282 194 282 193 282 192
1264 5724 1201 7137.48 288 187 287 187
1265 5713 1201 7137.48 288 185 287 185 287 186 287 187
1266 5743 1202 7137.48 294 183 294 182 293 182 292 182
1267 5630 1202 5962.5 293 163 293 164 293 165 293 166 293 167 293 168 293 169 293 170 293 171 293 172 293 173 293 174 293 175 293 176 293 177 293 178 293 179 293 180 293 181 293 182 292 182
1268 5718 1202 7137.48 291 182 292 182
1269 5735 1204 inf 244 233 244 232 243 232
1270 5722 1204 inf 242 233 242 232 243 232
1271 5720 1206 3.9768e+06 306 167 307 167 307 168
1272 5751 1206 3.9768e+06 309 169 308 169 308 168 307 168
1273 5738 1208 1.99283e+08 283 194 282 194
1274 5732 1208 1.99283e+08 282 193 282 194
1275 5724 1209 7137.48 287 187 288 187 288 188
1276 5740 1209 12950 287 189 288 189 288 188
1277 5749 1209 12950 289 189 288 189 288 188
1278 5756 1216 7137.48 295 184 295 183 294 183
1279 5743 1216 7137.48 294 182 294 183
1280 5735 1217 inf 244 232 244 233 245 233
1281 5759 1217 inf 245 235 245 234 245 233
1282 5773 1220 1.99283e+08 286 196 286 195 285 195 284 195 283 195
1283 5738 1220 1.99283e+08 282 194 283 194 283 195
1284 5751 1221 3.9768e+06 308 169 309 169
1285 5776 1221 2968.75 307 174 308 174 309 174 310 174 310 173 310 172 310 171 310 170 310 169 309 169
1286 5769 1221 3.9768e+06 311 170 310 170 310 169 309 169
1287 5767 1224 7137.48 296 185 296 184 295 184
1288 5756 1224 7137.48 295 183 295 184
1289 5769 1231 3.9768e+06 310 170 311 170
1290 5803 1231 3.9768e+06 314 172 313 172 313 171 312 171 312 170 311 170
1291 5759 1233 inf 245 234 245 235 245 236 246 236
1292 5778 1233 inf 246 237 246 236
1293 5816 1235 5.88317e+06 285 202 286 202 286 201 287 201 287 200 287 199 287 198 287 197 287 196 286 196
1294 5787 1235 1.99283e+08 288 196 287 196 286 196
1295 5773 1235 1.99283e+08 286 195 286 196
1296 5767 1237 7137.48 296 184 296 185 297 185
1297 5789 1237 7137.48 297 187 297 186 297 185
1298 5783 1238 12950 293 189 293 190
1299 5749 1238 12950 288 189 289 189 290 189 291 189 292 189 292 190 293 190
1300 5791 1239 inf 247 238 246 238
1301 5778 1239 inf 246 236 246 237 246 238
1302 5798 1242 12950 296 189 295 189
1303 5783 1242 12950 293 190 293 189 294 189 295 189
1304 5796 1244 1.99283e+08 289 195 289 196
1305 5787 1244 1.99283e+08 287 196 288 196 289 196
1306 5811 1245 1.30221e+08 221 267 221 266 220 266
1307 5727 1245 1.30221e+08 212 263 213 263 214 263 215 263 215 264 216 264 216 265 217 265 218 265 218 266 219 266 220 266
1308 5791 1247 inf 246 238 247 238 248 238
1309 5812 1247 inf 249 239 248 239 248 238
1310 5803 1251 3.9768e+06 313 172 314 172
1311 5823 1251 3.9768e+06 316 173 315 173 315 172 314 172
1312 5816 1253 5.88317e+06 286 202 285 202
1313 5819 1253 5.88317e+06 283 206 283 205 283 204 284 204 284 203 284 202 285 202
1314 5812 1256 inf 248 239 249 239
1315 5824 1256 inf 250 240 249 240 249 239
1316 5839 1259 5637.51 299 193 299 192 299 191 299 190 298 190
1317 5854 1259 12950 302 193 302 192 302 191 301 191 300 191 300 190 299 190 298 190
1318 5847 1259 2968.75 303 190 303 191 302 191 301 191 300 191 300 190 299 190 298 190
1319 5789 1259 7137.48 297 186 297 187 297 188 297 189 298 189 298 190
1320 5798 1259 12950 295 189 296 189 297 189 298 189 298 190
1321 5829 1260 1.30221e+08 223 268 223 267 222 267
1322 5811 1260 1.30221e+08 221 266 221 267 222 267
1323 5819 1261 5.88317e+06 283 205 283 206
1324 5902 1261 5.88317e+06 282 221 282 220 282 219 282 218 282 217 282 216 282 215 282 214 282 213 282 212 282 211 282 210 282 209 282 208 282 207 282 206 283 206
1325 5821 1262 5637.51 294 194 294 195
1326 5796 1262 1.99283e+08 289 196 289 195 290 195 291 195 292 195 293 195 294 195
1327 5837 1262 1.99283e+08 295 197 294 197 294 196 294 195
1328 5823 1263 3.9768e+06 315 173 316 173
1329 5848 1263 3.9768e+06 319 175 318 175 318 174 317 174 317 173 316 173
1330 5824 1265 inf 249 240 250 240
1331 5833 1265 inf 250 242 250 241 250 240
1332 5838 1267 5637.51 298 194 297 194 296 194
1333 5821 1267 5637.51 294 195 294 194 295 194 296 194
1334 5856 1268 3.58703e+06 226 270 226 269 225 269 224 269 224 268 223 268
1335 5832 1268 1.30221e+08 228 264 227 264 226 264 226 265 226 266 226 267 225 267 224 267 224 268 223 268
1336 5829 1268 1.30221e+08 223 267 223 268
1337 5845 1272 inf 251 243 251 242 250 242
1338 5833 1272 inf 250 241 250 242
1339 5837 1273 1.99283e+08 294 197 295 197
1340 5844 1273 1.99283e+08 295 198 295 197
1341 5776 1276 2968.75 308 174 307 174 307 175 307 176 307 177 307 178 307 179 307 180 307 181 307 182 307 183 307 184 307 185 307 186 307 187 307 188 307 189 306 189 305 189 304 189 304 190 303 190
1342 5847 1276 2968.75 303 191 303 190
1343 5849 1277 1.30221e+08 232 263 231 263
1344 5832 1277 1.30221e+08 227 264 228 264 229 264 229 263 230 263 231 263
1345 5850 1278 1.30221e+08 233 261 233 262 232 262
1346 5849 1278 1.30221e+08 231 263 232 263 232 262
1347 5839 1279 5637.51 299 192 299 193 299 194 299 195
1348 5838 1279 5637.51 297 194 298 194 299 194 299 195
1349 5848 1280 3.9768e+06 318 175 319 175
1350 5871 1280 3.9768e+06 319 179 319 178 319 177 319 176 319 175
1351 5857 1281 1.30221e+08 235 260 235 261 234 261
1352 5850 1281 1.30221e+08 233 262 233 261 234 261
1353 5860 1283 inf 253 244 253 243 252 243
1354 5845 1283 inf 251 242 251 243 252 243
1355 5844 1286 1.99283e+08 295 197 295 198 296 198 297 198
1356 5868 1286 1.99283e+08 298 200 298 199 297 199 297 198
1357 5892 1287 3.58703e+06 230 272 230 271 229 271 228 271 227 271 227 270 226 270
1358 5856 1287 3.58703e+06 226 269 226 270
1359 5872 1288 1.30221e+08 239 259 239 260 238 260 237 260 236 260
1360 5857 1288 1.30221e+08 235 261 235 260 236 260
1361 5854 1289 12950 302 192 302 193 303 193
1362 5870 1289 12950 303 195 303 194 303 193
1363 5865 1290 inf 254 244 253 244
1364 5860 1290 inf 253 243 253 244
1365 5866 1295 7081.25 272 225 272 226
1366 5882 1295 7081.25 273 227 272 227 272 226
1367 5868 1296 1.99283e+08 298 199 298 200
1368 5904 1296 1.99283e+08 302 201 301 201 300 201 299 201 298 201 298 200
1369 5870 1298 12950 303 194 303 195 304 195
1370 5888 1298 12950 305 196 304 196 304 195
1371 5882 1302 7081.25 272 227 273 227
1372 5954 1302 7081.25 273 238 273 237 274 237 274 236 274 235 274 234 274 233 274 232 274 231 274 230 274 229 274 228 273 228 273 227
1373 5888 1308 12950 304 196 305 196
1374 5905 1308 12950 306 197 305 197 305 196
1375 5911 1311 3.58703e+06 232 273 231 273 231 272 230 272
1376 5892 1311 3.58703e+06 230 271 230 272
1377 5865 1312 inf 253 244 254 244 254 245 255 245 255 246 256 246
1378 5900 1312 inf 256 247 256 246
1379 5902 1313 5.88317e+06 282 220 282 221
1380 5932 1313 5.88317e+06 283 225 283 224 282 224 282 223 282 222 282 221
1381 5910 1316 1.99283e+08 303 201 302 201
1382 5904 1316 1.99283e+08 301 201 302 201
1383 5915 1317 12950 307 198 307 197 306 197
1384 5905 1317 12950 305 197 306 197
1385 5921 1319 inf 259 248 258 248 258 247 257 247
1386 5900 1319 inf 256 246 256 247 257 247
1387 5929 1319 6087.48 258 250 257 250 257 249 257 248 257 247
1388 5993 1322 3.58703e+06 240 277 240 276 239 276 239 275 238 275 237 275 236 275 236 274 235 274 234 274 234 273 233 273 232 273
1389 5911 1322 3.58703e+06 231 273 232 273
1390 5945 1324 12950 310 199 309 199 309 198 308 198 307 198
1391 5915 1324 12950 307 197 307 198
1392 5926 1327 1.99283e+08 305 202 304 202
1393 5910 1327 1.99283e+08 302 201 303 201 303 202 304 202
1394 5950 1327 8450 302 208 302 207 302 206 302 205 302 204 302 203 302 202 303 202 304 202
1395 5938 1328 inf 260 249 260 248 259 248
1396 5921 1328 inf 258 248 259 248
1397 5926 1331 1.99283e+08 304 202 305 202 305 201 306 201
1398 5936 1331 1.99283e+08 305 203 305 202 305 201 306 201
1399 5929 1333 6087.48 257 250 258 250
1400 5946 1333 6087.48 259 251 258 251 258 250
1401 5871 1337 3.9768e+06 319 178 319 179 320 179 321 179 321 180 322 180 322 181 323 181 324 181 324 182 325 182 326 182
1402 5958 1337 3.9768e+06 327 184 326 184 326 183 326 182
1403 5953 1338 inf 261 250 261 249 260 249
1404 5938 1338 inf 260 248 260 249
1405 5932 1339 5.88317e+06 283 224 283 225 284 225
1406 5962 1339 5.88317e+06 285 227 284 227 284 226 284 225
1407 5945 1341 12950 309 199 310 199
1408 5951 1341 12950 310 200 310 199
1409 5946 1342 6087.48 258 251 259 251
1410 5960 1342 6087.48 260 252 259 252 259 251
1411 5950 1348 8450 302 207 302 208 303 208
1412 5970 1348 8450 304 209 303 209 303 208
1413 5965 1349 1.99283e+08 309 203 308 203
1414 5936 1349 1.99283e+08 305 202 305 203 306 203 307 203 308 203
1415 5951 1350 12950 310 199 310 200 311 200
1416 5957 1350 12950 310 201 310 200 311 200
1417 5960 1353 6087.48 259 252 260 252
1418 5967 1353 6087.48 260 253 260 252
1419 5953 1354 inf 261 249 261 250 262 250
1420 5973 1354 inf 263 251 262 251 262 250
1421 5962 1357 5.88317e+06 284 227 285 227
1422 5996 1357 5.88317e+06 286 231 286 230 285 230 285 229 285 228 285 227
1423 5958 1358 3.9768e+06 326 184 327 184 328 184
1424 5977 1358 3.9768e+06 329 185 328 185 328 184
1425 5872 1360 1.30221e+08 239 260 239 259 240 259 241 259 242 259 243 259 244 259 245 259 246 259 247 259 248 259 249 259 249 258 250 258 251 258 252 258 253 258 253 257 253 256 254 256 255 256 256 256 257 256 258 256
1426 5985 1360 1.30221e+08 259 257 258 257 258 256
1427 5967 1361 6087.48 260 252 260 253 261 253
1428 5978 1361 6087.48 261 254 261 253
1429 5989 1364 8450 305 211 305 210 304 210
1430 5970 1364 8450 303 209 304 209 304 210
1431 5991 1365 1.99283e+08 311 205 311 204 310 204
1432 5957 1365 12950 310 200 310 201 310 202 310 203 310 204
1433 5965 1365 1.99283e+08 308 203 309 203 310 203 310 204
1434 5977 1366 3.9768e+06 328 185 329 185
1435 5992 1366 3.9768e+06 330 186 329 186 329 185
1436 5994 1367 1.30221e+08 262 254 263 254 264 254 264 253 264 252 263 252
1437 6007 1367 inf 265 254 264 254 264 253 264 252 263 252
1438 5973 1367 inf 262 251 263 251 263 252
1439 5994 1370 1.30221e+08 263 254 262 254
1440 5978 1370 6087.48 261 253 261 254 262 254
1441 5999 1370 1.30221e+08 260 258 260 257 261 257 261 256 261 255 262 255 262 254
1442 5991 1374 1.99283e+08 311 204 311 205 312 205
1443 6011 1374 1.99283e+08 313 206 312 206 312 205
1444 5992 1375 3.9768e+06 329 186 330 186 331 186
1445 6043 1375 3.9768e+06 334 188 333 188 333 187 332 187 331 187 331 186
1446 6015 1376 3.58703e+06 241 279 241 278 240 278
1447 5993 1376 3.58703e+06 240 276 240 277 240 278
1448 5999 1377 1.30221e+08 260 257 260 258
1449 5985 1377 1.30221e+08 258 257 259 257 259 258 260 258
1450 5996 1379 5.88317e+06 286 230 286 231 286 232
1451 6009 1379 5.88317e+06 286 233 286 232
1452 6023 1380 8450 308 212 307 212 306 212
1453 5989 1380 8450 305 210 305 211 306 211 306 212
1454 6018 1382 inf 266 254 265 254
1455 6007 1382 inf 264 254 265 254
1456 6028 1383 inf 268 253 267 253 266 253
1457 6018 1383 inf 265 254 266 254 266 253
1458 6045 1392 7081.25 274 249 274 248 273 248
1459 5954 1392 7081.25 273 237 273 238 273 239 273 240 273 241 273 242 273 243 273 244 273 245 273 246 273 247 273 248
1460 6039 1394 8450 309 213 308 213
1461 6023 1394 8450 307 212 308 212 308 213
1462 6043 1399 3.9768e+06 333 188 334 188
1463 6073 1399 3.9768e+06 335 192 335 191 334 191 334 190 334 189 334 188
1464 6055 1403 3.58703e+06 246 279 245 279
1465 6015 1403 3.58703e+06 241 278 241 279 242 279 243 279 244 279 245 279
1466 6067 1406 7081.25 276 250 276 249 275 249
1467 6045 1406 7081.25 274 248 274 249 275 249
1468 6068 1407 12762.5 311 215 311 214 310 214
1469 6039 1407 8450 308 213 309 213 309 214 310 214
1470 6061 1407 12762.5 309 216 309 215 309 214 310 214
1471 6061 1410 12762.5 309 215 309 216
1472 6277 1410 12762.5 315 258 315 257 315 256 315 255 315 254 315 253 315 252 315 251 315 250 315 249 315 248 315 247 315 246 315 245 315 244 315 243 314 243 314 242 313 242 313 241 312 241 312 240 312 239 312 238 311 238 310 238 310 237 309 237 309 236 309 235 309 234 309 233 309 232 309 231 309 230 309 229 309 228 309 227 309 226 309 225 309 224 309 223 309 222 309 221 309 220 309 219 309 218 309 217 309 216
1473 6076 1412 inf 273 255 273 254 272 254
1474 6028 1412 inf 267 253 268 253 269 253 270 253 271 253 271 254 272 254
1475 6011 1413 1.99283e+08 312 206 313 206 314 206 315 206 315 207 316 207 317 207 317 208 318 208
1476 6072 1413 1.99283e+08 318 209 318 208
1477 6085 1416 7081.25 278 251 278 250 277 250
1478 6067 1416 7081.25 276 249 276 250 277 250
1479 6086 1418 12762.5 313 216 313 215 312 215
1480 6068 1418 12762.5 311 214 311 215 312 215
1481 6103 1420 3.9768e+06 337 195 337 194 337 193 336 193 336 192 335 192
1482 6073 1420 3.9768e+06 335 191 335 192
1483 6094 1427 inf 275 256 275 255 274 255
1484 6076 1427 inf 273 254 273 255 274 255
1485 6090 1428 7081.25 279 251 278 251
1486 6085 1428 7081.25 278 250 278 251
1487 6009 1429 5.88317e+06 286 232 286 233 287 233 288 233 289 233 289 234 290 234 290 235 290 236 290 237 291 237 291 238
1488 6091 1429 5.88317e+06 291 239 291 238
1489 6101 1431 12762.5 316 216 315 216 314 216
1490 6086 1431 12762.5 313 215 313 216 314 216
1491 6100 1435 7081.25 280 252 279 252
1492 6090 1435 7081.25 278 251 279 251 279 252
1493 6109 1436 1.99283e+08 322 211 321 211 320 211
1494 6072 1436 1.99283e+08 318 208 318 209 319 209 319 210 320 210 320 211
1495 6122 1436 12762.5 319 217 319 216 320 216 320 215 320 214 320 213 320 212 320 211
1496 6108 1440 5.88317e+06 293 240 292 240
1497 6091 1440 5.88317e+06 291 238 291 239 292 239 292 240
1498 6132 1446 3.58703e+06 258 281 257 281 256 281 256 280 255 280 254 280
1499 6055 1446 3.58703e+06 245 279 246 279 247 279 248 279 248 280 249 280 250 280 251 280 252 280 253 280 254 280
1500 6108 1448 5.88317e+06 292 240 293 240 293 241
1501 6121 1448 5.88317e+06 294 242 293 242 293 241
1502 6122 1449 12762.5 319 216 319 217 318 217 317 217
1503 6101 1449 12762.5 315 216 316 216 316 217 317 217
1504 6116 1450 1.99283e+08 324 211 323 211
1505 6109 1450 1.99283e+08 321 211 322 211 323 211
1506 6124 1453 inf 280 257 280 256 279 256
1507 6100 1453 7081.25 279 252 280 252 280 253 280 254 280 255 280 256 279 256
1508 6094 1453 inf 275 255 275 256 276 256 277 256 278 256 279 256
1509 6121 1456 5.88317e+06 293 242 294 242 294 243
1510 6136 1456 5.88317e+06 295 244 294 244 294 243
1511 6134 1462 inf 282 257 281 257
1512 6124 1462 inf 280 256 280 257 281 257
1513 6183 1463 3.58703e+06 271 282 270 282 269 282 268 282 267 282 266 282 265 282 264 282 263 282 262 282 262 281 261 281 260 281 259 281 258 281
1514 6132 1463 3.58703e+06 257 281 258 281
1515 6136 1468 5.88317e+06 294 244 295 244 295 245
1516 6138 1468 5356.25 291 249 291 248 291 247 291 246 291 245 292 245 293 245 294 245 295 245
1517 6141 1468 5.88317e+06 295 246 295 245
1518 6146 1469 1.99283e+08 328 214 328 213 327 213
1519 6116 1469 1.99283e+08 323 211 324 211 324 212 325 212 326 212 327 212 327 213
1520 6148 1474 inf 284 259 283 259
1521 6134 1474 inf 281 257 282 257 282 258 283 258 283 259
1522 6141 1475 5.88317e+06 295 245 295 246 296 246
1523 6169 1475 5.88317e+06 299 250 298 250 298 249 298 248 297 248 297 247 296 247 296 246
1524 6146 1476 1.99283e+08 328 213 328 214
1525 6153 1476 1.99283e+08 329 215 328 215 328 214
1526 6155 1480 inf 285 260 284 260
1527 6148 1480 inf 283 259 284 259 284 260
1528 6103 1483 3.9768e+06 337 194 337 195 337 196 337 197 337 198 337 199 337 200 337 201 337 202 337 203 337 204 337 205 337 206 337 207 336 207 336 208 335 208 334 208 334 209 333 209 332 209 332 210 332 211 333 211
1529 6159 1483 3.9768e+06 333 212 333 211
1530 6155 1487 inf 284 260 285 260 285 261 286 261
1531 6167 1487 inf 287 262 286 262 286 261
1532 6173 1489 1.99283e+08 332 218 332 217 331 217
1533 6153 1489 1.99283e+08 328 215 329 215 329 216 330 216 330 217 331 217
1534 6169 1490 5.88317e+06 298 250 299 250
1535 6181 1490 5.88317e+06 300 252 300 251 299 251 299 250
1536 6167 1494 inf 286 262 287 262 288 262
1537 6176 1494 inf 288 263 288 262
1538 6185 1497 inf 290 263 289 263
1539 6176 1497 inf 288 262 288 263 289 263
1540 6181 1498 5.88317e+06 300 251 300 252
1541 6192 1498 5.88317e+06 301 253 300 253 300 252
1542 6186 1499 1.99283e+08 335 218 334 218
1543 6173 1499 1.99283e+08 332 217 332 218 333 218 334 218
1544 6187 1500 3.9768e+06 338 215 337 215
1545 6159 1500 3.9768e+06 333 211 333 212 333 213 333 214 334 214 335 214 335 215 336 215 337 215
1546 6194 1501 4500 344 210 343 210 342 210
1547 6189 1501 4500 342 211 342 210
1548 6183 1502 3.58703e+06 270 282 271 282 271 281 272 281
1549 6190 1502 3.58703e+06 272 282 272 281
1550 6192 1505 5.88317e+06 300 253 301 253
1551 6201 1505 5.88317e+06 302 254 301 254 301 253
1552 6203 1507 3.9768e+06 339 217 339 216 338 216
1553 6187 1507 3.9768e+06 337 215 338 215 338 216
1554 6204 1509 4500 345 211 344 211
1555 6194 1509 4500 343 210 344 210 344 211
1556 6138 1510 5356.25 291 248 291 249 290 249 290 250 290 251 290 252 290 253 290 254 290 255 290 256 290 257 290 258 290 259 290 260 290 261 290 262 290 263 290 264 291 264 292 264
1557 6185 1510 inf 289 263 290 263 290 264 291 264 292 264
1558 6205 1510 inf 292 265 292 264
1559 6201 1511 5.88317e+06 301 254 302 254
1560 6207 1511 5.88317e+06 303 255 302 255 302 254
1561 6209 1512 1.99283e+08 340 218 339 218 338 218
1562 6203 1512 3.9768e+06 339 216 339 217 339 218 338 218
1563 6206 1512 1.99283e+08 338 219 338 218
1564 6206 1515 1.99283e+08 338 218 338 219 337 219 337 220
1565 6186 1515 1.99283e+08 334 218 335 218 335 219 336 219 337 219 337 220
1566 6218 1516 inf 294 266 294 265 293 265
1567 6219 1516 3006.22 297 263 296 263 295 263 294 263 294 264 294 265 293 265
1568 6205 1516 inf 292 264 292 265 293 265
1569 6207 1517 5.88317e+06 302 255 303 255
1570 6220 1517 5.88317e+06 304 256 303 256 303 255
1571 6226 1521 3.58703e+06 281 281 280 281 279 281
1572 6190 1521 3.58703e+06 272 281 272 282 273 282 274 282 275 282 276 282 277 282 278 282 279 282 279 281
1573 6235 1522 inf 296 267 295 267 295 266 294 266
1574 6218 1522 inf 294 265 294 266
1575 6220 1523 5.88317e+06 303 256 304 256
1576 6229 1523 5.88317e+06 303 258 304 258 304 257 304 256
1577 6236 1526 1.99283e+08 343 220 343 219 342 219 341 219
1578 6224 1526 14675 343 218 342 218 342 219 341 219
1579 6209 1526 1.99283e+08 339 218 340 218 341 218 341 219
1580 6225 1527 4500 347 214 346 214
1581 6204 1527 4500 344 211 345 211 345 212 345 213 345 214 346 214
1582 6232 1528 3.58703e+06 285 278 285 277 285 276 286 276 286 275
1583 6233 1528 3.58703e+06 287 276 286 276 286 275
1584 6231 1530 14675 344 217 344 218 343 218
1585 6189 1530 4500 342 210 342 211 342 212 342 213 342 214 342 215 342 216 343 216 343 217 343 218
1586 6224 1530 14675 342 218 343 218
1587 6240 1531 14675 347 217 346 217 345 217 344 217
1588 6231 1531 14675 344 218 344 217
1589 6232 1532 3.58703e+06 285 277 285 278 284 278
1590 6226 1532 3.58703e+06 280 281 281 281 281 280 282 280 282 279 282 278 282 277 283 277 284 277 284 278
1591 6233 1533 3.58703e+06 286 276 287 276
1592 6241 1533 3.58703e+06 288 277 287 277 287 276
1593 6235 1536 inf 295 267 296 267
1594 6244 1536 inf 297 268 296 268 296 267
1595 6236 1537 1.99283e+08 343 219 343 220
1596 6239 1537 1.99283e+08 343 221 343 220
1597 6246 1539 3.58703e+06 289 277 288 277 288 278
1598 6241 1539 3.58703e+06 287 277 288 277 288 278
1599 6244 1541 inf 296 268 297 268 297 269
1600 6249 1541 inf 297 270 297 269
1601 6229 1542 5.88317e+06 304 258 303 258 303 259 303 260 303 261 303 262 303 263 303 264 303 265 302 265 301 265
1602 6219 1542 3006.22 296 263 297 263 298 263 298 264 299 264 300 264 300 265 301 265
1603 6250 1542 5.88317e+06 301 266 301 265
1604 6256 1544 1.99283e+08 347 221 347 222 346 222 345 222
1605 6239 1544 1.99283e+08 343 220 343 221 343 222 344 222 345 222
1606 6282 1544 5.68707e+07 341 232 342 232 343 232 343 231 343 230 343 229 343 228 343 227 343 226 343 225 343 224 343 223 343 222 344 222 345 222
1607 6249 1546 inf 297 269 297 270 298 270
1608 6254 1546 inf 298 271 298 270
1609 6250 1547 5.88317e+06 301 265 301 266 301 267
1610 6263 1547 5.88317e+06 302 269 302 268 301 268 301 267
1611 6263 1553 5.88317e+06 302 268 302 269
1612 6276 1553 5.88317e+06 303 270 302 270 302 269
1613 6272 1557 14675 353 219 352 219
1614 6225 1557 4500 346 214 347 214 347 215 347 216 348 216 348 217 349 217 350 217 350 218 350 219 351 219 352 219
1615 6240 1557 14675 346 217 347 217 348 217 349 217 350 217 350 218 350 219 351 219 352 219
1616 6279 1560 inf 300 274 299 274
1617 6254 1560 inf 298 270 298 271 298 272 298 273 298 274 299 274
1618 6282 1562 5.68707e+07 342 232 341 232
1619 6285 1562 5.68707e+07 341 234 341 233 341 232
1620 6297 1564 1.99283e+08 358 221 357 221 357 220 356 220 355 220 354 220 354 221 353 221
1621 6272 1564 14675 352 219 353 219 354 219 354 220 354 221 353 221
1622 6256 1564 1.99283e+08 347 222 347 221 348 221 349 221 350 221 351 221 352 221 353 221
1623 6279 1567 inf 299 274 300 274 300 275 300 276 301 276
1624 6246 1567 3.58703e+06 288 277 289 277 290 277 291 277 292 277 293 277 294 277 295 277 296 277 296 276 296 275 297 275 298 275 299 275 300 275 300 276 301 276
1625 6292 1567 inf 301 277 301 276
1626 6300 1572 5.68707e+07 343 237 342 237
1627 6285 1572 5.68707e+07 341 233 341 234 341 235 341 236 342 236 342 237
1628 6303 1575 1.99283e+08 360 222 359 222 359 221 358 221
1629 6297 1575 1.99283e+08 357 221 358 221
1630 6300 1579 5.68707e+07 342 237 343 237 343 238
1631 6302 1579 5.68707e+07 343 239 343 238
1632 6307 1580 1.99283e+08 362 223 361 223 361 222 360 222
1633 6303 1580 1.99283e+08 359 222 360 222
1634 6306 1583 inf 310 275 309 275
1635 6276 1583 5.88317e+06 302 270 303 270 303 271 304 271 305 271 306 271 307 271 307 272 307 273 307 274 307 275 308 275 309 275
1636 6292 1583 inf 301 276 301 277 302 277 303 277 304 277 305 277 305 276 306 276 306 275 307 275 308 275 309 275
1637 6307 1584 1.99283e+08 361 223 362 223
1638 6310 1584 1.99283e+08 363 224 362 224 362 223
1639 6302 1585 5.68707e+07 343 238 343 239 344 239 344 240 344 241 345 241
1640 6312 1585 5.68707e+07 345 243 345 242 345 241
1641 6310 1587 1.99283e+08 362 224 363 224
1642 6318 1587 1.99283e+08 364 226 364 225 363 225 363 224
1643 6319 1588 inf 311 280 310 280 310 279 309 279
1644 6306 1588 inf 309 275 310 275 310 276 310 277 310 278 310 279 309 279
1645 6312 1590 5.68707e+07 345 242 345 243 346 243
1646 6315 1590 5.68707e+07 346 244 346 243
1647 6362 1592 1.99283e+08 382 235 381 235 381 234 380 234 380 233 380 232 379 232 378 232 378 231 377 231 376 231 376 230 375 230 375 229 374 229 373 229 372 229 371 229 370 229 369 229 368 229 368 228 368 227 367 227 366 227 365 227 365 226 364 226
1648 6367 1592 950850 392 227 391 227 390 227 389 227 389 228 389 229 388 229 387 229 386 229 385 229 384 229 384 230 384 231 383 231 382 231 381 231 380 231 379 231 378 231 377 231 376 231 376 230 375 230 375 229 374 229 373 229 372 229 371 229 370 229 369 229 368 229 368 228 368 227 367 227 366 227 365 227 365 226 364 226
1649 6318 1592 1.99283e+08 364 225 364 226
1650 6321 1594 5.68707e+07 347 245 346 245
1651 6315 1594 5.68707e+07 346 243 346 244 346 245
1652 6324 1596 inf 314 279 313 279 313 280
1653 6319 1596 inf 310 280 311 280 312 280 313 280
1654 6325 1597 inf 315 279 314 279
1655 6324 1597 inf 313 279 314 279
1656 6321 1598 5.68707e+07 346 245 347 245 347 246
1657 6326 1598 5.68707e+07 347 247 347 246
1658 6326 1599 5.68707e+07 347 246 347 247 348 247
1659 6327 1599 5.68707e+07 348 248 348 247
1660 6329 1601 inf 318 282 317 282
1661 6277 1601 12762.5 315 257 315 258 315 259 315 260 315 261 315 262 315 263 315 264 315 265 315 266 315 267 315 268 315 269 315 270 315 271 315 272 315 273 315 274 315 275 315 276 315 277 315 278 315 279 315 280 315 281 316 281 316 282 317 282
1662 6325 1601 inf 314 279 315 279 315 280 315 281 316 281 316 282 317 282
1663 6330 1602 5.68707e+07 351 249 350 249
1664 6327 1602 5.68707e+07 348 247 348 248 349 248 349 249 350 249
1665 6330 1603 5.68707e+07 350 249 351 249 351 250
1666 6331 1603 5.68707e+07 351 251 351 250
1667 6331 1604 5.68707e+07 351 250 351 251 352 251
1668 6332 1604 5.68707e+07 352 252 352 251
1669 6334 1605 5.68707e+07 354 252 353 252
1670 6332 1605 5.68707e+07 352 251 352 252 353 252
1671 6329 1607 inf 317 282 318 282 318 283 319 283 320 283 320 284 321 284 321 285 322 285
1672 6337 1607 inf 322 286 322 285
1673 6334 1608 5.68707e+07 353 252 354 252 354 253
1674 6338 1608 5.68707e+07 354 254 354 253
1675 6347 1611 inf 324 287 324 286 323 286
1676 6337 1611 inf 322 285 322 286 323 286
1677 6338 1612 5.68707e+07 354 253 354 254 355 254
1678 6342 1612 5.68707e+07 355 255 355 254
1679 6353 1619 inf 326 288 326 287 325 287
1680 6347 1619 inf 324 286 324 287 325 287
1681 6355 1622 5.68707e+07 358 257 357 257
1682 6342 1622 5.68707e+07 355 254 355 255 356 255 356 256 357 256 357 257
1683 6368 1624 inf 331 289 330 289 329 289 328 289 328 288 327 288
1684 6353 1624 inf 326 287 326 288 327 288
1685 6362 1627 1.99283e+08 381 235 382 235
1686 6365 1627 1.99283e+08 383 236 382 236 382 235
1687 6365 1630 1.99283e+08 382 236 383 236
1688 6376 1630 1.99283e+08 383 238 383 237 383 236
1689 6370 1632 950850 394 225 394 226 393 226 393 227 392 227
1690 6367 1632 950850 391 227 392 227
1691 6378 1633 950850 395 226 395 225 394 225
1692 6370 1633 950850 394 226 394 225
1693 6399 1635 inf 335 290 334 290 333 290 333 289 332 289 331 289
1694 6368 1635 inf 330 289 331 289
1695 6381 1639 1.99283e+08 383 239 382 239
1696 6376 1639 1.99283e+08 383 237 383 238 382 238 382 239
1697 6378 1642 950850 395 225 395 226
1698 6383 1642 950850 395 227 395 226
1699 6381 1647 1.99283e+08 382 239 383 239 383 240
1700 6393 1647 1.99283e+08 383 241 383 240
1701 6400 1651 5.68707e+07 362 263 361 263
1702 6355 1651 5.68707e+07 357 257 358 257 358 258 358 259 359 259 359 260 360 260 360 261 360 262 361 262 361 263
1703 6408 1652 3525 397 229 397 228 396 228
1704 6396 1652 950850 399 225 398 225 397 225 396 225 396 226 396 227 396 228
1705 6383 1652 950850 395 226 395 227 396 227 396 228
1706 6399 1654 inf 334 290 335 290
1707 6406 1654 inf 335 291 335 290
1708 6409 1659 950850 401 225 400 225
1709 6396 1659 950850 398 225 399 225 400 225
1710 6414 1661 5.68707e+07 363 264 362 264
1711 6400 1661 5.68707e+07 361 263 362 263 362 264
1712 6420 1662 3525 398 230 398 229 397 229
1713 6408 1662 3525 397 228 397 229
1714 6428 1667 950850 403 226 403 225 402 225
1715 6409 1667 950850 400 225 401 225 402 225
1716 6425 1669 5.68707e+07 364 265 363 265
1717 6414 1669 5.68707e+07 362 264 363 264 363 265
1718 6434 1670 3525 400 231 399 231 399 230 398 230
1719 6420 1670 3525 398 229 398 230
1720 6431 1672 inf 339 292 338 292
1721 6406 1672 inf 335 290 335 291 336 291 336 292 337 292 338 292
1722 6435 1673 5.68707e+07 365 267 365 266 364 266
1723 6425 1673 5.68707e+07 363 265 364 265 364 266
1724 6393 1674 1.99283e+08 383 240 383 241 384 241 384 242 384 243 385 243 385 244 386 244
1725 6444 1674 1.99283e+08 387 246 387 245 386 245 386 244
1726 6439 1676 950850 406 226 405 226 404 226
1727 6428 1676 950850 403 225 403 226 404 226
1728 6437 1677 3525 401 231 400 231
1729 6434 1677 3525 399 231 400 231
1730 6451 1678 5.68707e+07 366 268 366 267 365 267
1731 6435 1678 5.68707e+07 365 266 365 267
1732 6449 1682 inf 341 293 340 293
1733 6431 1682 inf 338 292 339 292 339 293 340 293
1734 6462 1684 3525 404 232 403 232 402 232 401 232
1735 6437 1684 3525 400 231 401 231 401 232
1736 6456 1686 2762.5 360 275 359 275
1737 6450 1686 2762.5 357 277 357 276 358 276 358 275 359 275
1738 6459 1687 5.68707e+07 367 269 367 268 366 268
1739 6451 1687 5.68707e+07 366 267 366 268
1740 6457 1688 1.99283e+08 389 246 388 246
1741 6444 1688 1.99283e+08 387 245 387 246 388 246
1742 6454 1690 950850 407 227 406 227 406 228
1743 6439 1690 950850 405 226 406 226 406 227 406 228
1744 6464 1691 950850 409 227 408 227 407 227
1745 6454 1691 950850 406 227 407 227
1746 6470 1693 5.68707e+07 369 270 368 270 368 269 367 269
1747 6459 1693 5.68707e+07 367 268 367 269
1748 6456 1693 2762.5 359 275 360 275 361 275 361 274 362 274 363 274 364 274 365 274 366 274 367 274 367 273 367 272 367 271 367 270 367 269
1749 6467 1694 1.99283e+08 391 247 390 247 389 247
1750 6457 1694 1.99283e+08 388 246 389 246 389 247
1751 6469 1696 inf 345 294 344 294 343 294
1752 6449 1696 inf 340 293 341 293 341 294 342 294 343 294
1753 6509 1697 3525 409 237 409 236 409 235 409 234 409 233 408 233 407 233 406 233 406 232 405 232
1754 6462 1697 3525 403 232 404 232 405 232
1755 6492 1698 22256.3 416 227 415 227 414 227 413 227 413 226 412 226 411 226
1756 6493 1698 37662.5 417 226 416 226 415 226 414 226 413 226 412 226 411 226
1757 6569 1698 687856 430 227 429 227 428 227 428 226 428 225 428 224 427 224 426 224 425 224 424 224 424 223 423 223 422 223 421 223 420 223 419 223 418 223 418 224 418 225 417 225 416 225 415 225 414 225 413 225 413 226 412 226 411 226
1758 6625 1698 13081.2 446 222 446 221 446 220 445 220 444 220 443 220 442 220 441 220 440 220 439 220 438 220 437 220 437 221 436 221 435 221 434 221 433 221 432 221 431 221 430 221 429 221 428 221 428 222 428 223 427 223 426 223 425 223 424 223 423 223 422 223 421 223 420 223 419 223 418 223 418 224 418 225 417 225 416 225 415 225 414 225 413 225 413 226 412 226 411 226
1759 6526 1698 950850 435 215 434 215 434 216 433 216 433 217 432 217 432 218 432 219 432 220 432 221 431 221 430 221 429 221 428 221 428 222 428 223 427 223 426 223 425 223 424 223 423 223 422 223 421 223 420 223 419 223 418 223 418 224 418 225 417 225 416 225 415 225 414 225 413 225 413 226 412 226 411 226
1760 6480 1698 6506.26 428 211 428 212 428 213 428 214 428 215 428 216 428 217 428 218 428 219 428 220 428 221 428 222 428 223 427 223 426 223 425 223 424 223 423 223 422 223 421 223 420 223 419 223 418 223 418 224 418 225 417 225 416 225 415 225 414 225 413 225 413 226 412 226 411 226
1761 6464 1698 950850 408 227 409 227 409 226 410 226 411 226
1762 6489 1699 1.99283e+08 394 249 393 249 393 248 392 248 392 247 391 247
1763 6467 1699 1.99283e+08 390 247 391 247
1764 6470 1702 5.68707e+07 368 270 369 270
1765 6477 1702 5.68707e+07 370 271 369 271 369 270
1766 6488 1706 inf 348 295 347 295 346 295
1767 6469 1706 inf 344 294 345 294 345 295 346 295
1768 6494 1707 5.68707e+07 372 272 371 272 371 271 370 271
1769 6477 1707 5.68707e+07 369 271 370 271
1770 6481 1709 6506.26 427 210 427 211 428 211
1771 6480 1709 6506.26 428 212 428 211
1772 6482 1710 6506.26 426 210 427 210
1773 6481 1710 6506.26 427 211 427 210
1774 6483 1711 6506.26 425 208 425 209 426 209
1775 6482 1711 6506.26 427 210 426 210 426 209
1776 6499 1714 6506.26 425 205 425 206 425 207
1777 6483 1714 6506.26 425 209 425 208 425 207
1778 6489 1715 1.99283e+08 393 249 394 249
1779 6501 1715 1.99283e+08 395 250 394 250 394 249
1780 6492 1717 22256.3 415 227 416 227
1781 6504 1717 22256.3 417 228 416 228 416 227
1782 6549 1718 37662.5 425 229 425 228 424 228 424 227 424 226 423 226 422 226 421 226 420 226 419 226 418 226 417 226
1783 6493 1718 37662.5 416 226 417 226
1784 6516 1719 inf 351 297 351 296 350 296 349 296 348 296
1785 6488 1719 inf 347 295 348 295 348 296
1786 6494 1721 5.68707e+07 371 272 372 272
1787 6507 1721 5.68707e+07 373 273 372 273 372 272
1788 6504 1726 22256.3 416 228 417 228
1789 6521 1726 22256.3 417 231 417 230 417 229 417 228
1790 6514 1727 6506.26 426 203 426 204 425 204
1791 6499 1727 6506.26 425 206 425 205 425 204
1792 6518 1728 5.68707e+07 374 274 374 273 373 273
1793 6507 1728 5.68707e+07 372 273 373 273
1794 6517 1730 2762.5 359 289 358 289
1795 6450 1730 2762.5 357 276 357 277 357 278 357 279 357 280 357 281 357 282 357 283 357 284 357 285 357 286 357 287 357 288 357 289 358 289
1796 6501 1731 1.99283e+08 394 250 395 250 396 250 397 250
1797 6519 1731 1.99283e+08 397 251 397 250
1798 6529 1735 5.68707e+07 376 275 375 275 375 274 374 274
1799 6518 1735 5.68707e+07 374 273 374 274
1800 6528 1736 6506.26 427 201 426 201 426 202
1801 6514 1736 6506.26 426 204 426 203 426 202
1802 6521 1738 22256.3 417 230 417 231 418 231
1803 6532 1738 22256.3 418 233 418 232 418 231
1804 6527 1739 950850 436 213 436 214 435 214
1805 6526 1739 950850 434 215 435 215 435 214
1806 6522 1740 950850 437 212 436 212 436 213
1807 6527 1740 950850 436 214 436 213
1808 6540 1741 950850 438 210 438 211 437 211 437 212
1809 6522 1741 950850 436 212 437 212
1810 6541 1742 inf 355 298 355 297 354 297 353 297
1811 6516 1742 inf 351 296 351 297 352 297 353 297
1812 6517 1743 2762.5 358 289 359 289 359 290 360 290
1813 6523 1743 2762.5 359 291 359 290 360 290
1814 6519 1744 1.99283e+08 397 250 397 251 398 251 399 251
1815 6535 1744 1.99283e+08 400 252 399 252 399 251
1816 6546 1746 5.68707e+07 378 276 377 276 377 275 376 275
1817 6529 1746 5.68707e+07 375 275 376 275
1818 6528 1747 6506.26 426 201 427 201 427 200
1819 6545 1747 6506.26 428 199 428 200 427 200
1820 6562 1748 22256.3 421 235 421 234 420 234 419 234 418 234
1821 6532 1748 22256.3 418 232 418 233 418 234
1822 6544 1750 950850 439 210 438 210
1823 6540 1750 950850 438 211 438 210
1824 6565 1751 inf 360 296 360 297 359 297 358 297 357 297 357 298 356 298 355 298
1825 6523 1751 2762.5 359 290 359 291 359 292 359 293 359 294 359 295 359 296 359 297 358 297 357 297 357 298 356 298 355 298
1826 6541 1751 inf 355 297 355 298
1827 6617 1754 5.68707e+07 384 283 384 282 383 282 383 281 383 280 383 279 383 278 382 278 381 278 381 277 380 277 379 277 379 276 378 276
1828 6618 1754 70493.8 387 280 386 280 386 279 385 279 384 279 383 279 383 278 382 278 381 278 381 277 380 277 379 277 379 276 378 276
1829 6546 1754 5.68707e+07 377 276 378 276
1830 6557 1758 950850 439 208 439 209
1831 6544 1758 950850 438 210 439 210 439 209
1832 6545 1760 6506.26 428 200 428 199 428 198
1833 6564 1760 6506.26 429 197 429 198 428 198
1834 6535 1763 1.99283e+08 399 252 400 252 401 252 402 252 403 252 404 252
1835 6566 1763 1.99283e+08 404 253 404 252
1836 6653 1764 37662.5 442 234 441 234 440 234 440 233 439 233 438 233 437 233 436 233 435 233 434 233 434 232 433 232 432 232 431 232 430 232 429 232 429 231 428 231 427 231 427 230 426 230
1837 6549 1764 37662.5 425 228 425 229 426 229 426 230
1838 6573 1765 950850 441 207 440 207 440 208
1839 6557 1765 950850 439 209 439 208 440 208
1840 6509 1769 3525 409 236 409 237 409 238 409 239 410 239 410 240 411 240 412 240 413 240 413 241 414 241 415 241 416 241
1841 6572 1769 3525 416 242 416 241
1842 6564 1770 6506.26 429 198 429 197 429 196
1843 6577 1770 6506.26 430 195 430 196 429 196
1844 6565 1771 inf 360 297 360 296 361 296 362 296
1845 6574 1771 inf 362 297 362 296
1846 6576 1772 950850 441 206 441 207
1847 6573 1772 950850 440 207 441 207
1848 6580 1774 22256.3 425 235 424 235
1849 6562 1774 22256.3 421 234 421 235 422 235 423 235 424 235
1850 6584 1775 1.99283e+08 406 255 405 255
1851 6566 1775 1.99283e+08 404 252 404 253 404 254 404 255 405 255
1852 6612 1775 60312.5 402 263 402 262 402 261 402 260 402 259 402 258 402 257 402 256 403 256 404 256 405 256 405 255
1853 6590 1777 950850 442 205 442 206
1854 6576 1777 950850 441 207 441 206 442 206
1855 6577 1778 6506.26 430 196 430 195 430 194
1856 6598 1778 6506.26 431 193 431 194 430 194
1857 6582 1780 60312.5 392 268 392 269
1858 6593 1780 60312.5 392 270 392 269
1859 6594 1781 60312.5 394 268 393 268
1860 6582 1781 60312.5 392 269 392 268 393 268
1861 6595 1782 60312.5 395 267 394 267
1862 6594 1782 60312.5 393 268 394 268 394 267
1863 6583 1783 60312.5 395 265 395 266
1864 6595 1783 60312.5 394 267 395 267 395 266
1865 6601 1784 60312.5 398 265 397 265
1866 6583 1784 60312.5 395 266 395 265 396 265 397 265
1867 6605 1785 60312.5 400 264 399 264 398 264
1868 6601 1785 60312.5 397 265 398 265 398 264
1869 6604 1785 5337.5 398 266 398 265 398 264
1870 6603 1786 950850 444 205 443 205
1871 6590 1786 950850 442 206 442 205 443 205
1872 6598 1787 6506.26 431 194 431 193
1873 6610 1787 6506.26 432 192 432 193 431 193
1874 6634 1789 22256.3 432 238 431 238 430 238 429 238 429 237 429 236 428 236 427 236
1875 6580 1789 22256.3 424 235 425 235 425 236 426 236 427 236
1876 6608 1790 687856 436 228 435 228
1877 6569 1790 687856 429 227 430 227 431 227 432 227 433 227 433 228 434 228 435 228
1878 6604 1792 5337.5 398 265 398 266
1879 6633 1792 5337.5 402 268 401 268 400 268 399 268 399 267 398 267 398 266
1880 6606 1793 60312.5 400 263 400 264
1881 6605 1793 60312.5 399 264 400 264
1882 6612 1794 60312.5 402 262 402 263 401 263
1883 6606 1794 60312.5 400 264 400 263 401 263
1884 6610 1795 6506.26 432 193 432 192
1885 6613 1795 6506.26 433 192 432 192
1886 6593 1796 60312.5 392 269 392 270 392 271 393 271 393 272
1887 6619 1796 60312.5 393 274 393 273 393 272
1888 6616 1799 950850 445 203 445 204
1889 6603 1799 950850 443 205 444 205 444 204 445 204
1890 6613 1800 6506.26 432 192 433 192 433 191
1891 6626 1800 6506.26 435 191 434 191 433 191
1892 6628 1801 5.68707e+07 385 284 385 283 384 283
1893 6617 1801 5.68707e+07 384 282 384 283
1894 6638 1802 70493.8 390 281 389 281 389 280 388 280 387 280
1895 6618 1802 70493.8 386 280 387 280
1896 6574 1803 inf 362 296 362 297 363 297 364 297 365 297 365 298 366 298 367 298 368 298 369 298 370 298
1897 6627 1803 inf 370 299 370 298
1898 6632 1804 950850 448 203 447 203
1899 6616 1804 950850 445 204 445 203 446 203 447 203
1900 6679 1805 70493.8 416 267 416 266 417 266 417 265 417 264 417 263 417 262 417 261 417 260 417 259 417 258 417 257 417 256 416 256 415 256 414 256 413 256
1901 6652 1805 1.99283e+08 418 258 418 257 418 256 417 256 416 256 415 256 414 256 413 256
1902 6584 1805 1.99283e+08 405 255 406 255 407 255 408 255 409 255 410 255 411 255 412 255 413 255 413 256
1903 6635 1806 687856 441 229 440 229
1904 6608 1806 687856 435 228 436 228 436 229 437 229 438 229 439 229 440 229
1905 6626 1808 6506.26 434 191 435 191 435 190
1906 6640 1808 6506.26 437 190 436 190 435 190
1907 6628 1809 5.68707e+07 385 283 385 284 386 284
1908 6646 1809 5.68707e+07 388 286 388 285 387 285 386 285 386 284
1909 6634 1810 22256.3 431 238 432 238
1910 6641 1810 22256.3 432 240 432 239 432 238
1911 6648 1812 950850 451 201 451 202 450 202 449 202
1912 6678 1812 6506.26 449 191 449 192 449 193 449 194 449 195 449 196 449 197 449 198 449 199 449 200 449 201 449 202
1913 6632 1812 950850 447 203 448 203 448 202 449 202
1914 6651 1813 70493.8 394 282 393 282 393 281 392 281 391 281
1915 6619 1813 60312.5 393 273 393 274 393 275 393 276 393 277 393 278 393 279 393 280 393 281 392 281 391 281
1916 6638 1813 70493.8 389 281 390 281 391 281
1917 6650 1814 687856 447 228 446 228 446 229 445 229 444 229 443 229
1918 6635 1814 687856 440 229 441 229 442 229 443 229
1919 6640 1815 6506.26 436 190 437 190 437 189
1920 6654 1815 6506.26 441 189 440 189 439 189 438 189 437 189
1921 6657 1816 3525 433 244 432 244 431 244 430 244
1922 6572 1816 3525 416 241 416 242 417 242 418 242 418 243 419 243 420 243 421 243 422 243 423 243 424 243 425 243 426 243 427 243 427 244 428 244 429 244 430 244
1923 6655 1818 inf 376 301 376 300 375 300
1924 6627 1818 inf 370 298 370 299 371 299 372 299 373 299 373 300 374 300 375 300
1925 6646 1819 5.68707e+07 388 285 388 286 389 286
1926 6656 1819 5.68707e+07 390 287 389 287 389 286
1927 6658 1820 687856 450 227 449 227 449 228 448 228 447 228
1928 6625 1820 13081.2 446 221 446 222 446 223 446 224 447 224 447 225 447 226 447 227 447 228
1929 6650 1820 687856 446 228 447 228
1930 6756 1821 950850 471 201 470 201 469 201 468 201 467 201 466 201 465 201 464 201 463 201 462 201 461 201 460 201 459 201 458 201 457 201 456 201 455 201 454 201 453 201
1931 6648 1821 950850 451 202 451 201 452 201 453 201
1932 6661 1822 5.68707e+07 391 287 390 287
1933 6656 1822 5.68707e+07 389 287 390 287
1934 6702 1823 1.86649e+07 429 260 429 259 428 259 428 258 427 258 426 258 425 258 424 258 423 258 422 258 421 258 420 258 419 258
1935 6680 1823 1.99283e+08 430 252 430 253 429 253 429 254 429 255 429 256 429 257 429 258 428 258 427 258 426 258 425 258 424 258 423 258 422 258 421 258 420 258 419 258
1936 6652 1823 1.99283e+08 418 257 418 258 419 258
1937 6659 1824 687856 453 223 453 224
1938 6664 1824 687856 451 226 452 226 452 225 452 224 453 224
1939 6665 1825 687856 455 223 454 223
1940 6659 1825 687856 453 224 453 223 454 223
1941 6668 1826 687856 457 222 456 222 455 222
1942 6665 1826 687856 454 223 455 223 455 222
1943 6655 1827 inf 376 300 376 301 377 301
1944 6684 1827 inf 381 304 380 304 380 303 379 303 378 303 378 302 377 302 377 301
1945 6682 1828 70493.8 402 281 402 282 401 282 400 282 399 282 398 282 397 282 396 282
1946 6651 1828 70493.8 393 282 394 282 395 282 396 282
1947 6664 1829 687856 452 226 451 226 451 227
1948 6658 1829 687856 449 227 450 227 451 227
1949 6670 1830 687856 459 221 458 221 457 221
1950 6668 1830 687856 456 222 457 222 457 221
1951 6669 1831 1.99283e+08 431 249 430 249
1952 6680 1831 1.99283e+08 430 253 430 252 430 251 430 250 430 249
1953 6654 1834 6506.26 440 189 441 189 442 189 443 189 444 189
1954 6674 1834 6506.26 445 189 444 189
1955 6676 1835 1.99283e+08 433 248 432 248
1956 6669 1835 1.99283e+08 430 249 431 249 431 248 432 248
1957 6685 1838 1.99283e+08 442 243 441 243
1958 6641 1838 22256.3 432 239 432 240 432 241 432 242 432 243 433 243 434 243 435 243 436 243 436 244 437 244 438 244 439 244 440 244 441 244 441 243
1959 6657 1838 3525 432 244 433 244 433 243 434 243 435 243 436 243 436 244 437 244 438 244 439 244 440 244 441 244 441 243
1960 6676 1838 1.99283e+08 432 248 433 248 433 247 434 247 435 247 435 246 436 246 437 246 437 245 438 245 439 245 439 244 440 244 441 244 441 243
1961 6686 1839 1.99283e+08 443 242 442 242
1962 6685 1839 1.99283e+08 441 243 442 243 442 242
1963 6697 1840 inf 383 305 382 305 382 304 381 304
1964 6684 1840 inf 380 304 381 304
1965 6689 1841 1.99283e+08 445 240 445 241 444 241
1966 6653 1841 37662.5 441 234 442 234 442 235 443 235 444 235 444 236 444 237 444 238 444 239 444 240 444 241
1967 6686 1841 1.99283e+08 442 242 443 242 443 241 444 241
1968 6693 1842 1.99283e+08 447 240 446 240 445 240
1969 6689 1842 1.99283e+08 445 241 445 240
1970 6674 1843 6506.26 444 189 445 189 446 189 447 189 448 189 449 189 450 189
1971 6678 1843 6506.26 449 192 449 191 450 191 450 190 450 189
1972 6679 1844 70493.8 416 266 416 267 416 268 416 269 416 270 416 271 416 272 416 273 416 274 416 275 416 276 416 277 416 278 416 279 416 280 415 280 414 280 413 280 412 280 412 281 411 281 410 281 409 281 408 281 407 281 406 281 405 281
1973 6633 1844 5337.5 401 268 402 268 403 268 404 268 405 268 406 268 406 269 407 269 408 269 409 269 410 269 411 269 412 269 413 269 414 269 415 269 416 269 416 270 416 271 416 272 416 273 416 274 416 275 416 276 416 277 416 278 416 279 416 280 415 280 414 280 413 280 412 280 412 281 411 281 410 281 409 281 408 281 407 281 406 281 405 281
1974 6682 1844 70493.8 402 282 402 281 403 281 404 281 405 281
1975 6693 1849 1.99283e+08 446 240 447 240
1976 6705 1849 1.99283e+08 448 241 447 241 447 240
1977 6726 1851 inf 385 306 385 305 384 305 383 305
1978 6661 1851 5.68707e+07 390 287 391 287 391 288 392 288 393 288 393 289 393 290 394 290 394 291 394 292 394 293 394 294 394 295 394 296 394 297 393 297 392 297 391 297 391 298 391 299 390 299 390 300 390 301 390 302 389 302 389 303 388 303 387 303 386 303 386 304 386 305 385 305 384 305 383 305
1979 6697 1851 inf 382 305 383 305
1980 6698 1857 1.99283e+08 475 212 475 213
1981 6713 1857 1.99283e+08 474 214 475 214 475 213
1982 6725 1858 1.99283e+08 477 211 476 211 476 212
1983 6698 1858 1.99283e+08 475 213 475 212 476 212
1984 6730 1861 1.86649e+07 432 260 431 260 430 260 429 260
1985 6702 1861 1.86649e+07 429 259 429 260
1986 6712 1865 687856 467 221 467 222
1987 6670 1865 687856 458 221 459 221 460 221 461 221 462 221 463 221 463 222 464 222 465 222 466 222 467 222
1988 6721 1866 687856 469 221 468 221
1989 6712 1866 687856 467 222 467 221 468 221
1990 6722 1867 687856 470 220 469 220
1991 6721 1867 687856 468 221 469 221 469 220
1992 6737 1869 1.99283e+08 453 240 452 240 451 240 451 241 450 241 449 241
1993 6705 1869 1.99283e+08 447 241 448 241 449 241
1994 6810 1870 inf 392 308 392 307 391 307 390 307 390 306 389 306 388 306 387 306 386 306 385 306
1995 6827 1870 7549.96 397 304 397 305 396 305 395 305 394 305 393 305 392 305 392 306 392 307 391 307 390 307 390 306 389 306 388 306 387 306 386 306 385 306
1996 6726 1870 inf 385 305 385 306
1997 6748 1871 1.99283e+08 455 239 455 238 455 237 455 236 456 236 456 235
1998 6747 1871 1.99283e+08 456 238 455 238 455 237 455 236 456 236 456 235
1999 6731 1872 1.99283e+08 474 217 474 218 473 218
2000 6742 1872 687856 473 220 473 219 473 218
2001 6741 1872 1.99283e+08 474 219 473 219 473 218
2002 6713 1873 1.99283e+08 475 214 474 214 474 215 474 216 474 217
2003 6731 1873 1.99283e+08 474 218 474 217
2004 6743 1878 1.99283e+08 478 209 478 210 477 210
2005 6725 1878 1.99283e+08 476 211 477 211 477 210
2006 6757 1881 1.86649e+07 435 260 434 260 433 260
2007 6730 1881 1.86649e+07 431 260 432 260 433 260
2008 6769 1881 14806.3 433 263 433 262 433 261 433 260
2009 6746 1882 1.99283e+08 454 239 454 240 453 240
2010 6737 1882 1.99283e+08 452 240 453 240
2011 6748 1883 1.99283e+08 455 238 455 239 454 239
2012 6746 1883 1.99283e+08 454 240 454 239
2013 6742 1887 687856 473 219 473 220
2014 6722 1887 687856 469 220 470 220 471 220 472 220 473 220
2015 6762 1888 1.99283e+08 476 219 475 219 474 219
2016 6741 1888 1.99283e+08 473 219 474 219
2017 6767 1891 1.99283e+08 479 208 479 209
2018 6743 1891 1.99283e+08 478 210 478 209 479 209
2019 6768 1892 1.99283e+08 477 206 477 207
2020 6755 1892 1.99283e+08 478 208 477 208 477 207
2021 6821 1893 1.86649e+07 441 260 440 260 439 260 438 260 437 260 436 260 435 260
2022 6757 1893 1.86649e+07 434 260 435 260
2023 6771 1894 1.99283e+08 459 237 458 237
2024 6747 1894 1.99283e+08 455 238 456 238 457 238 457 237 458 237
2025 6790 1900 1.99283e+08 479 218 479 217 478 217 477 217 477 218
2026 6762 1900 1.99283e+08 475 219 476 219 476 218 477 218
2027 6784 1906 1.99283e+08 461 236 460 236
2028 6771 1906 1.99283e+08 458 237 459 237 459 236 460 236
2029 6785 1907 1.99283e+08 462 234 462 235 461 235
2030 6784 1907 1.99283e+08 460 236 461 236 461 235
2031 6856 1908 9487.5 485 205 484 205 484 206 483 206 482 206 482 207 481 207 481 208 480 208
2032 6755 1908 1.99283e+08 477 208 478 208 479 208 480 208
2033 6767 1908 1.99283e+08 479 209 479 208 480 208
2034 6794 1916 1.99283e+08 464 233 464 234 463 234
2035 6785 1916 1.99283e+08 462 235 462 234 463 234
2036 6804 1917 1.99283e+08 466 232 466 233 465 233 464 233
2037 6794 1917 1.99283e+08 464 234 464 233
2038 6798 1918 1.99283e+08 478 204 478 205
2039 6768 1918 1.99283e+08 477 207 477 206 478 206 478 205
2040 6800 1920 14806.3 436 263 435 263
2041 6769 1920 14806.3 433 262 433 263 434 263 435 263
2042 6803 1921 1.99283e+08 467 232 466 232
2043 6804 1921 1.99283e+08 466 233 466 232
2044 6834 1922 1.99283e+08 470 232 470 231 469 231 468 231 467 231
2045 6803 1922 1.99283e+08 466 232 467 232 467 231
2046 6806 1930 1.99283e+08 478 220 478 221
2047 6823 1930 1.99283e+08 478 223 478 222 478 221
2048 6790 1931 1.99283e+08 479 217 479 218 479 219 479 220
2049 6806 1931 1.99283e+08 478 221 478 220 479 220
2050 6820 1932 1.99283e+08 479 203 479 204
2051 6798 1932 1.99283e+08 478 205 478 204 479 204
2052 6891 1933 inf 401 309 401 310 400 310 399 310 398 310 397 310 397 309 396 309 395 309 394 309 394 308 393 308 392 308
2053 6810 1933 inf 392 307 392 308
2054 6884 1934 14806.3 439 269 439 268 439 267 439 266 439 265 439 264 439 263 438 263 437 263
2055 6800 1934 14806.3 435 263 436 263 437 263
2056 6812 1942 7549.96 398 302 397 302 397 303 397 304
2057 6827 1942 7549.96 397 305 397 304
2058 6828 1943 7549.96 400 302 399 302
2059 6812 1943 7549.96 397 302 398 302 399 302
2060 6861 1944 1.86649e+07 445 260 444 260 443 260 442 260 441 260
2061 6821 1944 1.86649e+07 440 260 441 260
2062 6842 1948 4475 403 299 403 300 402 300
2063 6841 1948 4475 401 302 401 301 401 300 402 300
2064 6823 1950 1.99283e+08 478 222 478 223 478 224
2065 6849 1950 1.99283e+08 477 226 477 225 478 225 478 224
2066 6859 1952 4475 406 299 405 299 404 299
2067 6842 1952 4475 403 300 403 299 404 299
2068 6848 1958 1.99283e+08 474 229 473 229 473 230 473 231 472 231 472 232 471 232
2069 6834 1958 1.99283e+08 470 231 470 232 471 232
2070 6865 1959 1.99283e+08 476 229 475 229 474 229
2071 6848 1959 1.99283e+08 473 229 474 229
2072 6849 1960 1.99283e+08 477 225 477 226
2073 6854 1960 1.99283e+08 476 227 477 227 477 226
2074 6854 1963 1.99283e+08 477 227 476 227 476 228
2075 6865 1963 1.99283e+08 475 229 476 229 476 228
2076 6939 1963 3850 481 236 482 236 482 235 483 235 483 234 484 234 484 233 484 232 484 231 483 231 482 231 482 230 481 230 480 230 479 230 478 230 477 230 476 230 476 229 476 228
2077 6953 1963 73712.5 482 239 483 239 483 238 483 237 483 236 483 235 483 234 484 234 484 233 484 232 484 231 483 231 482 231 482 230 481 230 480 230 479 230 478 230 477 230 476 230 476 229 476 228
2078 6920 1963 330844 485 231 484 231 483 231 482 231 482 230 481 230 480 230 479 230 478 230 477 230 476 230 476 229 476 228
2079 6877 1964 9487.5 488 205 487 205 486 205 485 205
2080 6856 1964 9487.5 484 205 485 205
2081 6875 1965 1.99283e+08 482 200 482 201 481 201
2082 6756 1965 950850 470 201 471 201 471 202 472 202 473 202 474 202 475 202 476 202 477 202 478 202 479 202 480 202 481 202 481 201
2083 6820 1965 1.99283e+08 479 204 479 203 480 203 480 202 481 202 481 201
2084 6871 1968 1.86649e+07 446 260 445 260
2085 6861 1968 1.86649e+07 444 260 445 260
2086 6951 1971 49137.5 460 262 460 261 460 260 460 259 460 258 460 257 459 257 458 257 457 257 456 257 455 257 454 257 453 257 452 257 451 257 450 257 449 257 449 258 448 258
2087 6929 1971 1.86649e+07 461 255 461 256 460 256 459 256 458 256 457 256 456 256 455 256 454 256 454 257 453 257 452 257 451 257 450 257 449 257 449 258 448 258
2088 6871 1971 1.86649e+07 445 260 446 260 446 259 447 259 447 258 448 258
2089 6880 1974 1.99283e+08 483 200 482 200
2090 6875 1974 1.99283e+08 482 201 482 200
2091 6904 1976 9487.5 494 206 493 206 492 206 491 206 491 205 491 204 490 204 489 204 489 205 488 205
2092 6911 1976 2975 492 203 491 203 491 204 490 204 489 204 489 205 488 205
2093 6877 1976 9487.5 487 205 488 205
2094 6883 1978 7549.96 405 302 405 303
2095 6841 1978 4475 401 301 401 302 401 303 402 303 403 303 404 303 405 303
2096 6828 1978 7549.96 399 302 400 302 401 302 401 303 402 303 403 303 404 303 405 303
2097 6887 1979 7549.96 407 301 407 302 406 302
2098 6883 1979 7549.96 405 303 405 302 406 302
2099 6886 1980 7549.96 408 301 407 301
2100 6887 1980 7549.96 407 302 407 301
2101 6890 1982 1.99283e+08 485 199 484 199 484 200
2102 6880 1982 1.99283e+08 482 200 483 200 484 200
2103 6896 1984 7549.96 411 300 410 300 409 300
2104 6859 1984 4475 405 299 406 299 407 299 408 299 408 300 409 300
2105 6886 1984 7549.96 407 301 408 301 408 300 409 300
2106 6906 1987 1.99283e+08 485 197 485 198 485 199
2107 6890 1987 1.99283e+08 484 199 485 199
2108 6898 1992 9487.5 495 209 496 209
2109 6921 1992 9487.5 497 219 497 218 497 217 497 216 497 215 497 214 497 213 496 213 496 212 496 211 496 210 496 209
2110 6903 1993 9487.5 495 207 495 208
2111 6898 1993 9487.5 496 209 495 209 495 208
2112 6903 1995 9487.5 495 208 495 207 495 206 494 206
2113 6904 1995 9487.5 493 206 494 206
2114 6913 1997 1.99283e+08 485 196 485 197
2115 6906 1997 1.99283e+08 485 198 485 197
2116 6914 1998 inf 405 309 404 309
2117 6891 1998 inf 401 310 401 309 402 309 403 309 404 309
2118 6924 2001 2975 493 201 493 202 492 202 492 203
2119 6911 2001 2975 491 203 492 203
2120 6935 2002 2975 493 201 493 200 493 199 492 199 491 199 490 199 489 199 488 199 488 198 488 197 487 197
2121 6916 2002 2975 486 197 487 197
2122 6926 2003 1.99283e+08 487 195 486 195 486 196
2123 6913 2003 1.99283e+08 485 197 485 196 486 196
2124 6916 2003 2975 487 197 486 197 486 196
2125 6919 2005 1.86649e+07 462 253 462 254 461 254
2126 6929 2005 1.86649e+07 461 256 461 255 461 254
2127 6941 2006 1.86649e+07 467 252 466 252 465 252 464 252
2128 6919 2006 1.86649e+07 462 254 462 253 463 253 464 253 464 252
2129 6940 2007 330844 488 229 488 230 487 230 486 230
2130 6920 2007 330844 484 231 485 231 486 231 486 230
2131 6932 2008 9487.5 497 219 497 220 496 220
2132 6931 2008 9487.5 496 221 496 220
2133 6921 2009 9487.5 497 218 497 219
2134 6932 2009 9487.5 497 220 497 219
2135 6935 2010 2975 493 200 493 201
2136 6924 2010 2975 493 202 493 201
2137 6942 2012 1.99283e+08 489 194 488 194 487 194 487 195
2138 6926 2012 1.99283e+08 486 195 487 195
2139 6939 2013 3850 482 236 481 236
2140 6938 2013 3850 480 238 480 237 481 237 481 236
2141 6987 2014 330844 498 230 497 230 497 229 496 229 495 229 494 229 493 229 492 229 491 229 490 229 489 229 488 229
2142 6944 2014 9487.5 496 223 496 224 495 224 495 225 495 226 495 227 495 228 495 229 494 229 493 229 492 229 491 229 490 229 489 229 488 229
2143 6940 2014 330844 488 230 488 229
2144 6938 2016 3850 480 237 480 238
2145 6943 2016 3850 480 240 480 239 480 238
2146 6931 2017 9487.5 496 220 496 221 496 222
2147 6944 2017 9487.5 496 224 496 223 496 222
2148 7005 2019 1.86649e+07 474 256 474 255 473 255 473 254 472 254 472 253 471 253 471 252 470 252 469 252 468 252 467 252
2149 6965 2019 118238 473 252 472 252 471 252 470 252 469 252 468 252 467 252
2150 6941 2019 1.86649e+07 466 252 467 252
2151 6958 2020 1.99283e+08 490 191 490 192 489 192 489 193
2152 6942 2020 1.99283e+08 488 194 489 194 489 193
2153 6953 2022 73712.5 483 239 482 239 482 240 481 240
2154 6943 2022 3850 480 239 480 240 481 240
2155 6956 2022 73712.5 481 242 481 241 481 240
2156 6949 2023 330844 507 213 507 214
2157 6948 2023 330844 506 215 506 214 507 214
2158 6948 2025 330844 506 214 506 215 506 216
2159 6966 2025 330844 503 222 503 221 504 221 504 220 504 219 505 219 505 218 505 217 506 217 506 216
2160 6992 2025 3531.25 509 219 508 219 507 219 506 219 506 218 506 217 506 216
2161 6961 2028 49137.5 455 269 455 270 454 270
2162 6959 2028 49137.5 453 271 453 270 454 270
2163 6963 2029 49137.5 463 261 463 262 462 262
2164 6951 2029 49137.5 460 261 460 262 461 262 462 262
2165 6982 2030 1.99283e+08 491 188 491 189 490 189 490 190
2166 6958 2030 1.99283e+08 490 192 490 191 490 190
2167 6970 2031 49137.5 458 268 457 268 457 269 456 269
2168 6961 2031 49137.5 455 270 455 269 456 269
2169 6963 2032 49137.5 463 262 463 261 464 261
2170 6998 2032 49137.5 463 265 464 265 464 264 464 263 464 262 464 261
2171 6972 2033 118238 474 251 474 252 473 252
2172 6965 2033 118238 472 252 473 252
2173 6966 2034 330844 503 221 503 222
2174 6979 2034 330844 502 224 503 224 503 223 503 222
2175 6976 2037 118238 476 250 476 251 475 251
2176 6972 2037 118238 474 252 474 251 475 251
2177 6984 2038 49137.5 461 267 460 267
2178 6970 2038 49137.5 457 268 458 268 459 268 459 267 460 267
2179 6977 2039 118238 478 249 477 249 477 250
2180 6976 2039 118238 476 251 476 250 477 250
2181 6978 2040 330844 502 225 501 225 501 226
2182 6989 2040 330844 500 227 501 227 501 226
2183 6979 2041 330844 503 224 502 224 502 225
2184 6978 2041 330844 501 225 502 225
2185 7070 2044 2.83594e+06 497 184 496 184 495 184 495 185 495 186 494 186 493 186 492 186 491 186 491 187 491 188
2186 7026 2044 1.99283e+08 492 185 491 185 491 186 491 187 491 188
2187 6982 2044 1.99283e+08 491 189 491 188
2188 6985 2046 49137.5 463 265 462 265 462 266
2189 6984 2046 49137.5 460 267 461 267 461 266 462 266
2190 6998 2047 49137.5 464 265 463 265
2191 6985 2047 49137.5 462 265 463 265
2192 6999 2049 118238 483 245 483 246 483 247 483 248 482 248 481 248 480 248 479 248 479 249
2193 6956 2049 73712.5 481 241 481 242 481 243 481 244 481 245 481 246 481 247 481 248 480 248 479 248 479 249
2194 6977 2049 118238 477 249 478 249 479 249
2195 6989 2050 330844 501 227 500 227 500 228
2196 7001 2050 330844 499 229 500 229 500 228
2197 7019 2053 118238 490 240 490 241 489 241 489 242 488 242 488 243 488 244 487 244 487 245 486 245 485 245 484 245
2198 6999 2053 118238 483 246 483 245 484 245
2199 7000 2054 118238 498 230 498 231
2200 7008 2054 118238 495 235 495 234 496 234 496 233 497 233 497 232 498 232 498 231
2201 7061 2054 19200 501 235 500 235 500 234 499 234 498 234 498 233 498 232 498 231
2202 7001 2055 330844 500 229 499 229 499 230
2203 6987 2055 330844 497 230 498 230 499 230
2204 7000 2055 118238 498 231 498 230 499 230
2205 7009 2056 3531.25 509 220 509 221 508 221
2206 7022 2056 3531.25 508 223 508 222 508 221
2207 6992 2057 3531.25 508 219 509 219 509 220
2208 7009 2057 3531.25 509 221 509 220
2209 7003 2058 2.83594e+06 514 210 515 210 515 211 515 212 515 213 515 214
2210 7037 2058 2.83594e+06 515 217 515 216 515 215 515 214
2211 7011 2059 2.83594e+06 514 208 514 209
2212 7003 2059 2.83594e+06 515 210 514 210 514 209
2213 7007 2060 118238 495 235 494 235 494 236
2214 7021 2060 118238 493 237 494 237 494 236
2215 7008 2061 118238 495 234 495 235
2216 7007 2061 118238 494 235 495 235
2217 7044 2062 330844 509 200 509 201 509 202 509 203
2218 6949 2062 330844 507 214 507 213 508 213 508 212 508 211 508 210 509 210 509 209 509 208 509 207 509 206 509 205 509 204 509 203
2219 7048 2063 inf 433 302 432 302 431 302 430 302 429 302
2220 7013 2063 3900 431 300 430 300 430 301 429 301 429 302
2221 6896 2063 7549.96 410 300 411 300 412 300 413 300 414 300 414 301 414 302 415 302 416 302 417 302 418 302 419 302 420 302 421 302 422 302 422 303 423 303 424 303 425 303 426 303 427 303 427 302 428 302 429 302
2222 6914 2063 inf 404 309 405 309 406 309 407 309 408 309 409 309 409 308 410 308 411 308 412 308 413 308 413 307 414 307 415 307 416 307 417 307 418 307 418 306 419 306 419 305 420 305 421 305 421 304 422 304 422 303 423 303 424 303 425 303 426 303 427 303 427 302 428 302 429 302
2223 7027 2064 3900 432 299 432 300 431 300
2224 7013 2064 3900 430 300 431 300
2225 7040 2065 3900 434 299 433 299 432 299
2226 7027 2065 3900 432 300 432 299
2227 7031 2067 1.86649e+07 476 256 475 256
2228 7005 2067 1.86649e+07 474 255 474 256 475 256
2229 7051 2068 1.86649e+07 480 255 479 255 478 255 477 255 476 255
2230 7031 2068 1.86649e+07 475 256 476 256 476 255
2231 7036 2072 118238 492 240 491 240
2232 7019 2072 118238 490 241 490 240 491 240
2233 7020 2073 118238 492 238 492 239
2234 7036 2073 118238 491 240 492 240 492 239
2235 7021 2074 118238 494 237 493 237 493 238
2236 7020 2074 118238 492 239 492 238 493 238
2237 7038 2078 1.99283e+08 491 183 491 184 492 184
2238 7026 2078 1.99283e+08 491 185 492 185 492 184
2239 7022 2080 3531.25 508 222 508 223 508 224 508 225
2240 7062 2080 3531.25 508 228 508 227 508 226 508 225
2241 7037 2081 2.83594e+06 515 216 515 217 515 218
2242 7045 2081 2.83594e+06 515 219 515 218
2243 7047 2083 330844 509 199 509 200
2244 7044 2083 330844 509 201 509 200
2245 7055 2084 1.99283e+08 491 180 491 181 491 182
2246 7038 2084 1.99283e+08 491 184 491 183 491 182
2247 7065 2088 2.83594e+06 517 219 516 219
2248 7045 2088 2.83594e+06 515 218 515 219 516 219
2249 7066 2089 1.99283e+08 491 179 491 180
2250 7055 2089 1.99283e+08 491 181 491 180
2251 7056 2090 inf 434 301 434 302
2252 7048 2090 inf 432 302 433 302 434 302
2253 7057 2091 inf 435 300 435 301
2254 7056 2091 inf 434 302 434 301 435 301
2255 7067 2092 134675 446 291 445 291 445 292 444 292
2256 6884 2092 14806.3 439 268 439 269 439 270 439 271 439 272 440 272 440 273 440 274 440 275 440 276 440 277 440 278 440 279 440 280 440 281 440 282 440 283 440 284 440 285 440 286 440 287 440 288 440 289 440 290 440 291 440 292 440 293 441 293 442 293 443 293 443 292 444 292
2257 7058 2092 134675 440 296 440 295 440 294 441 294 441 293 442 293 443 293 443 292 444 292
2258 7068 2093 1.86649e+07 482 255 481 255
2259 7051 2093 1.86649e+07 479 255 480 255 481 255
2260 7072 2094 134675 447 290 447 291 446 291
2261 7067 2094 134675 445 291 446 291
2262 7071 2095 inf 441 297 440 297 440 298
2263 7058 2095 134675 440 295 440 296 440 297 440 298
2264 7040 2095 3900 433 299 434 299 435 299 436 299 437 299 438 299 438 298 439 298 440 298
2265 7057 2095 inf 435 301 435 300 436 300 436 299 437 299 438 299 438 298 439 298 440 298
2266 7073 2096 134675 449 289 448 289 448 290
2267 7072 2096 134675 447 291 447 290 448 290
2268 7077 2097 134675 450 288 450 289 449 289
2269 7073 2097 134675 448 289 449 289
2270 7086 2098 134675 453 287 452 287 451 287 451 288 450 288
2271 7077 2098 134675 450 289 450 288
2272 7081 2100 2.83594e+06 497 182 497 183
2273 7070 2100 2.83594e+06 496 184 497 184 497 183
2274 7092 2103 2.83594e+06 499 181 498 181 497 181
2275 7081 2103 2.83594e+06 497 183 497 182 497 181
2276 7089 2104 1.99283e+08 492 175 492 176
2277 7066 2104 1.99283e+08 491 180 491 179 491 178 491 177 492 177 492 176
2278 7099 2105 2.83594e+06 517 197 517 198 516 198 516 199
2279 7011 2105 2.83594e+06 514 209 514 208 514 207 514 206 514 205 515 205 515 204 515 203 515 202 515 201 516 201 516 200 516 199
2280 7090 2106 inf 446 296 445 296 445 297
2281 7071 2106 inf 440 297 441 297 442 297 443 297 444 297 445 297
2282 7094 2107 inf 447 296 446 296
2283 7090 2107 inf 445 296 446 296
2284 7095 2108 inf 448 295 447 295
2285 7094 2108 inf 446 296 447 296 447 295
2286 7096 2109 inf 450 292 450 293 449 293 449 294 448 294
2287 7095 2109 inf 447 295 448 295 448 294
2288 7097 2110 inf 452 292 451 292 450 292
2289 7096 2110 inf 450 293 450 292
2290 7092 2111 2.83594e+06 498 181 499 181 499 180
2291 7107 2111 2.83594e+06 511 189 510 189 509 189 508 189 507 189 506 189 505 189 505 188 504 188 504 187 504 186 504 185 504 184 503 184 503 183 502 183 501 183 500 183 500 182 500 181 499 181 499 180
2292 7116 2112 inf 463 284 463 285 462 285 462 286 461 286 460 286 460 287 459 287 458 287 457 287 457 288 456 288
2293 7086 2112 134675 452 287 453 287 454 287 454 288 455 288 456 288
2294 7098 2112 inf 455 289 455 288 456 288
2295 7098 2114 inf 455 288 455 289 455 290
2296 7097 2114 inf 451 292 452 292 452 291 453 291 454 291 454 290 455 290
2297 7106 2115 2.83594e+06 516 195 517 195 517 196
2298 7099 2115 2.83594e+06 517 198 517 197 517 196
2299 7115 2116 330844 512 189 512 190 512 191
2300 7047 2116 330844 509 200 509 199 510 199 510 198 511 198 511 197 511 196 511 195 511 194 511 193 512 193 512 192 512 191
2301 7119 2117 19200 503 245 502 245 501 245
2302 7118 2117 19200 501 247 501 246 501 245
2303 7110 2118 3531.25 511 235 511 236 510 236
2304 7109 2118 3531.25 509 237 510 237 510 236
2305 7062 2119 3531.25 508 227 508 228 509 228 510 228 511 228 511 229 511 230 511 231 511 232 511 233 511 234 511 235
2306 7110 2119 3531.25 511 236 511 235
2307 7108 2121 inf 463 283 463 284
2308 7116 2121 inf 463 285 463 284
2309 7120 2122 19200 504 243 504 244 503 244
2310 7119 2122 19200 502 245 503 245 503 244
2311 7121 2123 19200 506 241 506 242 505 242
2312 7120 2123 19200 504 244 504 243 505 243 505 242
2313 7122 2124 19200 507 240 507 241 506 241
2314 7121 2124 19200 506 242 506 241
2315 7109 2125 3531.25 510 237 509 237 509 238 509 239 509 240 508 240 507 240
2316 7061 2125 19200 500 235 501 235 502 235 503 235 504 235 505 235 506 235 507 235 508 235 508 236 508 237 508 238 508 239 508 240 507 240
2317 7122 2125 19200 507 241 507 240
2318 7106 2129 2.83594e+06 517 195 516 195 516 194 516 193 516 192 516 191 516 190 516 189 515 189 514 189 513 189 512 189
2319 7139 2129 885463 513 188 513 189 512 189
2320 7107 2129 2.83594e+06 510 189 511 189 512 189
2321 7115 2129 330844 512 190 512 189
2322 7142 2132 19200 501 249 501 248 500 248
2323 7118 2132 19200 501 246 501 247 501 248 500 248
2324 7149 2134 2.83594e+06 519 231 519 230 518 230
2325 7065 2134 2.83594e+06 516 219 517 219 518 219 518 220 518 221 518 222 518 223 518 224 518 225 518 226 518 227 519 227 519 228 519 229 519 230 518 230
2326 7089 2136 1.99283e+08 492 176 492 175 492 174 492 173 492 172 492 171 492 170 492 169 492 168
2327 7153 2136 1.99283e+08 493 167 493 168 492 168
2328 7141 2141 inf 471 278 471 279
2329 6959 2141 49137.5 453 270 453 271 453 272 453 273 453 274 453 275 453 276 453 277 453 278 453 279 453 280 453 281 454 281 455 281 456 281 457 281 458 281 459 281 460 281 461 281 462 281 463 281 464 281 465 281 466 281 467 281 468 281 468 280 469 280 470 280 470 279 471 279
2330 7108 2141 inf 463 284 463 283 464 283 464 282 465 282 465 281 466 281 467 281 468 281 468 280 469 280 470 280 470 279 471 279
2331 7149 2144 2.83594e+06 519 230 519 231
2332 7156 2144 2.83594e+06 519 232 519 231
2333 7153 2147 1.99283e+08 493 168 493 167 493 166
2334 7173 2147 1.99283e+08 494 164 494 165 493 165 493 166
2335 7167 2152 inf 480 274 479 274
2336 7141 2152 inf 471 279 471 278 472 278 473 278 473 277 473 276 474 276 475 276 475 275 476 275 477 275 478 275 478 274 479 274
2337 7174 2155 inf 483 272 482 272 482 273 481 273
2338 7167 2155 inf 479 274 480 274 480 273 481 273
2339 7176 2156 inf 492 263 491 263 491 264 490 264
2340 7175 2156 inf 490 265 490 264
2341 7142 2157 19200 501 248 501 249 502 249 503 249 503 250 503 251 503 252 502 252
2342 7168 2157 19200 501 253 501 252 502 252
2343 7173 2164 1.99283e+08 494 165 494 164 494 163
2344 7205 2164 1.99283e+08 497 163 496 163 495 163 494 163
2345 7194 2165 inf 487 270 487 271 486 271 485 271 485 272 484 272
2346 7068 2165 1.86649e+07 481 255 482 255 482 256 482 257 482 258 482 259 483 259 484 259 484 260 484 261 484 262 484 263 484 264 484 265 484 266 484 267 484 268 484 269 484 270 484 271 484 272
2347 7174 2165 inf 482 272 483 272 484 272
2348 7188 2166 inf 494 263 493 263
2349 7176 2166 inf 491 263 492 263 493 263
2350 7197 2167 19200 500 258 500 257 499 257
2351 7168 2167 19200 501 252 501 253 501 254 501 255 501 256 500 256 500 257 499 257
2352 7191 2168 2.83594e+06 522 235 521 235
2353 7156 2168 2.83594e+06 519 231 519 232 519 233 519 234 520 234 520 235 521 235
2354 7191 2169 2.83594e+06 521 235 522 235 522 234
2355 7200 2169 2.83594e+06 522 236 522 235 522 234
2356 7195 2172 inf 488 269 488 270 487 270
2357 7194 2172 inf 487 271 487 270
2358 7175 2176 inf 490 264 490 265 489 265 488 265 488 266 488 267 488 268 488 269 489 269
2359 7195 2176 inf 488 270 488 269 489 269
2360 7188 2177 inf 493 263 494 263 495 263 496 263 496 262
2361 7213 2177 inf 497 263 496 263 496 262
2362 7200 2193 2.83594e+06 522 235 522 236 522 237 523 237 523 238
2363 7233 2193 2.83594e+06 523 239 523 238
2364 7265 2198 inf 504 261 503 261 502 261 501 261 500 261 500 262
2365 7197 2198 19200 500 257 500 258 500 259 500 260 500 261 500 262
2366 7221 2198 inf 498 263 498 262 499 262 500 262
2367 7231 2199 15856.3 516 246 515 246 515 247 514 247 514 248 514 249 513 249
2368 7251 2199 15856.3 513 251 513 250 513 249
2369 7232 2200 15856.3 518 244 517 244 517 245 516 245 516 246
2370 7231 2200 15856.3 515 246 516 246
2371 7241 2201 15856.3 519 244 518 244
2372 7232 2201 15856.3 517 244 518 244
2373 7221 2205 inf 498 262 498 263 498 264 498 265
2374 7213 2205 inf 496 263 497 263 498 263 498 264 498 265
2375 7257 2209 2631.26 545 219 544 219
2376 7268 2209 2631.26 544 221 544 220 544 219
2377 7272 2212 inf 552 211 551 211 551 212
2378 7249 2212 inf 550 213 550 212 551 212
2379 7273 2215 inf 506 259 506 260 505 260 504 260
2380 7265 2215 inf 503 261 504 261 504 260
2381 7266 2216 15856.3 522 243 521 243 521 244 520 244
2382 7241 2216 15856.3 518 244 519 244 520 244
2383 7287 2217 2.83594e+06 524 243 523 243 523 242 522 242
2384 7233 2217 2.83594e+06 523 238 523 239 523 240 523 241 523 242 522 242
2385 7266 2217 15856.3 521 243 522 243 522 242
2386 7278 2218 inf 552 214 551 214 550 214
2387 7249 2218 inf 550 212 550 213 550 214
2388 7274 2219 inf 508 258 507 258 507 259 506 259
2389 7273 2219 inf 506 260 506 259
2390 7257 2221 2631.26 544 219 545 219 546 219
2391 7277 2221 2631.26 546 220 546 219
2392 7293 2223 2924.99 554 211 553 211 553 212
2393 7279 2223 2924.99 552 211 553 211 553 212
2394 7282 2225 inf 511 256 510 256
2395 7274 2225 inf 507 258 508 258 509 258 509 257 510 257 510 256
2396 7294 2230 inf 551 209 552 209 552 210
2397 7272 2230 inf 551 211 552 211 552 210
2398 7279 2230 2924.99 553 211 552 211 552 210
2399 7299 2232 inf 527 241 526 241
2400 7311 2232 inf 526 243 526 242 526 241
2401 7300 2233 inf 530 238 529 238 529 239 528 239 528 240 527 240
2402 7299 2233 inf 526 241 527 241 527 240
2403 7302 2234 2631.26 545 223 544 223
2404 7268 2234 2631.26 544 220 544 221 544 222 544 223
2405 7277 2235 2631.26 546 219 546 220 547 220
2406 7303 2235 2631.26 547 221 547 220
2407 7316 2237 2924.99 555 210 554 210 554 211
2408 7293 2237 2924.99 553 211 554 211
2409 7307 2238 inf 552 208 551 208
2410 7294 2238 inf 552 209 551 209 551 208
2411 7321 2240 inf 516 254 515 254 514 254 513 254 513 255 512 255 512 256
2412 7251 2240 15856.3 513 250 513 251 513 252 513 253 513 254 513 255 512 255 512 256
2413 7282 2240 inf 510 256 511 256 512 256
2414 7312 2242 inf 531 238 530 238
2415 7300 2242 inf 529 238 530 238
2416 7328 2243 inf 543 227 542 227 542 228 541 228 540 228
2417 7289 2243 inf 537 230 537 229 538 229 538 228 539 228 540 228
2418 7315 2244 4293.74 555 213 555 214 554 214
2419 7278 2244 inf 551 214 552 214 553 214 554 214
2420 7306 2244 inf 552 216 552 215 552 214 553 214 554 214
2421 7309 2248 inf 520 248 520 249
2422 7324 2248 inf 520 250 520 249
2423 7310 2249 inf 521 247 521 248
2424 7309 2249 inf 520 249 520 248 521 248
2425 7325 2250 inf 524 246 523 246 522 246 522 247
2426 7310 2250 inf 521 248 521 247 522 247
2427 7327 2251 inf 527 243 526 243
2428 7311 2251 inf 526 242 526 243
2429 7287 2251 2.83594e+06 523 243 524 243 525 243 526 243
2430 7357 2252 11681.2 535 238 534 238 534 237 533 237 532 237
2431 7358 2252 inf 537 236 536 236 536 237 535 237 534 237 533 237 532 237
2432 7312 2252 inf 530 238 531 238 531 237 532 237
2433 7314 2253 inf 546 222 546 223
2434 7302 2253 2631.26 544 223 545 223 546 223
2435 7329 2253 inf 546 224 546 223
2436 7334 2254 inf 554 208 553 208
2437 7352 2254 3506.22 553 205 553 206 553 207 553 208
2438 7307 2254 inf 551 208 552 208 553 208
2439 7322 2257 inf 517 253 516 253 516 254
2440 7321 2257 inf 515 254 516 254
2441 7338 2258 inf 518 253 517 253
2442 7322 2258 inf 516 253 517 253
2443 7361 2260 inf 551 222 550 222 549 222 548 222
2444 7303 2260 2631.26 547 220 547 221 548 221 548 222
2445 7314 2260 inf 546 223 546 222 547 222 548 222
2446 7330 2261 inf 552 217 552 218
2447 7361 2261 inf 550 222 551 222 552 222 552 221 552 220 552 219 552 218
2448 7402 2261 43568.8 555 221 555 222 554 222 553 222 552 222 552 221 552 220 552 219 552 218
2449 7306 2262 inf 552 215 552 216 552 217 553 217
2450 7330 2262 inf 552 218 552 217 553 217
2451 7332 2263 4293.74 557 211 557 212 557 213
2452 7315 2263 4293.74 555 214 555 213 556 213 557 213
2453 7374 2265 11681.2 531 244 530 244 529 244 528 244 527 244
2454 7327 2265 inf 526 243 527 243 527 244
2455 7345 2265 inf 526 246 526 245 527 245 527 244
2456 7347 2266 9106.26 541 231 540 231 540 232 539 232 538 232 538 233 537 233 537 234
2457 7289 2266 inf 537 229 537 230 537 231 537 232 537 233 537 234
2458 7358 2266 inf 536 236 537 236 537 235 537 234
2459 7387 2266 3362.5 540 236 539 236 538 236 537 236 537 235 537 234
2460 7349 2268 4293.74 558 210 558 211
2461 7332 2268 4293.74 557 212 557 211 558 211
2462 7342 2269 2924.99 555 208 555 209 556 209
2463 7316 2269 2924.99 554 210 555 210 555 209 556 209
2464 7350 2270 inf 555 207 555 208
2465 7334 2270 inf 553 208 554 208 555 208
2466 7342 2270 2924.99 555 209 555 208
2467 7324 2275 inf 520 249 520 250 520 251 520 252
2468 7354 2275 inf 520 253 520 252
2469 7345 2276 inf 526 245 526 246
2470 7325 2276 inf 523 246 524 246 525 246 526 246
2471 7367 2278 9106.26 543 231 542 231 541 231
2472 7347 2278 9106.26 540 231 541 231
2473 7329 2279 inf 546 223 546 224 546 225 546 226
2474 7359 2279 inf 545 227 546 227 546 226
2475 7354 2281 inf 520 252 520 253 519 253 519 254
2476 7338 2281 inf 517 253 518 253 518 254 519 254
2477 7359 2282 inf 546 227 545 227 545 228
2478 7328 2282 inf 542 227 543 227 544 227 545 227 545 228
2479 7389 2282 9106.26 544 231 545 231 545 230 545 229 545 228
2480 7379 2283 43568.8 559 208 559 209 559 210
2481 7349 2283 4293.74 558 211 558 210 559 210
2482 7369 2283 43568.8 560 214 560 213 560 212 560 211 559 211 559 210
2483 7370 2284 inf 557 207 556 207
2484 7350 2284 inf 555 208 555 207 556 207
2485 7380 2285 3506.22 554 203 554 204 553 204
2486 7352 2285 3506.22 553 206 553 205 553 204
2487 7366 2288 11681.2 534 239 534 240
2488 7386 2288 11681.2 534 242 534 241 534 240
2489 7357 2289 11681.2 534 238 535 238 535 239
2490 7366 2289 11681.2 534 240 534 239 535 239
2491 7389 2290 9106.26 545 231 544 231 543 231
2492 7367 2290 9106.26 542 231 543 231
2493 7388 2290 3362.5 543 233 543 232 543 231
2494 7497 2291 885463 527 157 526 157 525 157 524 157 523 157 522 157 521 157 520 157 520 158 520 159 520 160 519 160 519 161 519 162 519 163 519 164 519 165 519 166 518 166 518 167 518 168
2495 7547 2291 2537.5 529 148 528 148 527 148 526 148 525 148 524 148 523 148 522 148 521 148 521 149 521 150 521 151 521 152 521 153 521 154 520 154 520 155 520 156 520 157 520 158 520 159 520 160 519 160 519 161 519 162 519 163 519 164 519 165 519 166 518 166 518 167 518 168
2496 7498 2291 146913 518 149 519 149 520 149 521 149 521 150 521 151 521 152 521 153 521 154 520 154 520 155 520 156 520 157 520 158 520 159 520 160 519 160 519 161 519 162 519 163 519 164 519 165 519 166 518 166 518 167 518 168
2497 7139 2291 885463 513 189 513 188 513 187 513 186 514 186 514 185 514 184 515 184 515 183 515 182 516 182 516 181 516 180 516 179 517 179 517 178 517 177 517 176 517 175 517 174 517 173 517 172 518 172 518 171 518 170 518 169 518 168
2498 7446 2291 21237.5 532 172 531 172 530 172 529 172 528 172 527 172 526 172 525 172 524 172 523 172 522 172 521 172 520 172 519 172 518 172 518 171 518 170 518 169 518 168
2499 7369 2293 43568.8 560 213 560 214 560 215
2500 7406 2293 43568.8 560 217 560 216 560 215
2501 7397 2296 11681.2 533 243 533 244 532 244
2502 7374 2296 11681.2 530 244 531 244 532 244
2503 7396 2297 11681.2 534 243 533 243
2504 7397 2297 11681.2 533 244 533 243
2505 7386 2298 11681.2 534 241 534 242
2506 7396 2298 11681.2 533 243 534 243 534 242
2507 7403 2299 43568.8 556 220 556 221 555 221
2508 7402 2299 43568.8 555 222 555 221
2509 7405 2300 43568.8 560 217 559 217 559 218 558 218
2510 7404 2300 43568.8 557 219 558 219 558 218
2511 7416 2301 3506.22 556 202 555 202 555 203
2512 7380 2301 3506.22 554 204 554 203 555 203
2513 7399 2307 3362.5 541 235 541 236
2514 7387 2307 3362.5 539 236 540 236 541 236
2515 7400 2308 3362.5 543 233 543 234
2516 7399 2308 3362.5 541 236 541 235 542 235 542 234 543 234
2517 7388 2309 3362.5 543 232 543 233 544 233
2518 7400 2309 3362.5 543 234 543 233 544 233
2519 7404 2312 43568.8 558 219 557 219 557 220
2520 7403 2312 43568.8 556 221 556 220 557 220
2521 7406 2313 43568.8 560 216 560 217
2522 7405 2313 43568.8 559 217 560 217
2523 7407 2314 inf 559 206 559 207 560 207
2524 7370 2314 inf 556 207 557 207 558 207 559 207 560 207
2525 7379 2314 43568.8 559 209 559 208 560 208 560 207
2526 7424 2320 inf 559 203 559 204 559 205
2527 7407 2320 inf 559 207 559 206 559 205
2528 7436 2323 1.99283e+08 507 149 507 150 507 151 507 152
2529 7205 2323 1.99283e+08 496 163 497 163 498 163 499 163 500 163 501 163 502 163 503 163 504 163 505 163 505 162 505 161 506 161 506 160 506 159 506 158 506 157 506 156 506 155 506 154 506 153 507 153 507 152
2530 7424 2325 inf 559 204 559 203 559 202 558 202
2531 7421 2325 inf 556 202 557 202 558 202
2532 7442 2329 48131.2 558 198 557 198 556 198 556 199
2533 7443 2329 inf 556 196 556 197 556 198 556 199
2534 7416 2329 3506.22 555 202 556 202 556 201 556 200 556 199
2535 7421 2329 inf 557 202 556 202 556 201 556 200 556 199
2536 7440 2333 21237.5 534 175 534 176
2537 7435 2333 21237.5 534 177 534 176
2538 7445 2336 21237.5 537 177 536 177
2539 7435 2336 21237.5 534 176 534 177 535 177 536 177
2540 7442 2337 48131.2 557 198 558 198
2541 7453 2337 48131.2 561 199 560 199 559 199 558 199 558 198
2542 7443 2338 inf 556 197 556 196 556 195 555 195
2543 7439 2338 inf 553 195 554 195 555 195
2544 7457 2339 inf 553 191 553 192 553 193
2545 7439 2339 inf 554 195 553 195 553 194 553 193
2546 7440 2340 21237.5 534 176 534 175 534 174 534 173 534 172 533 172 532 172
2547 7446 2340 21237.5 531 172 532 172
2548 7464 2345 48131.2 562 198 561 198 561 199
2549 7453 2345 48131.2 560 199 561 199
2550 7472 2350 48131.2 563 197 563 198 562 198
2551 7464 2350 48131.2 561 198 562 198
2552 7483 2354 inf 554 187 554 188 553 188
2553 7457 2354 inf 553 192 553 191 552 191 552 190 552 189 553 189 553 188
2554 7523 2355 1.99283e+08 512 138 512 139 511 139 510 139 510 140 509 140 508 140 508 141 507 141 506 141
2555 7524 2355 209900 507 133 507 134 506 134 506 135 506 136 506 137 506 138 506 139 506 140 506 141
2556 7436 2355 1.99283e+08 507 150 507 149 507 148 507 147 507 146 507 145 507 144 507 143 506 143 506 142 506 141
2557 7498 2355 146913 519 149 518 149 517 149 516 149 515 149 514 149 513 149 512 149 511 149 510 149 509 149 508 149 507 149 507 148 507 147 507 146 507 145 507 144 507 143 506 143 506 142 506 141
2558 7485 2359 48131.2 563 195 563 196
2559 7472 2359 48131.2 563 198 563 197 563 196
2560 7490 2361 inf 554 185 554 186 554 187
2561 7483 2361 inf 554 188 554 187
2562 7503 2367 48131.2 565 194 564 194 564 195
2563 7485 2367 48131.2 563 196 563 195 564 195
2564 7515 2369 inf 554 181 554 182 553 182 553 183 553 184
2565 7445 2369 21237.5 536 177 537 177 538 177 539 177 540 177 541 177 542 177 543 177 544 177 545 177 546 177 547 177 548 177 549 177 550 177 551 177 552 177 552 178 552 179 552 180 552 181 553 181 553 182 553 183 553 184
2566 7490 2369 inf 554 186 554 185 553 185 553 184
2567 7509 2371 885463 529 157 528 157 527 157
2568 7497 2371 885463 526 157 527 157
2569 7514 2374 48131.2 566 193 565 193 565 194
2570 7503 2374 48131.2 564 194 565 194
2571 7530 2381 48131.2 566 190 566 191 566 192 566 193
2572 7514 2381 48131.2 565 193 566 193
2573 7520 2383 inf 555 181 554 181
2574 7515 2383 inf 554 182 554 181
2575 7532 2387 1.99283e+08 513 137 513 138 512 138
2576 7523 2387 1.99283e+08 512 139 512 138
2577 7537 2388 inf 556 178 555 178 555 179 555 180
2578 7520 2388 inf 554 181 555 181 555 180
2579 7524 2389 209900 507 134 507 133 507 132
2580 7534 2389 209900 508 132 507 132
2581 7539 2390 inf 558 178 557 178 556 178
2582 7540 2390 6737.51 556 176 556 177 556 178
2583 7537 2390 inf 555 178 556 178
2584 7543 2393 inf 559 178 558 178
2585 7539 2393 inf 557 178 558 178
2586 7555 2394 6737.51 557 173 557 174 557 175 557 176 556 176
2587 7540 2394 6737.51 556 177 556 176
2588 7549 2395 885463 538 156 538 157 537 157
2589 7550 2395 2537.5 532 150 532 151 533 151 534 151 535 151 535 152 535 153 535 154 535 155 535 156 535 157 536 157 537 157
2590 7509 2395 885463 528 157 529 157 530 157 531 157 532 157 533 157 534 157 535 157 536 157 537 157
2591 7550 2396 2537.5 532 151 532 150 531 150
2592 7545 2396 2537.5 530 149 530 150 531 150
2593 7546 2397 2537.5 529 148 529 149 530 149
2594 7545 2397 2537.5 530 150 530 149
2595 7547 2398 2537.5 528 148 529 148
2596 7546 2398 2537.5 529 149 529 148
2597 7551 2399 1.99283e+08 515 133 515 134
2598 7532 2399 1.99283e+08 513 138 513 137 514 137 514 136 514 135 515 135 515 134
2599 7572 2400 209900 511 122 510 122 510 123 510 124 509 124 509 125 509 126 509 127 509 128
2600 7534 2400 209900 507 132 508 132 508 131 508 130 508 129 509 129 509 128
2601 7560 2402 885463 540 155 540 156 539 156
2602 7549 2402 885463 538 157 538 156 539 156
2603 7558 2405 inf 561 176 560 176
2604 7543 2405 inf 558 178 559 178 559 177 559 176 560 176
2605 7597 2409 inf 565 166 565 167 565 168 565 169 565 170 565 171 565 172 565 173 565 174 565 175 565 176 565 177 565 178 565 179 566 179
2606 7582 2409 6737.51 561 169 562 169 563 169 564 169 564 170 564 171 565 171 565 172 565 173 565 174 565 175 565 176 565 177 565 178 565 179 566 179
2607 7558 2409 inf 560 176 561 176 562 176 563 176 564 176 565 176 565 177 565 178 565 179 566 179
2608 7530 2409 48131.2 566 191 566 190 566 189 566 188 566 187 565 187 565 186 565 185 565 184 565 183 565 182 565 181 565 180 565 179 566 179
2609 7574 2411 6737.51 559 168 558 168 558 169 558 170 557 170
2610 7555 2411 6737.51 557 174 557 173 557 172 557 171 557 170
2611 7569 2413 885463 544 155 543 155 542 155
2612 7560 2413 885463 540 156 540 155 541 155 542 155
2613 7571 2416 1.99283e+08 518 129 518 130
2614 7551 2416 1.99283e+08 515 134 515 133 516 133 516 132 517 132 517 131 518 131 518 130
2615 7575 2418 885463 546 156 546 155 545 155
2616 7569 2418 885463 543 155 544 155 545 155
2617 7580 2419 1.99283e+08 520 128 519 128 519 129
2618 7571 2419 1.99283e+08 518 130 518 129 519 129
2619 7582 2422 6737.51 562 169 561 169
2620 7579 2422 6737.51 560 168 560 169 561 169
2621 7574 2423 6737.51 558 168 559 168 560 168
2622 7579 2423 6737.51 560 169 560 168
2623 7588 2424 1.99283e+08 521 127 520 127 520 128
2624 7580 2424 1.99283e+08 519 128 520 128
2625 7592 2428 8.43852e+06 522 125 522 126 521 126
2626 7604 2428 1.99283e+08 521 120 521 121 521 122 521 123 521 124 521 125 521 126
2627 7588 2428 1.99283e+08 520 127 521 127 521 126
2628 7572 2429 209900 510 122 511 122 511 121 511 120 511 119 512 119 512 118 512 117
2629 7593 2429 209900 513 116 513 117 512 117
2630 7598 2432 8.43852e+06 523 124 522 124 522 125
2631 7592 2432 8.43852e+06 522 126 522 125
2632 7593 2434 209900 513 117 513 116 513 115
2633 7600 2434 209900 514 114 514 115 513 115
2634 7603 2436 8.43852e+06 524 123 523 123 523 124
2635 7598 2436 8.43852e+06 522 124 523 124
2636 7635 2437 1.64325e+07 576 164 575 164 574 164 573 164 572 164 571 164 570 164 569 164 568 164 567 164 566 164 565 164 565 165
2637 7618 2437 inf 563 157 563 158 563 159 564 159 564 160 564 161 564 162 564 163 564 164 564 165 565 165
2638 7597 2437 inf 565 167 565 166 565 165
2639 7605 2438 21412.5 532 130 531 130 530 130
2640 7599 2438 21412.5 529 129 529 130 530 130
2641 7599 2439 21412.5 529 130 529 129 529 128 528 128
2642 7606 2439 21412.5 529 127 529 128 528 128
2643 7600 2440 209900 514 115 514 114
2644 7607 2440 209900 515 113 514 113 514 114
2645 7609 2442 21412.5 529 127 529 126 529 125 529 124 529 123 528 123 527 123 526 123 525 123 524 123
2646 7612 2442 8.43852e+06 525 121 525 122 524 122 524 123
2647 7603 2442 8.43852e+06 523 123 524 123
2648 7609 2443 21412.5 529 126 529 127
2649 7606 2443 21412.5 529 128 529 127
2650 7607 2445 209900 514 113 515 113 515 112
2651 7616 2445 209900 516 111 516 112 515 112
2652 7627 2447 8.43852e+06 530 121 529 121 528 121 527 121 526 121 525 121
2653 7612 2447 8.43852e+06 525 122 525 121
2654 7622 2450 21412.5 535 128 535 129 534 129
2655 7605 2450 21412.5 531 130 532 130 532 129 533 129 534 129
2656 7625 2451 4987.45 565 156 564 156 564 157 563 157
2657 7630 2451 inf 563 153 563 154 563 155 563 156 563 157
2658 7575 2451 885463 546 155 546 156 547 156 548 156 549 156 550 156 551 156 552 156 553 156 554 156 555 156 556 156 557 156 558 156 559 156 560 156 561 156 562 156 562 157 563 157
2659 7618 2451 inf 563 158 563 157
2660 7616 2452 209900 516 112 516 111 516 110
2661 7624 2452 209900 518 110 517 110 516 110
2662 7637 2453 21412.5 539 127 538 127 538 128 537 128 536 128
2663 7622 2453 21412.5 535 129 535 128 536 128
2664 7636 2455 4987.45 567 155 566 155 566 156 565 156
2665 7625 2455 4987.45 564 156 565 156
2666 7633 2457 inf 563 152 563 153
2667 7630 2457 inf 563 154 563 153
2668 7634 2458 8.43852e+06 532 121 531 121
2669 7627 2458 8.43852e+06 529 121 530 121 531 121
2670 7648 2459 4987.45 570 150 570 151 570 152 570 153 570 154 569 154 568 154 568 155 567 155
2671 7636 2459 4987.45 566 155 567 155
2672 7643 2460 inf 564 148 564 149 564 150 564 151 564 152
2673 7633 2460 inf 563 153 563 152 564 152
2674 7650 2461 21412.5 545 125 544 125 544 126 543 126 542 126 541 126 541 127 540 127 539 127
2675 7637 2461 21412.5 538 127 539 127
2676 7640 2462 1.64325e+07 579 163 578 163 577 163 577 164
2677 7635 2462 1.64325e+07 575 164 576 164 577 164
2678 7639 2463 8.43852e+06 534 119 533 119 533 120
2679 7634 2463 8.43852e+06 531 121 532 121 532 120 533 120
2680 7644 2465 8.43852e+06 535 119 534 119
2681 7639 2465 8.43852e+06 533 119 534 119
2682 7645 2468 inf 565 146 565 147 564 147
2683 7643 2468 inf 564 149 564 148 564 147
2684 7646 2469 1.64325e+07 584 164 583 164 582 164
2685 7640 2469 1.64325e+07 578 163 579 163 580 163 581 163 581 164 582 164
2686 7688 2470 1.99283e+08 526 94 526 95 525 95 525 96 525 97 524 97 524 98 523 98 523 99 523 100 523 101 523 102 523 103 523 104
2687 7624 2470 209900 517 110 518 110 519 110 520 110 521 110 522 110 522 109 522 108 522 107 522 106 522 105 522 104 523 104
2688 7604 2470 1.99283e+08 521 121 521 120 521 119 521 118 521 117 521 116 521 115 521 114 521 113 522 113 522 112 522 111 522 110 522 109 522 108 522 107 522 106 522 105 522 104 523 104
2689 7652 2471 1.64325e+07 586 165 585 165
2690 7646 2471 1.64325e+07 583 164 584 164 584 165 585 165
2691 7654 2472 4987.45 571 148 571 149 571 150 570 150
2692 7648 2472 4987.45 570 151 570 150
2693 7665 2474 21412.5 549 122 549 123 549 124 548 124 548 125 547 125 546 125 545 125
2694 7650 2474 21412.5 544 125 545 125
2695 7659 2475 1.64325e+07 592 166 591 166 590 166 589 166 588 166
2696 7652 2475 1.64325e+07 585 165 586 165 586 166 587 166 588 166
2697 7664 2476 inf 568 141 567 141 567 142 567 143 566 143 566 144
2698 7645 2476 inf 565 147 565 146 566 146 566 145 566 144
2699 7655 2478 4987.45 571 147 571 148
2700 7654 2478 4987.45 571 149 571 148
2701 7740 2479 119556 590 148 589 148 588 148 587 148 586 148 585 148 584 148 583 148 582 148 581 148 580 148 579 148 578 148 577 148 576 148 575 148 574 148 573 148 573 147 572 147
2702 7667 2479 119556 573 145 573 146 572 146 572 147
2703 7655 2479 4987.45 571 148 571 147 572 147
2704 7666 2481 8.43852e+06 543 116 542 116
2705 7644 2481 8.43852e+06 534 119 535 119 536 119 536 118 537 118 538 118 538 117 539 117 540 117 540 116 541 116 542 116
2706 7690 2482 1.64325e+07 598 165 598 166 597 166 596 166 595 166 595 167 594 167 593 167
2707 7659 2482 1.64325e+07 591 166 592 166 592 167 593 167
2708 7671 2484 119556 573 144 573 145
2709 7667 2484 119556 573 146 573 145
2710 7671 2485 119556 573 145 573 144 572 144
2711 7675 2485 119556 573 143 572 143 572 144
2712 7684 2486 21412.5 552 121 551 121 551 122 550 122
2713 7665 2486 21412.5 549 123 549 122 550 122
2714 7672 2487 inf 568 139 568 140 569 140
2715 7664 2487 inf 567 141 568 141 569 141 569 140
2716 7681 2487 119556 572 141 571 141 570 141 569 141 569 140
2717 7677 2488 8.43852e+06 544 114 544 115
2718 7666 2488 8.43852e+06 542 116 543 116 543 115 544 115
2719 7680 2492 119556 573 142 573 143 574 143
2720 7675 2492 119556 572 143 573 143 574 143
2721 7686 2493 119556 573 141 573 142
2722 7680 2493 119556 573 143 573 142
2723 7696 2494 8.43852e+06 547 113 546 113 546 114 545 114
2724 7677 2494 8.43852e+06 544 115 544 114 545 114
2725 7681 2495 119556 571 141 572 141 572 140
2726 7687 2495 119556 573 141 572 141 572 140
2727 7697 2496 1.64325e+07 600 165 599 165 598 165
2728 7751 2496 119556 599 155 599 156 599 157 599 158 599 159 599 160 599 161 599 162 599 163 599 164 599 165 598 165
2729 7690 2496 1.64325e+07 598 166 598 165
2730 7693 2498 8687.58 575 141 574 141
2731 7687 2498 119556 572 141 573 141 574 141
2732 7686 2498 119556 573 142 573 141 574 141
2733 7709 2499 inf 571 134 571 135 570 135 570 136 569 136
2734 7672 2499 inf 568 140 568 139 568 138 568 137 569 137 569 136
2735 7705 2502 8.43852e+06 548 112 548 113 547 113
2736 7696 2502 8.43852e+06 546 113 547 113
2737 7706 2503 1.99283e+08 527 91 526 91 526 92
2738 7688 2503 1.99283e+08 526 95 526 94 526 93 526 92
2739 7714 2504 8687.58 577 139 576 139 576 140 576 141
2740 7693 2504 8687.58 574 141 575 141 576 141
2741 7712 2507 1.64325e+07 604 166 603 166 603 165 602 165 601 165
2742 7697 2507 1.64325e+07 599 165 600 165 601 165
2743 7728 2510 8.43852e+06 551 111 550 111 550 112 549 112 548 112
2744 7705 2510 8.43852e+06 548 113 548 112
2745 7722 2512 1.99283e+08 528 89 527 89 527 90
2746 7706 2512 1.99283e+08 526 91 527 91 527 90
2747 7733 2514 inf 572 131 572 132 571 132 571 133
2748 7709 2514 inf 571 135 571 134 571 133
2749 7716 2515 1.64325e+07 605 166 604 166 604 167
2750 7712 2515 1.64325e+07 603 166 604 166 604 167
2751 7724 2516 8687.58 577 137 577 138
2752 7714 2516 8687.58 576 139 577 139 577 138
2753 7684 2521 21412.5 551 121 552 121 552 120 552 119 552 118 552 117 552 116 552 115 552 114 552 113 552 112 552 111 551 111
2754 7742 2521 8.43852e+06 552 110 552 111 551 111
2755 7728 2521 8.43852e+06 550 111 551 111
2756 7756 2522 1.64325e+07 611 166 610 166 609 166 608 166 607 166
2757 7750 2522 6775 608 164 608 165 608 166 607 166
2758 7716 2522 1.64325e+07 604 166 605 166 606 166 607 166
2759 7746 2524 inf 572 129 572 130 572 131
2760 7733 2524 inf 572 132 572 131
2761 7748 2525 1.99283e+08 529 86 528 86 528 87
2762 7722 2525 1.99283e+08 527 89 528 89 528 88 528 87
2763 7753 2527 8687.58 579 135 578 135 578 136
2764 7724 2527 8687.58 577 138 577 137 577 136 578 136
2765 7752 2529 119556 592 149 592 148 591 148
2766 7740 2529 119556 589 148 590 148 591 148
2767 7742 2533 8.43852e+06 552 111 552 110 553 110
2768 7747 2533 8.43852e+06 555 112 554 112 553 112 553 111 553 110
2769 7762 2534 1.99283e+08 529 84 529 85 529 86
2770 7748 2534 1.99283e+08 528 86 529 86
2771 7766 2536 2825 609 163 608 163 608 164
2772 7767 2536 6775 608 162 608 163 608 164
2773 7750 2536 6775 608 165 608 164
2774 7759 2537 119556 595 150 594 150 594 149 593 149
2775 7752 2537 119556 592 148 592 149 593 149
2776 7769 2538 inf 574 128 573 128 573 129
2777 7746 2538 inf 572 130 572 129 573 129
2778 7776 2539 8.43852e+06 559 112 558 112 557 112 556 112
2779 7747 2539 8.43852e+06 554 112 555 112 556 112
2780 7758 2541 119556 598 153 598 154 599 154
2781 7751 2541 119556 599 156 599 155 599 154
2782 7759 2542 119556 594 150 595 150
2783 7758 2542 119556 598 154 598 153 597 153 597 152 596 152 596 151 595 151 595 150
2784 7764 2546 36512.5 611 165 611 166 612 166
2785 7756 2546 1.64325e+07 610 166 611 166 612 166
2786 7772 2546 1.64325e+07 612 167 612 166
2787 7768 2547 8687.58 578 132 578 133 579 133
2788 7753 2547 8687.58 578 135 579 135 579 134 579 133
2789 7780 2548 8687.58 578 130 578 131 578 132
2790 7768 2548 8687.58 578 133 578 132
2791 7778 2550 36512.5 611 163 611 164
2792 7764 2550 36512.5 611 166 611 165 611 164
2793 7778 2551 36512.5 611 164 611 163 610 163
2794 7782 2551 36512.5 611 162 611 163 610 163
2795 7766 2551 2825 608 163 609 163 610 163
2796 7788 2552 inf 576 127 575 127 575 128
2797 7769 2552 inf 573 128 574 128 575 128
2798 7775 2552 8687.58 576 129 575 129 575 128
2799 7791 2553 1.64325e+07 614 168 614 167 613 167
2800 7772 2553 1.64325e+07 612 166 612 167 613 167
2801 7786 2556 8687.58 578 129 578 130
2802 7780 2556 8687.58 578 131 578 130
2803 7796 2557 8.43852e+06 562 112 561 112 560 112
2804 7776 2557 8.43852e+06 558 112 559 112 560 112
2805 7793 2558 6775 610 160 609 160
2806 7767 2558 6775 608 163 608 162 608 161 608 160 609 160
2807 7775 2560 8687.58 575 129 576 129 577 129 577 128
2808 7786 2560 8687.58 578 130 578 129 577 129 577 128
2809 7797 2562 1.99283e+08 531 81 530 81
2810 7762 2562 1.99283e+08 529 85 529 84 530 84 530 83 530 82 530 81
2811 7801 2563 1.64325e+07 616 168 615 168 614 168
2812 7791 2563 1.64325e+07 614 167 614 168
2813 7831 2565 36512.5 616 160 616 161 615 161 614 161 613 161 612 161 611 161
2814 7793 2565 6775 609 160 610 160 610 161 611 161
2815 7782 2565 36512.5 611 163 611 162 611 161
2816 7806 2567 inf 576 124 576 125 576 126
2817 7788 2567 inf 575 127 576 127 576 126
2818 7808 2569 8.43852e+06 563 111 562 111
2819 7796 2569 8.43852e+06 561 112 562 112 562 111
2820 7811 2573 1.99283e+08 532 80 531 80
2821 7797 2573 1.99283e+08 530 81 531 81 531 80
2822 7801 2574 1.64325e+07 615 168 616 168
2823 7817 2574 1.64325e+07 617 169 616 169 616 168
2824 7807 2579 inf 575 123 575 124 576 124
2825 7806 2579 inf 576 125 576 124
2826 7827 2580 inf 576 121 575 121 575 122 575 123
2827 7807 2580 inf 575 124 575 123
2828 7828 2583 8.43852e+06 565 110 564 110 564 111
2829 7808 2583 8.43852e+06 562 111 563 111 564 111
2830 7829 2584 1.99283e+08 533 78 533 79 532 79
2831 7811 2584 1.99283e+08 531 80 532 80 532 79
2832 7817 2585 1.64325e+07 616 169 617 169
2833 7822 2585 1.64325e+07 617 170 617 169
2834 7839 2592 36512.5 618 160 617 160 616 160
2835 7831 2592 36512.5 616 161 616 160
2836 7838 2595 8.43852e+06 567 110 566 110
2837 7828 2595 8.43852e+06 564 110 565 110 566 110
2838 7849 2596 5250.02 535 77 534 77 534 78
2839 7829 2596 1.99283e+08 533 79 533 78 534 78
2840 7864 2596 1.99283e+08 539 78 538 78 538 79 537 79 536 79 535 79 534 79 534 78
2841 7865 2603 5250.02 536 75 536 76 535 76 535 77
2842 7849 2603 5250.02 534 77 535 77
2843 7856 2606 36512.5 622 161 621 161 621 160 620 160
2844 7839 2606 36512.5 617 160 618 160 619 160 620 160
2845 7881 2614 5250.02 537 73 537 74 536 74 536 75
2846 7865 2614 5250.02 536 76 536 75
2847 7876 2615 36512.5 625 162 625 161 624 161 623 161
2848 7934 2615 33756.2 632 156 631 156 631 157 631 158 630 158 630 159 629 159 629 160 628 160 628 161 627 161 626 161 625 161 624 161 623 161
2849 7856 2615 36512.5 621 161 622 161 623 161
2850 7875 2618 36512.5 629 167 629 166 629 165 629 164 628 164 628 163 627 163 627 162 626 162 625 162
2851 7876 2618 36512.5 625 161 625 162
2852 7888 2622 2718.74 582 117 581 117 580 117
2853 7879 2622 2718.74 580 116 580 117
2854 7880 2623 inf 580 116 579 116
2855 7827 2623 inf 575 121 576 121 576 120 577 120 577 119 578 119 578 118 579 118 579 117 579 116
2856 7896 2627 5250.02 539 73 538 73 537 73
2857 7881 2627 5250.02 537 74 537 73
2858 7897 2628 1.64325e+07 626 173 626 172 625 172
2859 7822 2628 1.64325e+07 617 169 617 170 618 170 618 171 619 171 620 171 621 171 622 171 623 171 623 172 624 172 625 172
2860 7893 2632 2718.74 583 117 582 117
2861 7888 2632 2718.74 581 117 582 117
2862 7894 2633 inf 581 115 580 115
2863 7880 2633 inf 579 116 580 116 580 115
2864 7879 2633 2718.74 580 117 580 116 580 115
2865 7901 2635 1.99283e+08 544 77 543 77 542 77
2866 7864 2635 1.99283e+08 538 78 539 78 540 78 541 78 541 77 542 77
2867 7914 2640 2718.74 586 116 585 116 585 117 584 117
2868 7893 2640 2718.74 582 117 583 117 584 117
2869 7904 2641 inf 582 114 581 114
2870 7894 2641 inf 580 115 581 115 581 114
2871 7908 2643 5250.02 541 73 540 73
2872 7896 2643 5250.02 538 73 539 73 540 73
2873 7909 2644 1.64325e+07 628 173 627 173
2874 7897 2644 1.64325e+07 626 172 626 173 627 173
2875 7918 2648 1.99283e+08 546 76 546 77 545 77
2876 7901 2648 1.99283e+08 543 77 544 77 545 77
2877 7915 2649 inf 582 112 582 113
2878 7905 2649 8.43852e+06 580 112 580 113 581 113 582 113
2879 7904 2649 inf 581 114 582 114 582 113
2880 7838 2650 8.43852e+06 566 110 567 110 568 110 569 110 570 110 571 110 572 110 573 110 574 110 575 110 576 110 577 110 578 110 579 110 580 110 580 111
2881 7905 2650 8.43852e+06 580 113 580 112 580 111
2882 7921 2651 5250.02 542 71 542 72 541 72
2883 7908 2651 5250.02 540 73 541 73 541 72
2884 7922 2652 1.64325e+07 630 174 629 174 628 174
2885 7909 2652 1.64325e+07 627 173 628 173 628 174
2886 7923 2653 2718.74 588 116 587 116 586 116
2887 7914 2653 2718.74 585 116 586 116
2888 7926 2655 2718.74 588 115 588 116 588 117
2889 7923 2655 2718.74 587 116 588 116 588 117
2890 7917 2656 215312 550 80 549 80 548 80 548 79 548 78 548 77 548 76 547 76
2891 7930 2656 1.99283e+08 549 75 548 75 547 75 547 76
2892 7918 2656 1.99283e+08 546 77 546 76 547 76
2893 7928 2657 5250.02 544 71 543 71
2894 7921 2657 5250.02 542 72 542 71 543 71
2895 7939 2659 2718.74 589 113 589 114 589 115
2896 7926 2659 2718.74 588 116 588 115 589 115
2897 7932 2661 inf 584 109 584 110
2898 7915 2661 inf 582 113 582 112 582 111 583 111 583 110 584 110
2899 7940 2663 1.99283e+08 550 74 549 74 549 75
2900 7930 2663 1.99283e+08 548 75 549 75
2901 7943 2664 3418.75 619 142 618 142 617 142
2902 7935 2664 3418.75 616 141 617 141 617 142
2903 7935 2665 3418.75 617 141 616 141
2904 7936 2665 3418.75 615 140 616 140 616 141
2905 7936 2666 3418.75 616 140 615 140
2906 7944 2666 3418.75 609 132 609 133 610 133 611 133 611 134 611 135 612 135 612 136 612 137 612 138 613 138 614 138 614 139 615 139 615 140
2907 7942 2667 3418.75 620 143 619 143
2908 7943 2667 3418.75 618 142 619 142 619 143
2909 7945 2668 3418.75 597 120 597 121
2910 7937 2668 3418.75 596 120 596 121 597 121
2911 7946 2669 3418.75 595 119 596 119 596 120
2912 7937 2669 3418.75 596 121 596 120
2913 7942 2671 3418.75 619 143 620 143 620 144 621 144
2914 7941 2671 3418.75 621 145 621 144
2915 7953 2672 33756.2 633 153 632 153 632 154
2916 7934 2672 33756.2 631 156 632 156 632 155 632 154
2917 7955 2673 3418.75 600 120 599 120 598 120
2918 7945 2673 3418.75 597 121 597 120 598 120
2919 7949 2674 3418.75 591 113 591 114 592 114
2920 7946 2674 3418.75 596 119 595 119 595 118 595 117 594 117 593 117 593 116 592 116 591 116 591 115 591 114 592 114
2921 7952 2675 2718.74 590 111 590 112
2922 7939 2675 2718.74 589 114 589 113 590 113 590 112
2923 7971 2676 1.64325e+07 641 176 641 175 640 175 639 175 638 175 637 175 636 175
2924 7875 2676 36512.5 629 166 629 167 629 168 629 169 629 170 629 171 629 172 629 173 630 173 631 173 631 174 632 174 633 174 634 174 634 175 635 175 636 175
2925 7922 2676 1.64325e+07 629 174 630 174 631 174 632 174 633 174 634 174 634 175 635 175 636 175
2926 7951 2677 3418.75 607 129 608 129
2927 7944 2677 3418.75 609 133 609 132 609 131 609 130 608 130 608 129
2928 7954 2678 3418.75 607 127 607 128
2929 7951 2678 3418.75 608 129 607 129 607 128
2930 7957 2679 215312 560 80 559 80
2931 7917 2679 215312 549 80 550 80 551 80 552 80 553 80 554 80 555 80 556 80 557 80 558 80 559 80
2932 7954 2680 3418.75 607 128 607 127 606 127 606 126 606 125 606 124 606 123 605 123 604 123 603 123 603 122 603 121 602 121 602 120 601 120 600 120
2933 7955 2680 3418.75 599 120 600 120
2934 7959 2682 inf 588 107 587 107
2935 7932 2682 inf 584 110 584 109 585 109 585 108 586 108 586 107 587 107
2936 7986 2683 1.99283e+08 556 68 556 69 555 69 554 69 554 70 553 70 552 70 552 71 551 71
2937 7928 2683 5250.02 543 71 544 71 545 71 546 71 547 71 548 71 549 71 550 71 551 71
2938 7940 2683 1.99283e+08 549 74 550 74 550 73 550 72 550 71 551 71
2939 7963 2685 215312 563 82 563 81 562 81
2940 7957 2685 215312 559 80 560 80 560 81 561 81 562 81
2941 7966 2687 inf 589 106 588 106
2942 7959 2687 inf 587 107 588 107 588 106
2943 7970 2688 215312 566 83 566 82 565 82 564 82
2944 7963 2688 215312 563 81 563 82 564 82
2945 7965 2689 7050 641 158 641 159 642 159
2946 7972 2689 7050 646 171 646 170 645 170 645 169 645 168 645 167 644 167 644 166 644 165 644 164 643 164 643 163 642 163 642 162 642 161 642 160 642 159
2947 8023 2690 215312 574 80 573 80 573 81 573 82 572 82 572 83 571 83 570 83 569 83 568 83 567 83 566 83
2948 7970 2690 215312 566 82 566 83
2949 7977 2692 7050 640 155 641 155 641 156 641 157
2950 7965 2692 7050 641 159 641 158 641 157
2951 7972 2695 7050 646 170 646 171
2952 7980 2695 7050 646 173 646 172 646 171
2953 7996 2699 751287 643 152 642 152 641 152 640 152 640 153
2954 7984 2699 751287 639 152 640 152 640 153
2955 7977 2699 7050 641 155 640 155 640 154 640 153
2956 7985 2701 inf 592 104 591 104
2957 7966 2701 inf 588 106 589 106 590 106 590 105 591 105 591 104
2958 7952 2701 2718.74 590 112 590 111 590 110 590 109 590 108 590 107 590 106 590 105 591 105 591 104
2959 7949 2701 3418.75 591 114 591 113 591 112 591 111 591 110 591 109 591 108 591 107 591 106 591 105 591 104
2960 7989 2703 751287 639 150 639 151
2961 7984 2703 751287 640 152 639 152 639 151
2962 8001 2704 1.99283e+08 557 66 557 67 557 68 556 68
2963 7986 2704 1.99283e+08 556 69 556 68
2964 8002 2712 751287 645 154 645 153 644 153 644 152 643 152
2965 7996 2712 751287 642 152 643 152
2966 7997 2713 751287 636 146 637 146
2967 7953 2713 33756.2 632 153 633 153 633 152 633 151 634 151 635 151 636 151 637 151 638 151 638 150 638 149 638 148 637 148 637 147 637 146
2968 7989 2713 751287 639 151 639 150 638 150 638 149 638 148 637 148 637 147 637 146
2969 8003 2716 751287 635 144 636 144
2970 7941 2716 3418.75 621 144 621 145 622 145 622 146 623 146 624 146 625 146 626 146 627 146 628 146 629 146 630 146 631 146 632 146 633 146 634 146 635 146 636 146 636 145 636 144
2971 7997 2716 751287 637 146 636 146 636 145 636 144
2972 8017 2717 1.64325e+07 648 178 647 178
2973 7980 2717 7050 646 172 646 173 646 174 646 175 646 176 646 177 646 178 647 178
2974 7971 2717 1.64325e+07 641 175 641 176 642 176 643 176 644 176 644 177 645 177 646 177 646 178 647 178
2975 8014 2719 751287 634 142 635 142
2976 8003 2719 751287 636 144 635 144 635 143 635 142
2977 8032 2731 751287 648 153 647 153
2978 8002 2731 751287 645 153 645 154 646 154 647 154 647 153
2979 8034 2735 751287 633 139 634 139 634 140
2980 8014 2735 751287 635 142 634 142 634 141 634 140
2981 8036 2736 215312 574 79 574 80
2982 8023 2736 215312 573 80 574 80
2983 8017 2737 1.64325e+07 647 178 648 178 648 179
2984 8043 2737 1.64325e+07 649 180 648 180 648 179
2985 8041 2738 751287 632 136 632 137 633 137 633 138
2986 8034 2738 751287 634 139 633 139 633 138
2987 8050 2739 inf 599 102 598 102 597 102
2988 7985 2739 inf 591 104 592 104 592 103 593 103 593 102 594 102 595 102 596 102 597 102
2989 8046 2742 751287 655 158 654 158
2990 8057 2742 751287 654 156 654 157 654 158
2991 8043 2748 1.64325e+07 648 180 649 180
2992 8053 2748 1.64325e+07 649 181 649 180
2993 8045 2750 6249.96 662 165 662 166 662 167
2994 8071 2750 6249.96 663 169 663 168 662 168 662 167
2995 8061 2751 751287 631 134 632 134 632 135
2996 8041 2751 751287 632 137 632 136 632 135
2997 8064 2752 1.99283e+08 562 64 561 64
2998 8001 2752 1.99283e+08 557 67 557 66 557 65 558 65 559 65 559 64 560 64 561 64
2999 8032 2754 751287 647 153 648 153 649 153 650 153 651 153 651 154 652 154 652 155 652 156 653 156 654 156
3000 8057 2754 751287 654 157 654 156
3001 8067 2757 751287 630 132 631 132 631 133
3002 8061 2757 751287 632 134 631 134 631 133
3003 8068 2759 215312 577 78 576 78
3004 8036 2759 215312 574 80 574 79 574 78 575 78 576 78
3005 8074 2760 1.64325e+07 651 182 651 181 650 181
3006 8053 2760 1.64325e+07 649 180 649 181 650 181
3007 8078 2763 751287 629 128 629 129 629 130 630 130 630 131
3008 8067 2763 751287 631 132 630 132 630 131
3009 8086 2764 inf 603 101 603 102 602 102 601 102
3010 8050 2764 inf 598 102 599 102 600 102 601 102
3011 8083 2765 1.99283e+08 564 63 564 64 563 64
3012 8064 2765 1.99283e+08 561 64 562 64 563 64
3013 8071 2766 6249.96 663 168 663 169
3014 8077 2766 6249.96 663 170 663 169
3015 8094 2767 751287 663 160 662 160 662 161 662 162
3016 8046 2767 751287 654 158 655 158 656 158 656 159 657 159 658 159 659 159 660 159 661 159 662 159 662 160 662 161 662 162
3017 8045 2767 6249.96 662 166 662 165 662 164 662 163 662 162
3018 8082 2768 215312 579 78 578 78
3019 8068 2768 215312 576 78 577 78 578 78
3020 8096 2769 1.64325e+07 654 182 653 182 652 182 651 182
3021 8074 2769 1.64325e+07 651 181 651 182
3022 8079 2770 751287 628 127 628 128 629 128
3023 8078 2770 751287 629 129 629 128
3024 8085 2771 751287 626 124 626 125 627 125 627 126 628 126 628 127
3025 8079 2771 751287 628 128 628 127
3026 8089 2772 6249.96 665 170 664 170 663 170 663 171
3027 8077 2772 6249.96 663 169 663 170 663 171
3028 8090 2773 6249.96 667 168 666 168
3029 8098 2773 6249.96 666 170 666 169 666 168
3030 8122 2777 751287 624 116 624 117 624 118 624 119 624 120 624 121 625 121 625 122 626 122 626 123 626 124
3031 8085 2777 751287 626 125 626 124
3032 8101 2780 751287 663 159 663 160
3033 8094 2780 751287 662 160 663 160
3034 8098 2781 6249.96 666 169 666 170
3035 8089 2781 6249.96 664 170 665 170 666 170
3036 8099 2782 inf 669 166 669 167 668 167 668 168
3037 8090 2782 6249.96 666 168 667 168 668 168
3038 8110 2782 inf 668 170 668 169 668 168
3039 8104 2783 inf 669 164 669 165
3040 8099 2783 inf 669 167 669 166 669 165
3041 8104 2784 inf 669 165 669 164 668 164
3042 8105 2784 inf 668 163 668 164
3043 8120 2790 inf 669 161 669 162 668 162
3044 8105 2790 inf 668 164 668 163 668 162
3045 8121 2792 751287 668 160 667 160 666 160
3046 8116 2792 751287 666 159 666 160
3047 8116 2793 751287 666 160 666 159 665 159
3048 8101 2793 751287 663 160 663 159 664 159 665 159
3049 8117 2794 1.99283e+08 568 61 567 61
3050 8083 2794 1.99283e+08 564 64 564 63 565 63 566 63 566 62 567 62 567 61
3051 8118 2795 1.64325e+07 658 182 657 182
3052 8096 2795 1.64325e+07 653 182 654 182 655 182 656 182 657 182
3053 8141 2796 inf 669 174 669 173 669 172 669 171 668 171
3054 8110 2796 inf 668 169 668 170 668 171
3055 8125 2799 inf 669 160 669 161
3056 8120 2799 inf 669 162 669 161
3057 8125 2800 inf 669 161 669 160 668 160
3058 8144 2800 inf 669 158 668 158 668 159 668 160
3059 8121 2800 751287 667 160 668 160
3060 8127 2801 inf 609 100 608 100
3061 8139 2801 1.99283e+08 607 98 608 98 608 99 608 100
3062 8086 2801 inf 603 102 603 101 604 101 605 101 606 101 606 100 607 100 608 100
3063 8129 2802 1.99283e+08 570 61 569 61
3064 8117 2802 1.99283e+08 567 61 568 61 569 61
3065 8138 2807 inf 611 101 610 101
3066 8127 2807 inf 608 100 609 100 609 101 610 101
3067 8139 2808 1.99283e+08 608 98 607 98
3068 8283 2808 3175.01 597 69 597 70 597 71 597 72 597 73 597 74 597 75 597 76 597 77 597 78 597 79 597 80 597 81 597 82 597 83 598 83 598 84 599 84 600 84 600 85 601 85 602 85 603 85 603 86 604 86 604 87 605 87 606 87 606 88 606 89 606 90 606 91 607 91 607 92 607 93 607 94 607 95 607 96 607 97 607 98
3069 8164 2808 1.99283e+08 586 73 587 73 587 74 587 75 587 76 588 76 588 77 588 78 589 78 589 79 589 80 590 80 591 80 591 81 592 81 593 81 594 81 595 81 595 82 596 82 597 82 597 83 598 83 598 84 599 84 600 84 600 85 601 85 602 85 603 85 603 86 604 86 604 87 605 87 606 87 606 88 606 89 606 90 606 91 607 91 607 92 607 93 607 94 607 95 607 96 607 97 607 98
3070 8082 2808 215312 578 78 579 78 580 78 581 78 582 78 583 78 584 78 585 78 586 78 587 78 588 78 589 78 589 79 589 80 590 80 591 80 591 81 592 81 593 81 594 81 595 81 595 82 596 82 597 82 597 83 598 83 598 84 599 84 600 84 600 85 601 85 602 85 603 85 603 86 604 86 604 87 605 87 606 87 606 88 606 89 606 90 606 91 607 91 607 92 607 93 607 94 607 95 607 96 607 97 607 98
3071 8159 2815 inf 616 103 615 103 615 102 614 102 613 102
3072 8138 2815 inf 610 101 611 101 611 102 612 102 613 102
3073 8150 2816 1.99283e+08 582 70 581 70 581 69 580 69
3074 8151 2816 1.99283e+08 580 68 580 69
3075 8171 2819 inf 618 103 618 104 617 104 616 104
3076 8159 2819 inf 615 103 616 103 616 104
3077 8165 2820 1.99283e+08 585 72 585 71 584 71 583 71
3078 8160 2820 1.99283e+08 583 70 583 71
3079 8160 2821 1.99283e+08 583 71 583 70 582 70
3080 8150 2821 1.99283e+08 581 70 582 70
3081 8153 2823 inf 668 176 668 177 667 177 667 178
3082 8166 2823 inf 667 180 667 179 667 178
3083 8141 2824 inf 669 173 669 174 669 175 669 176
3084 8153 2824 inf 668 177 668 176 669 176
3085 8164 2825 1.99283e+08 587 73 586 73 586 72 585 72
3086 8165 2825 1.99283e+08 585 71 585 72
3087 8129 2826 1.99283e+08 569 61 570 61 571 61 572 61 572 60 573 60
3088 8151 2826 1.99283e+08 580 69 580 68 579 68 578 68 578 67 577 67 577 66 576 66 576 65 576 64 576 63 576 62 576 61 575 61 574 61 573 61 573 60
3089 8294 2826 35662.5 593 64 592 64 592 63 591 63 590 63 589 63 589 62 588 62 587 62 586 62 585 62 585 61 584 61 583 61 582 61 581 61 580 61 579 61 578 61 577 61 576 61 575 61 574 61 573 61 573 60
3090 8175 2832 inf 669 153 669 154
3091 8144 2832 inf 668 158 669 158 669 157 669 156 669 155 669 154
3092 8182 2835 35662.5 617 101 618 101 618 102
3093 8171 2835 inf 618 104 618 103 618 102
3094 8181 2835 inf 620 103 619 103 618 103 618 102
3095 8182 2836 35662.5 618 101 617 101
3096 8183 2836 35662.5 616 99 616 100 617 100 617 101
3097 8274 2844 5.28745e+07 677 149 676 149 675 149 674 149 673 149 672 149 671 149 670 149 669 149 668 149 667 149
3098 8191 2844 inf 666 149 667 149
3099 8175 2844 inf 669 154 669 153 668 153 668 152 668 151 667 151 667 150 667 149
3100 8197 2845 inf 665 146 666 146 666 147
3101 8191 2845 inf 667 149 666 149 666 148 666 147
3102 8197 2846 inf 666 146 665 146
3103 8257 2846 inf 664 137 664 138 664 139 664 140 664 141 664 142 664 143 665 143 665 144 665 145 665 146
3104 8200 2849 751287 627 107 626 107
3105 8122 2849 751287 624 117 624 116 624 115 624 114 624 113 624 112 624 111 624 110 624 109 624 108 624 107 625 107 626 107
3106 8221 2851 7093.73 618 94 617 94 616 94 616 95 616 96
3107 8344 2851 35662.5 611 79 612 79 612 80 613 80 613 81 614 81 614 82 614 83 614 84 615 84 615 85 615 86 615 87 615 88 615 89 615 90 615 91 615 92 615 93 615 94 615 95 615 96 616 96
3108 8183 2851 35662.5 616 100 616 99 616 98 616 97 616 96
3109 8203 2852 5.28745e+07 682 160 681 160 681 159 680 159
3110 8217 2852 5.28745e+07 681 157 681 158 681 159 680 159
3111 8237 2854 inf 636 112 636 111 635 111 634 111 633 111 633 110 633 109 632 109 631 109 630 109
3112 8213 2854 inf 630 107 630 108 630 109
3113 8219 2855 inf 655 131 655 132 654 132
3114 8210 2855 inf 654 131 654 132
3115 8281 2856 inf 644 116 643 116 643 115 642 115 642 114 641 114 640 114 639 114 638 114 637 114 636 114
3116 8212 2856 inf 636 113 636 114
3117 8252 2857 146975 673 186 673 185 672 185 671 185 670 185
3118 8207 2857 146975 669 185 670 185
3119 8216 2858 5.28745e+07 684 160 683 160
3120 8203 2858 5.28745e+07 681 160 682 160 683 160
3121 8214 2860 inf 629 106 629 107 630 107
3122 8213 2860 inf 630 108 630 107
3123 8222 2861 inf 670 187 669 187
3124 8207 2861 146975 670 185 669 185 669 186 669 187
3125 8166 2861 inf 667 179 667 180 667 181 667 182 667 183 668 183 668 184 668 185 668 186 669 186 669 187
3126 8118 2861 1.64325e+07 657 182 658 182 659 182 660 182 661 182 662 182 663 182 664 182 665 182 666 182 667 182 667 183 668 183 668 184 668 185 668 186 669 186 669 187
3127 8231 2863 inf 654 129 654 130
3128 8210 2863 inf 654 132 654 131 654 130
3129 8258 2864 inf 655 128 654 128 653 128 653 129
3130 8233 2864 inf 652 128 653 128 653 129
3131 8237 2869 inf 636 111 636 112
3132 8212 2869 inf 636 114 636 113 636 112
3133 8255 2870 5.28745e+07 691 168 691 167 690 167
3134 8226 2870 5.28745e+07 690 165 690 166 690 167
3135 8241 2871 5.28745e+07 685 159 685 160
3136 8240 2871 5.28745e+07 687 161 686 161 685 161 685 160
3137 8241 2872 5.28745e+07 685 160 685 159 684 159
3138 8216 2872 5.28745e+07 683 160 684 160 684 159
3139 8218 2874 5.28745e+07 680 157 681 157 682 157
3140 8217 2874 5.28745e+07 681 158 681 157 682 157
3141 8230 2875 inf 657 133 658 133
3142 8229 2875 inf 658 134 658 133
3143 8246 2876 inf 656 131 657 131 657 132
3144 8230 2876 inf 658 133 657 133 657 132
3145 8259 2877 inf 652 125 652 126 652 127
3146 8233 2877 inf 653 128 652 128 652 127
3147 8222 2879 inf 669 187 670 187 670 188
3148 8268 2879 inf 669 190 670 190 670 189 670 188
3149 8227 2882 5.28745e+07 688 164 689 164 690 164
3150 8226 2882 5.28745e+07 690 166 690 165 690 164
3151 8256 2883 5.28745e+07 688 161 688 162
3152 8227 2883 5.28745e+07 689 164 688 164 688 163 688 162
3153 8256 2884 5.28745e+07 688 162 688 161 687 161
3154 8240 2884 5.28745e+07 686 161 687 161
3155 8219 2885 inf 655 132 655 131 656 131 656 130
3156 8246 2885 inf 657 131 656 131 656 130
3157 8277 2886 2981.27 656 128 655 128 655 129
3158 8258 2886 inf 654 128 655 128 655 129
3159 8231 2886 inf 654 130 654 129 655 129
3160 8462 2890 146975 689 185 688 185 687 185 686 185 685 185 684 185 683 185 682 185 681 185 680 185 679 185 678 185 677 185 676 185 675 185 674 185 674 186 673 186
3161 8252 2890 146975 673 185 673 186
3162 8287 2891 5.28745e+07 693 168 692 168 691 168
3163 8255 2891 5.28745e+07 691 167 691 168
3164 8271 2892 5.28745e+07 680 153 681 153 681 154
3165 8218 2892 5.28745e+07 681 157 680 157 680 156 680 155 680 154 681 154
3166 8272 2893 5.28745e+07 678 151 679 151 679 152
3167 8271 2893 5.28745e+07 681 153 680 153 679 153 679 152
3168 8214 2894 inf 629 107 629 106 629 105 629 104 629 103 629 102 629 101 628 101
3169 8282 2894 inf 628 100 628 101
3170 8200 2894 751287 626 107 627 107 627 106 627 105 628 105 628 104 628 103 628 102 628 101
3171 8282 2895 inf 628 101 628 100 627 100
3172 8261 2895 inf 626 100 627 100
3173 8261 2896 inf 627 100 626 100 626 99 626 98 625 98
3174 8221 2896 7093.73 617 94 618 94 619 94 620 94 621 94 622 94 623 94 623 95 624 95 624 96 625 96 625 97 625 98
3175 8181 2896 inf 619 103 620 103 621 103 622 103 622 102 622 101 623 101 624 101 625 101 625 100 625 99 625 98
3176 8289 2899 5.28745e+07 678 149 678 150
3177 8272 2899 5.28745e+07 679 151 678 151 678 150
3178 8289 2900 5.28745e+07 678 150 678 149 677 149
3179 8369 2900 20931.3 682 147 681 147 680 147 679 147 678 147 678 148 678 149 677 149
3180 8274 2900 5.28745e+07 676 149 677 149
3181 8276 2902 inf 663 135 663 136 664 136
3182 8257 2902 inf 664 138 664 137 664 136
3183 8297 2903 2981.27 662 132 662 133 662 134 663 134 663 135
3184 8229 2903 inf 658 133 658 134 659 134 660 134 661 134 662 134 663 134 663 135
3185 8276 2903 inf 663 136 663 135
3186 8299 2904 2981.27 657 127 656 127 656 128
3187 8277 2904 2981.27 655 128 656 128
3188 8290 2905 inf 651 123 652 123 652 124
3189 8259 2905 inf 652 126 652 125 652 124
3190 8290 2906 inf 652 123 651 123
3191 8291 2906 inf 650 122 651 122 651 123
3192 8280 2907 inf 646 119 647 119
3193 8279 2907 inf 647 120 647 119
3194 8268 2909 inf 670 190 669 190 669 191 668 191 668 192 668 193 668 194 667 194 666 194 665 194 665 195 665 196
3195 8308 2909 inf 665 198 665 197 665 196
3196 8295 2911 5.28745e+07 694 168 693 168
3197 8287 2911 5.28745e+07 692 168 693 168
3198 8315 2912 inf 650 119 650 120 650 121
3199 8291 2912 inf 651 122 650 122 650 121
3200 8292 2913 inf 645 116 645 117 646 117
3201 8280 2913 inf 647 119 646 119 646 118 646 117
3202 8281 2914 inf 643 116 644 116 645 116
3203 8292 2914 inf 645 117 645 116
3204 8316 2915 35662.5 595 65 595 64 594 64 593 64
3205 8294 2915 35662.5 592 64 593 64
3206 8312 2918 2981.27 660 129 660 130 661 130 661 131 662 131 662 132
3207 8297 2918 2981.27 662 133 662 132
3208 8315 2919 inf 650 120 650 119 649 119
3209 8279 2919 inf 647 119 647 120 648 120 649 120 649 119
3210 8295 2921 5.28745e+07 693 168 694 168 694 169
3211 8319 2921 5.28745e+07 694 170 694 169
3212 8333 2926 3187.5 668 197 667 197 666 197 666 198
3213 8308 2926 inf 665 197 665 198 666 198
3214 8346 2926 inf 667 199 666 199 666 198
3215 8324 2927 2981.27 659 127 659 128 660 128
3216 8312 2927 2981.27 660 130 660 129 660 128
3217 8325 2928 2981.27 658 127 659 127
3218 8324 2928 2981.27 659 128 659 127
3219 8338 2929 2981.27 658 125 658 126
3220 8325 2929 2981.27 659 127 658 127 658 126
3221 8338 2930 2981.27 658 126 658 125 657 125
3222 8299 2930 2981.27 656 127 657 127 657 126 657 125
3223 8316 2935 35662.5 595 64 595 65 596 65 597 65
3224 8332 2935 35662.5 597 66 597 65
3225 8358 2939 35662.5 611 77 611 78
3226 8344 2939 35662.5 612 79 611 79 611 78
3227 8362 2942 35662.5 601 67 600 67
3228 8332 2942 35662.5 597 65 597 66 598 66 599 66 599 67 600 67
3229 8359 2954 35662.5 608 75 609 75
3230 8358 2954 35662.5 611 78 611 77 610 77 610 76 609 76 609 75
3231 8378 2955 35662.5 607 72 607 73 608 73 608 74
3232 8359 2955 35662.5 609 75 608 75 608 74
3233 8380 2956 35662.5 604 69 603 69
3234 8362 2956 35662.5 600 67 601 67 601 68 602 68 603 68 603 69
3235 8283 2956 3175.01 597 70 597 69 597 68 598 68 599 68 600 68 601 68 602 68 603 68 603 69
3236 8319 2958 5.28745e+07 694 169 694 170 695 170 695 171 696 171
3237 8383 2958 5.28745e+07 696 172 696 171
3238 8386 2963 20931.3 683 147 683 148 684 148
3239 8449 2963 20931.3 689 149 688 149 687 149 686 149 685 149 684 149 684 148
3240 8369 2964 20931.3 681 147 682 147 682 146
3241 8386 2964 20931.3 683 148 683 147 682 147 682 146
3242 8393 2968 35662.5 605 69 605 70 606 70
3243 8378 2968 35662.5 607 73 607 72 607 71 606 71 606 70
3244 8380 2969 35662.5 603 69 604 69 605 69
3245 8393 2969 35662.5 605 70 605 69
3246 8333 2971 3187.5 667 197 668 197 668 198 668 199 668 200 667 200 667 201 667 202
3247 8346 2971 inf 666 199 667 199 667 200 667 201 667 202
3248 8407 2971 inf 666 204 666 203 667 203 667 202
3249 8429 2974 5.28745e+07 697 174 697 173 696 173
3250 8383 2974 5.28745e+07 696 171 696 172 696 173
3251 8407 2979 inf 666 203 666 204
3252 8441 2979 inf 667 205 666 205 666 204
3253 8429 2990 5.28745e+07 697 173 697 174
3254 8486 2990 5.28745e+07 700 176 700 175 699 175 698 175 697 175 697 174
3255 8447 2991 20931.3 692 153 692 152 691 152 691 151 690 151
3256 8448 2991 20931.3 689 150 690 150 690 151
3257 8448 2992 20931.3 690 150 689 150
3258 8449 2992 20931.3 688 149 689 149 689 150
3259 8456 3001 20931.3 704 163 704 164
3260 8444 3001 20931.3 705 167 705 166 705 165 704 165 704 164
3261 8456 3002 20931.3 704 164 704 163 703 163
3262 8445 3002 20931.3 701 162 702 162 703 162 703 163
3263 8446 3003 20931.3 699 159 699 160 700 160
3264 8445 3003 20931.3 702 162 701 162 701 161 700 161 700 160
3265 8447 3004 20931.3 692 152 692 153 693 153
3266 8433 3004 20931.3 695 156 694 156 694 155 694 154 693 154 693 153
3267 8457 3008 20931.3 698 158 699 158
3268 8446 3008 20931.3 699 160 699 159 699 158
3269 8458 3009 20931.3 697 156 697 157 698 157
3270 8457 3009 20931.3 699 158 698 158 698 157
3271 8433 3010 20931.3 694 156 695 156 696 156 697 156
3272 8458 3010 20931.3 697 157 697 156
3273 8462 3013 146975 688 185 689 185
3274 8485 3013 146975 690 186 689 186 689 185
3275 8444 3015 20931.3 705 166 705 167 705 168 705 169
3276 8472 3015 20931.3 705 170 705 169
3277 8545 3025 3256.25 674 207 673 207 672 207 671 207 670 207 669 207 668 207 667 207 667 208 667 209
3278 8441 3025 inf 666 205 667 205 667 206 667 207 667 208 667 209
3279 8512 3025 inf 668 210 667 210 667 209
3280 8499 3027 5.28745e+07 701 176 700 176
3281 8486 3027 5.28745e+07 700 175 700 176
3282 8472 3028 20931.3 705 169 705 170 706 170
3283 8513 3028 20931.3 707 171 706 171 706 170
3284 8528 3042 3256.25 691 188 690 188
3285 8536 3042 3256.25 690 190 690 189 690 188
3286 8574 3043 146975 694 190 693 190 692 190 692 189 692 188 692 187 691 187
3287 8485 3043 146975 689 186 690 186 691 186 691 187
3288 8528 3043 3256.25 690 188 691 188 691 187
3289 8513 3045 20931.3 706 171 707 171
3290 8539 3045 20931.3 707 173 707 172 707 171
3291 8581 3058 inf 670 215 670 214 670 213 670 212 669 212 668 212
3292 8512 3058 inf 667 210 668 210 668 211 668 212
3293 8562 3060 20931.3 708 174 708 173 707 173
3294 8539 3060 20931.3 707 172 707 173
3295 8558 3066 3256.25 675 207 674 207
3296 8545 3066 3256.25 673 207 674 207
3297 8558 3067 3256.25 674 207 675 207 675 206
3298 8592 3067 3256.25 679 208 678 208 677 208 676 208 675 208 675 207 675 206
3299 8499 3077 5.28745e+07 700 176 701 176 701 177 702 177 703 177 703 178 704 178
3300 8578 3077 5.28745e+07 705 179 704 179 704 178
3301 8562 3083 20931.3 708 173 708 174 709 174
3302 8585 3083 20931.3 709 176 709 175 709 174
3303 8586 3086 inf 670 216 670 215 669 215
3304 8581 3086 inf 670 214 670 215 669 215
3305 8583 3087 5.28745e+07 706 179 705 179
3306 8578 3087 5.28745e+07 704 179 705 179
3307 8593 3090 146975 695 192 695 191 694 191
3308 8574 3090 146975 693 190 694 190 694 191
3309 8585 3092 20931.3 709 175 709 176
3310 8595 3092 20931.3 710 177 709 177 709 176
3311 8586 3094 inf 670 215 670 216
3312 8601 3094 inf 670 218 670 217 670 216
3313 8602 3096 5.28745e+07 707 181 707 180 706 180
3314 8583 3096 5.28745e+07 705 179 706 179 706 180
3315 8536 3100 3256.25 690 189 690 190 690 191 690 192 690 193 689 193 689 194 689 195 689 196 689 197 689 198
3316 8605 3100 3256.25 689 200 689 199 689 198
3317 8607 3101 146975 696 193 696 192 695 192
3318 8593 3101 146975 695 191 695 192
3319 8595 3102 20931.3 709 177 710 177 711 177 711 176
3320 8617 3102 5.28745e+07 711 180 711 179 711 178 711 177 711 176
3321 8610 3102 5.28745e+07 712 177 711 177 711 176
3322 8601 3103 inf 670 217 670 218
3323 8611 3103 inf 671 219 670 219 670 218
3324 8623 3104 3256.25 685 208 684 208 683 208 682 208 682 209 681 209 680 209 679 209
3325 8592 3104 3256.25 678 208 679 208 679 209
3326 8641 3105 43393.8 711 187 711 186 711 185 711 184 711 183 711 182 710 182 709 182 708 182 708 181 707 181
3327 8617 3105 5.28745e+07 711 179 711 180 711 181 711 182 710 182 709 182 708 182 708 181 707 181
3328 8602 3105 5.28745e+07 707 180 707 181
3329 8605 3108 3256.25 689 199 689 200 688 200 688 201
3330 8612 3108 3256.25 688 202 688 201
3331 8614 3111 5.28745e+07 713 177 712 177
3332 8610 3111 5.28745e+07 711 177 712 177
3333 8631 3112 5.28745e+07 717 178 717 177 716 177 715 177 714 177 714 176 713 176
3334 8639 3112 5331.25 724 173 723 173 722 173 721 173 720 173 720 174 719 174 718 174 717 174 717 175 717 176 717 177 716 177 715 177 714 177 714 176 713 176
3335 8614 3112 5.28745e+07 712 177 713 177 713 176
3336 8613 3113 146975 697 193 696 193 696 194
3337 8607 3113 146975 696 192 696 193 696 194
3338 8612 3114 3256.25 688 201 688 202 688 203 688 204 687 204
3339 8620 3114 3256.25 687 205 687 204
3340 8613 3115 146975 696 193 697 193 698 193
3341 8624 3115 146975 699 194 698 194 698 193
3342 8611 3119 inf 670 219 671 219 671 220 672 220 672 221
3343 8625 3119 inf 672 222 672 221
3344 8620 3120 3256.25 687 204 687 205 686 205 686 206 685 206 685 207 685 208
3345 8623 3120 3256.25 684 208 685 208
3346 8624 3122 146975 698 194 699 194
3347 8634 3122 146975 700 196 699 196 699 195 699 194
3348 8625 3128 inf 672 221 672 222 673 222 673 223
3349 8638 3128 inf 673 224 673 223
3350 8634 3129 146975 699 196 700 196
3351 8644 3129 146975 701 198 701 197 700 197 700 196
3352 8646 3131 5.28745e+07 719 180 719 179 719 178 718 178
3353 8631 3131 5.28745e+07 717 177 717 178 718 178
3354 8665 3134 5331.25 728 174 727 174 726 174 725 174 725 173 724 173
3355 8639 3134 5331.25 723 173 724 173
3356 8638 3135 inf 673 223 673 224 674 224
3357 8647 3135 inf 674 226 674 225 674 224
3358 8654 3136 inf 675 226 674 226 673 226
3359 8647 3136 inf 674 225 674 226 673 226
3360 8658 3138 146975 703 198 702 198 701 198
3361 8644 3138 146975 701 197 701 198
3362 8649 3139 43393.8 712 188 711 188
3363 8641 3139 43393.8 711 186 711 187 711 188
3364 8646 3142 5.28745e+07 719 179 719 180 720 180
3365 8661 3142 5.28745e+07 720 181 720 180
3366 8654 3144 inf 674 226 675 226
3367 8670 3144 inf 676 228 676 227 675 227 675 226
3368 8663 3147 43393.8 713 189 712 189
3369 8649 3147 43393.8 711 188 712 188 712 189
3370 8671 3149 146975 704 200 704 199 703 199
3371 8658 3149 146975 702 198 703 198 703 199
3372 8661 3152 5.28745e+07 720 180 720 181 721 181
3373 8667 3152 5.28745e+07 721 182 721 181
3374 8665 3153 5331.25 727 174 728 174
3375 8672 3153 5331.25 729 175 728 175 728 174
3376 8691 3155 43393.8 716 192 715 192 715 191 714 191 714 190 713 190
3377 8663 3155 43393.8 712 189 713 189 713 190
3378 8667 3158 5.28745e+07 721 181 721 182 722 182
3379 8682 3158 5.28745e+07 723 183 722 183 722 182
3380 8670 3161 inf 676 227 676 228 676 229
3381 8684 3161 inf 677 230 676 230 676 229
3382 8671 3164 146975 704 199 704 200 705 200
3383 8680 3164 146975 705 201 705 200
3384 8694 3165 5.28745e+07 724 184 724 183 723 183
3385 8682 3165 5.28745e+07 722 183 723 183
3386 8684 3168 inf 676 230 677 230
3387 8701 3168 inf 679 231 678 231 677 231 677 230
3388 8680 3170 146975 705 200 705 201 706 201
3389 8697 3170 146975 707 202 706 202 706 201
3390 8709 3173 5331.25 734 177 734 176 733 176 732 176 731 176
3391 8672 3173 5331.25 728 175 729 175 730 175 730 176 731 176
3392 8712 3175 43393.8 719 193 718 193 717 193 717 192 716 192
3393 8691 3175 43393.8 715 192 716 192
3394 8699 3176 5.28745e+07 725 184 724 184
3395 8694 3176 5.28745e+07 724 183 724 184
3396 8697 3180 146975 706 202 707 202 707 203
3397 8704 3180 146975 707 204 707 203
3398 8699 3183 5.28745e+07 724 184 725 184 725 185 726 185
3399 8715 3183 5.28745e+07 726 187 726 186 726 185
3400 8723 3185 5331.25 736 179 736 178 736 177 735 177 734 177
3401 8709 3185 5331.25 734 176 734 177
3402 8701 3186 inf 678 231 679 231 679 232 680 232
3403 8724 3186 inf 682 234 681 234 681 233 680 233 680 232
3404 8713 3187 146975 709 204 708 204
3405 8704 3187 146975 707 203 707 204 708 204
3406 8712 3189 43393.8 718 193 719 193 720 193
3407 8718 3189 43393.8 720 194 720 193
3408 8729 3191 5.28745e+07 728 189 727 189 727 188 727 187 726 187
3409 8738 3191 34018.7 731 186 731 187 730 187 729 187 728 187 727 187 726 187
3410 8715 3191 5.28745e+07 726 186 726 187
3411 8713 3192 146975 708 204 709 204 710 204
3412 8721 3192 146975 710 205 710 204
3413 8731 3196 inf 683 235 683 234 682 234
3414 8724 3196 inf 681 234 682 234
3415 8718 3197 43393.8 720 193 720 194 721 194 722 194
3416 8728 3197 43393.8 722 195 722 194
3417 8733 3199 146975 712 206 711 206
3418 8758 3199 4581.25 719 202 719 203 718 203 717 203 716 203 715 203 714 203 713 203 712 203 712 204 712 205 711 205 711 206
3419 8721 3199 146975 710 204 710 205 711 205 711 206
3420 8729 3201 5.28745e+07 727 189 728 189
3421 8737 3201 5.28745e+07 728 190 728 189
3422 8746 3203 34018.7 735 184 734 184 733 184 733 185 732 185 731 185 731 186
3423 8738 3203 34018.7 731 187 731 186
3424 8749 3206 146975 713 207 712 207
3425 8733 3206 146975 711 206 712 206 712 207
3426 8737 3209 5.28745e+07 728 189 728 190 728 191
3427 8751 3209 5.28745e+07 728 192 728 191
3428 8752 3211 34018.7 736 184 735 184
3429 8746 3211 34018.7 734 184 735 184
3430 8754 3214 inf 685 236 684 236
3431 8731 3214 inf 683 234 683 235 684 235 684 236
3432 8728 3216 43393.8 722 194 722 195 723 195 724 195 725 195 726 195
3433 8758 3216 4581.25 719 203 719 202 719 201 719 200 719 199 719 198 719 197 719 196 719 195 720 195 721 195 722 195 723 195 724 195 725 195 726 195
3434 8759 3216 43393.8 726 196 726 195
3435 8751 3218 5.28745e+07 728 191 728 192 729 192
3436 8761 3218 5.28745e+07 729 193 729 192
3437 8767 3220 2575 737 186 737 185 736 185
3438 8766 3220 34018.7 738 185 737 185 736 185
3439 8752 3220 34018.7 735 184 736 184 736 185
3440 8754 3222 inf 684 236 685 236 685 237
3441 8764 3222 inf 685 238 685 237
3442 8793 3223 9437.51 716 214 716 213 716 212 716 211 716 210 716 209 716 208 715 208 714 208
3443 8777 3223 146975 717 209 716 209 716 208 715 208 714 208
3444 8749 3223 146975 712 207 713 207 713 208 714 208
3445 8770 3224 34018.7 740 184 739 184 738 184
3446 8723 3224 5331.25 736 178 736 179 736 180 736 181 737 181 737 182 738 182 738 183 738 184
3447 8766 3224 34018.7 737 185 738 185 738 184
3448 8768 3226 43393.8 728 196 727 196
3449 8759 3226 43393.8 726 195 726 196 727 196
3450 8769 3227 2575 731 192 731 193 730 193
3451 8761 3227 5.28745e+07 729 192 729 193 730 193
3452 8765 3227 5.28745e+07 729 194 729 193 730 193
3453 8773 3228 2575 737 187 737 188 736 188 735 188 734 188 734 189 733 189 733 190 733 191 732 191 731 191 731 192
3454 8769 3228 2575 731 193 731 192
3455 8767 3229 2575 737 185 737 186
3456 8773 3229 2575 737 188 737 187 737 186
3457 8764 3230 inf 685 237 685 238 686 238
3458 8774 3230 inf 687 239 686 239 686 238
3459 8774 3233 inf 686 239 687 239
3460 8779 3233 inf 687 240 687 239
3461 8801 3235 146975 721 211 721 210 720 210 719 210 718 210 718 209 717 209
3462 8777 3235 146975 716 209 717 209
3463 8789 3237 inf 689 241 689 240 688 240
3464 8779 3237 inf 687 239 687 240 688 240
3465 8787 3238 9437.51 715 214 714 214
3466 8786 3238 9437.51 713 215 714 215 714 214
3467 8792 3241 9437.51 713 217 712 217
3468 8791 3241 9437.51 711 218 712 218 712 217
3469 8786 3242 9437.51 714 215 713 215 713 216
3470 8792 3242 9437.51 712 217 713 217 713 216
3471 8805 3244 34018.7 746 186 746 185 745 185 744 185
3472 8770 3244 34018.7 739 184 740 184 741 184 741 185 742 185 743 185 744 185
3473 8791 3245 9437.51 712 218 711 218 711 219
3474 8807 3245 9437.51 710 223 710 222 710 221 711 221 711 220 711 219
3475 8793 3246 9437.51 716 213 716 214
3476 8787 3246 9437.51 714 214 715 214 716 214
3477 8765 3247 5.28745e+07 729 193 729 194 729 195 729 196 729 197 729 198 729 199 730 199 730 200
3478 8768 3247 43393.8 727 196 728 196 728 197 728 198 729 198 729 199 730 199 730 200
3479 8797 3247 5.28745e+07 730 201 730 200
3480 8832 3252 146975 727 215 726 215 725 215 725 214 724 214 724 213 723 213 723 212 722 212 722 211 721 211
3481 8827 3252 5575 730 210 730 211 729 211 728 211 727 211 726 211 725 211 724 211 723 211 722 211 721 211
3482 8801 3252 146975 721 210 721 211
3483 8829 3254 2918.75 747 194 747 193 747 192 747 191 747 190 747 189 747 188 747 187 747 186 746 186
3484 8817 3254 34018.7 750 188 749 188 749 187 748 187 748 186 747 186 746 186
3485 8805 3254 34018.7 746 185 746 186
3486 8812 3255 inf 695 242 694 242 694 241 693 241 692 241
3487 8789 3255 inf 689 240 689 241 690 241 691 241 692 241
3488 8821 3258 5.65235e+06 742 197 741 197 740 197 739 197 738 197 737 197 736 197 735 197 735 198
3489 8810 3258 5.65235e+06 734 199 735 199 735 198
3490 8810 3260 5.65235e+06 735 199 734 199 734 200 734 201 734 202 733 202
3491 8797 3260 5.28745e+07 730 200 730 201 731 201 732 201 732 202 733 202
3492 8813 3260 5.28745e+07 733 204 733 203 733 202
3493 8819 3261 inf 696 243 696 242 695 242
3494 8812 3261 inf 694 242 695 242
3495 8813 3264 5.28745e+07 733 203 733 204 734 204
3496 8827 3264 5575 730 211 730 210 730 209 730 208 730 207 730 206 731 206 731 205 732 205 733 205 734 205 734 204
3497 8833 3264 5.28745e+07 736 206 735 206 735 205 734 205 734 204
3498 8830 3265 34018.7 752 189 752 188 751 188 750 188
3499 8817 3265 34018.7 749 188 750 188
3500 8836 3267 inf 699 244 698 244 697 244 697 243 696 243
3501 8819 3267 inf 696 242 696 243
3502 8835 3267 4056.25 695 247 696 247 696 246 696 245 696 244 696 243
3503 8835 3272 4056.25 696 247 695 247 694 247
3504 8838 3272 4056.25 695 250 694 250 694 249 694 248 694 247
3505 8839 3275 5.65235e+06 748 197 747 197 746 197 745 197
3506 8829 3275 2918.75 747 193 747 194 747 195 747 196 747 197 746 197 745 197
3507 8821 3275 5.65235e+06 741 197 742 197 743 197 744 197 745 197
3508 8840 3276 34018.7 755 190 754 190 754 189 753 189
3509 8825 3276 2575 759 181 758 181 757 181 756 181 756 182 755 182 755 183 755 184 755 185 755 186 755 187 755 188 755 189 754 189 753 189
3510 8830 3276 34018.7 752 188 752 189 753 189
3511 8843 3277 inf 701 245 700 245 700 244 699 244
3512 8807 3277 9437.51 710 222 710 223 710 224 710 225 710 226 710 227 710 228 710 229 710 230 710 231 710 232 710 233 710 234 710 235 709 235 708 235 707 235 706 235 705 235 704 235 704 236 704 237 704 238 704 239 704 240 704 241 704 242 703 242 702 242 701 242 701 243 701 244 700 244 699 244
3513 8836 3277 inf 698 244 699 244
3514 8844 3278 146975 729 217 729 216 728 216 727 216
3515 8832 3278 146975 726 215 727 215 727 216
3516 8847 3279 2575 763 183 763 182 762 182
3517 8825 3279 2575 758 181 759 181 760 181 761 181 761 182 762 182
3518 8838 3280 4056.25 694 250 695 250
3519 8842 3280 4056.25 695 251 695 250
3520 8858 3281 5.28745e+07 739 210 739 209 738 209 738 208 737 208
3521 8853 3281 298538 742 206 741 206 741 207 740 207 740 208 739 208 738 208 737 208
3522 8833 3281 5.28745e+07 735 206 736 206 736 207 737 207 737 208
3523 8846 3282 5.65235e+06 749 197 748 197
3524 8839 3282 5.65235e+06 747 197 748 197
3525 8841 3283 34018.7 756 188 756 189 756 190 755 190
3526 8840 3283 34018.7 754 190 755 190
3527 8841 3286 34018.7 756 189 756 188 757 188 758 188
3528 8854 3286 34018.7 759 189 758 189 758 188
3529 8842 3287 4056.25 695 250 695 251 696 251
3530 8850 3287 4056.25 696 252 696 251
3531 8870 3288 inf 705 246 704 246 703 246 702 246 701 246
3532 8843 3288 inf 700 245 701 245 701 246
3533 8865 3290 146975 734 216 733 216 733 217 732 217 731 217 730 217
3534 8844 3290 146975 729 216 729 217 730 217
3535 8855 3291 2575 765 183 764 183
3536 8847 3291 2575 763 182 763 183 764 183
3537 8874 3292 298538 746 206 745 206 744 206 743 206 742 206
3538 8853 3292 298538 741 206 742 206
3539 8854 3293 34018.7 758 189 759 189
3540 8862 3293 34018.7 759 190 759 189
3541 8868 3294 4056.25 698 253 698 252 697 252
3542 8850 3294 4056.25 696 251 696 252 697 252
3543 8883 3296 5.65235e+06 754 199 753 199 753 198 752 198 751 198
3544 8846 3296 5.65235e+06 748 197 749 197 749 198 750 198 751 198
3545 8867 3297 2575 766 184 765 184
3546 8855 3297 2575 764 183 765 183 765 184
3547 8873 3299 5.28745e+07 741 211 741 210 740 210
3548 8858 3299 5.28745e+07 739 209 739 210 740 210
3549 8875 3300 34018.7 761 191 761 190 760 190
3550 8862 3300 34018.7 759 189 759 190 760 190
3551 8878 3301 4056.25 699 254 699 253 698 253
3552 8868 3301 4056.25 698 252 698 253
3553 8885 3304 5.28745e+07 743 211 742 211 741 211
3554 8873 3304 5.28745e+07 741 210 741 211
3555 8887 3305 34018.7 762 192 762 191 761 191
3556 8875 3305 34018.7 761 190 761 191
3557 8867 3306 2575 765 184 766 184 766 185 767 185
3558 8889 3306 2575 767 187 767 186 767 185
3559 8892 3307 4056.25 701 255 700 255 700 254 699 254
3560 8878 3307 4056.25 699 253 699 254
3561 8891 3308 inf 708 247 707 247 706 247
3562 8870 3308 inf 704 246 705 246 705 247 706 247
3563 8874 3309 298538 745 206 746 206 747 206
3564 8886 3309 298538 747 207 747 206
3565 8902 3310 5.65235e+06 758 200 758 199 757 199 756 199 755 199 754 199
3566 8883 3310 5.65235e+06 753 199 754 199
3567 8889 3312 2575 767 186 767 187 766 187 766 188
3568 8888 3312 2575 765 188 766 188
3569 8885 3314 5.28745e+07 742 211 743 211 743 212
3570 8894 3314 5.28745e+07 743 213 743 212
3571 8897 3315 298538 750 207 749 207 748 207
3572 8886 3315 298538 747 206 747 207 748 207
3573 8895 3316 34018.7 764 192 763 192
3574 8887 3316 34018.7 762 191 762 192 763 192
3575 8911 3317 4056.25 704 257 704 256 703 256 703 255 702 255 701 255
3576 8892 3317 4056.25 700 255 701 255
3577 8907 3318 inf 712 248 711 248 710 248 709 248 708 248
3578 8891 3318 inf 707 247 708 247 708 248
3579 8918 3320 298538 752 210 751 210 751 209 751 208 750 208
3580 8897 3320 298538 749 207 750 207 750 208
3581 8916 3321 5.65235e+06 765 196 764 196 764 195 763 195
3582 8909 3321 5.65235e+06 765 194 765 195 764 195 763 195
3583 8895 3321 34018.7 763 192 764 192 764 193 764 194 764 195 763 195
3584 8913 3323 5.28745e+07 745 216 745 215 744 215
3585 8894 3323 5.28745e+07 743 212 743 213 744 213 744 214 744 215
3586 8865 3323 146975 733 216 734 216 735 216 736 216 737 216 738 216 739 216 740 216 741 216 742 216 743 216 743 215 744 215
3587 8908 3324 5.65235e+06 760 199 760 200 759 200
3588 8902 3324 5.65235e+06 758 199 758 200 759 200
3589 8910 3325 5.65235e+06 767 192 767 193 766 193 765 193 765 194
3590 8888 3325 2575 766 188 765 188 765 189 765 190 766 190 766 191 766 192 766 193 765 193 765 194
3591 8909 3325 5.65235e+06 765 195 765 194
3592 8925 3326 5.65235e+06 764 199 763 199 762 199 761 199
3593 8908 3326 5.65235e+06 760 200 760 199 761 199
3594 8917 3327 5.65235e+06 769 192 768 192
3595 8910 3327 5.65235e+06 767 193 767 192 768 192
3596 8913 3328 5.28745e+07 745 215 745 216
3597 8922 3328 5.28745e+07 746 217 745 217 745 216
3598 8916 3331 5.65235e+06 764 196 765 196
3599 8926 3331 5.65235e+06 766 197 765 197 765 196
3600 8927 3332 4056.25 707 257 706 257 705 257
3601 8911 3332 4056.25 704 256 704 257 705 257
3602 8928 3336 inf 715 249 714 249
3603 8907 3336 inf 711 248 712 248 713 248 713 249 714 249
3604 8922 3338 5.28745e+07 745 217 746 217
3605 8937 3338 5.28745e+07 746 220 746 219 746 218 746 217
3606 8933 3340 298538 753 212 753 211 752 211
3607 8918 3340 298538 751 210 752 210 752 211
3608 8939 3341 169825 768 198 768 197 767 197 766 197
3609 8926 3341 5.65235e+06 765 197 766 197
3610 8934 3341 5.65235e+06 765 199 766 199 766 198 766 197
3611 8934 3342 5.65235e+06 766 199 765 199
3612 8925 3342 5.65235e+06 763 199 764 199 765 199
3613 8943 3345 298538 755 212 754 212 753 212
3614 8933 3345 298538 753 211 753 212
3615 8968 3345 23187.5 755 216 755 215 755 214 754 214 754 213 753 213 753 212
3616 8955 3346 4056.25 712 258 711 258 711 257 710 257 709 257
3617 8927 3346 4056.25 706 257 707 257 708 257 709 257
3618 8957 3347 inf 719 251 718 251 718 250 717 250 716 250
3619 8928 3347 inf 714 249 715 249 715 250 716 250
3620 8949 3347 4056.25 713 256 713 255 713 254 713 253 713 252 714 252 714 251 714 250 715 250 716 250
3621 8959 3349 5.28745e+07 748 222 747 222 747 221 747 220 746 220
3622 8937 3349 5.28745e+07 746 219 746 220
3623 8943 3350 298538 754 212 755 212 755 211
3624 8980 3350 298538 761 212 760 212 759 212 758 212 757 212 756 212 755 212 755 211
3625 8963 3351 169825 771 199 771 198 770 198 769 198 768 198
3626 8939 3351 169825 768 197 768 198
3627 8964 3357 4056.25 713 257 713 258 712 258
3628 8955 3357 4056.25 711 258 712 258
3629 8949 3358 4056.25 713 255 713 256 713 257
3630 8964 3358 4056.25 713 258 713 257
3631 8999 3359 6406.24 724 253 724 252 723 252 723 251 723 250 722 250 721 250 720 250 720 251 719 251
3632 8987 3359 inf 725 250 724 250 723 250 722 250 721 250 720 250 720 251 719 251
3633 8957 3359 inf 718 251 719 251
3634 8973 3361 23187.5 755 217 755 216 754 216
3635 8968 3361 23187.5 755 215 755 216 754 216
3636 8977 3364 5.28745e+07 749 224 749 223 748 223
3637 8959 3364 5.28745e+07 747 222 748 222 748 223
3638 8997 3368 23187.5 757 219 757 218 757 217 756 217 755 217
3639 8973 3368 23187.5 755 216 755 217
3640 8981 3369 169825 774 199 773 199
3641 8963 3369 169825 771 198 771 199 772 199 773 199
3642 9016 3370 5.65235e+06 788 192 788 191 787 191 786 191 785 191 784 191 783 191 782 191 781 191
3643 8917 3370 5.65235e+06 768 192 769 192 769 191 770 191 771 191 772 191 773 191 774 191 775 191 776 191 777 191 778 191 779 191 780 191 781 191
3644 9030 3371 298538 769 214 769 213 768 213 768 212 767 212 766 212 765 212 764 212 763 212 762 212 761 212
3645 8991 3371 169825 766 208 766 209 766 210 766 211 766 212 765 212 764 212 763 212 762 212 761 212
3646 8980 3371 298538 760 212 761 212
3647 8984 3373 5.28745e+07 749 224 749 225
3648 8988 3373 5.28745e+07 749 226 749 225
3649 8977 3374 5.28745e+07 749 223 749 224 750 224
3650 8984 3374 5.28745e+07 749 225 749 224 750 224
3651 8990 3375 169825 767 208 766 208
3652 8991 3375 169825 766 209 766 208
3653 8992 3376 169825 769 206 768 206
3654 8990 3376 169825 766 208 767 208 767 207 768 207 768 206
3655 9002 3377 169825 777 200 776 200 775 200 774 200
3656 8981 3377 169825 773 199 774 199 774 200
3657 8994 3380 inf 726 250 725 250
3658 8987 3380 inf 724 250 725 250
3659 8988 3382 5.28745e+07 749 225 749 226 750 226
3660 9004 3382 5.28745e+07 751 227 750 227 750 226
3661 9000 3383 169825 771 205 771 206 770 206
3662 8992 3383 169825 768 206 769 206 770 206
3663 9001 3384 169825 772 204 772 205 771 205
3664 9000 3384 169825 771 206 771 205
3665 9009 3386 23187.5 758 221 758 220 757 220
3666 8997 3386 23187.5 757 218 757 219 757 220
3667 9025 3387 169825 778 204 778 203 779 203 779 202 779 201 779 200 778 200 777 200
3668 9015 3387 120537 780 200 779 200 778 200 777 200
3669 9002 3387 169825 776 200 777 200
3670 9004 3389 5.28745e+07 750 227 751 227
3671 9012 3389 5.28745e+07 752 228 751 228 751 227
3672 9009 3391 23187.5 758 220 758 221
3673 9019 3391 23187.5 759 222 758 222 758 221
3674 9014 3392 169825 776 204 775 204
3675 9001 3392 169825 772 205 772 204 773 204 774 204 775 204
3676 9012 3393 5.28745e+07 751 228 752 228
3677 9023 3393 5.28745e+07 753 229 752 229 752 228
3678 9026 3395 120537 781 201 781 200 780 200
3679 9015 3395 120537 779 200 780 200
3680 9019 3399 23187.5 758 222 759 222 759 223
3681 9028 3399 23187.5 759 224 759 223
3682 9025 3400 169825 778 203 778 204
3683 9014 3400 169825 775 204 776 204 777 204 778 204
3684 9043 3400 4337.5 778 208 778 207 778 206 778 205 778 204
3685 9037 3400 26112.5 779 205 778 205 778 204
3686 9031 3401 5.65235e+06 791 192 790 192
3687 9016 3401 5.65235e+06 788 191 788 192 789 192 790 192
3688 9039 3402 inf 732 253 731 253 730 253
3689 8994 3402 inf 725 250 726 250 726 251 727 251 728 251 728 252 729 252 730 252 730 253
3690 8999 3402 6406.24 724 252 724 253 725 253 726 253 727 253 728 253 729 253 730 253
3691 9023 3404 5.28745e+07 752 229 753 229 754 229
3692 9040 3404 5.28745e+07 755 230 754 230 754 229
3693 9051 3406 298538 773 215 772 215 772 214 771 214 770 214 769 214
3694 9030 3406 298538 769 213 769 214
3695 9028 3409 23187.5 759 223 759 224 760 224
3696 9042 3409 23187.5 761 225 760 225 760 224
3697 9064 3410 26112.5 785 206 785 205 784 205 783 205 782 205 781 205 780 205 779 205
3698 9037 3410 26112.5 778 205 779 205
3699 9053 3411 120537 788 200 787 200 787 201 786 201 785 201 784 201 783 201
3700 9026 3411 120537 781 200 781 201 782 201 783 201
3701 9067 3412 5918.75 763 229 762 229 761 229 760 229 760 230 759 230 758 230 757 230 756 230 755 230
3702 9061 3412 23187.5 762 228 762 229 761 229 760 229 760 230 759 230 758 230 757 230 756 230 755 230
3703 9040 3412 5.28745e+07 754 230 755 230
3704 9047 3412 5.28745e+07 755 232 755 231 755 230
3705 9039 3414 inf 731 253 732 253 733 253
3706 9045 3414 inf 733 254 733 253
3707 9042 3415 23187.5 760 225 761 225
3708 9048 3415 23187.5 761 226 761 225
3709 9052 3416 4337.5 779 209 779 208 778 208
3710 9043 3416 4337.5 778 207 778 208
3711 9057 3417 5.65235e+06 796 193 795 193 795 192 794 192
3712 9031 3417 5.65235e+06 790 192 791 192 792 192 793 192 794 192
3713 9060 3419 inf 736 255 736 254 735 254 734 254
3714 9045 3419 inf 733 253 733 254 734 254
3715 9047 3421 5.28745e+07 755 231 755 232 756 232
3716 9046 3421 5.28745e+07 754 232 755 232 756 232
3717 9048 3423 23187.5 761 225 761 226 762 226
3718 9061 3423 23187.5 762 229 762 228 762 227 762 226
3719 9051 3424 298538 772 215 773 215
3720 9063 3424 298538 774 217 774 216 773 216 773 215
3721 9071 3425 4337.5 782 211 781 211 781 210 780 210 780 209 779 209
3722 9052 3425 4337.5 779 208 779 209
3723 9072 3426 120537 793 199 793 200 792 200 791 200 790 200 789 200 788 200
3724 9053 3426 120537 787 200 788 200
3725 9046 3427 5.28745e+07 755 232 754 232 754 233 754 234 754 235 754 236 755 236
3726 9066 3427 5.28745e+07 755 237 755 236
3727 9108 3429 26112.5 790 209 790 208 789 208 789 207 789 206 788 206 787 206 786 206 785 206
3728 9111 3429 10893.8 794 205 794 206 793 206 792 206 791 206 790 206 789 206 788 206 787 206 786 206 785 206
3729 9064 3429 26112.5 785 205 785 206
3730 9133 3430 inf 749 256 749 255 748 255 747 255 746 255 745 255 744 255 743 255 742 255 741 255 740 255 739 255 738 255 737 255
3731 9060 3430 inf 736 254 736 255 737 255
3732 9063 3431 298538 774 216 774 217 775 217
3733 9075 3431 298538 776 218 775 218 775 217
3734 9078 3432 5.65235e+06 800 194 800 193 799 193
3735 9057 3432 5.65235e+06 795 193 796 193 797 193 798 193 799 193
3736 9086 3432 120537 797 197 798 197 798 196 798 195 798 194 798 193 799 193
3737 9066 3435 5.28745e+07 755 236 755 237 756 237
3738 9073 3435 5.28745e+07 756 238 756 237
3739 9067 3436 5918.75 762 229 763 229 764 229 765 229 765 228
3740 9098 3436 5918.75 766 232 766 231 766 230 766 229 765 229 765 228
3741 9071 3437 4337.5 781 211 782 211
3742 9114 3437 4337.5 782 219 782 218 782 217 782 216 782 215 782 214 782 213 782 212 782 211
3743 9077 3438 120537 796 198 795 198 795 199 794 199
3744 9072 3438 120537 793 200 793 199 794 199
3745 9086 3443 120537 798 197 797 197 797 198 796 198
3746 9077 3443 120537 795 198 796 198
3747 9075 3446 298538 775 218 776 218 776 219
3748 9101 3446 298538 777 221 776 221 776 220 776 219
3749 9102 3452 5.65235e+06 803 195 803 194 802 194
3750 9078 3452 5.65235e+06 800 193 800 194 801 194 802 194
3751 9105 3458 5.28745e+07 760 239 759 239
3752 9073 3458 5.28745e+07 756 237 756 238 757 238 758 238 758 239 759 239
3753 9118 3460 5918.75 769 233 768 233 768 232 767 232
3754 9098 3460 5918.75 766 231 766 232 767 232
3755 9114 3461 4337.5 782 218 782 219 782 220 782 221 781 221 780 221 779 221 778 221 777 221 777 222
3756 9101 3461 298538 776 221 777 221 777 222
3757 9113 3461 298538 778 223 777 223 777 222
3758 9115 3463 26112.5 791 210 791 209 790 209
3759 9108 3463 26112.5 790 208 790 209
3760 9117 3464 5.28745e+07 761 241 761 240 760 240
3761 9105 3464 5.28745e+07 759 239 760 239 760 240
3762 9121 3465 5.65235e+06 806 196 806 195 805 195
3763 9102 3465 5.65235e+06 803 194 803 195 804 195 805 195
3764 9120 3465 10893.8 802 200 802 199 802 198 802 197 803 197 804 197 804 196 804 195 805 195
3765 9123 3467 298538 779 224 779 223 778 223
3766 9113 3467 298538 777 223 778 223
3767 9115 3468 26112.5 791 209 791 210
3768 9129 3468 26112.5 792 212 792 211 791 211 791 210
3769 9119 3469 10893.8 797 204 797 205 796 205
3770 9111 3469 10893.8 794 206 794 205 795 205 796 205
3771 9118 3470 5918.75 768 233 769 233
3772 9127 3470 5918.75 770 234 769 234 769 233
3773 9124 3471 10893.8 800 203 799 203 799 204 798 204
3774 9119 3471 10893.8 797 205 797 204 798 204
3775 9123 3474 298538 779 223 779 224
3776 9136 3474 298538 780 225 779 225 779 224
3777 9130 3475 10893.8 801 202 801 203 800 203
3778 9124 3475 10893.8 799 203 800 203
3779 9131 3476 10893.8 802 201 802 202 801 202
3780 9130 3476 10893.8 801 203 801 202
3781 9120 3477 10893.8 802 199 802 200 802 201
3782 9131 3477 10893.8 802 202 802 201
3783 9121 3478 5.65235e+06 806 195 806 196 807 196
3784 9132 3478 5.65235e+06 807 197 807 196
3785 9127 3480 5918.75 769 234 770 234
3786 9138 3480 5918.75 770 236 770 235 770 234
3787 9140 3482 26112.5 793 213 793 212 792 212
3788 9129 3482 26112.5 792 211 792 212
3789 9136 3484 298538 779 225 780 225
3790 9145 3484 298538 781 226 780 226 780 225
3791 9132 3486 5.65235e+06 807 196 807 197 808 197
3792 9141 3486 5.65235e+06 808 198 808 197
3793 9147 3487 inf 751 257 751 256 750 256
3794 9133 3487 inf 749 255 749 256 750 256
3795 9140 3488 26112.5 793 212 793 213
3796 9167 3488 26112.5 794 217 794 216 794 215 794 214 793 214 793 213
3797 9154 3492 5.28745e+07 766 243 765 243
3798 9117 3492 5.28745e+07 761 240 761 241 762 241 762 242 763 242 763 243 764 243 765 243
3799 9141 3495 5.65235e+06 808 197 808 198 809 198 810 198
3800 9164 3495 5.65235e+06 811 199 810 199 810 198
3801 9153 3497 inf 752 256 752 257
3802 9147 3497 inf 751 256 751 257 752 257
3803 9145 3498 298538 780 226 781 226 782 226 783 226
3804 9165 3498 298538 784 227 783 227 783 226
3805 9175 3499 inf 757 256 756 256 755 256 754 256
3806 9153 3499 inf 752 257 752 256 753 256 754 256
3807 9164 3502 5.65235e+06 810 199 811 199
3808 9172 3502 5.65235e+06 812 200 811 200 811 199
3809 9177 3504 5.28745e+07 769 244 768 244 767 244
3810 9154 3504 5.28745e+07 765 243 766 243 766 244 767 244
3811 9185 3508 5.65235e+06 815 202 815 201 814 201 813 201 813 200 812 200
3812 9172 3508 5.65235e+06 811 200 812 200
3813 9165 3510 298538 783 227 784 227 784 228 784 229
3814 9180 3510 298538 784 231 784 230 784 229
3815 9181 3512 inf 759 257 759 256 758 256
3816 9175 3512 inf 756 256 757 256 758 256
3817 9177 3513 5.28745e+07 768 244 769 244 770 244
3818 9198 3513 5.28745e+07 774 247 774 246 774 245 773 245 772 245 771 245 770 245 770 244
3819 9205 3513 19231.3 784 238 784 239 784 240 784 241 784 242 784 243 783 243 782 243 782 244 781 244 780 244 779 244 778 244 778 245 777 245 776 245 775 245 774 245 773 245 772 245 771 245 770 245 770 244
3820 9138 3513 5918.75 770 235 770 236 771 236 772 236 773 236 774 236 775 236 776 236 777 236 778 236 779 236 780 236 780 237 780 238 780 239 780 240 780 241 780 242 780 243 780 244 779 244 778 244 778 245 777 245 776 245 775 245 774 245 773 245 772 245 771 245 770 245 770 244
3821 9191 3514 4075 760 259 760 258 759 258
3822 9186 3514 inf 760 257 760 258 759 258
3823 9181 3514 inf 759 256 759 257 759 258
3824 9185 3516 5.65235e+06 815 201 815 202
3825 9197 3516 5.65235e+06 815 205 815 204 815 203 815 202
3826 9201 3518 298538 789 233 788 233 787 233 786 233 785 233
3827 9180 3518 298538 784 230 784 231 784 232 784 233 785 233
3828 9197 3522 5.65235e+06 815 204 815 205 816 205
3829 9202 3522 5.65235e+06 816 206 816 205
3830 9214 3524 4075 767 259 766 259 765 259 765 260 764 260 763 260 762 260
3831 9191 3524 4075 760 258 760 259 760 260 761 260 762 260
3832 9201 3525 298538 788 233 789 233
3833 9207 3525 298538 789 234 789 233
3834 9206 3526 19231.3 786 237 785 237 785 238
3835 9205 3526 19231.3 784 239 784 238 785 238
3836 9213 3527 5.65235e+06 818 207 818 206 817 206
3837 9202 3527 5.65235e+06 816 205 816 206 817 206
3838 9216 3528 inf 771 256 770 256 769 256 768 256
3839 9186 3528 inf 760 258 760 257 761 257 762 257 763 257 764 257 764 256 765 256 766 256 767 256 768 256
3840 9212 3530 26112.5 806 219 805 219
3841 9167 3530 26112.5 794 216 794 217 794 218 794 219 795 219 796 219 797 219 798 219 799 219 800 219 801 219 802 219 803 219 804 219 805 219
3842 9217 3531 19231.3 790 237 789 237 788 237
3843 9206 3531 19231.3 785 237 786 237 787 237 788 237
3844 9237 3532 11725 826 211 825 211 825 210 824 210 823 210 823 209 823 208 823 207 822 207 821 207 820 207 819 207 818 207
3845 9224 3532 5.65235e+06 824 207 823 207 822 207 821 207 820 207 819 207 818 207
3846 9213 3532 5.65235e+06 818 206 818 207
3847 9219 3534 4075 771 257 771 258 770 258
3848 9214 3534 4075 766 259 767 259 767 258 768 258 769 258 770 258
3849 9220 3535 inf 775 254 774 254 773 254 773 255
3850 9198 3535 5.28745e+07 774 246 774 247 774 248 774 249 774 250 774 251 774 252 774 253 774 254 773 254 773 255
3851 9216 3535 inf 770 256 771 256 771 255 772 255 773 255
3852 9219 3535 4075 771 258 771 257 771 256 771 255 772 255 773 255
3853 9232 3537 4493.76 778 256 777 256 777 255 777 254 776 254
3854 9222 3537 inf 777 253 776 253 776 254
3855 9220 3537 inf 774 254 775 254 776 254
3856 9223 3538 inf 778 252 778 253
3857 9222 3538 inf 776 253 777 253 778 253
3858 9231 3539 inf 781 252 780 252 779 252
3859 9223 3539 inf 778 253 778 252 779 252
3860 9225 3541 5.65235e+06 824 206 824 207
3861 9224 3541 5.65235e+06 823 207 824 207
3862 9230 3542 5.65235e+06 828 204 827 204
3863 9229 3542 5.65235e+06 826 205 827 205 827 204
3864 9229 3544 5.65235e+06 827 205 826 205 826 206
3865 9225 3544 5.65235e+06 824 207 824 206 825 206 826 206
3866 9254 3546 5.65235e+06 835 207 835 206 834 206 833 206 832 206 832 205 832 204 831 204 830 204 829 204
3867 9230 3546 5.65235e+06 827 204 828 204 829 204
3868 9234 3547 298538 800 236 799 236
3869 9207 3547 298538 789 233 789 234 789 235 789 236 790 236 791 236 792 236 793 236 794 236 795 236 796 236 797 236 798 236 799 236
3870 9217 3547 19231.3 789 237 790 237 790 236 791 236 792 236 793 236 794 236 795 236 796 236 797 236 798 236 799 236
3871 9228 3547 2925 793 239 793 238 793 237 793 236 794 236 795 236 796 236 797 236 798 236 799 236
3872 9240 3548 11725 827 212 827 211 826 211
3873 9237 3548 11725 825 211 826 211
3874 9242 3551 4493.76 784 257 783 257 782 257
3875 9232 3551 4493.76 777 256 778 256 779 256 780 256 781 256 781 257 782 257
3876 9235 3552 4493.76 784 252 784 253 784 254 785 254
3877 9250 3552 4493.76 785 257 785 256 785 255 785 254
3878 9244 3553 inf 789 252 788 252 787 252
3879 9231 3553 inf 780 252 781 252 782 252 783 252 784 252 785 252 786 252 787 252
3880 9235 3553 4493.76 784 253 784 252 785 252 786 252 787 252
3881 9259 3556 298538 806 239 806 238 806 237 805 237 804 237 803 237
3882 9234 3556 298538 799 236 800 236 801 236 802 236 802 237 803 237
3883 9255 3559 26112.5 810 233 810 232 809 232
3884 9212 3559 26112.5 805 219 806 219 806 220 807 220 807 221 807 222 807 223 807 224 807 225 807 226 807 227 807 228 807 229 807 230 807 231 807 232 808 232 809 232
3885 9249 3560 4493.76 785 257 784 257 784 258
3886 9242 3560 4493.76 783 257 784 257 784 258
3887 9256 3561 inf 792 252 791 252
3888 9244 3561 inf 788 252 789 252 790 252 791 252
3889 9261 3562 11725 833 212 832 212 831 212
3890 9240 3562 11725 827 211 827 212 828 212 829 212 830 212 831 212
3891 9250 3563 4493.76 785 256 785 257 786 257 787 257
3892 9249 3563 4493.76 784 257 785 257 786 257 787 257
3893 9259 3564 298538 806 238 806 239 806 240 806 241 805 241 804 241 803 241 802 241 802 242
3894 9257 3564 298538 800 244 800 243 801 243 801 242 802 242
3895 9266 3565 inf 797 251 796 251 795 251
3896 9228 3565 2925 793 238 793 239 793 240 793 241 793 242 793 243 793 244 793 245 793 246 793 247 793 248 793 249 793 250 793 251 794 251 795 251
3897 9256 3565 inf 791 252 792 252 792 251 793 251 794 251 795 251
3898 9272 3570 inf 803 250 803 251 802 251 801 251 800 251 799 251
3899 9257 3570 298538 800 243 800 244 800 245 800 246 800 247 801 247 802 247 802 248 802 249 802 250 802 251 801 251 800 251 799 251
3900 9266 3570 inf 796 251 797 251 798 251 799 251
3901 9284 3572 inf 807 250 806 250 805 250 804 250 803 250
3902 9272 3572 inf 803 251 803 250
3903 9277 3576 5.65235e+06 840 214 840 215 839 215
3904 9254 3576 5.65235e+06 835 206 835 207 835 208 835 209 835 210 835 211 836 211 837 211 838 211 838 212 838 213 838 214 838 215 839 215
3905 9261 3576 11725 832 212 833 212 833 211 834 211 835 211 836 211 837 211 838 211 838 212 838 213 838 214 838 215 839 215
3906 9282 3577 5.65235e+06 842 214 841 214 840 214
3907 9277 3577 5.65235e+06 840 215 840 214
3908 9275 3578 26112.5 820 234 820 235
3909 9255 3578 26112.5 810 232 810 233 810 234 811 234 812 234 813 234 813 235 814 235 815 235 815 236 816 236 817 236 818 236 819 236 819 235 820 235
3910 9287 3579 inf 809 249 809 250
3911 9284 3579 inf 806 250 807 250 808 250 809 250
3912 9292 3583 inf 813 249 812 249
3913 9287 3583 inf 809 250 809 249 810 249 811 249 812 249
3914 9294 3584 inf 816 247 815 247 815 248 814 248
3915 9292 3584 inf 812 249 813 249 813 248 814 248
3916 9296 3587 inf 852 212 851 212
3917 9306 3587 inf 851 214 851 213 851 212
3918 9297 3588 inf 853 211 852 211
3919 9296 3588 inf 851 212 852 212 852 211
3920 9298 3589 inf 854 210 853 210
3921 9297 3589 inf 852 211 853 211 853 210
3922 9305 3591 inf 849 215 849 216 848 216
3923 9304 3591 inf 847 217 848 217 848 216
3924 9299 3592 inf 855 208 855 209
3925 9298 3592 inf 853 210 854 210 854 209 855 209
3926 9307 3593 inf 857 208 856 208
3927 9299 3593 inf 855 209 855 208 856 208
3928 9308 3594 inf 858 206 858 207 857 207
3929 9307 3594 inf 856 208 857 208 857 207
3930 9309 3595 inf 819 247 818 247
3931 9294 3595 inf 815 247 816 247 817 247 818 247
3932 9301 3596 26112.5 834 230 834 231
3933 9310 3596 26112.5 834 232 834 231
3934 9275 3597 26112.5 820 235 820 234 821 234 822 234 822 233 823 233 824 233 824 232 825 232 826 232 826 231 827 231 828 231 828 230 829 230 830 230 831 230 832 230 833 230 834 230 835 230
3935 9301 3597 26112.5 834 231 834 230 835 230
3936 9304 3602 inf 848 217 847 217 847 218
3937 9282 3602 5.65235e+06 841 214 842 214 842 215 842 216 843 216 844 216 845 216 846 216 846 217 847 217 847 218
3938 9320 3602 inf 847 220 847 219 847 218
3939 9314 3603 inf 851 214 851 215 850 215
3940 9305 3603 inf 849 216 849 215 850 215
3941 9316 3604 inf 860 206 859 206
3942 9308 3604 inf 858 207 858 206 859 206
3943 9326 3604 5175 859 209 859 208 859 207 859 206
3944 9317 3605 inf 862 204 861 204
3945 9316 3605 inf 859 206 860 206 860 205 861 205 861 204
3946 9306 3606 inf 851 213 851 214 852 214
3947 9314 3606 inf 851 215 851 214 852 214
3948 9323 3607 inf 865 200 864 200
3949 9317 3607 inf 861 204 862 204 862 203 862 202 863 202 863 201 864 201 864 200
3950 9329 3609 inf 824 245 823 245 823 246 822 246
3951 9309 3609 inf 818 247 819 247 820 247 820 246 821 246 822 246
3952 9331 3610 5175 860 209 859 209
3953 9326 3610 5175 859 208 859 209
3954 9340 3611 inf 866 198 866 199 865 199
3955 9323 3611 inf 864 200 865 200 865 199
3956 9330 3613 inf 825 244 824 244 824 245
3957 9329 3613 inf 823 245 824 245
3958 9341 3617 inf 827 243 827 244 826 244
3959 9330 3617 inf 824 244 825 244 826 244
3960 9352 3618 inf 844 228 843 228 842 228
3961 9351 3618 inf 842 230 842 229 842 228
3962 9331 3619 5175 859 209 860 209 860 210 860 211 859 211
3963 9357 3619 5175 859 213 859 212 859 211
3964 9369 3622 inf 868 196 868 197 867 197 867 198 866 198
3965 9340 3622 inf 866 199 866 198
3966 9347 3623 inf 829 242 829 243 828 243
3967 9341 3623 inf 827 244 827 243 828 243
3968 9342 3624 inf 845 225 845 226
3969 9354 3624 inf 845 227 845 226
3970 9343 3625 inf 847 224 846 224 846 225
3971 9342 3625 inf 845 226 845 225 846 225
3972 9355 3626 inf 848 223 848 224 847 224
3973 9343 3626 inf 846 224 847 224
3974 9364 3627 115300 850 223 849 223 848 223
3975 9320 3627 inf 847 219 847 220 847 221 848 221 848 222 848 223
3976 9355 3627 inf 848 224 848 223
3977 9344 3628 2562.51 857 213 857 214
3978 9356 3628 2562.51 856 216 856 215 856 214 857 214
3979 9348 3629 inf 831 241 830 241 830 242
3980 9347 3629 inf 829 243 829 242 830 242
3981 9360 3630 inf 832 240 832 241 831 241
3982 9348 3630 inf 830 241 831 241
3983 9349 3631 inf 835 237 834 237 834 238 834 239 834 240 833 240 832 240
3984 9360 3631 inf 832 241 832 240
3985 9350 3632 inf 835 236 835 237
3986 9349 3632 inf 834 237 835 237
3987 9361 3633 inf 839 234 838 234 837 234 837 235 836 235 836 236
3988 9310 3633 26112.5 834 231 834 232 834 233 834 234 834 235 834 236 835 236 836 236
3989 9350 3633 inf 835 237 835 236 836 236
3990 9353 3635 inf 845 227 844 227 844 228
3991 9352 3635 inf 843 228 844 228
3992 9368 3636 5175 860 214 860 213 859 213
3993 9357 3636 5175 859 212 859 213
3994 9344 3636 2562.51 857 214 857 213 858 213 859 213
3995 9354 3639 inf 845 226 845 227 846 227
3996 9353 3639 inf 844 227 845 227 846 227
3997 9379 3641 inf 870 196 869 196 868 196
3998 9369 3641 inf 868 197 868 196
3999 9378 3643 115300 854 222 853 222
4000 9364 3643 115300 849 223 850 223 851 223 852 223 852 222 853 222
4001 9371 3644 115300 855 220 854 220 854 221
4002 9378 3644 115300 853 222 854 222 854 221
4003 9372 3645 115300 856 219 855 219 855 220
4004 9371 3645 115300 854 220 855 220
4005 9387 3646 115300 860 218 859 218 858 218 857 218
4006 9356 3646 2562.51 856 215 856 216 856 217 856 218 857 218
4007 9372 3646 115300 855 219 856 219 857 219 857 218
4008 9396 3649 5175 865 215 864 215 863 215 863 214 862 214 861 214
4009 9368 3649 5175 860 213 860 214 861 214
4010 9351 3650 inf 842 229 842 230 841 230 841 231 841 232 840 232 840 233 840 234 841 234 842 234
4011 9361 3650 inf 838 234 839 234 840 234 841 234 842 234
4012 9389 3651 inf 872 196 871 196 870 196
4013 9379 3651 inf 869 196 870 196
4014 9387 3657 115300 859 218 860 218
4015 9428 3657 115300 877 219 876 219 875 219 874 219 873 219 872 219 871 219 870 219 869 219 868 219 867 219 866 219 865 219 864 219 863 219 862 219 861 219 860 219 860 218
4016 9393 3659 inf 872 195 872 196
4017 9389 3659 inf 871 196 872 196
4018 9398 3664 5175 866 214 866 215 865 215
4019 9396 3664 5175 864 215 865 215
4020 9399 3665 5175 867 213 867 214 866 214
4021 9398 3665 5175 866 215 866 214
4022 9400 3666 5175 868 212 868 213 867 213
4023 9399 3666 5175 867 214 867 213
4024 9401 3667 5175 870 211 869 211 868 211 868 212
4025 9400 3667 5175 868 213 868 212
4026 9404 3668 inf 874 194 874 195 873 195
4027 9393 3668 inf 872 196 872 195 873 195
4028 9402 3669 2662.5 873 209 872 209 872 210
4029 9401 3669 5175 869 211 870 211 871 211 871 210 872 210
4030 9419 3669 5175 877 212 876 212 875 212 874 212 873 212 872 212 871 212 871 211 871 210 872 210
4031 9421 3670 2662.5 882 208 881 208 881 209 880 209 879 209 878 209 877 209 876 209 875 209 874 209 873 209
4032 9402 3670 2662.5 872 209 873 209
4033 9409 3671 inf 876 193 876 194 875 194
4034 9404 3671 inf 874 195 874 194 875 194
4035 9414 3676 inf 878 193 877 193
4036 9409 3676 inf 876 194 876 193 877 193
4037 9419 3679 5175 876 212 877 212
4038 9429 3679 5175 883 213 882 213 881 213 880 213 879 213 878 213 877 213 877 212
4039 9420 3680 2662.5 885 203 885 204 885 205 885 206 885 207 884 207 883 207 882 207 882 208
4040 9421 3680 2662.5 881 208 882 208
4041 9427 3682 inf 883 191 883 192 882 192
4042 9414 3682 inf 877 193 878 193 878 192 879 192 880 192 881 192 882 192
4043 9426 3685 2662.5 890 204 889 204
4044 9420 3685 2662.5 885 204 885 203 886 203 887 203 888 203 889 203 889 204
4045 9436 3687 inf 888 191 887 191 886 191 885 191 884 191
4046 9427 3687 inf 883 192 883 191 884 191
4047 9429 3688 5175 882 213 883 213
4048 9431 3688 5175 883 214 883 213
4049 9434 3689 115300 879 219 879 220 878 220
4050 9428 3689 115300 876 219 877 219 877 220 878 220
4051 9431 3690 5175 883 213 883 214 884 214
4052 9438 3690 5175 884 216 884 215 884 214
4053 9454 3691 115300 889 219 888 219 887 219 886 219 885 219 884 219 883 219 882 219 881 219 880 219
4054 9437 3691 5175 883 216 883 217 883 218 882 218 882 219 881 219 880 219
4055 9434 3691 115300 879 220 879 219 880 219
4056 9438 3693 5175 884 215 884 216
4057 9437 3693 5175 883 217 883 216 884 216
4058 9436 3694 inf 887 191 888 191 889 191
4059 9439 3694 inf 890 192 889 192 889 191
4060 9446 3698 inf 894 192 893 192
4061 9439 3698 inf 889 192 890 192 891 192 892 192 893 192
4062 9456 3701 inf 899 193 898 193 898 192 897 192 896 192 895 192
4063 9446 3701 inf 893 192 894 192 895 192
4064 9454 3705 115300 888 219 889 219 889 218
4065 9487 3705 115300 899 220 898 220 897 220 896 220 895 220 894 220 893 220 893 219 892 219 891 219 890 219 889 219 889 218
4066 9461 3707 inf 907 199 907 200
4067 9460 3707 inf 908 201 907 201 907 200
4068 9464 3709 inf 901 193 900 193
4069 9456 3709 inf 898 193 899 193 900 193
4070 9470 3710 inf 909 203 909 202 908 202
4071 9460 3710 inf 907 201 908 201 908 202
4072 9470 3714 inf 909 202 909 203
4073 9474 3714 inf 910 204 909 204 909 203
4074 9474 3718 inf 909 204 910 204
4075 9484 3718 inf 911 207 911 206 910 206 910 205 910 204
4076 9485 3718 352081 913 205 912 205 911 205 910 205 910 204
4077 9461 3719 inf 907 200 907 199 907 198 907 197 907 196 907 195 907 194 906 194
4078 9475 3719 inf 905 194 906 194
4079 9464 3720 inf 900 193 901 193 902 193 903 193 904 193 905 193
4080 9475 3720 inf 906 194 905 194 905 193
4081 9483 3721 2662.5 910 208 909 208 909 209
4082 9426 3721 2662.5 889 204 890 204 891 204 892 204 893 204 894 204 894 205 895 205 896 205 896 206 897 206 898 206 899 206 900 206 900 207 901 207 902 207 903 207 903 208 904 208 905 208 906 208 907 208 908 208 909 208 909 209
4083 9502 3722 352081 922 205 921 205 920 205 919 205 918 205 917 205 916 205 915 205 914 205 913 205
4084 9485 3722 352081 912 205 913 205
4085 9484 3725 inf 911 206 911 207 911 208
4086 9483 3725 2662.5 909 208 910 208 911 208
4087 9493 3725 inf 912 209 911 209 911 208
4088 9493 3731 inf 911 209 912 209 912 210
4089 9498 3731 inf 912 213 912 212 912 211 912 210
4090 9498 3735 inf 912 212 912 213 913 213 913 214
4091 9503 3735 inf 913 215 913 214
4092 9502 3736 352081 921 205 922 205
4093 9504 3736 352081 922 206 922 205
4094 9503 3738 inf 913 214 913 215 913 216
4095 9505 3738 inf 913 217 913 216
4096 9504 3739 352081 922 205 922 206 923 206
4097 9510 3739 352081 924 208 923 208 923 207 923 206
4098 9508 3741 115300 913 218 912 218 912 219
4099 9487 3741 115300 898 220 899 220 900 220 901 220 902 220 903 220 904 220 905 220 906 220 907 220 908 220 909 220 910 220 911 220 912 220 912 219
4100 9512 3743 inf 915 218 914 218
4101 9505 3743 inf 913 216 913 217 914 217 914 218
4102 9508 3743 115300 912 218 913 218 914 218
4103 9510 3745 352081 923 208 924 208 924 209
4104 9524 3745 352081 925 213 925 212 925 211 925 210 924 210 924 209
4105 9512 3747 inf 914 218 915 218 915 219 915 220
4106 9520 3747 inf 915 221 915 220
4107 9520 3749 inf 915 220 915 221 916 221
4108 9537 3749 inf 919 226 918 226 918 225 918 224 917 224 917 223 917 222 916 222 916 221
4109 9524 3750 352081 925 212 925 213 926 213
4110 9528 3750 352081 927 214 926 214 926 213
4111 9533 3752 352081 928 215 928 214 927 214
4112 9528 3752 352081 926 214 927 214
4113 9533 3754 352081 928 214 928 215 929 215
4114 9538 3754 352081 929 216 929 215
4115 9537 3757 inf 918 226 919 226
4116 9542 3757 inf 918 229 918 228 919 228 919 227 919 226
4117 9538 3759 352081 929 215 929 216 930 216
4118 9543 3759 352081 930 217 930 216
4119 9543 3763 352081 930 216 930 217 931 217
4120 9551 3763 352081 932 218 931 218 931 217
4121 9542 3768 inf 918 228 918 229 918 230 919 230 919 231
4122 9556 3768 inf 919 234 919 233 919 232 919 231
4123 9551 3769 352081 931 218 932 218
4124 9559 3769 352081 933 222 933 221 932 221 932 220 932 219 932 218
4125 9557 3769 225075 934 220 933 220 932 220 932 219 932 218
4126 9556 3772 inf 919 233 919 234 919 235 918 235 917 235 917 236 916 236 916 237
4127 9558 3772 inf 917 238 916 238 916 237
4128 9559 3773 352081 933 221 933 222
4129 9561 3773 352081 934 224 933 224 933 223 933 222
4130 9560 3774 225075 935 221 934 221
4131 9557 3774 225075 933 220 934 220 934 221
4132 9558 3775 inf 916 238 917 238 917 239 917 240
4133 9564 3775 inf 918 242 917 242 917 241 917 240
4134 9560 3776 225075 934 221 935 221 935 222
4135 9584 3776 225075 942 223 941 223 940 223 939 223 938 223 937 223 936 223 935 223 935 222
4136 9561 3779 352081 933 224 934 224 934 225
4137 9573 3779 352081 935 227 934 227 934 226 934 225
4138 9564 3783 inf 917 242 918 242 918 243 918 244
4139 9580 3783 inf 919 246 919 245 918 245 918 244
4140 9573 3785 352081 934 227 935 227 935 228
4141 9583 3785 352081 935 230 935 229 935 228
4142 9584 3787 225075 941 223 942 223 942 222 942 221
4143 9585 3787 225075 943 223 942 223 942 222 942 221
4144 9580 3789 inf 919 245 919 246
4145 9590 3789 inf 920 249 920 248 920 247 919 247 919 246
4146 9583 3791 352081 935 229 935 230 936 230
4147 9592 3791 352081 936 233 936 232 936 231 936 230
4148 9585 3792 225075 942 223 943 223
4149 9594 3792 225075 944 225 943 225 943 224 943 223
4150 9596 3795 inf 920 251 920 250 919 250
4151 9590 3795 inf 920 248 920 249 920 250 919 250
4152 9592 3796 352081 936 232 936 233 937 233
4153 9598 3796 352081 937 235 937 234 937 233
4154 9594 3797 225075 943 225 944 225 944 226
4155 9599 3797 225075 945 227 944 227 944 226
4156 9596 3798 inf 920 250 920 251
4157 9600 3798 inf 921 252 920 252 920 251
4158 9598 3799 352081 937 234 937 235
4159 9601 3799 352081 938 236 937 236 937 235
4160 9599 3800 225075 944 227 945 227 945 228
4161 9607 3800 225075 946 231 946 230 945 230 945 229 945 228
4162 9601 3803 352081 937 236 938 236 938 237
4163 9612 3803 352081 938 241 938 240 938 239 938 238 938 237
4164 9605 3805 inf 922 255 921 255 921 256
4165 9600 3805 inf 920 252 921 252 921 253 921 254 921 255 921 256
4166 9618 3808 352081 929 254 928 254 927 254 926 254 925 254 924 254 924 255 923 255 923 256
4167 9605 3808 inf 921 255 922 255 923 255 923 256
4168 9614 3808 inf 924 257 923 257 923 256
4169 9607 3810 225075 946 230 946 231 947 231 947 232 947 233
4170 9617 3810 225075 948 234 947 234 947 233
4171 9614 3812 inf 923 257 924 257 924 258 924 259
4172 9621 3812 inf 924 260 924 259
4173 9612 3813 352081 938 240 938 241 938 242 938 243 938 244 938 245
4174 9622 3813 352081 938 247 938 246 938 245
4175 9618 3814 352081 928 254 929 254 930 254
4176 9625 3814 352081 931 256 930 256 930 255 930 254
4177 9617 3815 225075 947 234 948 234 948 235 948 236
4178 9628 3815 225075 949 238 948 238 948 237 948 236
4179 9621 3816 inf 924 259 924 260 924 261 925 261
4180 9630 3816 inf 926 262 925 262 925 261
4181 9622 3818 352081 938 246 938 247 938 248
4182 9631 3818 352081 936 251 937 251 938 251 938 250 938 249 938 248
4183 9625 3819 352081 930 256 931 256
4184 9635 3819 352081 931 259 931 258 931 257 931 256
4185 9631 3821 352081 937 251 936 251 936 252
4186 9638 3821 352081 935 256 935 255 936 255 936 254 936 253 936 252
4187 9628 3822 225075 948 238 949 238 949 239
4188 9651 3822 225075 949 251 949 250 949 249 949 248 949 247 949 246 949 245 949 244 949 243 949 242 949 241 949 240 949 239
4189 9630 3823 inf 925 262 926 262 926 263
4190 9634 3823 inf 926 264 926 263
4191 9639 3824 352081 933 259 932 259
4192 9635 3824 352081 931 258 931 259 932 259
4193 9644 3825 352081 936 260 935 260 934 260 933 260
4194 9640 3825 5775 935 258 934 258 933 258 933 259 933 260
4195 9639 3825 352081 932 259 933 259 933 260
4196 9638 3826 352081 935 255 935 256 935 257 936 257
4197 9640 3826 5775 934 258 935 258 936 258 936 257
4198 9644 3826 352081 935 260 936 260 936 259 936 258 936 257
4199 9647 3826 13796.9 937 260 937 259 936 259 936 258 936 257
4200 9648 3828 2968.75 936 262 935 262 934 262 934 263
4201 9646 3828 2968.75 933 263 934 263
4202 9647 3829 13796.9 937 259 937 260
4203 9649 3829 13796.9 937 262 937 261 937 260
4204 9653 3831 4950 937 264 936 264 935 264 934 264 933 264 932 264 931 264 930 264 929 264 928 264 927 264 927 265 927 266 927 267 927 268 927 269 928 269 928 270
4205 9646 3831 2968.75 934 263 933 263 933 264 932 264 931 264 930 264 929 264 928 264 927 264 927 265 927 266 927 267 927 268 927 269 928 269 928 270
4206 9634 3831 inf 926 263 926 264 926 265 926 266 927 266 927 267 927 268 927 269 928 269 928 270
4207 9652 3831 inf 929 272 929 271 928 271 928 270
4208 9649 3833 13796.9 937 261 937 262
4209 9648 3833 2968.75 935 262 936 262 937 262
4210 9653 3833 4950 936 264 937 264 937 263 937 262
4211 9660 3833 13796.9 939 265 939 264 938 264 938 263 937 263 937 262
4212 9651 3834 225075 949 250 949 251 949 252
4213 9661 3834 225075 949 255 949 254 949 253 949 252
4214 9659 3837 inf 930 274 929 274
4215 9652 3837 inf 929 271 929 272 929 273 929 274
4216 9660 3840 13796.9 939 264 939 265
4217 9666 3840 13796.9 940 266 939 266 939 265
4218 9666 3842 13796.9 939 266 940 266
4219 9669 3842 13796.9 940 268 940 267 940 266
4220 9659 3843 inf 929 274 930 274 931 274 931 275 932 275 932 276
4221 9677 3843 inf 933 279 933 278 933 277 932 277 932 276
4222 9673 3844 13796.9 941 269 941 268 940 268
4223 9669 3844 13796.9 940 267 940 268
4224 9661 3845 225075 949 254 949 255 949 256 950 256 951 256 952 256 953 256 953 255
4225 9671 3845 225075 952 257 952 256 953 256 953 255
4226 9671 3847 225075 952 256 952 257
4227 9674 3847 225075 951 259 951 258 952 258 952 257
4228 9678 3848 13796.9 942 270 942 269 941 269
4229 9673 3848 13796.9 941 268 941 269
4230 9679 3849 225075 951 261 951 260 950 260
4231 9674 3849 225075 951 258 951 259 950 259 950 260
4232 9682 3850 13796.9 943 271 943 270 942 270
4233 9678 3850 13796.9 942 269 942 270
4234 9677 3851 inf 933 278 933 279 934 279
4235 9681 3851 inf 934 280 934 279
4236 9679 3852 225075 951 260 951 261 951 262
4237 9691 3852 225075 951 270 951 269 951 268 951 267 951 266 951 265 951 264 951 263 951 262
4238 9684 3853 13796.9 944 271 943 271
4239 9682 3853 13796.9 943 270 943 271
4240 9689 3855 13796.9 945 273 945 272 944 272
4241 9684 3855 13796.9 943 271 944 271 944 272
4242 3856 0 1.30221e+08 11 159 11 158
4243 3864 0 3100 14 148 13 148 13 147 13 146 13 145 12 145
4244 3888 0 3100 18 142 17 142 16 142 15 142 14 142 13 142
4245 3931 0 22275.1 17 124 17 123 16 123
4246 3960 0 inf 19 116 18 116 18 117 17 117
4247 4073 0 8656.25 21 92 20 92
4248 4140 0 6118.75 22 85 22 84 22 83 22 82
4249 9691 0 225075 951 269 951 270
4250 9689 0 13796.9 945 272 945 273
4251 9681 0 inf 934 279 934 280
